river_id,pixel_count,area_m2,area_ha,skeleton_length,linearity_index,compactness,min_row,max_row,min_col,max_col,bbox_min_x,bbox_min_y,bbox_max_x,bbox_max_y
20,387059,19484468.70202921,1948.446870202921,79244,127.37312504936867,1157.8826483817713,0,2426,5913,14072,-161.58706684532285,59.91682096701637,-160.85413140500975,60.13475225494377
4134,83461,4201409.196892618,420.1409196892618,2382,8.245176659039599,31.444626831693846,4088,4387,3688,4199,-161.78694199603945,59.74066133980054,-161.74103808502096,59.76752096679571
3805,83401,4198388.809504335,419.83888095043346,2497,8.646352026402122,33.68036354480162,3262,3498,1889,2491,-161.94854891565257,59.82052156855876,-161.89447033554856,59.84172180926398
22,62659,3154240.889374613,315.4240889374613,11445,45.721878711937656,177.61049490097193,0,308,7858,9218,-161.41234452256163,60.10708414419289,-161.29017364392135,60.13475225494377
2049,58342,2936924.016787591,293.6924016787591,7061,29.233145962623155,41.81968393267286,1547,1855,0,473,-162.11824067282274,59.9681147697396,-162.07575035988387,59.99578288049048
1764,46412,2336370.3244171552,233.63703244171552,8727,40.50884253301552,83.44876325088339,1301,1748,5029,5566,-161.66647791643902,59.977726743279675,-161.61823838568182,60.01788143647982
954,45657,2298363.7831145837,229.83637831145836,7111,33.279515329552225,372.86453336837724,695,1035,2576,4299,-161.88683465563355,60.0417766230374,-161.73205493217975,60.07231934269746
713,45536,2292272.6685482115,229.22726685482115,2135,10.005077110655451,29.245344342937457,525,674,3433,3861,-161.8098490357845,60.07420580479411,-161.77140114162418,60.08759070252749
17,45199,2275308.159384017,227.5308159384017,7555,35.536123904080384,212.3410694926879,0,362,5160,6347,-161.65470998621706,60.102233241658645,-161.54807996199207,60.13475225494377
3191,44081,2219028.274382328,221.9028274382328,5721,27.24872768256354,151.23803906444954,2480,2793,2958,3936,-161.85251901178017,59.88385279608919,-161.7646637769933,59.91197006448213
4298,43570,2193304.641792111,219.3304641792111,1828,8.757545682469322,42.952123020426896,4326,4488,2801,3323,-161.86662256174085,59.73158835543093,-161.81973050390982,59.74614106303366
5205,43455,2187515.565964567,218.7515565964567,1423,6.826294535759689,72.25829018524911,7354,7651,10996,11585,-161.1304531864049,59.44745123106392,-161.07754241617027,59.47413119500227
1855,41729,2100629.088761602,210.0629088761602,2560,12.532017037542689,30.599822665292724,1379,1579,2649,3014,-161.88027695405947,59.9929082715813,-161.84748844618912,60.010874577263685
4400,38145,1920211.2821014477,192.02112821014478,3496,17.899982827939517,51.38288111154804,4473,4708,2701,3166,-161.87560571458206,59.7118254191803,-161.8338340538705,59.73293582835711
4797,37963,1911049.4403569866,191.10494403569865,1070,5.491658405315391,42.08560967257593,5527,5677,3152,3634,-161.83509169526826,59.62477866814912,-161.7917928985737,59.638253397410914
3662,35432,1783639.4323612137,178.36394323612137,2472,13.132597468858542,31.115940392865205,2964,3149,2995,3335,-161.84919524522894,59.851872771974534,-161.81865252556887,59.86849160473074
1188,34440,1733702.3608749209,173.3702360874921,7310,39.389984105751246,263.7687572590012,855,1299,4134,5197,-161.74687713436774,60.018061099536645,-161.65138621966582,60.05794629815155
612,32817,1652000.8820218432,165.20008820218433,7990,44.10596624773607,855.3129170856569,454,1478,14103,15728,-160.85134662762897,60.0019812559509,-160.70537039395956,60.09396874104474
1817,32762,1649232.193582583,164.9232193582583,4701,25.971979308001615,69.41163543129235,1346,1579,0,521,-162.11824067282274,59.9929082715813,-162.07143844652012,60.01383901770128
4721,31879,1604782.1591850058,160.47821591850058,1814,10.159794832382456,34.18978010602591,5217,5425,2697,3011,-161.8759650406957,59.64741621330893,-161.84775794077436,59.666101171218614
2876,31326,1576944.2554229898,157.69442554229897,2304,13.017572435319552,42.65900529911256,2231,2470,2793,3132,-161.86734121396816,59.912868379766245,-161.8368883258365,59.934338115056704
5315,31149,1568034.1126275526,156.80341126275525,4481,25.389426410421148,603.0227615653793,7718,8003,10304,12186,-161.192616604066,59.415830533062916,-161.02355366759468,59.44143251866032
3164,29823,1501283.55134648,150.128355134648,4357,25.22968891663214,105.2873285719076,2462,2631,2245,2962,-161.9165688915379,59.898405503691926,-161.85215968566652,59.91358703199354
2651,28891,1454366.867248471,145.43668672484708,2656,15.62596270960345,92.64116852999204,2049,2288,3183,3762,-161.83230691788748,59.92921771793722,-161.78029446293698,59.95068745322768
1509,28562,1437805.0764027145,143.78050764027145,2554,15.11216147842861,66.48287935018556,1087,1258,2504,3022,-161.89330252567922,60.02174419220153,-161.8467697939618,60.037105383559975
3889,28154,1417266.4421623845,141.72664421623844,2999,17.87336863168855,45.998579242736376,3481,3674,1358,1734,-161.99624945723932,59.80471121955826,-161.96247280255642,59.822048704541764
3797,26837,1350968.9389895543,135.09689389895544,1355,8.271272177621809,28.593956105376904,3247,3368,2552,2869,-161.88899061231544,59.83219966725232,-161.86051401780884,59.843069282190164
2712,23719,1194009.4743784044,119.40094743784044,2437,15.823674533596272,69.9415658332982,2099,2303,2756,3196,-161.8706649805194,59.92787024501104,-161.83113910801814,59.94619587680708
1674,23437,1179813.6536534703,117.98136536534703,3324,21.712508681357903,123.01932841233946,1228,1452,5291,5916,-161.6429420559951,60.00431687568962,-161.58679735073764,60.02443913805389
4943,22868,1151170.3132545787,115.11703132545787,1063,7.0294148213384755,40.46895224768235,6258,6395,4001,4345,-161.75882472764653,59.560279630749335,-161.7279226818728,59.57258655014177
5027,22662,1140800.316554804,114.08003165548041,672,4.463958571923655,34.95278439678757,6711,6867,4449,4738,-161.71858020291796,59.517879149338896,-161.6926188912069,59.53189286777116
2772,22428,1129020.8057404973,112.90208057404973,4362,29.126639965815393,143.18102372034957,2144,2549,6428,6919,-161.5408036081907,59.905771689021705,-161.49669632774044,59.94215345802854
3087,22007,1107827.7542327058,110.78277542327058,3120,21.03169002428031,67.63302585540964,2407,2566,760,1211,-162.04996871122964,59.9042445530387,-162.00945469191586,59.9185277660562
1882,21442,1079385.7729930328,107.93857729930328,6828,46.62951159462242,1057.580636134689,1401,2105,7303,8980,-161.46220102083024,59.94565688763661,-161.31155354768342,60.00889828363862
5362,21387,1076617.0845537728,107.66170845537728,2578,17.62820037203112,39.57544302613737,7869,8003,8144,8470,-161.3866527054358,59.415830533062916,-161.3573676271735,59.42786795787012
2921,21151,1064736.8941598563,106.47368941598563,1113,7.6529647282267765,27.164862181457142,2260,2375,3194,3458,-161.83131877107496,59.92140237496538,-161.8076032475742,59.931733000732756
2235,20020,1007802.5918907061,100.7802591890706,2687,18.9904663499297,100.15264735264735,1706,1939,2504,2979,-161.89330252567922,59.960568921352994,-161.85063254968352,59.98149966747298
4994,19891,1001308.7590058958,100.13087590058959,2888,20.47712022888305,50.8790910462018,6580,6768,4257,4572,-161.73582785637305,59.52677247065168,-161.7075309249233,59.54366079799313
2361,18883,950566.2508827273,95.05662508827274,2880,20.958345293993695,75.75152253349573,1805,1974,3459,3888,-161.8075134160458,59.95742481785857,-161.76897569035705,59.9726063461602
1635,18528,932695.6255020481,93.26956255020481,3530,25.933458260329296,286.0105785837651,1190,1618,7720,8443,-161.42474127348245,59.98940484197323,-161.35979307844062,60.027852736133546
584,17436,877724.5750352823,87.77245750352823,3116,23.597935993668504,196.28928653360862,435,662,8765,9463,-161.33086732629198,60.075283783135056,-161.26816491946045,60.09567554008457
3726,17366,874200.7897489511,87.4200789748951,2539,19.266942555443446,89.97466313486122,3093,3275,1789,2232,-161.95753206849375,59.84055399939463,-161.91773670140725,59.856903337565605
2867,17091,860357.3475526501,86.03573475526501,2557,19.559015503673468,74.97653735884384,2224,2376,4180,4594,-161.74274488406078,59.92131254343697,-161.70555463129824,59.93496693575559
826,15667,788673.4868707139,78.86734868707138,1839,14.692266845140976,101.33401416991128,601,787,7106,7550,-161.47989783192742,60.064054842083564,-161.4400126333125,60.080763506368186
2281,15182,764258.6888154196,76.42586888154196,1231,9.990645736862765,66.6602555658016,1735,1898,4900,5240,-161.67806618360416,59.96425201401789,-161.6475234639441,59.97889455314903
3286,14933,751724.0811540416,75.17240811540415,2776,22.716735909980635,322.9368512690015,2561,2781,3772,4650,-161.77939614765285,59.88493077443013,-161.70052406570716,59.90469371068076
4886,14717,740850.6865562198,74.08506865562198,766,6.314211497429691,25.449751987497454,5885,6022,4147,4316,-161.74570932449836,59.59378679084699,-161.73052779619675,59.606093710239435
1070,14624,736169.0861043799,73.61690861043799,2992,24.74164094192028,223.52735229759298,771,1028,4589,5236,-161.70600378894028,60.042405443736286,-161.64788279005776,60.065492146538155
3438,14351,722426.3234876884,72.24263234876885,3296,27.51351774998007,1871.1674447773673,2694,3127,2517,4675,-161.89213471580985,59.8538490655996,-161.69827827749685,59.89274611740197
4086,14283,719003.2177809668,71.90032177809668,1501,12.559460203675771,37.31008891689421,4017,4177,4406,4611,-161.72244295863968,59.75952596076704,-161.70402749531522,59.773899005312956
4636,14043,706921.6682278314,70.69216682278314,1736,14.64939782080278,51.69151890621662,4987,5125,2700,2988,-161.87569554611048,59.67436567183252,-161.84982406592783,59.68676242275336
1779,14030,706267.25096037,70.62672509603699,2790,23.554580162134023,529.656165359943,1312,1726,9150,10099,-161.29628218785336,59.97970303690474,-161.21103206739042,60.01689328966729
2918,14029,706216.9111705652,70.62169111705651,2761,23.310578363778532,102.64452206144415,2259,2436,6656,7079,-161.52032201971278,59.91592265173225,-161.48232328319452,59.93182283226117
319,13565,682859.2487011702,68.28592487011701,1945,16.69973988421724,46.94463693328419,251,400,15599,15849,-160.7169586611247,60.09881964357899,-160.6945007790217,60.11220454131237
3025,13450,677070.1728736262,67.70701728736262,2012,17.34869588962329,123.72490706319702,2353,2525,4834,5307,-161.68399506447935,59.90792764570359,-161.6415047515405,59.923378668590445
1699,13346,671834.8347339343,67.18348347339342,1455,12.594688568157514,105.7503371796793,1245,1413,2884,3310,-161.85916654488267,60.007820305297685,-161.82089831377917,60.02291200207089
1473,13160,662471.6338302543,66.24716338302544,1694,14.76676832649956,45.7580547112462,1059,1204,4287,4530,-161.7331329105207,60.02659509473578,-161.7113038491166,60.03962066635551
3589,12823,645507.1246660601,64.55071246660602,1596,14.094123279000552,45.75809093035951,2851,2986,2052,2300,-161.9339063765214,59.86651531110568,-161.91162815747523,59.8786425674413
2438,12733,640976.5435836344,64.09765435836344,1970,17.458255964650647,89.2449540563889,1863,2050,5799,6145,-161.59730763956182,59.950597621699266,-161.5662259307313,59.9673961175123
3261,12213,614799.8528851744,61.47998528851745,399,3.6104531771560557,23.173994923442233,2536,2632,4457,4627,-161.71786155069066,59.89831567216351,-161.70259019086063,59.906939498891056
1300,12097,608960.4372678257,60.89604372678257,1130,10.274000988167607,102.58708770769613,940,1166,3504,3835,-161.80347099726725,60.030008692815436,-161.7737367613629,60.05031061823654
3717,11905,599295.1976253175,59.92951976253175,1217,11.15387770330317,39.99160016799664,3074,3180,1445,1684,-161.98843411426748,59.84908799459376,-161.966964378977,59.85861013660543
2510,11727,590334.7150400754,59.03347150400754,2020,18.65339586007454,32.77905687729172,1931,2047,2570,2764,-161.88737364480403,59.950867116284506,-161.8699463282921,59.96128757358029
1502,11613,584595.9790023362,58.45959790023362,3017,27.99645848609629,255.34177215189874,1081,1403,10431,10970,-161.18120799995765,60.0087186205818,-161.13278880614362,60.03764437273045
3677,11366,572162.0509205677,57.21620509205677,543,5.093261843478019,30.834418440964278,2990,3097,2529,2718,-161.89105673746892,59.85654401145195,-161.87407857859904,59.866155984992034
2216,11347,571205.5949142778,57.12055949142778,2014,18.906839556204364,347.5981316647572,1689,2067,4628,5243,-161.70250035933222,59.94907048571626,-161.64725396935887,59.983026803455985
3126,11292,568436.9064750177,56.84369064750177,1960,18.44465925924127,90.33829259652852,2435,2540,375,775,-162.08455384966825,59.90658017277741,-162.04862123830347,59.916012483260666
210,11249,566272.2955134142,56.62722955134142,1266,11.936492989018086,96.52093519423948,156,294,4616,4999,-161.70357833767318,60.10834178559065,-161.6691728622914,60.1207385365115
1447,11248,566221.9557236094,56.622195572360944,1125,10.607544652566293,41.83819345661451,1043,1193,1549,1742,-161.9790916353126,60.027583241548314,-161.9617541503291,60.0410579708101
1812,11090,558268.268934462,55.826826893446196,1024,9.723758935045185,47.004869251578,1342,1519,2446,2630,-161.8985127543271,59.998298163286016,-161.8819837530993,60.01419834381493
1954,11067,557110.4537689532,55.71104537689532,2061,19.59129015763539,235.967832294208,1467,1775,9227,9727,-161.28936516016566,59.97530129201255,-161.2444493959597,60.00296940276343
56,11047,556103.6579728586,55.610365797285866,1771,16.84986338999306,36.61591382275731,26,177,13775,13942,-160.8808113689481,60.11885207441485,-160.8658095037033,60.13241663520506
190,10961,551774.4360496518,55.177443604965184,1432,13.677852910818174,156.0864884590822,146,333,7792,8259,-161.4182734034368,60.10483835598259,-161.37632207966843,60.12163685179563
3660,10863,546841.1366487882,54.68411366487882,373,3.578771268562827,28.457700451072448,2959,3047,1369,1559,-161.99526131042677,59.86103558787255,-161.9781933200285,59.8689407623728
2924,10731,540196.2843945638,54.019628439456376,1601,15.455079183108243,46.976050694250304,2262,2422,457,652,-162.07718766433848,59.91718029313002,-162.05967051629816,59.931553337675936
358,10698,538535.0713310076,53.85350713310076,1849,17.87662847347376,229.23499719573752,287,399,7529,8200,-161.44189909540916,60.0989094751074,-161.38162213984472,60.10897060628954
3769,10577,532443.9567646353,53.244395676463526,966,9.392817284783849,29.227191074974,3188,3311,2910,3065,-161.85683092514395,59.837320064371795,-161.8429070382401,59.84836934236647
2632,10483,527712.0165229905,52.771201652299055,1069,10.440827301971552,43.85042449680435,2039,2146,5303,5535,-161.64186407765416,59.94197379497172,-161.62102316306257,59.9515857685118
893,10386,522829.0569119317,52.28290569119317,921,9.037232824435268,35.59252840362026,656,743,5500,5717,-161.624167266557,60.06800742933369,-161.60467382489162,60.07582277230553
1986,10264,516687.6025557546,51.66876025557546,1530,15.101952819273833,94.71901792673421,1493,1681,3313,3618,-161.82062881919393,59.98374545568328,-161.7932302030283,60.000633783024725
3683,10257,516335.2240271215,51.63352240271215,1125,11.10816557752928,68.46485327093693,2997,3157,1162,1421,-162.01385643680806,59.851154119747235,-161.99059007094937,59.86552716429315
3038,10191,513012.79790000926,51.301279790000926,1957,19.385741836637713,181.4934746344814,2366,2552,3767,4261,-161.7798453052949,59.905502194436465,-161.7354685302594,59.922210858721094
3006,10162,511552.94399567205,51.155294399567204,912,9.047013597234045,86.95138752214132,2336,2491,5374,5689,-161.6354860391369,59.910981917669595,-161.60718910768713,59.92490580457345
5365,10003,503548.9174167199,50.35489174167199,698,6.978953235516122,34.79956013196041,7885,7985,3422,3617,-161.81083718259703,59.41744750057433,-161.7933200345567,59.42643065341553
2926,9847,495695.91020718194,49.56959102071819,1551,15.630030621063913,51.19325682949122,2264,2358,2132,2393,-161.92671985424846,59.922929510948386,-161.90327382533295,59.93137367461911
4284,9531,479788.53662888706,47.9788536628887,1296,13.275037811440844,98.3132934634351,4297,4392,3313,3702,-161.82062881919393,59.74021218215847,-161.7856843546417,59.74874617735761
3547,9521,479285.13873083977,47.92851387308398,1937,19.851271912247274,119.80086125406996,2795,2882,3971,4418,-161.76151967349887,59.87585779006052,-161.72136498029874,59.88367313303236
3734,9472,476818.489030408,47.681848903040795,1508,15.494604553529925,71.68243243243244,3111,3222,2195,2496,-161.9210604679585,59.84531507040046,-161.8940211779065,59.85528637005419
2062,9412,473798.1016421241,47.379810164212415,1864,19.213432048978717,86.82702932426689,1555,1644,2344,2707,-161.9076755702251,59.98706922223452,-161.87506672541159,59.99506422826318
860,9365,471432.1315213018,47.14321315213018,2037,21.049274811770633,208.09567538707955,627,800,8809,9334,-161.32691473904185,60.062887032214206,-161.27975318662558,60.07842788662948
1923,9312,468764.1226616511,46.87641226616511,1928,19.979542802181246,179.81486254295532,1439,1625,5618,6079,-161.6135671462044,59.98877602127435,-161.57215481160648,60.00548468555897
2648,9283,467304.2687573139,46.73042687573139,294,3.0514281979399454,28.018959388128838,2046,2114,2374,2561,-161.90498062437277,59.944848403880904,-161.88818212855972,59.95095694781291
2982,9233,464787.2792670774,46.47872792670774,805,8.37769340438417,48.90978013646702,2312,2453,2307,2502,-161.91099933677637,59.91439551574925,-161.89348218873604,59.92706176125534
3402,9130,459602.28091719013,45.96022809171901,298,3.1187522429846166,23.9894852135816,2664,2749,5217,5366,-161.6495895890976,59.88780538333931,-161.6362046913642,59.89544106325433
1612,9123,459249.902388557,45.9249902388557,957,10.019431958489417,87.60670831963171,1170,1419,4510,4708,-161.71310047968484,60.00728131612721,-161.69531383705927,60.02964936670178
2545,8979,452000.9726566758,45.20009726566758,1513,15.967059447972241,80.46553068270408,1960,2085,3044,3344,-161.84479350033675,59.94745351820485,-161.81784404181317,59.958682459256345
5291,8662,436043.2592885762,43.60432592885762,1889,20.2965801555944,375.71184483952896,7627,7981,4159,4707,-161.74463134615743,59.41780682668798,-161.6954036685877,59.44960718774581
3255,8652,435539.8613905289,43.55398613905289,606,6.514999230943589,57.93619972260749,2530,2657,5173,5400,-161.6535421763477,59.89606988395321,-161.6331504193982,59.90747848806153
2403,8516,428693.64997708553,42.86936499770855,401,4.345367844075895,29.122123062470642,1839,1908,2442,2622,-161.89887208044075,59.96335369873376,-161.8827024053266,59.96955207419419
1003,8499,427837.87355040514,42.783787355040516,896,9.719056236282132,47.29450523591011,730,858,678,867,-162.05733489655944,60.057676803566316,-162.04035673768956,60.06917523920305
4977,8258,415705.9842074651,41.57059842074651,1411,15.527072272620066,87.07968031000242,6487,6567,4290,4634,-161.73286341593547,59.54482860786248,-161.70196137016174,59.55201513013544
5257,8158,410672.005226992,41.0672005226992,1379,15.267657740646113,59.03848982593773,7527,7641,3472,3705,-161.80634560617645,59.44834954634804,-161.78541486005645,59.45859034058701
2451,8131,409312.8309022643,40.93128309022643,1359,15.071187614164339,55.20846144385684,1873,2038,6162,6332,-161.5646987947483,59.95167560004021,-161.54942743491824,59.96649780222818
3745,8118,408658.4136348028,40.86584136348028,975,10.821316320945437,77.26829268292683,3140,3305,3722,3953,-161.78388772407345,59.83785905354227,-161.76313664101028,59.85268125573024
4583,7881,396727.88345108164,39.67278834510817,969,10.915235577844049,54.271792919680244,4904,5028,2615,2818,-161.8833312260255,59.683079330088475,-161.86509542575786,59.694218439611554
685,7864,395872.1070244012,39.58721070244012,490,5.525534916543097,43.66683621566633,503,604,5015,5207,-161.6677355578368,60.08049401178295,-161.6504879043817,60.089566996152556
329,7798,392549.680897289,39.2549680897289,436,4.937360904439991,29.79276737625032,267,346,478,640,-162.07530120224183,60.103670546113236,-162.06074849463909,60.110767236857775
104,7744,389831.33224783355,38.98313322478335,1807,20.53409090909091,80.18388429752066,68,253,14663,14872,-160.8010409717183,60.112024878255546,-160.78226618228018,60.128643711011755
3568,7634,384293.9553693132,38.42939553693132,1253,14.34085329943929,78.8807964369924,2820,2978,2675,2905,-161.87794133432075,59.86723396333298,-161.85728008278602,59.881427344822065
3414,7628,383991.9166304848,38.399191663048484,1149,13.155721966162485,95.16308337703198,2674,2922,341,519,-162.08760812163425,59.87226452892405,-162.07161810957695,59.89454274797021
4676,7608,382985.12083439017,38.298512083439014,2207,25.3027125181892,516.3412197686646,5041,5235,3162,3959,-161.83419337998416,59.664484203707204,-161.76259765183983,59.68191152021912
759,7455,375283.1329942664,37.52831329942664,823,9.531823925008133,102.9344064386318,554,683,6657,6966,-161.52023218818437,60.07339732103841,-161.49247424590507,60.08498558820355
4957,7442,374628.7157268049,37.46287157268049,810,9.389450701001696,71.21526471378661,6381,6445,4050,4350,-161.75442298275433,59.55578805432874,-161.72747352423073,59.561537272147106
1941,7407,372866.8230836393,37.28668230836393,1092,12.688242373638646,228.865127582017,1449,1582,3757,4275,-161.78074362057905,59.99263877699606,-161.73421088886164,60.00458637027485
4493,7384,371709.00791813055,37.170900791813054,678,7.890124386761586,68.65438786565547,4665,4789,5019,5251,-161.66737623172315,59.704549065378934,-161.64653531713157,59.71568817490201
1490,7281,366524.0095682433,36.65240095682433,1446,16.94621754982458,100.6367257244884,1069,1232,8438,8703,-161.36024223608268,60.02407981194025,-161.33643688105352,60.03872235107139
4975,7160,360432.8950018709,36.043289500187086,606,7.161699807593042,36.61229050279329,6473,6561,4044,4212,-161.7549619719248,59.54536759703295,-161.7398702751516,59.5532727715332
2464,7146,359728.1379446047,35.97281379446047,992,11.734920890996246,41.71788413098237,1893,1966,3912,4112,-161.7668197336752,59.95814347008587,-161.7488534279928,59.96470117165995
1391,6920,348351.3454487356,34.835134544873554,453,5.445592692148957,25.491329479768787,1006,1073,4194,4337,-161.741487242663,60.03836302495775,-161.7286413341001,60.04438173736135
5072,6917,348200.3260793214,34.82003260793214,310,3.727372579536702,42.78386583779095,6861,6912,16516,16737,-160.63458314957094,59.51383673056036,-160.6147303817919,59.51841813850937
5,6880,346337.75385654636,34.63377538565464,707,8.523641881862034,50.93953488372093,0,55,3212,3453,-161.82970180356355,60.12981152088111,-161.80805240521627,60.13475225494377
3464,6841,344374.50205416186,34.437450205416184,805,9.732761589130554,54.749890366905426,2720,2796,1963,2193,-161.94190138255007,59.883583301503954,-161.92124013101534,59.89041049766326
2932,6836,344122.8031051382,34.41228031051382,1410,17.05367906267881,133.1357519016969,2269,2404,7108,7450,-161.4797181688706,59.91879726064143,-161.4489957861537,59.93092451697705
1591,6726,338585.4262266178,33.85854262266178,2139,26.08148727719614,328.30746357418974,1148,1420,6968,7439,-161.49229458284825,60.0071914845988,-161.44998393296623,60.031625660326846
3229,6681,336320.13568540494,33.63201356854049,1036,12.674738839125007,256.07903008531656,2509,2641,5415,5937,-161.63180294647202,59.89750718840781,-161.58491088864096,59.909364950158185
2077,6675,336018.09694657655,33.60180969465765,1202,14.712241075144993,461.95295880149814,1570,1942,5016,5522,-161.6676457263084,59.96029942676776,-161.62219097293195,59.993716755337005
3905,6647,334608.5828320441,33.46085828320441,1305,16.006547667322504,127.33564013840831,3549,3694,1803,2118,-161.956274427096,59.80291458899002,-161.92797749564622,59.81594016060975
1589,6600,332242.6127112218,33.22426127112218,261,3.212687914560584,31.78242424242424,1145,1220,4062,4216,-161.75334500441338,60.02515779028119,-161.73951094903794,60.031895154912085
4273,6583,331386.83628454135,33.13868362845413,1330,16.392293198872093,289.29059699225274,4282,4511,5027,5488,-161.66665757949585,59.72952223027745,-161.62524524489794,59.75009365028379
2137,6358,320060.38357847696,32.00603835784769,1631,20.454727551529448,136.61906259830135,1619,1868,10754,10971,-161.1521924162806,59.96694695987024,-161.1326989746152,59.98931501044482
1358,6343,319305.286731406,31.9305286731406,1136,14.26365992038692,129.98013558253191,977,1159,4876,5148,-161.68022214028605,60.030637513514314,-161.65578796455802,60.04698685168529
1530,6337,319003.2479925776,31.90032479925776,1047,13.152394538232066,311.0645415811898,1105,1285,3306,3828,-161.82125763989282,60.01931874093441,-161.7743655820618,60.035488416048565
3031,6203,312257.7161587437,31.225771615874372,615,7.808618857004987,33.816540383685314,2358,2452,2464,2599,-161.8968957868157,59.91448534727766,-161.88476853048007,59.922929510948386
2700,6189,311552.9591014775,31.155295910147753,746,9.482625214898583,48.87703990951688,2087,2190,4778,4950,-161.68902563007043,59.9380212077216,-161.67357460718358,59.947273855148026
3850,6188,311502.61931167275,31.150261931167275,1159,14.733579928342197,76.49385908209437,3392,3509,3343,3570,-161.8179338733416,59.81953342174623,-161.79754211639207,59.83004371057043
5000,6183,311250.92036264914,31.125092036264913,304,3.866107808163679,34.22286915736697,6594,6656,4148,4316,-161.74561949296995,59.53683360183382,-161.73052779619675,59.542403156595356
4533,6173,310747.52246460185,31.074752246460186,1112,14.153265340976438,267.0753280414709,4770,4917,4791,5286,-161.68785782020106,59.6930506297422,-161.64339121363716,59.70625586441876
2061,6169,310546.1633053829,31.054616330538288,533,6.786093261989182,41.17620359863835,1553,1671,2771,2905,-161.86931750759322,59.984643770967395,-161.85728008278602,59.99524389132001
5192,6048,304455.04873901047,30.445504873901047,871,11.199851484748505,66.04232804232804,7291,7370,9426,9663,-161.27148868601168,59.47269389054768,-161.25019861377805,59.47979058129223
4066,6012,302642.8163060402,30.26428163060402,566,7.299732493572025,45.32335329341317,3979,4062,5007,5185,-161.66845421006408,59.769856586534424,-161.65246419800675,59.77731260339261
4238,5983,301182.962401703,30.1182962401703,297,3.8396969419104154,33.24686612067525,4240,4323,4555,4695,-161.7090580609063,59.7464105576189,-161.69648164692862,59.753866574477094
5271,5983,301182.962401703,30.1182962401703,298,3.8526252144421003,35.06000334280461,7580,7647,15359,15521,-160.73851822794356,59.44781055717757,-160.72396552034084,59.45382926958117
1650,5960,300025.1472361942,30.002514723619424,967,12.525738601646552,160.48389261744967,1203,1359,3254,3587,-161.82592887937025,60.01267120783193,-161.79601498040907,60.02668492626419
2248,5915,297759.85669498134,29.775985669498134,1029,13.379441971009902,440.40507185122567,1712,2074,6851,7296,-161.50280487167245,59.948441665017384,-161.46282984152913,59.98096067830251
673,5841,294034.7122494313,29.40347122494313,358,4.684243076140529,28.779318609827083,497,586,4781,4897,-161.6887561354852,60.08211097929436,-161.6783356781894,60.09010598532303
117,5789,291417.0431795853,29.14170431795853,755,9.923049935414461,65.1228191397478,81,149,4645,4884,-161.70097322334922,60.12136735721039,-161.67950348805877,60.127475901142404
3859,5766,290259.2280140765,29.02592280140765,1698,22.361470877665788,339.9236906000694,3414,3596,6817,7335,-161.50585914363845,59.81171807877439,-161.45932641192107,59.828067416945366
4555,5739,288900.05368934874,28.890005368934876,1271,16.777507366750463,417.5473078933612,4824,4961,5120,5757,-161.65830324735353,59.68909804249208,-161.60108056375512,59.70140496188451
4161,5738,288849.71389954403,28.884971389954405,1150,15.181600832392101,139.9121645172534,4135,4221,5531,5893,-161.62138248917623,59.75557337351692,-161.5888634758911,59.76329888496035
2180,5731,288497.3353709109,28.849733537091087,534,7.053847281639459,36.282673180945736,1660,1736,16537,16689,-160.6326966874743,59.97880472162062,-160.61904229515568,59.985631917779926
3943,5728,288346.31600149674,28.834631600149674,664,8.773372614856052,44.3463687150838,3686,3762,1808,1984,-161.95582526945392,59.796806045058005,-161.94001492045342,59.80363324121731
2352,5710,287440.1997850116,28.744019978501157,1406,18.606610504491393,185.07600700525393,1795,1969,763,1103,-162.04969921664443,59.95787397550064,-162.01915649698435,59.973504661444316
4232,5703,287087.82125637843,28.708782125637843,1291,17.095214580814392,108.88023847098019,4234,4357,14039,14310,-160.85709584544733,59.743356285652894,-160.8327515012477,59.754405563647566
3453,5667,285275.5888234081,28.527558882340813,779,10.34810558596506,52.991706370213514,2713,2823,576,740,-162.06649771245745,59.88115785023683,-162.0517653417979,59.89103931836215
197,5664,285124.5694539939,28.512456945399393,451,5.992594888929575,30.260593220338983,150,246,8284,8395,-161.37407629145812,60.11265369895443,-161.3641049918044,60.121277525681975
1108,5660,284923.210294775,28.492321029477502,442,5.875083639732424,71.46572438162544,802,903,5838,6055,-161.59380420995376,60.05363438478778,-161.57431076828837,60.06270736915739
1697,5614,282607.5799637574,28.26075799637574,1116,14.894570707189867,225.84182401140006,1243,1554,10841,11093,-161.14437707330876,59.995154059791595,-161.12173952814896,60.023091665127716
2202,5588,281298.74542883446,28.129874542883446,252,3.3711054838509313,26.940586972083036,1677,1734,3362,3499,-161.81622707430176,59.978984384677446,-161.80392015490932,59.98410478179692
1619,5438,273747.7769581248,27.374777695812483,1009,13.682692428222067,188.331004045605,1174,1387,9579,9872,-161.25774446216465,60.01015592503639,-161.23142382433994,60.02929004058814
2902,5425,273093.35969066335,27.309335969066336,652,8.852128802259783,61.582304147465436,2250,2335,3947,4151,-161.76367563018076,59.92499563610186,-161.7453499983847,59.93263131601688
2276,5412,272438.94242320186,27.243894242320188,752,10.222072259148293,185.51441241685143,1732,1950,4332,4615,-161.72909049174217,59.95958077454046,-161.70366816920156,59.979164047734265
4243,5405,272086.56389456877,27.208656389456877,997,13.561174650794202,81.08122109158187,4249,4358,2337,2559,-161.908304390924,59.74326645412448,-161.88836179161655,59.75305809072138
2561,5395,271583.1659965214,27.158316599652142,717,9.761654473179917,68.06969416126043,1970,2043,3480,3710,-161.80562695394914,59.95122644239815,-161.78496570241438,59.957784143972226
377,5368,270223.9916717937,27.02239916717937,563,7.684261597839043,94.4381520119225,300,385,7257,7528,-161.4663332711372,60.10016711650517,-161.44198892693757,60.10780279642018
908,5196,261565.54782538005,26.156554782538006,830,11.514458561570658,106.5311778290993,661,719,8556,8870,-161.34964211573006,60.07016338601558,-161.32143501580873,60.07537361466347
4385,5193,261414.52845596586,26.141452845596586,190,2.636601165104818,25.795493934142115,4440,4501,4744,4866,-161.69207990203643,59.73042054556157,-161.68112045557018,59.7359002687947
2097,5192,261364.18866616112,26.13641886661611,976,13.545108112342202,345.83975346687214,1590,1762,3672,4170,-161.78837930049406,59.97646910188191,-161.7436431993449,59.99192012476877
889,5192,261364.18866616112,26.13641886661611,778,10.797227573158025,52.080123266563945,653,735,2585,2763,-161.88602617187783,60.06872608156098,-161.8700361598205,60.07609226689077
4706,5167,260105.69392104287,26.010569392104287,1002,13.939541551172365,219.10121927617573,5147,5294,7002,7387,-161.48924031088225,59.659184143530894,-161.45465517244364,59.672389378207455
5299,5139,258696.1798065104,25.86961798065104,683,9.527553471422113,36.99085425179996,7651,7726,8861,9004,-161.32224349956442,59.44071386643303,-161.30939759100153,59.44745123106392
656,5129,258192.7819084631,25.819278190846312,596,8.322042132811191,43.0688243322285,482,554,6765,6928,-161.51053038311588,60.08498558820355,-161.49588784398472,60.09145345824921
2369,5117,257588.70443080633,25.75887044308063,734,10.260968430357165,54.481923001758844,1813,1928,7112,7261,-161.47935884275694,59.961557068165526,-161.46597394502356,59.9718876939329
1053,5091,256279.86989588334,25.627986989588333,722,10.118954638588118,62.0396778628953,765,873,3444,3617,-161.80886088897196,60.05632933064014,-161.7933200345567,60.06603113570863
5255,5032,253309.82229740423,25.330982229740425,949,13.378144920960906,80.38473767885533,7517,7624,9048,9259,-161.3054450037514,59.449876682331045,-161.28649055125646,59.45948865587113
825,5027,253058.12334838058,25.30581233483806,606,8.547088120358842,48.54505669385319,601,680,5264,5432,-161.64536750726222,60.07366681562364,-161.63027581048902,60.080763506368186
3129,4913,247319.3873106413,24.73193873106413,845,12.055447244453022,199.4911459393446,2439,2643,7266,7557,-161.4655247873815,59.89732752535098,-161.4393838126136,59.91565315714702
2938,4835,243392.88370587231,24.33928837058723,820,11.79276415658972,258.5158221302999,2272,2444,6872,7259,-161.5009184095758,59.91520399950496,-161.4661536080804,59.93065502239182
5012,4828,243040.5051772392,24.30405051772392,1246,17.93223458698103,50.13753106876553,6622,6699,5814,5983,-161.59596016663565,59.5329708461121,-161.58077863833404,59.53988787379982
5126,4824,242839.14601802028,24.283914601802028,319,4.592900462674232,65.94029850746269,7014,7094,16494,16696,-160.636559443196,59.49748739238938,-160.6184134744568,59.50467391466234
4821,4822,242738.4664384108,24.27384664384108,544,7.834031196943946,38.70261302364164,5591,5661,3922,4068,-161.76592141839106,59.62621597260371,-161.75280601524292,59.632504179592544
558,4810,242134.38896075406,24.213438896075406,340,4.902373306192016,41.35467775467775,416,503,8215,8351,-161.38027466691855,60.089566996152556,-161.36805757905452,60.0973823391244
1922,4781,240674.53505641688,24.067453505641687,654,9.458415242955777,82.4898556787283,1439,1513,1191,1431,-162.0112513224841,59.99883715245649,-161.98969175566523,60.00548468555897
4833,4750,239114.0015724702,23.91140015724702,573,8.313957826260733,62.76126315789474,5649,5715,3459,3666,-161.8075134160458,59.621365070069466,-161.7889182896645,59.627293950944654
2136,4748,239013.32199286076,23.901332199286077,855,12.408256416423036,268.93428812131424,1619,1785,8435,8834,-161.36051173066792,59.974402976728435,-161.32466895083155,59.98931501044482
196,4726,237905.84661715667,23.790584661715666,359,5.222128929314176,38.03977994075328,150,229,3653,3786,-161.79008609953388,60.114180834937436,-161.7781385062551,60.121277525681975
42,4721,237654.14766813302,23.7654147668133,511,7.437104774751336,37.721669137894516,14,87,451,589,-162.07772665350893,60.12693691197193,-162.0653299025881,60.133494613546006
30,4685,235841.91523516274,23.584191523516274,757,11.059642325461034,55.083030949839916,7,72,2718,2907,-161.87407857859904,60.12828438489811,-161.8571004197292,60.134123434244884
3267,4671,235137.1581778965,23.51371581778965,787,11.515155279597925,56.121601370156284,2541,2612,768,953,-162.04925005900236,59.90011230273175,-162.03263122624614,59.906490341249
3757,4671,235137.1581778965,23.51371581778965,360,5.267415375673766,30.914151145365018,3164,3260,9399,9493,-161.2739141372788,59.84190147232081,-161.26546997360808,59.85052529904835
1382,4604,231764.39226097954,23.176439226097955,1174,17.302164606975655,148.9105125977411,996,1092,10879,11197,-161.1409634752291,60.036656225917916,-161.1123970491941,60.04528005264547
3254,4555,229297.74256054775,22.929774256054774,299,4.430237385635731,26.587047200878157,2530,2613,4787,4878,-161.6882171463147,59.900022471203336,-161.68004247722922,59.90747848806153
724,4548,228945.36403191465,22.894536403191466,752,11.150840726179155,135.1486367634125,532,601,8325,8648,-161.37039319879324,60.080763506368186,-161.3413776151162,60.086961881828614
630,4516,227334.49075816327,22.733449075816328,525,7.812361601962806,40.943312666076174,464,553,10229,10355,-161.19935396869687,60.08507541973196,-161.18803519611697,60.09307042576062
3841,4499,226478.71433148283,22.647871433148282,192,2.8624850827694406,25.093576350300065,3362,3415,2921,3036,-161.85584277833144,59.82797758541695,-161.84551215256405,59.832738656422784
884,4485,225773.9572742166,22.57739572742166,721,10.765991709103742,32.877591973244144,649,715,1694,1820,-161.9660660636929,60.070522712129225,-161.954747291113,60.076451593004414
1160,4461,224565.8023189031,22.45658023189031,156,2.335653888187815,23.242322349249047,832,900,3753,3846,-161.78110294669267,60.05390387937301,-161.77274861455038,60.060012423305025
4937,4447,223861.04526163684,22.386104526163685,822,12.326456652995198,119.17787272318417,6191,6341,3893,4107,-161.76852653271501,59.56513053328358,-161.74930258563484,59.57860526254537
471,4441,223559.00652280846,22.355900652280845,700,10.504071116489344,186.46701193424903,360,567,2021,2269,-161.9366911539022,60.08381777833419,-161.91441293485602,60.102412904715464
2082,4440,223508.66673300375,22.350866673300374,665,9.979991243744916,33.55765765765766,1575,1643,1923,2048,-161.94549464368654,59.98715905376293,-161.93426570263506,59.993267597694945
4404,4439,223458.326943199,22.3458326943199,716,10.746584299943486,55.421491326875426,4480,4577,5065,5216,-161.6632439814162,59.723593349402265,-161.649679420626,59.73230700765822
171,4405,221746.77408983817,22.17467740898382,364,5.484391224699589,32.78093076049943,136,220,5123,5229,-161.65803375276832,60.11498931869314,-161.64851161075663,60.12253516707975
4265,4403,221646.0945102287,22.16460945102287,821,12.372823405671623,117.08471496706791,4272,4354,2630,2907,-161.8819837530993,59.74362578023813,-161.8571004197292,59.75099196556791
4119,4395,221243.37619179086,22.124337619179087,215,3.2430901428468286,36.76996587030717,4068,4127,4755,4897,-161.6910917552239,59.76401753718764,-161.6783356781894,59.76931759736395
516,4371,220035.22123647731,22.00352212364773,618,9.347555918378896,56.283687943262414,389,472,8869,9034,-161.32152484733714,60.09235177353333,-161.30670264514916,60.09980779039152
3423,4349,218927.74586077326,21.892774586077326,204,3.0933956009516668,24.737640836974016,2681,2734,1854,1965,-161.95169301914697,59.88915285626549,-161.94172171949324,59.89391392727133
1741,4314,217165.85321760768,21.716585321760768,919,13.991859677242012,43.26008344923505,1281,1351,13033,13179,-160.94746636302978,60.01338986005922,-160.9343509598816,60.01967806704806
4301,4296,216259.73700112253,21.625973700112255,190,2.8988214390624285,54.9804469273743,4329,4395,15807,15984,-160.69827370321502,59.73994268757324,-160.6823735226861,59.74587156844843
4074,4267,214799.88309678534,21.479988309678536,617,9.445475863912742,57.19146941645184,3992,4069,5390,5560,-161.63404873468232,59.76922776583554,-161.61877737485227,59.77614479352326
3248,4266,214749.54330698063,21.474954330698065,290,4.440047051021378,24.304735114861696,2524,2592,5886,5979,-161.58949229658998,59.90190893329999,-161.58113796444766,59.908017477232
4736,4263,214598.52393756644,21.459852393756645,517,7.918316864444856,191.69974196575183,5311,5349,6882,7296,-161.50002009429167,59.654243409468236,-161.46282984152913,59.65765700754789
4095,4253,214095.12603951912,21.409512603951914,216,3.312119974518655,27.18081354338114,4024,4088,5915,6021,-161.58688718226603,59.76752096679571,-161.57736504025436,59.77327018461408
3390,4246,213742.747510886,21.3742747510886,736,11.295041200590347,324.6057465850212,2652,2741,4091,4589,-161.75073989008945,59.88852403556661,-161.70600378894028,59.896519041595276
1531,4244,213642.06793127654,21.364206793127654,184,2.824425575289377,30.87747408105561,1105,1179,3896,4003,-161.76825703812978,60.02884088294608,-161.7586450645897,60.035488416048565
2034,4211,211980.85486772042,21.198085486772044,782,12.050751540093811,129.33839943006413,1534,1686,4599,4816,-161.70510547365618,59.98329629804122,-161.6856120319908,59.99695069035984
1514,4204,211628.47633908733,21.162847633908733,670,10.3334049494669,61.86964795432921,1092,1217,7405,7535,-161.45303820493223,60.025427284866424,-161.44136010623868,60.036656225917916
3675,4183,210571.34075318798,21.057134075318796,362,5.597120259527885,40.974420272531674,2986,3055,1586,1724,-161.97576786876138,59.86031693564526,-161.96337111784052,59.86651531110568
2027,4174,210118.2826449454,21.01182826449454,363,5.618629598267708,46.38236703402013,1529,1615,2813,2947,-161.86554458339992,59.989674336558465,-161.85350715859272,59.9973998480019
2547,4156,209212.16642846024,20.921216642846023,498,7.724877004543336,41.6400384985563,1960,2013,16566,16721,-160.63009157315034,59.95392138825051,-160.61616768624648,59.958682459256345
3746,4153,209061.14705904605,20.906114705904606,233,3.6155548588223443,43.69756802311582,3146,3196,1293,1456,-162.0020885065861,59.84765069013917,-161.98744596745493,59.85214226655977
5256,4146,208708.76853041296,20.870876853041295,311,4.829984534446341,44.18330921369995,7520,7590,16238,16382,-160.65955631446946,59.45293095429705,-160.64662057437815,59.45921916128589
774,4145,208658.42874060821,20.86584287406082,863,13.40443546850041,49.28926417370326,563,668,217,338,-162.09874723115735,60.074744793964584,-162.0878776162195,60.08417710444784
3391,4135,208155.03084256093,20.815503084256093,951,14.789134545489635,107.91390568319225,2652,2710,10093,10369,-161.2115710565609,59.89130881294738,-161.1867775547192,59.896519041595276
4952,4102,206493.8177790048,20.64938177790048,250,3.903392116432451,32.65626523647001,6336,6396,4321,4444,-161.7300786385547,59.56018979922092,-161.71902936056003,59.56557969092564
791,4088,205789.06072173858,20.578906072173858,641,10.025420234614918,39.13894324853229,583,694,62,151,-162.1126711180612,60.072409174225875,-162.10467611203254,60.0823804738796
3718,4082,205487.0219829102,20.54870219829102,603,9.438018231761747,38.80548750612445,3075,3128,14147,14293,-160.84739404037884,59.853759234071184,-160.8342786372307,59.858520305077015
3243,4044,203574.10997033044,20.357410997033043,779,12.249881405994499,198.52027695351137,2518,2700,9512,9778,-161.26376317456825,59.8922071282315,-161.23986798801067,59.90855646640247
3774,4033,203020.3722824784,20.30203722824784,606,9.542419681071461,64.49293330027275,3193,3295,3502,3655,-161.80365066032408,59.838757368826386,-161.78990643647705,59.84792018472441
4339,4019,202315.61522521215,20.231561522521215,192,3.0286021450453635,24.845981587459566,4380,4433,4087,4192,-161.7510992162031,59.73652908949359,-161.74166690571982,59.74129016049942
181,4011,201912.89690677432,20.191289690677433,440,6.94746464699114,79.30590875093493,142,231,3864,4057,-161.77113164703894,60.11400117188061,-161.75379416205544,60.121996177909274
1485,4004,201560.51837814122,20.156051837814122,749,11.836812909737986,63.94505494505494,1067,1142,1864,2042,-161.95079470386287,60.03216464949732,-161.93480469180554,60.03890201412822
3766,3984,200553.72258204658,20.05537225820466,413,6.5432028866652345,36.24497991967871,3176,3228,3442,3580,-161.8090405520288,59.84477608122999,-161.79664380110796,59.84944732070741
25,3974,200050.3246839993,20.00503246839993,509,8.074280839304997,66.99949672873679,0,48,9493,9703,-161.26546997360808,60.13044034158,-161.24660535264155,60.13475225494377
1346,3953,198993.18909809995,19.899318909809995,456,7.252728753641159,63.243106501391345,970,1063,1177,1334,-162.01250896388186,60.039261340241865,-161.9984054139212,60.047615672384175
4317,3947,198691.15035927156,19.869115035927155,264,4.202138512355408,33.200912085127946,4350,4422,2348,2457,-161.90731624411148,59.73751723630612,-161.89752460751458,59.74398510635178
1054,3944,198540.13098985737,19.854013098985735,436,6.942534332753453,56.00912778904665,765,880,7860,7980,-161.4121648595048,60.05570050994125,-161.40138507609535,60.06603113570863
958,3942,198439.45141024792,19.84394514102479,459,7.310622783282697,45.176052765093864,698,816,7624,7717,-161.43336510021,60.061449727759616,-161.4250107680677,60.07204984811223
4144,3931,197885.71372239589,19.788571372239588,475,7.57603701218335,84.98702620198422,4100,4155,14921,15155,-160.777864437388,59.761502254392106,-160.7568438597396,59.76644298845476
3866,3855,194059.88969723636,19.405988969723637,471,7.585927992140811,60.766796368352786,3436,3514,2487,2651,-161.89482966166221,59.81908426410417,-161.88009729100264,59.8260911233203
682,3854,194009.54990743162,19.400954990743163,879,14.159014284954162,84.89465490399584,501,571,3025,3241,-161.84650029937657,60.08345845222055,-161.8270966892396,60.08974665920938
1184,3826,192600.03579289917,19.26000357928992,506,8.180465812505185,30.92943021432305,853,923,1194,1296,-162.01098182789886,60.05183775421954,-162.00181901200085,60.058125961208376
1009,3819,192247.65726426605,19.224765726426604,647,10.469584621519564,61.84760408483896,734,813,9180,9344,-161.29358724200102,60.061719222344855,-161.27885487134145,60.068815913089395
4597,3817,192146.9776846566,19.21469776846566,592,9.58209840812884,82.15876342677495,4920,5033,3155,3322,-161.83482220068302,59.682630172446416,-161.81982033543824,59.69278113515696
554,3807,191643.57978660928,19.164357978660927,537,8.703277826041042,88.36354084581035,415,498,137,344,-162.1059337534303,60.090016153794615,-162.08733862704904,60.09747217065281
732,3786,190586.44420070996,19.058644420070994,232,3.770489017006146,26.042260961436874,537,596,6865,6963,-161.5015472302747,60.081212664010245,-161.4927437404903,60.086512724186555
1100,3776,190083.04630266264,19.008304630266263,857,13.946487088820758,134.25423728813558,795,929,1512,1734,-161.98241540186388,60.05129876504907,-161.96247280255642,60.063336189856265
2610,3727,187616.39660223085,18.761639660223086,602,9.860905455344795,62.3353903944191,2022,2068,3721,3916,-161.78397755560187,59.94898065418785,-161.76646040756154,59.9531129044948
69,3719,187213.678283793,18.7213678283793,647,10.609408985482757,166.96531325625168,43,193,806,1050,-162.04583646092271,60.11741476996026,-162.0239175679902,60.13088949922206
1667,3716,187062.65891437882,18.70626589143788,1020,16.73255723058206,542.6264800861142,1221,1353,15492,16070,-160.72657063466477,60.0132101970024,-160.67464801124265,60.02506795875278
1137,3704,186458.58143672204,18.645858143672204,524,8.609854216700151,49.45572354211663,815,886,1697,1840,-161.96579656910765,60.05516152077078,-161.95295066054476,60.06153955928803
3421,3698,186156.54269789366,18.615654269789367,284,4.670193624580919,25.987020010816657,2680,2737,3169,3267,-161.83356455928526,59.88888336168026,-161.82476106950088,59.89400375879974
1949,3679,185200.08669160376,18.520008669160376,917,15.118351616024713,263.18456102201685,1461,1616,10432,10769,-161.18111816842926,59.98958450503005,-161.15084494335443,60.003508391933906
2822,3679,185200.08669160376,18.520008669160376,885,14.590775550907164,243.2497961402555,2185,2381,6901,7178,-161.49831329525185,59.92086338579491,-161.47342996188175,59.938470365363656
3770,3658,184142.95110570444,18.414295110570443,420,6.944283456004073,43.73974849644615,3189,3269,1118,1238,-162.01780902405818,59.8410929885651,-162.00702924064873,59.848279510838054
1,3655,183991.93173629025,18.399193173629026,679,11.231197998500967,84.57893296853625,0,71,163,370,-162.10359813369158,60.12837421642652,-162.08500300731032,60.13475225494377
3561,3654,183941.5919464855,18.39415919464855,259,4.284651391641183,27.327859879584018,2811,2881,5703,5791,-161.60593146628938,59.875947621588935,-161.59802629178913,59.88223582857777
2171,3634,182934.7961503909,18.29347961503909,762,12.640449265055993,76.71546505228399,1655,1745,1585,1759,-161.9758577002898,59.977996237864915,-161.96022701434612,59.986081075421986
4616,3599,181172.90350722533,18.117290350722534,389,6.484233983936183,38.86524034454015,4954,5042,3296,3395,-161.82215595517695,59.681821688690704,-161.81326263386416,59.689726863190955
1169,3589,180669.505609178,18.0669505609178,565,9.431086294147494,39.81164669824464,837,886,13768,13908,-160.88144018964698,60.05516152077078,-160.8688637756693,60.059563265662966
4188,3582,180317.12708054492,18.031712708054492,744,12.43111673650372,154.53266331658293,4175,4321,2911,3137,-161.85674109361554,59.74659022067573,-161.83643916819443,59.75970562382387
2627,3547,178555.23443737935,17.855523443737933,304,5.104379894531425,26.39864674372709,2035,2098,2858,2948,-161.86150216462138,59.946285708335495,-161.8534173270643,59.951945094625444
72,3544,178404.21506796515,17.840421506796517,89,1.4950067380205556,26.767494356659142,46,90,3451,3561,-161.8082320682731,60.12666741738669,-161.79835060014778,60.13062000463682
43,3539,178152.51611894148,17.815251611894148,532,8.942755374778718,60.835264198926254,14,109,2964,3101,-161.85198002260972,60.12496061834687,-161.83967310321728,60.133494613546006
3597,3535,177951.15695972258,17.795115695972257,640,10.76428691096423,46.17142857142857,2867,2939,3865,3995,-161.77104181551053,59.870737392941045,-161.75936371681698,59.877205262986706
4528,3512,176793.34179421377,17.679334179421378,678,11.44069585471492,45.10364464692483,4748,4802,4638,4783,-161.70160204404812,59.703381255509576,-161.68857647242837,59.70823215804382
1610,3497,176038.2449471428,17.60382449471428,446,7.542008934652266,110.63311409779811,1169,1284,8422,8618,-161.36167954053727,60.01940857246282,-161.34407256096853,60.029739198230196
1226,3496,175987.90515733807,17.598790515733807,438,7.407785501834535,49.97826086956522,883,937,10976,11131,-161.13224981697314,60.05058011282177,-161.1183259300693,60.055431015356014
2715,3486,175484.50725929078,17.54845072592908,612,10.365439729781771,37.177280550774526,2104,2189,1247,1342,-162.00622075689304,59.93811103925,-161.9976867616939,59.94574671916502
2789,3479,175132.12873065766,17.513212873065765,477,8.087069299406686,54.64098878988215,2162,2250,2015,2145,-161.93723014307264,59.93263131601688,-161.9255520443791,59.94053649051713
518,3448,173571.59524671102,17.3571595246711,792,13.487813525145398,142.11136890951275,389,442,15827,16124,-160.69647707264676,60.095046719385685,-160.66979710870842,60.09980779039152
4139,3447,173521.25545690628,17.352125545690626,670,11.41180024353631,90.97766173484189,4096,4168,5078,5286,-161.66207617154686,59.760334444522755,-161.64339121363716,59.766802314568416
4481,3428,172564.7994506164,17.256479945061642,195,3.3305365552151307,32.93348891481914,4631,4673,2739,2865,-161.8721921165024,59.714969522674714,-161.8608733439225,59.71874244686802
3070,3395,170903.5863870603,17.09035863870603,611,10.486276886746225,63.963475699558174,2396,2443,3211,3397,-161.82979163509196,59.915293831033374,-161.81308297080733,59.91951591286873
3104,3394,170853.24659725555,17.085324659725554,329,5.647288553133893,60.72952268709487,2420,2486,4580,4741,-161.706812272696,59.911431075311654,-161.69234939662167,59.91735995618684
102,3392,170752.5670176461,17.07525670176461,480,8.241633836921341,62.925707547169814,68,144,4347,4502,-161.72774301881597,60.12181651485245,-161.71381913191212,60.128643711011755
2930,3390,170651.88743803665,17.065188743803663,910,15.629372544529522,206.16401179941002,2268,2478,1829,2037,-161.95393880735728,59.91214972753895,-161.93525384944758,59.931014348505464
2703,3380,170148.48953998933,17.014848953998932,676,11.627553482998906,118.92189349112427,2090,2185,3466,3688,-161.8068845953469,59.938470365363656,-161.78694199603945,59.94700436056279
1904,3378,170047.80996037988,17.004780996037987,621,10.684686340856556,66.51154529307283,1425,1484,2067,2245,-161.93255890359524,60.00144226678043,-161.9165688915379,60.00674232695674
1631,3373,169796.11101135623,16.979611101135625,633,10.899223025316461,238.0124518233027,1187,1322,3364,3677,-161.81604741124494,60.01599497438317,-161.787930142852,60.028122230718786
3915,3344,168336.25710701902,16.833625710701902,502,8.681016521519236,76.5657894736842,3590,3692,14574,14725,-160.80903597774696,59.80309425204684,-160.79547141695673,59.81225706794486
2474,3332,167732.17962936228,16.77321796293623,604,10.46367982299608,58.103241296518604,1901,1947,2155,2329,-161.92465372909498,59.9598502691257,-161.9090230431513,59.96398251943265
3995,3326,167430.1408905339,16.74301408905339,156,2.7049763721301376,25.63559831629585,3844,3905,5216,5301,-161.649679420626,59.7839601364951,-161.642043740711,59.789439859728226
4762,3324,167329.4613109244,16.73294613109244,66,1.1447573166743346,22.257521058965104,5411,5457,3936,4026,-161.7646637769933,59.64454160439975,-161.75657893943622,59.64867385470669
172,3316,166926.74299248657,16.692674299248658,617,10.714647877157873,60.52593486127865,137,260,0,101,-162.11824067282274,60.11139605755666,-162.10916768845314,60.12244533555133
5335,3299,166070.96656580616,16.607096656580616,506,8.80966429011438,107.67384055774477,7787,7848,3395,3632,-161.81326263386416,59.42975441996677,-161.79197256163053,59.4352341431999
4953,3269,164560.77287166423,16.456077287166423,855,14.954044009640867,44.17252982563475,6352,6406,6123,6259,-161.56820222435636,59.5592914839368,-161.55598513649232,59.56414238647105
3009,3255,163856.015814398,16.3856015814398,469,8.220483202709042,57.33456221198157,2338,2425,5656,5785,-161.61015354812474,59.916910798544784,-161.5985652809596,59.92472614151663
898,3243,163251.93833674124,16.325193833674124,416,7.304993877718163,119.2981806968856,658,697,3844,4116,-161.77292827760718,60.07213967964064,-161.74849410187915,60.0756431092487
1419,3240,163100.91896732704,16.310091896732704,489,8.590854310124097,101.69012345679012,1024,1135,3866,4042,-161.77095198398212,60.032793470196204,-161.7551416349816,60.04276476984993
2886,3239,163050.57917752233,16.305057917752233,142,2.495070781190209,27.050324174127816,2242,2287,2595,2698,-161.88512785659373,59.92930754946563,-161.87587520916728,59.93334996824417
3107,3222,162194.8027508419,16.219480275084187,301,5.302781439902956,45.76536312849162,2421,2487,3468,3594,-161.80670493229007,59.91134124378325,-161.79538615971018,59.91727012465844
163,3215,161842.4242222088,16.18424242222088,333,5.8729154006563,37.66842923794712,130,176,3474,3602,-161.80616594311962,60.11894190594327,-161.7946675074829,60.12307415625022
3298,3214,161792.08443240405,16.179208443240405,272,4.797842286237556,33.88301182327318,2575,2663,6257,6334,-161.55616479954915,59.895530894782745,-161.54924777186145,59.903436069282996
529,3205,161339.02632416147,16.13390263241615,571,10.086072632816313,45.53010920436817,397,471,10071,10188,-161.21354735018596,60.092441605061744,-161.20303706136175,60.099089138164224
4745,3201,161137.66716494257,16.113766716494258,452,7.989058434535042,267.8775382692908,5338,5437,7505,7869,-161.44405505209104,59.646338234967985,-161.41135637574908,59.65523155628077
4777,3197,160936.30800572364,16.093630800572363,281,4.969755256861855,25.944322802627465,5456,5518,4308,4390,-161.73124644842406,59.63906188116662,-161.72388026309426,59.64463143592816
894,3192,160684.6090567,16.068460905669998,393,6.956024597102049,51.1328320802005,657,718,4121,4262,-161.74804494423708,60.070253217543986,-161.73537869873098,60.075732940777115
4332,3185,160332.23052806687,16.033223052806687,662,11.730142042579427,71.13846153846154,4371,4453,2220,2376,-161.9188146797482,59.73473245892535,-161.90480096131594,59.74209864425513
1714,3184,160281.89073826215,16.028189073826216,260,4.6077278325541835,32.1608040201005,1258,1326,5947,6039,-161.58401257335686,60.01563564826952,-161.57574807274295,60.02174419220153
1373,3174,159778.49284021484,15.977849284021483,732,12.992945592154248,219.14177693761815,988,1033,11783,12155,-161.0597557735447,60.041956286094226,-161.02633844497547,60.04599870487276
3630,3170,159577.1336809959,15.95771336809959,337,5.985497720766393,57.78675078864353,2911,3000,1882,2007,-161.94917773635143,59.865257669707916,-161.93794879529995,59.87325267573658
4589,3166,159375.774521777,15.9375774521777,228,4.052092882416709,25.11813013265951,4912,4964,4885,4974,-161.67941365653036,59.68882854790684,-161.6714186505017,59.69349978738426
2519,3153,158721.3572543155,15.87213572543155,579,10.311374927816276,229.14684427529338,1939,2108,5519,5775,-161.6224604675172,59.94538739305138,-161.5994635962437,59.960568921352994
4724,3129,157513.20229900195,15.751320229900195,969,17.32291584090462,355.03867050175774,5228,5315,3406,3846,-161.81227448705164,59.657297681434244,-161.77274861455038,59.66511302440608
573,3119,157009.80440095466,15.700980440095465,638,11.42386313494423,102.71112536069253,428,491,7997,8217,-161.39985794011235,60.0906449744935,-161.38009500386173,60.096304360783456
4474,3118,156959.46461114992,15.69594646111499,661,11.837593002046654,70.24502886465683,4610,4667,3921,4098,-161.76601124991947,59.71550851184519,-161.75011106939056,59.72062890896467
3003,3108,156456.06671310263,15.645606671310263,378,6.780337231507956,37.633204633204635,2333,2398,3459,3565,-161.8075134160458,59.919336249811906,-161.79799127403413,59.92517529915869
3037,3097,155902.32902525057,15.590232902525058,756,13.584735683500488,160.94155634484986,2365,2409,4894,5203,-161.67860517277464,59.918348102999374,-161.65084723049534,59.9223006902495
3065,3089,155499.61070681273,15.549961070681274,453,8.150593763561522,56.023308514082224,2391,2513,153,239,-162.1044964489757,59.90900562404453,-162.09677093753228,59.91996507051079
2207,3080,155046.55259857015,15.504655259857016,345,6.216468492599357,58.920779220779224,1679,1738,479,633,-162.07521137071342,59.9786250585638,-162.06137731533798,59.9839251187401
2979,3057,153888.73743306135,15.388873743306135,1177,21.2877001103814,390.0765456329735,2310,2422,10108,10542,-161.21022358363473,59.91718029313002,-161.17123670030395,59.92724142431216
3074,3046,153334.99974520932,15.333499974520933,553,10.019826045673389,85.39067629678267,2401,2502,7507,7661,-161.44387538903422,59.909993770857064,-161.43004133365878,59.91906675522667
3830,3039,152982.6212165762,15.29826212165762,241,4.371713497878764,48.01711089174071,3325,3397,3127,3246,-161.83733748347856,59.82959455292837,-161.82664753159753,59.83606242297403
145,3038,152932.2814267715,15.29322814267715,647,11.73844030987475,114.58196181698486,114,147,8230,8492,-161.37892719399238,60.121547020267215,-161.35539133354843,60.12451146070481
2618,3022,152126.84478989578,15.212684478989578,321,5.839259855367314,61.18464592984778,2027,2068,16389,16563,-160.64599175367925,59.94898065418785,-160.63036106773558,59.95266374685274
4202,3009,151472.4275224343,15.14724275224343,301,5.487258270153068,50.03123961448986,4199,4252,4564,4705,-161.70824957715058,59.75278859613615,-161.6955833316445,59.75754966714198
2225,2996,150818.0102549728,15.08180102549728,603,11.016570235771184,54.47797062750334,1696,1765,3005,3138,-161.8482969299448,59.97619960729667,-161.83634933666602,59.9823979827571
4335,2990,150515.9715161444,15.051597151614441,275,5.029179072221253,68.32909698996656,4375,4470,3505,3636,-161.80338116573884,59.73320532294235,-161.79161323551688,59.74173931814148
297,2988,150415.29193653495,15.041529193653496,222,4.061277619618543,24.03748326639893,231,298,9038,9105,-161.3063433190355,60.10798245947701,-161.3003246066319,60.11400117188061
3032,2975,149760.87466907344,14.976087466907344,160,2.9334351904902762,38.40134453781513,2359,2407,6077,6198,-161.5723344746633,59.9185277660562,-161.56146485972545,59.92283967941997
4043,2956,148804.41866278357,14.880441866278357,345,6.3455150752077465,34.64140730717185,3932,3984,4942,5050,-161.67429325941086,59.77686344575055,-161.66459145434237,59.781534685227975
2871,2954,148703.73908317412,14.870373908317411,743,13.67047384371562,71.63168584969533,2228,2276,1850,2032,-161.95205234526063,59.930295696278165,-161.93570300708964,59.934607609641944
5251,2948,148401.70034434574,14.840170034434573,117,2.15487519589999,25.466757123473542,7513,7555,3965,4060,-161.76205866266935,59.45607505779147,-161.7535246674702,59.45984798198477
2163,2946,148301.02076473625,14.830102076473626,280,5.158716481508941,48.5010183299389,1647,1701,459,594,-162.07700800128165,59.98194882511504,-162.06488074494604,59.986799727649284
1418,2944,148200.3411851268,14.82003411851268,331,6.100410935908869,74.39673913043478,1023,1129,8038,8166,-161.39617484744747,60.033332459366676,-161.38467641181074,60.042854601378345
2767,2944,148200.3411851268,14.82003411851268,448,8.25674954467424,62.80570652173913,2142,2205,4341,4493,-161.72828200798645,59.93667373479541,-161.71462761566784,59.94233312108537
1512,2942,148099.66160551735,14.809966160551735,552,10.176952407234507,75.72535690006798,1091,1196,8848,8979,-161.3234113094338,60.027313746963074,-161.31164337921183,60.03674605744633
4340,2939,147948.64223610316,14.794864223610317,131,2.416414886783673,24.074855392990813,4383,4431,4389,4474,-161.72397009462267,59.73670875255041,-161.71633441470766,59.741020665914185
4924,2937,147847.96265649368,14.784796265649367,326,6.0154154483862285,29.831801157643856,6116,6163,3848,3949,-161.77256895149355,59.58112054534091,-161.76349596712393,59.58534262717627
4405,2930,147495.58412786058,14.749558412786058,148,2.7341850555675156,27.916723549488054,4480,4533,13600,13690,-160.89653188642018,59.72754593665239,-160.8884470488631,59.73230700765822
1995,2920,146992.18622981326,14.699218622981325,559,10.344759112511534,201.9945205479452,1500,1597,3568,3855,-161.7977217794489,59.99129130406988,-161.77194013079466,60.00000496232584
3043,2914,146690.14749098488,14.669014749098487,474,8.780789538984186,64.04392587508579,2368,2417,4368,4535,-161.72585655671932,59.91762945077208,-161.71085469147454,59.92203119566427
3371,2904,146186.7495929376,14.61867495929376,351,6.513415906946178,30.579889807162534,2635,2706,5706,5784,-161.60566197170414,59.891668139061025,-161.59865511248802,59.89804617757827
2214,2902,146086.0700133281,14.60860700133281,249,4.622220326240871,61.949000689179876,1685,1778,4161,4280,-161.7444516831006,59.97503179742732,-161.73376173121957,59.98338612956963
4483,2900,145985.39043371865,14.598539043371865,963,17.882461066450094,105.07034482758621,4635,4700,13258,13469,-160.92725426913708,59.71254407140759,-160.90829981664214,59.718383120754375
70,2898,145884.7108541092,14.58847108541092,393,7.300344584737122,53.02415458937198,43,177,4290,4352,-161.73286341593547,60.11885207441485,-161.72729386117393,60.13088949922206
1584,2895,145733.691484695,14.573369148469501,214,3.977310432048809,34.0573402417962,1143,1192,8320,8428,-161.3708423564353,60.02767307307672,-161.36114055136682,60.03207481796891
1649,2894,145683.35169489027,14.568335169489027,231,4.294006687779197,32.779543883897716,1203,1252,1927,2032,-161.9451353175729,60.022283181372,-161.93570300708964,60.02668492626419
4463,2893,145633.01190508556,14.563301190508556,755,14.03694941367363,132.87245074317318,4589,4671,3713,3941,-161.78469620782917,59.71514918573154,-161.76421461935124,59.72251537106132
1952,2887,145330.97316625717,14.533097316625717,700,13.02790695172398,264.59161759612056,1467,1611,3627,3920,-161.7924217192726,59.99003366267212,-161.76610108144789,60.00296940276343
5293,2870,144475.19673957673,14.447519673957673,403,7.522532933936565,34.354006968641116,7630,7706,3433,3514,-161.8098490357845,59.442510497001265,-161.80257268198315,59.44933769316057
2134,2868,144374.51715996728,14.437451715996728,507,9.46713098238621,69.35704323570432,1618,1728,4881,4994,-161.679772982644,59.97952337384792,-161.66962201993346,59.98940484197323
967,2858,143871.11926192,14.387111926191999,297,5.555527952656721,34.49825052484255,704,759,5390,5492,-161.63404873468232,60.0665701248791,-161.6248859187843,60.07151085894176
1577,2840,142965.00304543483,14.296500304543484,260,4.87881306276521,50.3112676056338,1138,1193,873,1007,-162.0398177485191,60.027583241548314,-162.0277803237119,60.03252397561097
2428,2837,142813.98367602064,14.281398367602064,194,3.6422693735687566,36.547056750088124,1852,1905,5239,5347,-161.64761329547252,59.963623193319,-161.63791149040404,59.96838426432483
113,2837,142813.98367602064,14.281398367602064,403,7.5661575131350975,36.547056750088124,77,142,3386,3482,-161.81407111761987,60.121996177909274,-161.80544729089232,60.12783522725605
5215,2836,142763.6438862159,14.27636438862159,254,4.769585115298116,37.015514809590975,7407,7447,16072,16194,-160.67446834818585,59.46577686285996,-160.66350890171958,59.46937012399644
222,2832,142562.28472699696,14.256228472699696,485,9.1137080895343,61.10734463276836,164,206,15636,15802,-160.71363489457346,60.116246960090905,-160.69872286085706,60.12001988428421
3815,2828,142360.92556777806,14.236092556777805,623,11.715163229974667,106.96605374823197,3294,3347,4538,4760,-161.7105851968893,59.83408612934897,-161.69064259758184,59.8388472003548
2838,2822,142058.88682894967,14.205888682894967,397,7.473292869116215,36.7413182140326,2198,2255,16231,16335,-160.66018513516835,59.932182158374815,-160.65084265621348,59.9373025554943
3839,2820,141958.20724934022,14.195820724934022,212,3.9921909589199602,35.40992907801419,3356,3416,1413,1511,-161.99130872317664,59.82788775388854,-161.9825052333923,59.833277645593256
5193,2814,141656.16851051184,14.165616851051183,581,10.952520780294646,93.15707178393745,7293,7354,9653,9848,-161.25109692906216,59.47413119500227,-161.23357978102183,59.4796109182354
4544,2809,141404.46956148816,14.140446956148816,136,2.5660377358490565,44.6123175507298,4792,4836,11863,11996,-161.05256925127173,59.70032698354357,-161.04062165799297,59.704279570793695
283,2808,141354.12977168345,14.135412977168345,165,3.113761843897638,27.128205128205128,221,276,5125,5208,-161.6578540897115,60.10995875310207,-161.65039807285328,60.11489948716473
1378,2806,141253.45019207397,14.125345019207398,313,5.90881651566735,55.88595866001425,995,1043,1999,2149,-161.93866744752725,60.0410579708101,-161.92519271826546,60.04536988417388
245,2785,140196.31460617465,14.019631460617465,272,5.154141107551574,53.49946140035907,182,257,4446,4564,-161.7188496975032,60.1116655521419,-161.70824957715058,60.118402916772794
5222,2772,139541.89733871314,13.954189733871313,325,6.172864558230389,54.87012987012987,7423,7469,3898,4047,-161.76807737507295,59.4638005692349,-161.75469247733957,59.46793281954185
3181,2766,139239.85859988476,13.923985859988475,450,8.556308324710221,96.26030368763557,2473,2539,5701,5893,-161.6061111293462,59.90667000430582,-161.5888634758911,59.91259888518101
1508,2760,138937.81986105637,13.893781986105637,431,8.203944791679643,66.9927536231884,1086,1175,2363,2489,-161.9059687711853,60.029200209059724,-161.8946499986054,60.03719521508839
595,2758,138837.14028144692,13.883714028144691,449,8.549667203002025,42.90645395213923,442,512,555,657,-162.0683841745541,60.08875851239685,-162.0592213586561,60.095046719385685
77,2745,138182.7230139854,13.81827230139854,308,5.878676232289047,40.15446265938069,49,110,1052,1157,-162.02373790493337,60.124870786818455,-162.01430559445012,60.130350510051585
3355,2734,137628.98532613338,13.762898532613338,818,15.644224822595936,34.697878566203364,2622,2680,16213,16309,-160.66180210267976,59.89400375879974,-160.6531782759522,59.89921398744763
5330,2731,137477.96595671918,13.747796595671918,827,15.82503428104781,200.5126327352618,7774,7977,12138,12305,-161.02786558095846,59.418166152801625,-161.01286371571368,59.43640195306926
1814,2728,137326.946587305,13.7326946587305,671,12.846958972407036,96.09384164222874,1343,1459,4163,4303,-161.74427202004378,60.00368805499073,-161.7316956060661,60.01410851228652
4726,2720,136924.22826886715,13.692422826886716,479,9.18440574144726,261.88823529411764,5231,5331,6189,6511,-161.56227334348117,59.65586037697965,-161.53334759133253,59.66484352982085
3034,2714,136622.18953003877,13.662218953003878,281,5.393881465017452,39.158437730287396,2362,2432,6276,6369,-161.55445800050933,59.916281977845905,-161.546103668367,59.92257018483474
3635,2713,136571.84974023403,13.657184974023403,172,3.3022013455423984,22.305934389974198,2916,2970,6080,6149,-161.57206498007807,59.86795261556027,-161.56586660461764,59.872803518094514
2345,2705,136169.1314217962,13.61691314217962,506,9.728970401059662,142.10720887245841,1782,1865,2441,2668,-161.89896191196917,59.96721645445548,-161.87857015501964,59.974672471313674
1474,2695,135665.7335237489,13.56657335237489,159,3.062793660904443,31.637847866419296,1060,1127,2914,2993,-161.8564715990303,60.0335121224235,-161.84937490828577,60.0395308348271
4967,2695,135665.7335237489,13.56657335237489,372,7.165781395323601,32.95139146567718,6444,6511,4258,4340,-161.73573802484464,59.54985917345355,-161.72837183951486,59.55587788585715
200,2686,135212.67541550632,13.521267541550632,578,11.152566827212606,78.09530900967982,151,221,7333,7492,-161.4595060749779,60.11489948716473,-161.4452228619604,60.12118769415356
1361,2686,135212.67541550632,13.521267541550632,120,2.315411798037219,25.556217423678333,978,1021,3955,4043,-161.76295697795348,60.043034264435164,-161.75505180345323,60.046897020156884
4230,2682,135011.3162562874,13.501131625628739,271,5.232869498816879,36.76211782252051,4230,4275,3239,3351,-161.82727635229642,59.75072247098267,-161.81721522111428,59.75476488976121
4290,2681,134960.97646648265,13.496097646648265,172,3.3218501695664813,33.12346139500187,4310,4347,4748,4860,-161.6917205759228,59.74425460093701,-161.68165944474066,59.74757836748826
2661,2680,134910.63667667794,13.491063667667794,528,10.199209802578576,55.02089552238806,2058,2130,1546,1666,-161.97936112989785,59.943411099426314,-161.96858134648843,59.949878969471975
4548,2674,134608.59793784955,13.460859793784955,378,7.309894320290956,130.17950635751683,4798,4858,8376,8611,-161.36581179084422,59.698350689918506,-161.34470138166742,59.70374058162322
1362,2667,134256.21940921643,13.425621940921642,354,6.8547521141673435,48.59392575928009,980,1046,1416,1530,-161.9910392285914,60.04078847622487,-161.98079843435244,60.04671735710006
1351,2662,134004.52046019278,13.400452046019279,249,4.826088942958818,59.50563486100676,974,1025,8042,8190,-161.39581552133382,60.04267493832152,-161.38252045512886,60.04725634627053
3583,2659,133853.5010907786,13.385350109077859,239,4.634882538037673,34.30011282437006,2843,2890,2816,2920,-161.86527508881468,59.87513913783323,-161.85593260985985,59.87936121966859
4892,2657,133752.82151116914,13.375282151116913,95,1.8430105789110844,26.231087692886714,5920,5957,3478,3573,-161.80580661700597,59.599625840193774,-161.79727262180683,59.602949606745014
1736,2654,133601.80214175495,13.360180214175495,477,9.259081775630188,124.14318010550113,1278,1481,4710,4794,-161.69513417400245,60.00171176136567,-161.68758832561585,60.019947561633295
4075,2648,133299.76340292656,13.329976340292657,99,1.9238721339827676,25.92296072507553,3994,4034,5816,5907,-161.59578050357882,59.77237186932995,-161.58760583449333,59.77596513046643
4689,2631,132443.98697624615,13.244398697624614,779,15.187176270494646,409.5188141391106,5064,5318,6613,6878,-161.5241847754345,59.65702818684901,-161.50037942040532,59.67984539506564
2647,2629,132343.30739663666,13.234330739663667,590,11.506857068913837,52.07303157093952,2046,2096,138,273,-162.10584392190188,59.94646537139232,-162.09371666556626,59.95095694781291
2063,2614,131588.2105495657,13.15882105495657,377,7.373752536723656,132.2662586074981,1556,1691,5564,5723,-161.61841804873865,59.98284714039916,-161.60413483572114,59.994974396734776
4775,2612,131487.53096995625,13.148753096995625,177,3.463272624862133,29.588055130168453,5455,5507,3187,3274,-161.83194759177385,59.64005002797915,-161.82413224880202,59.64472126745657
1682,2602,130984.13307190895,13.098413307190894,351,6.881030301990398,59.66026133743274,1232,1371,4872,4930,-161.6805814663997,60.011593229490984,-161.67537123775182,60.02407981194025
2382,2600,130883.45349229948,13.088345349229948,346,6.785618275781167,57.30615384615385,1823,1888,3050,3178,-161.84425451116627,59.965150329302006,-161.83275607552955,59.97098937864878
3890,2573,129524.27916757176,12.952427916757175,178,3.5091352659604924,33.593470656820834,3486,3531,2157,2259,-161.92447406603816,59.817557128121166,-161.91531125014015,59.821599546899705
74,2571,129423.5995879623,12.94235995879623,513,10.117339575864245,170.45663166083236,46,111,12506,12772,-160.99480757850287,60.12478095529004,-160.9709123919453,60.13062000463682
183,2566,129171.90063893865,12.917190063893864,182,3.592882892951422,41.926734216679655,143,194,4492,4605,-161.71471744719625,60.11732493843185,-161.7045664844857,60.12190634638086
1570,2565,129121.56084913392,12.912156084913391,448,8.845743241202445,42.45614035087719,1133,1207,1835,1926,-161.9533998181868,60.02632560015054,-161.9452251491013,60.03297313325303
122,2563,129020.88126952446,12.902088126952446,601,11.871351627572581,143.28365197034725,87,144,8008,8254,-161.3988697932998,60.12181651485245,-161.3767712373105,60.12693691197193
4580,2563,129020.88126952446,12.902088126952446,428,8.454140593346198,88.40265314085056,4892,4959,2834,3005,-161.86365812130327,59.689277705548896,-161.8482969299448,59.6952964179525
16,2563,129020.88126952446,12.902088126952446,595,11.752835637946232,140.46039797112758,0,121,4978,5157,-161.67105932438804,60.123882640005924,-161.6549794808023,60.13475225494377
5288,2560,128869.86190011026,12.886986190011026,186,3.6761477799457407,29.75625,7616,7668,15204,15290,-160.7524421148474,59.44592409508092,-160.744716603404,59.45059533455834
605,2559,128819.52211030554,12.881952211030553,614,12.13761137967054,122.54787026182102,448,547,16177,16358,-160.66503603770258,60.08561440890243,-160.64877653106004,60.09450773021521
300,2558,128769.1823205008,12.87691823205008,339,6.702694544112912,173.39953088350273,234,366,2150,2351,-161.92510288673705,60.10187391554499,-161.90704674952624,60.11373167729537
1637,2558,128769.1823205008,12.87691823205008,649,12.83200223931941,293.18060985144643,1192,1315,8014,8324,-161.39833080412936,60.016623795082054,-161.37048303032165,60.02767307307672
258,2558,128769.1823205008,12.87691823205008,553,10.933894049836107,127.9061767005473,195,270,3261,3472,-161.82530005867136,60.11049774227254,-161.80634560617645,60.117235106903436
6,2555,128618.1629510866,12.86181629510866,214,4.233682847131779,45.24461839530333,0,46,3624,3748,-161.79269121385784,60.13062000463682,-161.78155210433474,60.13475225494377
4604,2540,127863.06610401566,12.786306610401565,85,1.6865610540316582,24.606299212598426,4934,4977,5098,5180,-161.6602795409786,59.687660738037486,-161.65291335564882,59.6915234937592
3338,2537,127712.04673460146,12.771204673460145,576,11.435686731495,145.7091052424123,2607,2668,3567,3810,-161.7978116109773,59.89508173714068,-161.7759825495732,59.90056146037381
3728,2535,127611.367154992,12.7611367154992,228,4.528411297104056,31.816962524654834,3099,3143,14260,14358,-160.8372430776683,59.85241176114501,-160.82843958788393,59.85636434839513
1719,2525,127107.96925694469,12.710796925694469,539,10.726500910463683,46.865742574257425,1264,1356,1705,1785,-161.96507791688035,60.01294070241716,-161.9578913946074,60.021205203031066
1123,2524,127057.62946713997,12.705762946713996,274,5.453883886307525,29.74484944532488,807,856,5780,5868,-161.59901443860164,60.057856466623136,-161.5911092641014,60.06225821151533
2550,2518,126755.59072831158,12.675559072831158,475,9.465983578855965,221.01509134233518,1962,2045,4647,4937,-161.7007935602924,59.951046779341326,-161.67474241705293,59.95850279619952
3010,2518,126755.59072831158,12.675559072831158,572,11.399037067590761,114.0969023034154,2340,2432,907,1083,-162.0367634765531,59.916281977845905,-162.0209531275526,59.9245464784598
5302,2516,126654.91114870211,12.665491114870212,383,7.635605033586717,105.82511923688395,7666,7712,6141,6353,-161.56658525684495,59.44197150783079,-161.5475409728216,59.446103758137745
816,2515,126604.57135889739,12.66045713588974,338,6.739810806082709,33.90218687872763,596,658,10318,10402,-161.1913589626682,60.0756431092487,-161.1838131142816,60.081212664010245
4842,2513,126503.89177928792,12.650389177928792,114,2.27409501947051,23.691205730202945,5688,5730,3990,4070,-161.75981287445904,59.62001759714328,-161.7526263521861,59.62379052133659
642,2513,126503.89177928792,12.650389177928792,307,6.124097991030234,50.43215280541186,474,522,172,302,-162.1027896499359,60.08786019711273,-162.09111155124234,60.092172110476504
1203,2504,126050.83367104534,12.605083367104534,195,3.896883739014979,32.21086261980831,867,934,3832,3907,-161.77400625594814,60.05084960740701,-161.76726889131723,60.056868319810604
4737,2504,126050.83367104534,12.605083367104534,708,14.148685575500538,314.91373801916933,5320,5473,6855,7146,-161.5024455455588,59.64310429994516,-161.47630457079092,59.656848523792185
1833,2492,125446.75619338859,12.544675619338859,160,3.2051323208600158,32.82343499197432,1361,1399,3677,3782,-161.787930142852,60.00907794669545,-161.77849783236874,60.0124915447751
5157,2489,125295.7368239744,12.529573682397439,470,9.420748495195209,117.15548413017277,7152,7197,16480,16705,-160.63781708459376,59.48823474496295,-160.61760499070107,59.49227716374149
3493,2489,125295.7368239744,12.529573682397439,103,2.0645470106491626,22.757734029730816,2742,2781,5167,5247,-161.6540811655182,59.88493077443013,-161.64689464324522,59.8884342040382
3093,2488,125245.39703416967,12.524539703416966,386,7.738594968728636,50.368167202572344,2411,2511,8053,8130,-161.3948273745213,59.90918528710136,-161.38791034683356,59.918168439942555
2774,2478,124741.99913612235,12.474199913612235,512,10.28535556723594,71.86602098466506,2145,2248,4520,4628,-161.7122021644007,59.9328109790737,-161.70250035933222,59.94206362650013
1338,2476,124641.3195565129,12.46413195565129,326,6.551523149123847,52.92568659127625,963,1080,7794,7858,-161.41809374038,60.03773420425886,-161.41234452256163,60.04824449308306
291,2475,124590.97976670816,12.459097976670815,137,2.753803613810241,22.886464646464646,228,280,3626,3693,-161.792511550801,60.109599426988424,-161.7864928383974,60.11427066646584
2587,2475,124590.97976670816,12.459097976670815,485,9.748866808014357,150.34343434343435,1997,2077,4380,4605,-161.7247785783784,59.948172170432144,-161.7045664844857,59.955358692705104
2314,2472,124439.96039729397,12.443996039729397,277,5.571287057960723,81.19093851132686,1762,1875,4654,4765,-161.7001647395935,59.96631813917136,-161.69019343993978,59.97646910188191
193,2470,124339.28081768451,12.433928081768451,357,7.183229456525888,158.65425101214575,148,213,1679,1927,-161.96741353661906,60.115618139392026,-161.9451353175729,60.1214571887388
3752,2467,124188.26144827032,12.418826144827031,607,12.220926055095095,112.15079043372518,3152,3320,11855,11950,-161.05328790349904,59.83651158061609,-161.0447539082999,59.851603277389295
4856,2465,124087.58186866085,12.408758186866086,227,4.572117631348568,36.511156186612574,5737,5780,3527,3634,-161.80140487211378,59.61552602072268,-161.7917928985737,59.6193887764444
644,2462,123936.56249924666,12.393656249924666,428,8.625807159161102,59.27051177904143,475,542,44,168,-162.1142880855726,60.08606356654449,-162.10314897604954,60.09208227894809
2885,2462,123936.56249924666,12.393656249924666,391,7.8801182225046515,32.760357432981316,2241,2297,2397,2483,-161.9029144992193,59.928409234181515,-161.89518898777587,59.933439799772586
3157,2458,123735.20334002774,12.373520334002775,291,5.869512741360451,47.585028478437756,2458,2505,3147,3271,-161.83554085291033,59.90972427627183,-161.82440174338723,59.91394635810719
2222,2458,123735.20334002774,12.373520334002775,435,8.774013891724385,109.16354759967453,1692,1832,4497,4616,-161.71426828955418,59.970180894893076,-161.70357833767318,59.982757308870745
3868,2455,123584.18397061355,12.358418397061355,86,1.7356921648847652,21.924236252545825,3440,3490,1394,1460,-161.99301552221647,59.82124022078606,-161.98708664134128,59.82573179720666
1138,2448,123231.80544198044,12.323180544198044,341,6.892054011449129,38.751633986928105,815,866,8393,8496,-161.36428465486122,60.05695815133902,-161.3550320074348,60.06153955928803
3908,2442,122929.76670315205,12.292976670315205,589,11.919072596653297,112.43898443898443,3557,3701,12277,12395,-161.0153789985092,59.802285768291135,-161.0047788781566,59.81522150838246
1840,2441,122879.42691334733,12.287942691334733,492,9.958208453750968,85.9336337566571,1367,1482,8284,8398,-161.37407629145812,60.001621929837256,-161.36383549721916,60.01195255560463
3468,2437,122678.06775412841,12.267806775412842,169,3.423410197745383,24.832170701682397,2722,2766,3843,3922,-161.7730181091356,59.88627824735631,-161.76592141839106,59.890230834606434
3545,2435,122577.38817451894,12.257738817451894,225,4.559666042023736,27.761806981519506,2794,2857,5871,5938,-161.59083976951615,59.878103578270824,-161.58482105711258,59.88376296456077
3982,2434,122527.04838471422,12.252704838471422,611,12.384569745842875,171.45275267050124,3813,3873,10371,10634,-161.1865978916624,59.78683474540428,-161.16297219969005,59.792224637108994
543,2429,122275.34943569056,12.227534943569056,474,9.617552911299565,98.84726224783861,407,475,4644,4821,-161.70106305487764,60.09208227894809,-161.68516287434872,60.098190822880106
1393,2419,121771.95153764325,12.177195153764325,140,2.8464928777678566,35.24762298470442,1009,1054,3762,3863,-161.78029446293698,60.04006982399757,-161.77122147856736,60.04411224277611
5151,2415,121570.59237842434,12.157059237842434,1054,21.44776504111324,1073.3333333333333,7140,7231,10098,10812,-161.21112189891883,59.485180472996944,-161.14698218763272,59.49335514208243
1303,2410,121318.89342940068,12.131889342940067,189,3.8499339866087072,40.39170124481328,941,977,6503,6623,-161.5340662435598,60.04698685168529,-161.5232864601504,60.050220786708124
3772,2410,121318.89342940068,12.131889342940067,165,3.361053480372681,40.91120331950207,3189,3231,1517,1632,-161.9819662442218,59.844506586644755,-161.97163561845443,59.848279510838054
1599,2402,120916.17511096284,12.091617511096285,174,3.5502811512783605,29.4571190674438,1156,1203,6701,6787,-161.51627960093424,60.02668492626419,-161.50855408949081,60.030907008099554
4387,2401,120865.8353211581,12.08658353211581,389,7.938775510204081,92.78800499791754,4442,4534,3588,3732,-161.79592514888066,59.72745610512398,-161.78298940878932,59.73572060573788
1084,2398,120714.8159517439,12.07148159517439,289,5.90164732943276,95.28106755629692,781,889,7798,7929,-161.41773441426633,60.05489202618554,-161.40596648404437,60.06459383125404
3823,2398,120714.8159517439,12.07148159517439,425,8.678893131518764,89.7814845704754,3308,3396,1546,1690,-161.97936112989785,59.82968438445678,-161.96642538980655,59.837589558957035
1713,2397,120664.47616193918,12.066447616193917,211,4.309713877834892,31.779724655819773,1258,1316,2768,2848,-161.86958700217846,60.01653396355364,-161.8624004799055,60.02174419220153
1076,2397,120664.47616193918,12.066447616193917,339,6.924137462493026,180.62745098039215,774,884,7526,7745,-161.4421685899944,60.05534118382761,-161.42249548527218,60.06522265195292
1456,2395,120563.79658232971,12.056379658232972,358,7.315268443525164,74.35657620041754,1049,1123,104,241,-162.1088981938679,60.03387144853715,-162.09659127447546,60.04051898163963
738,2383,119959.71910467296,11.995971910467295,666,13.64307315955962,275.3252203105329,539,612,9328,9660,-161.28029217579603,60.079775359555654,-161.25046810836326,60.08633306112973
2539,2376,119607.34057603983,11.960734057603982,583,11.96038987349183,415.8400673400673,1958,2067,2002,2390,-161.938397952942,59.94907048571626,-161.90354331991816,59.95886212231317
4701,2369,119254.96204740672,11.925496204740671,304,6.245842855527124,28.097931616715915,5110,5167,6508,6580,-161.53361708591774,59.67059274763921,-161.5271492158721,59.675713144758696
903,2359,118751.56414935942,11.875156414935942,465,9.573902105519482,54.93853327681221,660,717,2995,3118,-161.84919524522894,60.0703430490724,-161.83814596723428,60.07546344619188
4227,2351,118348.84583092158,11.834884583092158,173,3.5679584527015122,31.933645257337304,4226,4265,5574,5672,-161.61751973345451,59.75162078626679,-161.60871624367013,59.75512421587486
3832,2336,117593.74898385062,11.759374898385062,406,8.400199769314035,86.68664383561644,3331,3420,1767,1903,-161.9595083621188,59.827528427774894,-161.94729127425478,59.83552343380356
402,2327,117140.69087560804,11.714069087560803,350,7.2555418707646195,40.76665234207134,312,371,6418,6513,-161.54170192347482,60.10142475790293,-161.5331679282757,60.10672481807924
1377,2316,116586.95318775601,11.658695318775601,321,6.670152370260146,38.343696027633854,993,1059,535,618,-162.07018080512233,60.03962066635551,-162.06272478826415,60.0455495472307
4925,2315,116536.61339795127,11.653661339795127,156,3.242269423585707,31.490280777537798,6122,6167,4268,4358,-161.73483970956053,59.58076121922726,-161.72675487200345,59.5848036380058
1505,2312,116385.59402853707,11.638559402853707,265,5.511273441601032,36.37543252595156,1085,1134,7237,7333,-161.46812990170545,60.03288330172462,-161.4595060749779,60.0372850466168
2114,2310,116284.91444892762,11.628491444892763,475,9.882973245595688,150.69264069264068,1603,1701,8212,8409,-161.3805441615038,59.98194882511504,-161.36284735040664,59.99075231489941
3573,2308,116184.23486931816,11.618423486931816,91,1.8941897844042506,22.523396880415945,2825,2866,5459,5532,-161.6278503592219,59.87729509451511,-161.6212926576478,59.880978187180006
4366,2296,115580.1573916614,11.55801573916614,111,2.316525242384868,26.357142857142858,4411,4448,5731,5817,-161.60341618349383,59.73518161656741,-161.5956906720504,59.73850538311865
5010,2291,115328.45844263774,11.532845844263774,183,3.823301481817024,32.293321693583586,6622,6661,5294,5391,-161.64267256140985,59.536384444191754,-161.6339589031539,59.53988787379982
2989,2291,115328.45844263774,11.532845844263774,527,11.010272573320062,108.25141859450022,2318,2375,2717,2909,-161.87416841012745,59.92140237496538,-161.85692075667237,59.926522772084866
3,2287,115127.09928341882,11.512709928341883,256,5.353118816811362,83.88456493222563,0,120,1359,1458,-161.9961596257109,60.12397247153434,-161.9872663043981,60.13475225494377
1014,2268,114170.64327712894,11.417064327712893,461,9.680090114291875,91.68253968253968,737,834,8015,8146,-161.39824097260095,60.0598327602482,-161.38647304237898,60.06854641850416
1761,2262,113868.60453830055,11.386860453830055,395,8.305213387240805,74.31476569407604,1300,1399,801,907,-162.04628561856475,60.00907794669545,-162.0367634765531,60.01797126800823
4584,2261,113818.26474849583,11.381826474849582,370,7.781287162049419,87.18973905351615,4904,4986,3403,3543,-161.81254398163685,59.686852254281774,-161.7999675676592,59.694218439611554
12,2254,113465.8862198627,11.346588621986271,279,5.876615109602328,51.891748003549246,0,47,4767,4891,-161.69001377688295,60.13053017310841,-161.67887466735988,60.13475225494377
3446,2248,113163.84748103432,11.316384748103431,426,8.984862714984434,43.85943060498221,2706,2814,11768,11817,-161.06110324647088,59.88196633399254,-161.0567015015787,59.891668139061025
635,2242,112861.80874220595,11.286180874220594,432,9.123593826863052,59.74843889384478,467,513,1431,1568,-161.98969175566523,60.08866868086844,-161.9773848362728,60.09280093117539
4141,2241,112811.4689524012,11.28114689524012,210,4.436069753671346,26.566711289602857,4097,4150,6135,6204,-161.5671242460154,59.76195141203417,-161.560925870555,59.76671248304
2934,2238,112660.44958298701,11.266044958298702,189,3.9951377955412166,33.058087578194815,2270,2325,5849,5930,-161.5928160631412,59.92589395138598,-161.58553970933986,59.93083468544864
5028,2234,112459.0904237681,11.245909042376809,178,3.765983543529404,25.783348254252463,6723,6773,4309,4379,-161.73115661689565,59.52632331300962,-161.7248684099068,59.53081488943022
5145,2230,112257.73126454918,11.225773126454918,704,14.908028956044461,331.6591928251121,7121,7176,9717,10092,-161.2453477112438,59.4901212070596,-161.2116608880893,59.49506194112226
482,2229,112207.39147474445,11.220739147474445,187,3.9608333702630913,46.51592642440556,368,414,9004,9119,-161.30939759100153,60.09756200218122,-161.29906696523415,60.10169425248817
3327,2228,112157.05168493971,11.21570516849397,431,9.131028049981621,90.8886894075404,2599,2665,4416,4575,-161.72154464335554,59.89535123172592,-161.70726143033806,59.90128011260111
1888,2226,112056.37210533026,11.205637210533025,382,8.09656455492658,126.19047619047619,1408,1526,3151,3298,-161.83518152679667,59.99766934258713,-161.82197629212013,60.008269462939744
3959,2221,111804.6731563066,11.18046731563066,356,7.553978052750205,79.42368302566412,3741,3853,14604,14702,-160.8063410318946,59.78863137597252,-160.7975375421102,59.798692507154655
3155,2212,111351.61504806402,11.135161504806401,141,2.9979649517160643,22.280289330922244,2457,2502,3618,3684,-161.7932302030283,59.909993770857064,-161.7873013221531,59.9140361896356
136,2206,111049.57630923564,11.104957630923563,256,5.4505108845861265,44.12692656391659,101,158,10493,10592,-161.1756384451961,60.120558873454684,-161.16674512388335,60.12567927057416
2967,2206,111049.57630923564,11.104957630923563,125,2.6613822678643198,26.547597461468722,2300,2345,6217,6293,-161.55975806068562,59.924097320817744,-161.55293086452633,59.92813973959628
4422,2201,110797.87736021199,11.0797877360212,526,11.21180983120252,256.9304861426624,4517,4618,4173,4448,-161.74337370475965,59.71991025673737,-161.71867003444638,59.72898324110698
4184,2200,110747.53757040726,11.074753757040726,550,11.726039399558573,305.6363636363636,4167,4259,6370,6688,-161.5460138368386,59.75215977543726,-161.5174474108036,59.76042427605117
834,2184,109942.10093353156,10.994210093353155,468,10.014275524755362,135.5018315018315,607,684,11439,11634,-161.0906578193184,60.07330748950999,-161.07314067127808,60.08022451719771
4382,2169,109187.00408646061,10.91870040864606,275,5.904769075340949,34.10972798524666,4437,4474,2738,2837,-161.8722819480308,59.732845996828694,-161.86338862671803,59.73616976337994
306,2167,109086.32450685115,10.908632450685115,126,2.7067060237207756,23.569912321181356,240,285,4035,4103,-161.7557704556805,60.109150269346365,-161.7496619117485,60.113192688124904
2640,2166,109035.98471704642,10.903598471704642,421,9.045922646594018,158.539242843952,2042,2117,2690,2908,-161.87659386139458,59.944578909295664,-161.85701058820078,59.951316273926565
4121,2163,108884.96534763223,10.888496534763222,264,5.676434973495405,30.77392510402219,4069,4118,7128,7208,-161.47792153830235,59.76482602094335,-161.47073501602938,59.76922776583554
875,2161,108784.28576802276,10.878428576802277,475,10.218007713291057,142.02498843128183,640,687,9380,9610,-161.27562093631863,60.07303799492476,-161.25495968478387,60.07726007676012
1296,2152,108331.22765978018,10.833122765978018,343,7.393890022540741,67.1003717472119,939,1024,3365,3470,-161.81595757971652,60.04276476984993,-161.80652526923328,60.05040044976494
413,2143,107878.16955153762,10.787816955153762,225,4.860393513388911,37.108726084927675,322,383,9335,9415,-161.27966335509717,60.100346779561995,-161.2724768328242,60.10582650279512
5252,2141,107777.48997192815,10.777748997192814,245,5.294899857652541,41.47781410555815,7514,7558,4696,4801,-161.6963918154002,59.45580556320623,-161.68695950491696,59.45975815045636
2329,2130,107223.75228407612,10.722375228407612,227,4.918538276697938,39.48356807511737,1772,1823,3739,3833,-161.78236058809046,59.97098937864878,-161.77391642441972,59.97557078659779
1616,2130,107223.75228407612,10.722375228407612,241,5.221884249710146,40.58028169014084,1174,1213,1139,1247,-162.01592256196153,60.02578661098007,-162.00622075689304,60.02929004058814
4380,2129,107173.41249427138,10.717341249427138,225,4.876347954698636,38.419915453264444,4436,4473,5193,5299,-161.65174554577948,59.73293582835711,-161.64222340376782,59.73625959490835
5061,2124,106921.71354524774,10.692171354524774,161,3.493402444652107,25.340866290018834,6830,6873,4369,4442,-161.7257667251909,59.51734016016842,-161.71920902361686,59.521202915890136
3319,2121,106770.69417583355,10.677069417583354,539,11.703571991479182,144.7034417727487,2589,2670,9886,10082,-161.23016618294218,59.89490207408386,-161.21255920337344,59.902178427885225
4042,2115,106468.65543700516,10.646865543700516,229,4.979437624307942,30.98628841607565,3931,3982,5913,5990,-161.58706684532285,59.777043108807376,-161.58014981763515,59.78162451675639
3418,2115,106468.65543700516,10.646865543700516,314,6.827700497959362,41.42600472813239,2676,2741,4963,5046,-161.6724067973142,59.88852403556661,-161.66495078045602,59.89436308491339
1997,2112,106317.63606759097,10.631763606759097,406,8.834441039751665,58.00189393939394,1500,1584,8479,8570,-161.3565591434178,59.99245911393924,-161.3483844743323,60.00000496232584
1804,2105,105965.25753895786,10.596525753895786,146,3.1821951221954423,29.218052256532065,1334,1386,7681,7753,-161.42824470309054,60.01024575656481,-161.42177683304487,60.014916996042224
4291,2104,105914.91774915313,10.591491774915314,94,2.0492973849256524,27.376425855513308,4310,4346,5923,6007,-161.58616853003875,59.744344432465425,-161.57862268165215,59.74757836748826
237,2102,105814.23816954366,10.581423816954366,411,8.964487501025468,56.95337773549001,177,222,6322,6450,-161.55032575020238,60.114809655636314,-161.53882731456565,60.11885207441485
249,2099,105663.21880012947,10.566321880012946,202,4.409051281884654,41.74178180085755,185,239,4339,4433,-161.72846167104328,60.11328251965331,-161.72001750737255,60.11813342218756
1324,2097,105562.53922052,10.556253922052,328,7.162664817412574,84.12017167381974,955,1039,3010,3136,-161.84784777230277,60.041417296923754,-161.83652899972284,60.04896314531035
4760,2097,105562.53922052,10.556253922052,438,9.564778018374108,172.8202193609919,5405,5477,7113,7342,-161.47926901122852,59.642744973831505,-161.45869759122218,59.649212843877166
2461,2093,105361.18006130109,10.536118006130108,104,2.273257984337466,26.161490683229815,1887,1933,8960,9031,-161.31335017825165,59.96110791052347,-161.3069721397344,59.96524016083042
227,2093,105361.18006130109,10.536118006130108,317,6.929065202259391,40.73769708552317,172,234,2317,2401,-161.91010102149224,60.11373167729537,-161.90255517310564,60.11930123205691
4359,2091,105260.50048169162,10.526050048169163,95,2.077526579993303,25.740793878527022,4408,4447,4494,4571,-161.71453778413942,59.735271448095816,-161.7076207564517,59.73877487770388
992,2091,105260.50048169162,10.526050048169163,586,12.815058693432375,48.97178383548541,723,791,14056,14148,-160.85556870946434,60.06369551596992,-160.84730420885043,60.06980405990193
3336,2088,105109.48111227743,10.510948111227743,460,10.066826519245396,181.73180076628353,2605,2652,2416,2677,-161.90120770017947,59.896519041595276,-161.87776167126395,59.900741123430635
1517,2086,105008.80153266797,10.500880153266797,78,1.7078017358393107,28.074784276126557,1095,1134,3465,3547,-161.8069744268753,60.03288330172462,-161.79960824154554,60.036386731332684
3396,2081,104757.10258364432,10.475710258364431,70,1.5344827120749507,23.258049014896685,2660,2696,4446,4520,-161.7188496975032,59.89256645434515,-161.7122021644007,59.89580038936798
938,2080,104706.76279383959,10.470676279383959,224,4.911524908119364,25.876923076923077,683,728,10915,10986,-161.13772954020627,60.06935490225987,-161.13135150168904,60.07339732103841
3200,2077,104555.7434244254,10.45557434244254,481,10.554236656939644,68.79345209436687,2485,2544,1725,1855,-161.9632812863121,59.906220846663764,-161.95160318761856,59.91152090684007
5391,2077,104555.7434244254,10.45557434244254,369,8.096701302309206,49.30187770823303,7956,7993,7963,8086,-161.40291221207835,59.416728848347034,-161.3918629340837,59.42005261489828
4166,2074,104404.7240550112,10.44047240550112,195,4.2818380321378235,42.81774349083896,4144,4178,2909,3024,-161.85692075667237,59.75943612923864,-161.84659013090499,59.76249040120464
4713,2072,104304.04447540175,10.430404447540175,390,8.567808115693062,51.922779922779924,5181,5254,2912,3003,-161.85665126208713,59.662777404667374,-161.84847659300164,59.66933510624145
3312,2061,103750.3067875497,10.375030678754971,109,2.4009742483201597,35.89713731198447,2587,2634,6682,6771,-161.51798639997406,59.898136009106686,-161.5099913939454,59.90235809094205
2313,2059,103649.62720794024,10.364962720794024,318,7.008078319268034,64.34968431277319,1761,1792,3552,3703,-161.79915908390348,59.97377415602955,-161.78559452311328,59.976558933410324
2941,2047,103045.54973028348,10.304554973028349,422,9.327248115123494,149.93453834880313,2276,2323,1632,1862,-161.97163561845443,59.92607361444281,-161.9509743669197,59.930295696278165
2024,2043,102844.19057106455,10.284419057106454,219,4.845180174679795,29.141458639255998,1524,1573,4855,4928,-161.6821086023827,59.99344726075177,-161.67555090080864,59.99784900564396
3365,2043,102844.19057106455,10.284419057106454,356,7.876183297653,47.647577092511014,2629,2681,5981,6085,-161.58095830139084,59.89391392727133,-161.571615822436,59.898585166748745
3749,2041,102743.5109914551,10.27435109914551,82,1.8150657008177842,24.584027437530622,3151,3191,4795,4867,-161.68749849408744,59.84809984778123,-161.68103062404177,59.85169310891771
3242,2039,102642.83141184563,10.264283141184563,218,4.827784551766334,30.65228052967141,2518,2576,7637,7704,-161.43219729034067,59.90334623775458,-161.42617857793707,59.90855646640247
855,2035,102441.47225262671,10.24414722526267,112,2.482766151720247,29.737592137592138,627,659,3947,4038,-161.76367563018076,60.075553277720296,-161.75550096109527,60.07842788662948
960,2031,102240.1130934078,10.22401130934078,243,5.392017733995532,25.595273264401772,699,734,9742,9821,-161.2431019230335,60.068815913089395,-161.23600523228896,60.071960016583816
2977,2031,102240.1130934078,10.22401130934078,422,9.363915570971663,41.981290004923686,2309,2368,347,434,-162.0870691324638,59.92203119566427,-162.07925378949196,59.92733125584057
2740,2028,102089.0937239936,10.20890937239936,115,2.5536646521848834,26.54043392504931,2117,2154,2310,2389,-161.91072984219113,59.941255142744424,-161.90363315144657,59.944578909295664
373,2025,101938.07435457941,10.193807435457941,315,7.0,38.71604938271605,298,351,10284,10371,-161.19441323463423,60.10322138847118,-161.1865978916624,60.10798245947701
234,2025,101938.07435457941,10.193807435457941,444,9.866666666666667,235.11111111111111,174,217,10884,11186,-161.14051431758705,60.11525881327837,-161.11338519600665,60.11912156900009
3318,2024,101887.73456477467,10.188773456477467,507,11.269449590425712,92.20553359683794,2589,2678,7528,7655,-161.44198892693757,59.89418342185656,-161.43058032282923,59.902178427885225
5198,2024,101887.73456477467,10.188773456477467,232,5.15682900390289,63.32213438735178,7329,7394,9373,9487,-161.2762497570175,59.4705379338658,-161.26600896277856,59.476376983212575
983,2022,101787.05498516522,10.178705498516521,103,2.2905862483278563,28.486646884272997,716,749,9121,9208,-161.29888730217732,60.06746844016322,-161.29107195920548,60.07043288060081
2560,2017,101535.35603614156,10.153535603614156,360,8.015849445948263,107.66286564204263,1969,2032,2863,3033,-161.86105300697932,59.95221458921068,-161.8457816471493,59.95787397550064
3741,2011,101233.31729731317,10.123331729731317,475,10.592234191218166,71.80507210343113,3125,3191,14438,14562,-160.82125306561096,59.84809984778123,-160.8101139560879,59.85402872865642
5112,2006,100981.61834828953,10.098161834828954,842,18.799514217011385,1360.4705882352941,6975,7082,8945,9664,-161.31469765117782,59.498565370730326,-161.25010878224964,59.5081773442704
96,2006,100981.61834828953,10.098161834828954,255,5.6934395787861085,39.0827517447657,64,102,9022,9124,-161.30778062349012,60.125589439045754,-161.29861780759208,60.12900303712541
1947,2004,100880.93876868006,10.088093876868006,463,10.342657244743032,120.79041916167665,1457,1539,1421,1585,-161.99059007094937,59.99650153271777,-161.9758577002898,60.00386771804756
4966,2004,100880.93876868006,10.088093876868006,335,7.483348114446902,39.68263473053892,6442,6502,5278,5359,-161.64410986586446,59.55066765720926,-161.63683351206308,59.55605754891398
3596,2002,100780.25918907061,10.078025918907061,252,5.6320759689726945,38.603396603396604,2866,2923,5908,5990,-161.58751600296492,59.872174697395636,-161.58014981763515,59.87729509451511
4142,1992,100276.86129102329,10.02768612910233,199,4.458701613734798,46.393574297188756,4097,4149,7283,7383,-161.4639976513985,59.76204124356258,-161.4550144985573,59.76671248304
4921,1989,100125.84192160911,10.012584192160912,397,8.901703307217868,90.38511814982404,6098,6239,8714,8785,-161.335448734241,59.5742933491816,-161.32907069572374,59.586959594687684
4732,1987,100025.16234199965,10.002516234199964,543,12.181503547857382,88.77705083039758,5278,5329,3854,4013,-161.77202996232307,59.65604004003648,-161.75774674930557,59.660621447985484
1342,1981,99723.12360317126,9.972312360317126,394,8.852256390915242,95.95961635537607,966,1026,10350,10508,-161.18848435375904,60.042585106793105,-161.17429097226994,60.04797499849782
3100,1980,99672.78381336654,9.967278381336653,324,7.281358514603014,61.163636363636364,2418,2476,5650,5766,-161.6106925372952,59.91232939059578,-161.60027207999943,59.91753961924367
4631,1966,98968.0267561003,9.89680267561003,380,8.570217421577048,60.89318413021363,4980,5010,7588,7731,-161.43659903523283,59.68469629759989,-161.42375312666994,59.68739124345225
1500,1959,98615.64822746719,9.861564822746718,328,7.410655518362918,45.94180704441041,1077,1154,737,810,-162.05203483638311,60.03108667115638,-162.04547713480906,60.0380036988441
982,1959,98615.64822746719,9.861564822746718,594,13.420516396059675,233.2700357325166,715,811,8573,8815,-161.34811497974707,60.061898885401675,-161.32637574987137,60.070522712129225
2310,1958,98565.30843766246,9.856530843766246,330,7.457746142641883,37.23186925434116,1757,1817,1114,1189,-162.01816835017183,59.97152836781925,-162.01143098554093,59.97691825952397
498,1957,98514.96864785774,9.851496864785773,97,2.1926853827058586,25.63924374041901,377,405,8537,8621,-161.35134891476991,60.09837048593693,-161.3438030663833,60.10088576873246
1315,1954,98363.94927844354,9.836394927844355,234,5.293629937195784,52.40532241555783,947,1013,3711,3805,-161.78487587088597,60.04375291666246,-161.77643170721527,60.04968179753765
2644,1949,98112.25032941988,9.811225032941989,207,4.68882933946776,36.85171883016932,2045,2107,5953,6025,-161.58347358418638,59.94547722457979,-161.5770057141407,59.951046779341326
814,1947,98011.57074981042,9.801157074981042,251,5.688408094196674,79.73086800205444,596,638,502,657,-162.07314524555994,60.077439739816946,-162.0592213586561,60.081212664010245
2047,1935,97407.49327215366,9.740749327215367,444,10.093516224163007,199.94005167958656,1543,1661,7997,8190,-161.39985794011235,59.98554208625152,-161.38252045512886,59.99614220660413
3897,1931,97206.13411293473,9.720613411293472,406,9.239211240128691,182.72190574831694,3509,3578,5347,5575,-161.63791149040404,59.81333504628581,-161.6174299019261,59.81953342174623
2001,1930,97155.79432313,9.715579432313,247,5.62235545203392,34.48911917098446,1504,1560,1634,1707,-161.9714559553976,59.99461507062112,-161.96489825382352,59.99964563621219
2557,1928,97055.11474352053,9.705511474352054,606,13.80127181583059,220.4896265560166,1964,2109,13273,13454,-160.92590679621088,59.94529756152296,-160.90964728956834,59.9583231331427
3822,1925,96904.09537410636,9.690409537410636,296,6.746466126410567,83.95012987012987,3307,3341,2907,3074,-161.8571004197292,59.83462511851944,-161.8420985544844,59.83767939048544
1233,1921,96702.73621488742,9.670273621488743,388,8.852542963367743,305.4429984383134,890,1014,11312,11571,-161.10206642342672,60.04366308513405,-161.07880005756803,60.054802194657135
3321,1918,96551.71684547323,9.655171684547323,298,6.804433321435391,44.45464025026069,2592,2629,6917,7026,-161.49687599079726,59.898585166748745,-161.48708435420036,59.90190893329999
2860,1917,96501.3770556685,9.65013770556685,461,10.529066507683071,191.56807511737088,2216,2284,5286,5521,-161.64339121363716,59.92957704405087,-161.62228080446036,59.93568558798288
2356,1917,96501.3770556685,9.65013770556685,392,8.953132475079748,333.8549817423057,1800,1884,7446,7762,-161.44935511226734,59.96550965541565,-161.42096834928915,59.97305550380226
3948,1915,96400.69747605904,9.640069747605903,353,8.066596177467881,202.02819843342036,3696,3761,2356,2602,-161.90659759188418,59.79689587658642,-161.88449903589483,59.802734925933194
4438,1910,96148.9985270354,9.61489985270354,437,9.99918844874462,63.405235602094244,4547,4606,4400,4515,-161.72298194781015,59.720988235078316,-161.71265132204277,59.726288295254626
4598,1908,96048.31894742593,9.604831894742592,299,6.845134770109669,96.9077568134172,4921,4962,5797,5971,-161.59748730261865,59.689008210963664,-161.58185661667497,59.69269130362855
24,1906,95947.63936781647,9.594763936781648,288,6.596765400259817,42.31689401888772,0,23,9322,9441,-161.28083116496651,60.132686129790294,-161.2701412130855,60.13475225494377
1946,1904,95846.95978820701,9.584695978820701,392,8.98364527087647,112.1029411764706,1455,1549,10021,10158,-161.21803892660657,59.995603217433654,-161.20573200721412,60.00404738110438
1775,1904,95846.95978820701,9.584695978820701,85,1.947984306184949,24.960084033613445,1311,1346,8491,8565,-161.35548116507684,60.01383901770128,-161.34883363197437,60.0169831211957
3631,1894,95343.5618901597,9.53435618901597,283,6.5027408728594205,41.98732840549103,2912,2968,2572,2657,-161.8871939817472,59.8681322786171,-161.8795583018322,59.87316284420817
4423,1890,95142.20273094079,9.514220273094079,111,2.5532425695667107,35.767195767195766,4518,4554,2522,2616,-161.89168555816778,59.72565947455574,-161.88324139449708,59.72889340957857
4177,1889,95091.86294113605,9.509186294113604,115,2.6459513905681145,25.158284806776074,4162,4195,3014,3090,-161.84748844618912,59.75790899325563,-161.8406612500298,59.76087343369323
4591,1888,95041.52315133132,9.504152315133132,419,9.643019122484937,83.90042372881356,4914,4961,4566,4718,-161.70806991409376,59.68909804249208,-161.69441552177514,59.693320124327435
1823,1887,94991.1833615266,9.499118336152659,252,5.8011566195032485,57.710651828298886,1350,1427,3030,3118,-161.84605114173453,60.00656266389991,-161.83814596723428,60.013479691587634
4632,1885,94890.50378191713,9.489050378191713,483,11.12478056887282,309.65305039787796,4981,5044,5571,5890,-161.61778922803975,59.681642025633884,-161.58913297047633,59.68730141192383
121,1881,94689.14462269821,9.46891446226982,235,5.418429966950918,145.97341839447103,85,119,1399,1627,-161.99256636457443,60.12406230306275,-161.9720847760965,60.12711657502875
1385,1880,94638.80483289348,9.463880483289348,306,7.0573637414209704,79.2531914893617,999,1070,6847,6969,-161.5031641977861,60.03863251954298,-161.49220475131983,60.04501055806023
2240,1878,94538.12525328402,9.453812525328402,263,6.068871675021702,41.15228966986155,1710,1748,1340,1441,-161.99786642475073,59.977726743279675,-161.9887934403811,59.98114034135933
912,1872,94236.08651445563,9.423608651445562,296,6.841302420111159,68.46367521367522,664,704,5712,5851,-161.60512298253366,60.07151085894176,-161.59263640008442,60.07510412007824
4189,1870,94135.40693484616,9.413540693484617,105,2.4281107728301214,20.96470588235294,4175,4213,7181,7242,-161.4731604672965,59.756292025744216,-161.4676807440634,59.75970562382387
5055,1866,93934.04777562724,9.393404777562724,206,4.7688251657982486,35.67202572347267,6809,6852,6317,6403,-161.55077490784444,59.51922662226507,-161.54304939640102,59.523089377986786
338,1862,93732.68861640833,9.373268861640833,190,4.403152859263555,48.98174006444683,272,334,4755,4844,-161.6910917552239,60.10474852445418,-161.68309674919524,60.110318079215716
4173,1860,93632.00903679886,9.363200903679886,241,5.588053693910028,53.686021505376345,4158,4205,6163,6274,-161.56460896321988,59.75701067797151,-161.55463766356615,59.76123275980687
1783,1858,93531.32945718941,9.35313294571894,227,5.266268555577258,50.396124865446716,1315,1357,7105,7216,-161.47998766345583,60.01285087088875,-161.4700163638021,60.016623795082054
1889,1855,93380.31008777521,9.338031008777522,220,5.107998062338293,49.166576819407005,1410,1457,3927,4031,-161.765472260749,60.00386771804756,-161.75612978179416,60.00808979988292
3666,1854,93329.97029797047,9.332997029797047,404,9.382671259127118,142.50053937432577,2969,3061,2826,2991,-161.86437677353055,59.859777946474786,-161.8495545713426,59.86804244708868
3347,1854,93329.97029797047,9.332997029797047,323,7.5014921205397505,45.98921251348436,2615,2689,7064,7136,-161.48367075612072,59.89319527504403,-161.47720288607505,59.899842808146516
412,1852,93229.29071836102,9.322929071836102,190,4.415024417231645,31.622030237580994,322,365,8252,8330,-161.37695090036732,60.101963747073405,-161.36994404115117,60.10582650279512
5244,1846,92927.25197953264,9.292725197953263,699,16.269017540844686,393.2307692307692,7490,7772,12124,12268,-161.02912322235622,59.43658161612608,-161.0161874822649,59.46191410713825
1846,1843,92776.23261011844,9.277623261011845,217,5.054719567667338,31.25339120998372,1374,1419,4857,4932,-161.68192893932587,60.00728131612721,-161.675191574695,60.011323734905744
3546,1842,92725.89282031372,9.272589282031372,86,2.0037966135865846,24.862106406080347,2795,2833,2504,2573,-161.89330252567922,59.88025953495271,-161.8871041502188,59.88367313303236
4497,1835,92373.51429168059,9.23735142916806,397,9.267710786125063,127.65994550408719,4673,4729,3912,4098,-161.7668197336752,59.70993895708365,-161.75011106939056,59.714969522674714
1696,1829,92071.47555285222,9.207147555285221,274,6.406837517565893,37.53089119737562,1243,1297,5104,5181,-161.65974055180814,60.018240762593464,-161.6528235241204,60.023091665127716
1317,1827,91970.79597324276,9.197079597324276,874,20.447591438143444,487.7591680350301,950,1154,6721,6989,-161.514482970366,60.03108667115638,-161.4904081207516,60.04941230295241
4565,1824,91819.77660382856,9.181977660382856,151,3.5356114387208946,28.00219298245614,4850,4882,4845,4926,-161.68300691766683,59.69619473323662,-161.67573056386547,59.699069342145805
4371,1824,91819.77660382856,9.181977660382856,621,14.540494724805798,609.0548245614035,4418,4477,6654,7122,-161.5205016827696,59.73257650224346,-161.4784605274728,59.737876562419764
4787,1822,91719.0970242191,9.17190970242191,232,5.435178337141411,128.57080131723382,5483,5535,7324,7514,-161.4603145587336,59.637534745183615,-161.44324656833533,59.64220598466104
1159,1822,91719.0970242191,9.17190970242191,344,8.059057534382093,189.76070252469813,831,953,8095,8267,-161.39105445032797,60.04914280836718,-161.37560342744112,60.06010225483344
5384,1818,91517.73786500018,9.151773786500017,455,10.671229428409427,50.16721672167217,7943,7985,6399,6508,-161.54340872251464,59.41744750057433,-161.53361708591774,59.42122042476763
3906,1816,91417.05828539073,9.141705828539072,545,12.78905868414215,215.7907488986784,3552,3593,4626,4898,-161.70268002238905,59.81198757335962,-161.67824584666099,59.815670666024516
4615,1815,91366.71849558598,9.1366718495586,330,7.745966692414833,36.10798898071625,4952,5001,2796,2875,-161.86707171938292,59.6855047813556,-161.8599750286384,59.68990652624778
4116,1814,91316.37870578126,9.131637870578126,442,10.377760123548741,144.51157662624036,4063,4126,5377,5570,-161.63521654455167,59.764107368716054,-161.61787905956817,59.76976675500601
4614,1808,91014.33996695287,9.101433996695288,310,7.290586729972879,102.26769911504425,4951,5034,2994,3126,-161.84928507675735,59.682540340918,-161.83742731500698,59.689996357776195
3877,1807,90964.00017714815,9.096400017714815,321,7.551373579959229,69.3503043718871,3453,3510,3251,3371,-161.8261983739555,59.819443590217816,-161.81541859054605,59.8245639873373
3520,1802,90712.30122812449,9.071230122812448,439,10.341585501122424,86.1465038845727,2771,2808,4185,4345,-161.74229572641872,59.88250532316301,-161.7279226818728,59.88582908971425
2837,1801,90661.96143831976,9.066196143831975,473,11.145621340661357,93.33703498056636,2196,2245,4906,5062,-161.6775271944337,59.93308047365894,-161.66351347600144,59.937482218551125
2806,1791,90158.56354027246,9.015856354027246,169,3.993364121546959,42.53266331658291,2172,2231,5694,5773,-161.60673995004507,59.934338115056704,-161.59964325930054,59.93963817523301
4922,1791,90158.56354027246,9.015856354027246,375,8.8610150626042,167.67392518146286,6102,6259,4998,5115,-161.6692626938198,59.57249671861336,-161.6587524049956,59.58660026857404
1670,1789,90057.88396066299,9.005788396066299,367,8.676826110227246,70.04807154835103,1225,1270,2437,2569,-161.89932123808282,60.02066621386059,-161.88746347633244,60.024708632639125
3075,1786,89906.8645912488,8.99068645912488,243,5.749969570005658,32.79059350503919,2402,2445,616,694,-162.06290445132097,59.91511416797655,-162.05589759210486,59.91897692369826
5019,1783,89755.8452218346,8.97558452218346,162,3.8365365760810106,37.91362871564778,6690,6720,5418,5518,-161.63153345188678,59.53108438401545,-161.62255029904557,59.53377932986781
2271,1781,89655.16564222515,8.965516564222515,167,3.957168209189821,36.22459292532285,1726,1777,3141,3217,-161.8360798420808,59.97512162895573,-161.82925264592149,59.97970303690474
721,1780,89604.82585242041,8.960482585242042,356,8.438009243891594,61.17977528089887,530,581,15807,15921,-160.69827370321502,60.08256013693642,-160.68803290897606,60.087141544885434
4812,1777,89453.80648300622,8.945380648300622,276,6.547347145421279,148.67529544175576,5569,5677,7016,7165,-161.48798266948447,59.62477866814912,-161.4745977717511,59.63448047321761
2636,1777,89453.80648300622,8.945380648300622,453,10.746189336506664,122.20371412492966,2041,2102,3941,4113,-161.76421461935124,59.94592638222185,-161.74876359646439,59.95140610545498
2534,1776,89403.4666932015,8.94034666932015,177,4.200024131204808,32.97522522522522,1954,1996,3777,3856,-161.77894699001078,59.95544852423351,-161.77185029926625,59.95922144842682
2135,1774,89302.78711359203,8.930278711359202,289,6.8615310823231415,118.24351747463359,1619,1737,5510,5621,-161.62326895127288,59.978714890092206,-161.61329765161915,59.98931501044482
2391,1759,88547.69026652108,8.854769026652107,118,2.8135140456057655,29.03695281409892,1834,1867,4564,4644,-161.70824957715058,59.967036791398655,-161.70106305487764,59.97000123183625
5253,1758,88497.35047671634,8.849735047671635,446,10.637153425237242,85.63367463026167,7515,7618,9260,9351,-161.28640071972805,59.45041567150152,-161.27822605064256,59.459668318927946
3325,1757,88447.01068691161,8.844701068691162,62,1.4791281715860565,23.685828116107,2595,2633,8425,8489,-161.36141004595203,59.8982258406351,-161.35566082813367,59.90163943871475
3383,1752,88195.31173788797,8.819531173788796,323,7.71676849346507,48.666666666666664,2648,2689,3073,3178,-161.8421883860128,59.89319527504403,-161.83275607552955,59.89687836770892
2716,1752,88195.31173788797,8.819531173788796,310,7.406186479796197,65.20776255707763,2104,2158,4679,4794,-161.6979189513832,59.94089581663078,-161.68758832561585,59.94574671916502
3920,1752,88195.31173788797,8.819531173788796,401,9.580260575478308,97.82876712328768,3601,3644,6725,6889,-161.51412364425235,59.80740616541062,-161.4993912735928,59.81126892113233
3732,1750,88094.6321582785,8.80946321582785,257,6.143475051978783,57.06057142857143,3108,3163,1665,1768,-161.96867117801685,59.85061513057676,-161.9594185305904,59.85555586463942
3969,1749,88044.29236847378,8.804429236847378,263,6.288699513143357,32.93310463121784,3783,3825,5343,5421,-161.6382708165177,59.79114665876806,-161.63126395730154,59.794919582961356
1731,1747,87943.61278886431,8.79436127888643,137,3.2777370836048907,36.929593589009734,1275,1319,7007,7090,-161.4887911532402,60.0162644689684,-161.481335136382,60.02021705621853
64,1747,87943.61278886431,8.79436127888643,90,2.1532579381345998,25.243274184315972,38,82,4499,4560,-161.71408862649736,60.12738606961399,-161.70860890326423,60.131338656864116
4187,1745,87842.93320925484,8.784293320925483,73,1.7475320297042933,27.234383954154726,4172,4203,6947,7025,-161.4941810449449,59.757190341028334,-161.48717418572878,59.7599751184091
3607,1745,87842.93320925484,8.784293320925483,257,6.15227029635621,50.20974212034384,2880,2921,585,692,-162.06568922870176,59.872354360452455,-162.05607725516165,59.87603745311735
4988,1743,87742.25362964539,8.77422536296454,67,1.604819190963767,26.76764199655766,6553,6589,4334,4406,-161.72891082868534,59.542852314237415,-161.72244295863968,59.54608624926025
4353,1743,87742.25362964539,8.77422536296454,304,7.281567672432615,246.8938611589214,4401,4501,6059,6287,-161.57395144217472,59.73042054556157,-161.55346985369678,59.73940369840277
3828,1731,87138.17615198862,8.713817615198861,137,3.2928506488641442,26.45638359329867,3315,3356,1424,1490,-161.99032057636413,59.833277645593256,-161.98439169548894,59.83696073825815
4969,1730,87087.8363621839,8.708783636218389,221,5.313359757019512,24.055491329479768,6451,6500,5385,5438,-161.63449789232436,59.55084732026608,-161.62973682131855,59.555249065158264
607,1729,87037.49657237915,8.703749657237916,157,3.7757406514144725,33.314054366685944,450,485,4206,4291,-161.74040926432207,60.09118396366397,-161.73277358440706,60.09432806715839
2920,1725,86836.13741316024,8.683613741316023,314,7.560231573786306,53.57449275362319,2260,2306,2036,2142,-161.935343680976,59.92760075042581,-161.92582153896433,59.931733000732756
1145,1722,86685.11804374604,8.668511804374605,479,11.543006490449523,113.45180023228804,817,879,10860,11019,-161.14267027426894,60.05579034146967,-161.12838706125143,60.0613598962312
702,1721,86634.77825394132,8.663477825394132,385,9.280476905736482,40.49738524113887,518,579,2796,2867,-161.86707171938292,60.08273979999325,-161.86069368086567,60.08821952322638
1389,1720,86584.43846413659,8.65844384641366,285,6.871960215928373,79.59302325581395,1004,1025,11473,11637,-161.08760354735242,60.04267493832152,-161.07287117669284,60.04456140041817
3642,1699,85527.30287823724,8.552730287823724,528,12.809649099984899,253.28781636256622,2928,3150,11749,11855,-161.0628100455107,59.85178294044612,-161.05328790349904,59.87172553975358
301,1691,85124.58455979939,8.512458455979939,115,2.7965722027433357,25.095209934949732,234,286,4930,4981,-161.67537123775182,60.10906043781795,-161.6707898298028,60.11373167729537
1181,1689,85023.90498018994,8.502390498018993,422,10.268278190823642,56.89757252812315,847,909,9570,9663,-161.25855294592034,60.053095395617305,-161.25019861377805,60.05866495037885
4753,1687,84923.22540058047,8.492322540058048,650,15.825440789144462,1086.7314759928868,5396,5572,5097,5598,-161.660369372507,59.634210978632375,-161.61536377677263,59.65002132763288
3495,1685,84822.54582097102,8.482254582097102,273,6.65062858188041,60.01424332344214,2747,2808,3299,3397,-161.8218864605917,59.88250532316301,-161.81308297080733,59.88798504639614
606,1683,84721.86624136155,8.472186624136155,408,9.945304968128976,224.00237670825905,449,542,11842,12056,-161.0544557133684,60.08606356654449,-161.03523176628823,60.09441789868681
3052,1677,84419.82750253317,8.441982750253317,239,5.8362161715407765,29.38819320214669,2376,2430,4261,4318,-161.7354685302594,59.916461640902725,-161.73034813313993,59.92131254343697
511,1677,84419.82750253317,8.441982750253317,409,9.987499640837564,28.33870005963029,387,446,14477,14527,-160.8177496360029,60.09468739327204,-160.8132580595823,60.09998745344834
2327,1676,84369.48771272844,8.436948771272844,395,9.648506382734123,250.53937947494035,1771,1878,8889,9106,-161.31972821676888,59.966048644586124,-161.3002347751035,59.975660618126206
429,1673,84218.46834331425,8.421846834331426,110,2.689333827834945,24.389719067543336,336,371,8940,9006,-161.3151468088199,60.10142475790293,-161.3092179279447,60.104568861397354
4899,1670,84067.44897390006,8.406744897390006,371,9.078532947510954,63.638323353293416,5961,6010,11904,12018,-161.04888615860685,59.594864769187936,-161.0386453643679,59.59926651408012
3145,1670,84067.44897390006,8.406744897390006,112,2.74068919170142,26.407185628742514,2451,2488,2592,2660,-161.88539735117897,59.911251412254835,-161.87928880724695,59.914575178806075
778,1667,83916.42960448586,8.391642960448586,406,9.9439340120132,211.65926814637072,569,635,9665,9896,-161.25001895072123,60.07770923440218,-161.22926786765805,60.08363811527737
1583,1662,83664.7306554622,8.36647306554622,231,5.666259630033365,49.21540312876053,1143,1219,3812,3879,-161.77580288651637,60.0252476218096,-161.76978417411277,60.03207481796891
4648,1662,83664.7306554622,8.36647306554622,251,6.156844879386903,47.848375451263536,5004,5073,3116,3188,-161.83832563029108,59.679036911309936,-161.83185776024544,59.685235286770364
2215,1661,83614.39086565748,8.361439086565747,315,7.729043250787684,104.18783865141481,1685,1776,8230,8347,-161.37892719399238,59.97521146048414,-161.36841690516817,59.98338612956963
3448,1660,83564.05107585275,8.356405107585275,78,1.9144347053278825,24.096385542168676,2708,2744,6447,6511,-161.5390968091509,59.88825454098137,-161.53334759133253,59.891488476004206
3246,1659,83513.71128604801,8.351371128604802,341,8.372037905191029,49.99638336347197,2523,2578,1260,1349,-162.00505294702367,59.90316657469776,-161.997057940995,59.908107308760414
4559,1659,83513.71128604801,8.351371128604802,220,5.401314777542599,61.72393007836046,4833,4903,3527,3617,-161.80140487211378,59.69430827113997,-161.7933200345567,59.70059647812881
4128,1657,83413.03170643856,8.341303170643856,428,10.514352061625083,108.49487024743513,4077,4117,5286,5458,-161.64339121363716,59.764915852471766,-161.6279401907503,59.76850911360824
1168,1653,83211.67254721964,8.321167254721964,284,6.985249344794601,132.50090744101632,837,891,6309,6489,-161.55149356007172,60.05471236312872,-161.5353238849576,60.059563265662966
3671,1653,83211.67254721964,8.321167254721964,373,9.174288752142205,99.71929824561404,2976,3046,2344,2477,-161.9076755702251,59.86112541940096,-161.89572797694632,59.8674136263898
3484,1648,82959.97359819598,8.295997359819598,255,6.281474148297369,46.89563106796116,2737,2785,5906,5997,-161.58769566602174,59.884571448316485,-161.57952099693625,59.88888336168026
631,1648,82959.97359819598,8.295997359819598,304,7.488502514048628,61.36165048543689,465,526,379,477,-162.0841945235546,60.08750087099909,-162.07539103377025,60.09298059423221
247,1646,82859.29401858652,8.28592940185865,117,2.8838385719159088,24.30133657351154,184,229,9243,9298,-161.28792785571108,60.114180834937436,-161.2829871216484,60.11822325371597
951,1645,82808.95422878179,8.28089542287818,531,13.092168010756833,141.23039513677813,694,765,4317,4487,-161.73043796466834,60.06603113570863,-161.71516660483832,60.072409174225875
2084,1644,82758.61443897706,8.275861443897707,71,1.7510858640178146,22.423357664233578,1579,1615,5167,5227,-161.6540811655182,59.989674336558465,-161.64869127381345,59.9929082715813
3226,1644,82758.61443897706,8.275861443897707,81,1.9977176758513098,26.316301703163017,2504,2543,6506,6571,-161.53379674897457,59.90631067819218,-161.5279576996278,59.909814107800244
2381,1643,82708.27464917232,8.270827464917232,343,8.46204515207834,51.18685331710286,1822,1866,1034,1135,-162.02535487244478,59.96712662292707,-162.01628188807518,59.971079210177194
2423,1641,82607.59506956287,8.260759506956287,326,8.047543067364392,45.08470444850701,1850,1896,2182,2272,-161.92222827782786,59.96443167707471,-161.91414344027078,59.96856392738166
372,1640,82557.25527975813,8.255725527975812,329,8.124075932442874,184.4512195121951,296,377,12165,12359,-161.02544012969133,60.10088576873246,-161.00801281317942,60.108162122533834
4223,1639,82506.9154899534,8.25069154899534,85,2.0995656019521154,24.405125076266017,4222,4257,5771,5836,-161.59982292235736,59.75233943849409,-161.5939838730106,59.75548354198851
2378,1634,82255.21654092976,8.225521654092976,335,8.287409157921164,175.8237454100367,1819,1896,6650,6841,-161.52086100888326,59.96443167707471,-161.50370318695659,59.97134870476243
4207,1631,82104.19717151557,8.210419717151556,61,1.510437830637436,24.036787247087677,4204,4235,4817,4885,-161.68552220046237,59.75431573211915,-161.67941365653036,59.75710050949992
2304,1631,82104.19717151557,8.210419717151556,205,5.0760615619782685,38.320049049662785,1750,1818,4150,4207,-161.74543982991312,59.97143853629084,-161.74031943279365,59.977547080222855
3235,1629,82003.5175919061,8.20035175919061,149,3.6916942596942595,37.149171270718234,2514,2553,6285,6369,-161.5536495167536,59.90541236290806,-161.546103668367,59.90891579251612
1818,1628,81953.17780210137,8.195317780210138,243,6.022531404723807,124.38574938574939,1346,1416,875,1030,-162.0396380854623,60.007550810712445,-162.02571419855843,60.01383901770128
2599,1628,81953.17780210137,8.195317780210138,319,7.906121473690924,55.28255528255528,2012,2081,6133,6214,-161.56730390907222,59.9478128443185,-161.56002755527086,59.95401121977892
1156,1628,81953.17780210137,8.195317780210138,311,7.70784883485228,40.255528255528255,831,882,2432,2509,-161.89977039572486,60.05552084688443,-161.89285336803715,60.06010225483344
2794,1624,81751.81864288246,8.175181864288245,120,2.9777500019127907,25.625615763546797,2165,2204,2437,2500,-161.89932123808282,59.936763566323826,-161.89366185179284,59.94026699593189
1364,1621,81600.79927346826,8.160079927346827,101,2.5085910377038085,21.803824799506476,982,1026,2972,3022,-161.85126137038242,60.042585106793105,-161.8467697939618,60.04653769404323
925,1613,81198.08095503041,8.119808095503041,278,6.921936521500868,39.370117792932426,675,716,3378,3463,-161.81478976984715,60.07043288060081,-161.80715408993214,60.074115973265705
3334,1612,81147.74116522569,8.114774116522568,178,4.433405784341789,77.73945409429281,2605,2673,588,697,-162.06541973411652,59.89463257949862,-162.05562809751962,59.900741123430635
97,1612,81147.74116522569,8.114774116522568,199,4.956448039797843,76.863523573201,65,134,4864,4971,-161.681300118627,60.122714830136566,-161.67168814508693,60.128913205596994
215,1611,81097.40137542094,8.109740137542094,171,4.2603800286860345,41.31843575418994,158,201,7488,7574,-161.44558218807404,60.116696117732964,-161.43785667663062,60.120558873454684
2103,1611,81097.40137542094,8.109740137542094,340,8.470931051188607,101.31346989447547,1595,1660,7539,7676,-161.44100078012502,59.985631917779926,-161.42869386073258,59.99147096712671
2098,1610,81047.06158561622,8.104706158561623,403,10.04366244352642,198.97888198757764,1590,1652,3923,4144,-161.76583158686265,59.986350570007225,-161.7459788190836,59.99192012476877
3041,1604,80745.02284678783,8.074502284678783,298,7.440704924639943,46.80548628428928,2367,2398,3566,3672,-161.79790144250572,59.919336249811906,-161.78837930049406,59.92212102719268
4919,1594,80241.62494874053,8.024162494874053,301,7.539149182033646,84.03764115432874,6087,6158,11928,12040,-161.04673020192496,59.58156970298297,-161.03666907074285,59.587947741500216
1017,1593,80191.2851589358,8.01912851589358,363,9.09491693883423,61.10734463276836,740,794,8142,8244,-161.38683236849263,60.06342602138468,-161.3776695525946,60.06827692391892
3352,1589,79989.92599971688,7.998992599971689,153,3.8382166249001846,28.820641913152926,2622,2672,2825,2882,-161.86446660505896,59.89472241102703,-161.8593462079395,59.89921398744763
4032,1586,79838.90663030269,7.9838906630302695,142,3.5656339227579603,30.51702395964691,3910,3941,5547,5626,-161.61994518472164,59.78072620147227,-161.61284849397708,59.78351097885304
4492,1576,79335.50873225537,7.9335508732255375,260,6.549305384178419,67.43401015228426,4665,4718,3164,3274,-161.83401371692733,59.71092710389618,-161.82413224880202,59.71568817490201
916,1573,79184.4893628412,7.918448936284119,233,5.874779350930836,42.97520661157025,666,713,10604,10687,-161.1656671455424,60.070702375186045,-161.1582111286842,60.07492445702141
3697,1568,78932.79041381754,7.893279041381754,309,7.803428406665828,43.7780612244898,3040,3070,14161,14262,-160.8461363989811,59.858969462719074,-160.83706341461146,59.861664408571436
811,1568,78932.79041381754,7.893279041381754,268,6.768022048499812,43.11224489795919,594,650,9929,10003,-161.22630342722047,60.076361761476,-161.21965589411798,60.08139232706707
1605,1568,78932.79041381754,7.893279041381754,297,7.500382643300165,156.89795918367346,1165,1255,4242,4400,-161.73717532929925,60.02201368678677,-161.72298194781015,60.03009852434385
2706,1565,78781.77104440334,7.878177104440335,305,7.70979212227477,63.00063897763578,2095,2154,2643,2741,-161.88081594322995,59.941255142744424,-161.87201245344556,59.94655520292073
3921,1564,78731.43125459862,7.873143125459862,305,7.7122564957186475,49.41432225063939,3605,3659,1748,1833,-161.96121516115863,59.806058692484434,-161.95357948124362,59.810909595018686
2796,1561,78580.41188518443,7.858041188518443,326,8.251181655906626,83.02370275464446,2166,2208,4950,5088,-161.67357460718358,59.93640424021018,-161.66117785626273,59.94017716440348
3344,1561,78580.41188518443,7.858041188518443,114,2.8853825422495563,26.139654067905187,2613,2647,6516,6583,-161.53289843369046,59.896968199237335,-161.52687972128686,59.900022471203336
3858,1560,78530.0720953797,7.85300720953797,173,4.380097762636859,30.464102564102564,3413,3459,1809,1872,-161.9557354379255,59.82402499816683,-161.95007605163556,59.82815724847378
760,1558,78429.39251577023,7.8429392515770235,358,9.069833195692706,53.23748395378691,554,596,7654,7756,-161.43067015435764,60.081212664010245,-161.42150733845963,60.08498558820355
4553,1556,78328.71293616077,7.832871293616076,193,4.89274422133675,31.105398457583547,4816,4858,4584,4652,-161.70645294658235,59.698350689918506,-161.70034440265033,59.702123614111805
3692,1556,78328.71293616077,7.832871293616076,288,7.30108982251287,188.79434447300773,3019,3064,951,1177,-162.03281088930297,59.859508451889546,-162.01250896388186,59.863550870668085
2675,1553,78177.69356674657,7.817769356674657,243,6.16624172613373,85.31616226658082,2071,2122,1430,1561,-161.98978158719365,59.944129751653605,-161.97801365697168,59.94871115960262
1899,1553,78177.69356674657,7.817769356674657,158,4.009325896004648,38.33612363168062,1421,1483,4507,4567,-161.71336997427008,60.00153209830884,-161.70798008256534,60.007101653070386
3628,1552,78127.35377694185,7.812735377694184,102,2.5891327210907287,32.329896907216494,2907,2943,2936,3012,-161.85449530540524,59.87037806682739,-161.84766810924594,59.873612001850226
1410,1551,78077.01398713712,7.8077013987137125,322,8.176171129516312,79.88652482269504,1019,1057,10706,10844,-161.15650432964438,60.03980032941234,-161.14410757872352,60.04321392749199
4719,1542,77623.95587889454,7.762395587889454,274,6.977637059667562,58.36575875486381,5205,5239,2667,2783,-161.87865998654806,59.66412487759355,-161.86823952925226,59.66717914955956
1336,1542,77623.95587889454,7.762395587889454,304,7.741611920215106,80.35278858625162,962,1035,3644,3747,-161.79089458328957,60.0417766230374,-161.78164193586315,60.048334324611474
4178,1541,77573.61608908982,7.757361608908981,208,5.298610741971744,34.32835820895522,4162,4195,3144,3226,-161.83581034749557,59.75790899325563,-161.82844416216577,59.76087343369323
4456,1540,77523.27629928508,7.752327629928508,67,1.7073180913160457,24.945454545454545,4574,4609,2497,2560,-161.89393134637808,59.72071874049308,-161.88827196008813,59.7238628439875
1291,1539,77472.93650948035,7.747293650948035,257,6.551093733859374,65.70760233918129,937,972,1513,1637,-161.98232557033546,60.04743600932735,-161.97118646081236,60.05058011282177
3903,1538,77422.59671967562,7.742259671967562,80,2.0399138154619068,22.01300390117035,3540,3580,2306,2358,-161.91108916830478,59.81315538322898,-161.90641792882735,59.81674864436546
2770,1537,77372.25692987088,7.737225692987089,180,4.591298947435626,39.372804163955756,2144,2181,1373,1459,-161.99490198431312,59.9388296914773,-161.9871764728697,59.94215345802854
273,1536,77321.91714006616,7.732191714006616,355,9.05800894466696,70.8984375,207,259,6190,6303,-161.56218351195275,60.111485889085074,-161.5520325492422,60.1161571285625
4396,1534,77221.23756045669,7.7221237560456695,124,3.1659861113666246,32.70925684485007,4465,4493,5638,5722,-161.61177051563615,59.73113919778887,-161.60422466724955,59.733654480584406
447,1532,77120.55798084724,7.712055798084724,185,4.726529205345264,37.59791122715405,344,400,9440,9504,-161.27023104461392,60.09881964357899,-161.26448182679553,60.103850209170055
3056,1532,77120.55798084724,7.712055798084724,303,7.74128837416008,97.25587467362924,2382,2435,2039,2179,-161.93507418639078,59.916012483260666,-161.9224977724131,59.920773554266496
3099,1529,76969.53861143305,7.696953861143305,125,3.196732308047278,31.654676258992804,2418,2458,5536,5606,-161.62093333153416,59.91394635810719,-161.61464512454532,59.91753961924367
2799,1528,76919.19882162832,7.691919882162832,617,15.784233136481678,318.85078534031413,2168,2250,9660,9927,-161.25046810836326,59.93263131601688,-161.2264830902773,59.93999750134666
4909,1525,76768.17945221413,7.676817945221413,649,16.6191870152899,1031.1580327868853,6032,6137,12731,13253,-160.97459548461018,59.58345616507962,-160.92770342677915,59.59288847556287
4968,1524,76717.83966240939,7.671783966240938,281,7.1980330500787675,32.338582677165356,6447,6484,4344,4418,-161.7280125134012,59.55228462472067,-161.72136498029874,59.55560839127192
1178,1520,76516.48050319047,7.6516480503190465,307,7.874383852253558,66.52894736842106,844,881,9914,10036,-161.22765090014664,60.05561067841284,-161.2166914536804,60.05893444496408
2350,1515,76264.78155416681,7.626478155416681,274,7.039539438880299,90.36303630363037,1787,1830,7752,7894,-161.4218666645733,59.970360557949896,-161.40911058753878,59.97422331367161
1737,1515,76264.78155416681,7.626478155416681,338,8.683811424604166,178.4818481848185,1278,1379,4916,5075,-161.67662887914958,60.010874577263685,-161.66234566613207,60.019947561633295
1198,1513,76164.10197455736,7.616410197455735,323,8.303918122174332,69.38268341044282,864,907,2014,2133,-161.93731997460105,60.05327505867413,-161.92663002272005,60.057137814395844
968,1512,76113.76218475262,7.611376218475262,167,4.294776573944891,46.7962962962963,704,741,5772,5868,-161.59973309082895,60.06818709239052,-161.5911092641014,60.07151085894176
2289,1511,76063.42239494789,7.606342239494789,160,4.11611737404671,27.542025148908007,1739,1785,3263,3319,-161.82512039561453,59.974402976728435,-161.82008983002348,59.97853522703539
4344,1510,76013.08260514316,7.601308260514316,244,6.27915715439074,58.81059602649007,4385,4435,5385,5484,-161.63449789232436,59.73634942643676,-161.6256045710116,59.74084100285736
627,1509,75962.74281533844,7.5962742815338435,223,5.740639079788963,48.31013916500994,463,548,6656,6706,-161.52032201971278,60.08552457737402,-161.51583044329217,60.093160257289036
5115,1502,75610.36428670531,7.561036428670532,149,3.844601243523754,42.953395472703065,6988,7023,5134,5226,-161.65704560595577,59.50386543090663,-161.64878110534187,59.50700953440105
3811,1501,75560.02449690059,7.556002449690059,312,8.05312143354681,56.02931379080613,3268,3328,3312,3397,-161.82071865072234,59.83579292838879,-161.81308297080733,59.84118282009351
47,1500,75509.68470709586,7.550968470709586,244,6.300052909830732,60.0,17,50,9121,9238,-161.29888730217732,60.13026067852317,-161.2883770133531,60.133225118960766
4125,1499,75459.34491729112,7.5459344917291125,65,1.6788524941552847,24.5923949299533,4074,4106,6060,6124,-161.5738616106463,59.7659039992843,-161.56811239282794,59.76877860819348
4304,1499,75459.34491729112,7.5459344917291125,384,9.91814396547122,49.3555703802535,4332,4390,14341,14419,-160.82996672386693,59.7403918452153,-160.8229598646508,59.745602073863196
4901,1499,75459.34491729112,7.5459344917291125,69,1.78216649379561,24.082721814543028,5973,6001,3546,3613,-161.79969807307396,59.59567325294365,-161.79367936067035,59.59818853573918
1107,1497,75358.66533768167,7.535866533768167,311,8.038027521696213,72.74549098196393,801,851,9728,9843,-161.24435956443128,60.0583056242652,-161.2340289386639,60.06279720068579
2373,1496,75308.32554787694,7.530832554787694,294,7.601189042926782,79.10160427807487,1818,1885,425,530,-162.08006227324765,59.96541982388724,-162.0706299627644,59.97143853629084
2564,1491,75056.62659885328,7.505662659885329,354,9.167785432612972,57.18578135479544,1971,2015,1296,1398,-162.00181901200085,59.95374172519369,-161.9926561961028,59.95769431244381
3517,1488,74905.60722943909,7.490560722943909,92,2.3849888978799783,31.35483870967742,2769,2799,5662,5740,-161.60961455895426,59.883313806918714,-161.60260769973814,59.886008752771076
4174,1486,74804.92764982962,7.480492764982962,305,7.912075715418435,40.06460296096905,4158,4204,14151,14227,-160.8470347142652,59.75710050949992,-160.8402075181059,59.76123275980687
3557,1484,74704.24807022017,7.470424807022018,260,6.749263711465145,63.924528301886795,2808,2838,894,1018,-162.03793128642246,59.87981037731065,-162.02679217689936,59.88250532316301
3249,1477,74351.86954158706,7.435186954158706,338,8.794809819220806,43.68043331076507,2524,2566,13505,13590,-160.90506588161932,59.9042445530387,-160.8974302017043,59.908017477232
2250,1475,74251.1899619776,7.425118996197759,316,8.22793917398807,138.51118644067796,1714,1775,6384,6549,-161.54475619544084,59.97530129201255,-161.52993399325285,59.98078101524568
4160,1475,74251.1899619776,7.425118996197759,80,2.0830225756931817,23.45491525423729,4134,4167,3437,3497,-161.80948970967086,59.76042427605117,-161.80409981796615,59.76338871648876
1189,1468,73898.81143334448,7.389881143334448,195,5.089458571975835,83.44686648501363,855,909,6623,6744,-161.5232864601504,60.053095395617305,-161.51241684521253,60.05794629815155
2624,1464,73697.45227412556,7.369745227412556,271,7.082698460780241,47.60655737704918,2032,2067,1356,1453,-161.99642912029614,59.94907048571626,-161.98771546204017,59.95221458921068
3582,1463,73647.11248432082,7.364711248432083,291,7.60800564071283,64.00273410799727,2841,2876,3716,3834,-161.78442671324393,59.876396779230994,-161.7738265928913,59.879540882725415
1037,1462,73596.7726945161,7.35967726945161,342,8.9444248545176,66.5827633378933,754,822,4304,4392,-161.73160577453768,60.06091073858914,-161.72370060003743,60.06701928252116
1745,1459,73445.7533251019,7.344575332510191,233,6.099978089602107,49.96572995202193,1285,1354,7576,7642,-161.4376770135738,60.01312036547399,-161.4317481326986,60.01931874093441
1171,1457,73345.07374549244,7.3345073745492435,197,5.161030793063124,46.39670555936856,838,877,8331,8422,-161.36985420962276,60.055970004526486,-161.36167954053727,60.05947343413455
1234,1456,73294.73395568771,7.329473395568772,331,8.674557023873874,170.33241758241758,891,953,7179,7366,-161.47334013035334,60.04914280836718,-161.4565416345403,60.05471236312872
904,1455,73244.39416588299,7.324439416588299,56,1.4681030142606135,26.40274914089347,660,691,6786,6853,-161.50864392101923,60.07267866881111,-161.50262520861563,60.07546344619188
1294,1450,72992.69521685933,7.2992695216859325,66,1.7332449137483377,25.423448275862068,938,970,7752,7816,-161.4218666645733,60.047615672384175,-161.41611744675492,60.05049028129336
114,1449,72942.3554270546,7.29423554270546,137,3.5990375218252266,37.145617667356795,77,110,4143,4226,-161.74606865061202,60.124870786818455,-161.73861263375383,60.12783522725605
3392,1449,72942.3554270546,7.29423554270546,93,2.443142259341212,25.440993788819874,2653,2688,5470,5531,-161.62686221240935,59.89328510657244,-161.62138248917623,59.89642921006686
3961,1447,72841.67584744513,7.284167584744513,80,2.103079651871208,26.548721492743606,3763,3798,7988,8051,-161.40066642386807,59.79357211003518,-161.3950070375781,59.79671621352959
213,1447,72841.67584744513,7.284167584744513,146,3.838120364664954,41.8217000691085,157,199,5931,6012,-161.58544987781144,60.11687578078979,-161.57817352401008,60.1206487049831
1724,1447,72841.67584744513,7.284167584744513,280,7.360778781549227,295.58811333794057,1270,1401,8330,8526,-161.36994404115117,60.00889828363862,-161.35233706158243,60.02066621386059
3288,1444,72690.65647803094,7.269065647803094,101,2.6578947368421053,29.38781163434903,2564,2600,5567,5634,-161.6181485541534,59.901190281072694,-161.6121298417498,59.90442421609553
537,1441,72539.63710861675,7.253963710861675,252,6.638478459150286,108.82442748091603,403,439,7907,8069,-161.40794277766943,60.095316213970925,-161.3933900700667,60.09855014899375
4061,1441,72539.63710861675,7.253963710861675,253,6.664821627638978,118.94240111034004,3968,4055,10322,10442,-161.19099963655458,59.7704854072333,-161.18021985314513,59.77830075020514
3533,1439,72438.9575290073,7.2438957529007295,320,8.435669987887437,162.79082696316885,2785,2826,3657,3858,-161.78972677342023,59.88088835565159,-161.77167063620942,59.884571448316485
2915,1439,72438.9575290073,7.2438957529007295,129,3.4006294638671224,32.42251563585823,2258,2293,5063,5136,-161.66342364447303,59.92876856029516,-161.65686594289895,59.93191266378958
4220,1434,72187.25857998364,7.218725857998364,157,4.145959704205794,39.500697350069736,4215,4257,5309,5386,-161.64132508848368,59.75233943849409,-161.63440806079595,59.75611236268739
4076,1434,72187.25857998364,7.218725857998364,162,4.277996637460755,27.338912133891213,3996,4036,1917,1976,-161.94603363285702,59.77219220627313,-161.94073357268073,59.77578546740961
1830,1430,71985.89942076472,7.198589942076472,274,7.2457366292668475,129.3006993006993,1357,1446,3594,3720,-161.79538615971018,60.00485586486009,-161.78406738713028,60.01285087088875
2494,1429,71935.55963096,7.193555963095999,305,8.068331339801146,43.039888033589925,1913,1963,11307,11381,-161.1025155810688,59.958412964671105,-161.09586804796632,59.9629045410917
51,1429,71935.55963096,7.193555963095999,225,5.95204770968937,51.77326801959412,20,73,4426,4509,-161.72064632807144,60.128194553369696,-161.71319031121325,60.13295562437553
2974,1428,71885.21984115525,7.188521984115526,118,3.1226111317472824,28.011204481792717,2307,2345,2478,2540,-161.8956381454179,59.924097320817744,-161.89006859065637,59.9275109188974
162,1425,71734.20047174106,7.173420047174106,306,8.106138025238069,77.3501754385965,129,173,7592,7714,-161.4362397091192,60.1192114005285,-161.42528026265293,60.123163987778625
2010,1425,71734.20047174106,7.173420047174106,122,3.2318589512387073,32.13754385964912,1511,1546,2651,2723,-161.88009729100264,59.995872712018894,-161.873629420957,59.99901681551331
2875,1419,71432.16173291267,7.143216173291267,280,7.433046224826585,49.116279069767444,2230,2271,16385,16476,-160.6463510797929,59.930744853920224,-160.63817641070742,59.93442794658512
3727,1417,71331.48215330322,7.133148215330322,233,6.189719890415611,90.44742413549753,3099,3167,913,1024,-162.0362244873826,59.85025580446312,-162.02625318772888,59.85636434839513
1658,1414,71180.46278388903,7.118046278388903,128,3.403966402618508,40.735502121640735,1213,1260,8364,8437,-161.36688976918518,60.02156452914471,-161.3603320676111,60.02578661098007
3651,1414,71180.46278388903,7.118046278388903,164,4.361331953354963,76.08486562942008,2941,3000,1160,1265,-162.01403609986488,59.865257669707916,-162.0046037893816,59.87055772988422
212,1413,71130.1229940843,7.113012299408431,113,3.0061272648280433,24.484076433121018,156,193,9356,9412,-161.27777689300052,60.11741476996026,-161.27274632740944,60.1207385365115
4853,1412,71079.78320427956,7.107978320427956,614,16.33996126915913,198.93767705382436,5722,5912,12012,12087,-161.03918435353836,59.603668258972306,-161.03244698890748,59.62073624937058
4430,1409,70928.76383486537,7.092876383486537,110,2.9304693849589505,25.08445706174592,4534,4566,3345,3407,-161.81775421028476,59.724581496214796,-161.81218465552323,59.72745610512398
3644,1406,70777.74446545118,7.077774446545118,128,3.4136367812010557,34.42389758179232,2932,2974,2392,2460,-161.90336365686136,59.867593289446624,-161.89725511292934,59.871366213639924
1428,1405,70727.40467564645,7.072740467564645,348,9.284127196112422,289.71103202846973,1030,1196,8935,9088,-161.31559596646196,60.027313746963074,-161.30185174261493,60.04222578067946
3184,1402,70576.38530623226,7.057638530623226,200,5.341410906376335,33.89728958630528,2475,2524,3311,3371,-161.82080848225075,59.908017477232,-161.81541859054605,59.912419222124186
3127,1398,70375.02614701334,7.037502614701334,187,5.001358899745443,36.535050071530755,2435,2490,3757,3815,-161.78074362057905,59.91107174919801,-161.77553339193113,59.916012483260666
3612,1398,70375.02614701334,7.037502614701334,248,6.632818219983261,62.67238912732475,2886,2935,1844,1943,-161.9525913344311,59.87109671905469,-161.9436980131183,59.875498463946876
2115,1397,70324.68635720861,7.0324686357208614,91,2.434687293892339,32.17179670722978,1604,1645,2960,3025,-161.85233934872335,59.98697939070611,-161.84650029937657,59.990662483371
3457,1394,70173.66698779442,7.017366698779442,154,4.124671196842967,23.76183644189383,2715,2753,5673,5726,-161.60862641214175,59.88744605722567,-161.6038653411359,59.89085965530532
1310,1393,70123.32719798968,7.012332719798968,179,4.795981208280478,96.16367552045944,945,1011,8193,8310,-161.38225096054362,60.04393257971929,-161.3717406717194,60.04986146059448
4039,1392,70072.98740818496,7.007298740818496,252,6.754308969478107,34.14080459770115,3927,3968,12144,12212,-161.02732659178798,59.77830075020514,-161.02121804785597,59.781983842870034
828,1390,69972.30782857549,6.997230782857549,57,1.5288590752395874,21.781294964028778,601,629,9458,9517,-161.26861407710248,60.07824822357265,-161.2633140169262,60.080763506368186
4683,1389,69921.96803877076,6.992196803877076,275,7.378729182484754,89.20374370050396,5048,5105,3277,3396,-161.82386275421678,59.676162302400755,-161.81317280233574,59.68128269952024
1813,1387,69821.2884591613,6.9821288459161295,131,3.5174915686939086,28.26532083633742,1342,1392,9382,9431,-161.2754412732618,60.009706767394334,-161.2710395283696,60.01419834381493
2040,1385,69720.60887955184,6.972060887955185,303,8.141749605741955,152.77978339350182,1539,1634,4271,4406,-161.7345702149753,59.98796753751864,-161.72244295863968,59.99650153271777
410,1384,69670.2690897471,6.96702690897471,126,3.3869009825939633,37.5606936416185,321,355,5047,5127,-161.6648609489276,60.102862062357524,-161.65767442665467,60.10591633432353
483,1381,69519.24972033293,6.951924972033293,153,4.117130107078195,28.3881245474294,369,417,8173,8224,-161.38404759111185,60.09729250759599,-161.37946618316283,60.10160442095976
931,1380,69468.90993052819,6.946890993052818,128,3.4456441731722594,31.35072463768116,680,720,412,476,-162.08123008311702,60.070073554487166,-162.07548086529866,60.07366681562364
2498,1379,69418.57014072346,6.941857014072346,142,3.8238972257042114,38.36113125453227,1915,1980,4866,4916,-161.68112045557018,59.95688582868811,-161.67662887914958,59.962724878034884
4755,1377,69317.89056111399,6.931789056111399,259,6.979636320490027,221.281045751634,5398,5560,6810,6924,-161.50648796433734,59.63528895697332,-161.49624717009837,59.64984166457605
4889,1375,69217.21098150454,6.921721098150454,253,6.82290260812801,88.07563636363636,5898,5943,11001,11130,-161.13000402876284,59.60088348159154,-161.1184157615977,59.60492590037008
4891,1375,69217.21098150454,6.921721098150454,68,1.8338236259000185,24.09018181818182,5917,5947,3310,3371,-161.82089831377917,59.60052415547789,-161.81541859054605,59.60321910133025
3199,1370,68965.51203248088,6.896551203248088,239,6.457101562151675,65.69343065693431,2484,2554,7487,7567,-161.44567201960245,59.905322531379646,-161.43848549732948,59.91161073836848
4729,1368,68864.83245287143,6.886483245287143,489,13.221045822157148,493.92105263157896,5258,5343,3921,4247,-161.76601124991947,59.65478239863871,-161.73672617165718,59.66241807855373
1912,1367,68814.49266306669,6.881449266306669,161,4.354533327170622,43.55230431602048,1432,1493,8862,8923,-161.322153668036,60.000633783024725,-161.3166739448029,60.006113506257854
552,1365,68713.81308345724,6.871381308345724,156,4.222389303293981,35.45787545787546,413,449,9095,9169,-161.30122292191604,60.09441789868681,-161.29457538881354,60.097651833709634
5378,1365,68713.81308345724,6.871381308345724,244,6.604249935921354,93.89304029304029,7929,7972,3828,3964,-161.7743655820618,59.418615310443684,-161.76214849419776,59.422478066165404
2106,1363,68613.13350384777,6.861313350384777,361,9.778208061706351,109.31474688187821,1598,1674,6569,6686,-161.52813736268462,59.98437427638216,-161.5176270738604,59.99120147254147
4357,1363,68613.13350384777,6.861313350384777,72,1.9502243225563913,24.302274394717536,4405,4434,12394,12456,-161.004868709685,59.73643925796517,-160.99929915492345,59.73904437228912
3262,1363,68613.13350384777,6.861313350384777,106,2.8711635859857982,23.771093176815846,2536,2569,6080,6137,-161.57206498007807,59.90397505845346,-161.5669445829586,59.906939498891056
1289,1361,68512.4539242383,6.85124539242383,291,7.887945955911455,201.74577516531963,934,999,4889,5086,-161.6790543304167,60.04501055806023,-161.66135751931955,60.05084960740701
4362,1360,68462.11413443358,6.846211413443358,217,5.884238668331049,116.4735294117647,4409,4444,2549,2713,-161.88926010690068,59.735540942681055,-161.8745277362411,59.738685046175476
2567,1357,68311.09476501938,6.831109476501939,400,10.858505795958061,197.73323507737658,1975,2036,253,451,-162.0955132961345,59.95185526309704,-162.07772665350893,59.95733498633017
4879,1356,68260.75497521466,6.826075497521466,148,4.019128304792407,39.0117994100295,5858,5904,4526,4595,-161.71166317523023,59.604386911199605,-161.70546479976983,59.60851916150656
139,1355,68210.41518540992,6.821041518540992,209,5.677754870457485,70.01033210332103,106,208,1616,1668,-161.973072922909,60.116067297034085,-161.9684016834316,60.1252301129321
1633,1353,68109.73560580047,6.810973560580047,238,6.470354249141739,66.51884700665188,1188,1249,1300,1389,-162.0014596858872,60.02255267595724,-161.99346467985853,60.02803239919037
3154,1353,68109.73560580047,6.810973560580047,223,6.062558813271461,43.28455284552845,2455,2505,16255,16326,-160.65802917848646,59.90972427627183,-160.6516511399692,59.91421585269243
996,1353,68109.73560580047,6.810973560580047,249,6.769404235446609,32.59423503325942,726,775,1455,1511,-161.98753579898334,60.06513282042451,-161.9825052333923,60.069534565316694
2436,1353,68109.73560580047,6.810973560580047,221,6.008186088488757,73.80339985218033,1863,1916,199,304,-162.10036419866876,59.96263504650647,-162.0909318881855,59.9673961175123
371,1350,67958.71623638627,6.795871623638627,207,5.633826408401309,82.63407407407408,295,325,11088,11225,-161.122188685791,60.105557008209885,-161.1098817663986,60.10825195406225
3505,1348,67858.0366567768,6.785803665677681,259,7.05431450360182,41.317507418397625,2759,2815,2667,2729,-161.87865998654806,59.881876502464124,-161.87309043178652,59.886907068055194
3133,1348,67858.0366567768,6.785803665677681,405,11.030877891732576,254.74480712166172,2445,2583,13360,13515,-160.91809145323904,59.9027174170557,-160.9041675663352,59.91511416797655
5286,1347,67807.69686697208,6.780769686697208,164,4.468482384223343,42.051967334818116,7608,7637,15692,15782,-160.70860432898237,59.448708872461694,-160.7005194914253,59.451313986785635
662,1346,67757.35707716735,6.775735707716735,237,6.459900311588502,51.78008915304606,489,552,3396,3465,-161.81317280233574,60.08516525126037,-161.8069744268753,60.09082463755033
2554,1345,67707.01728736261,6.770701728736261,188,5.126213701602591,45.72788104089219,1964,2000,4308,4396,-161.73124644842406,59.955089198119865,-161.7233412739238,59.9583231331427
509,1344,67656.67749755789,6.765667749755789,309,8.428666010365205,58.333333333333336,387,437,7507,7597,-161.44387538903422,60.095495877027744,-161.43579055147714,60.09998745344834
3405,1338,67354.6387587295,6.73546387587295,95,2.5971411211155884,27.55156950672646,2667,2704,6274,6333,-161.55463766356615,59.89184780211785,-161.54933760338983,59.89517156866909
3825,1337,67304.29896892478,6.730429896892478,209,5.715846832379183,71.8773373223635,3311,3354,3345,3457,-161.81775421028476,59.83345730865008,-161.80769307910262,59.837320064371795
4911,1333,67102.93980970586,6.710293980970586,73,1.999437280176435,31.21980495123781,6041,6077,3975,4041,-161.7611603473852,59.588846056784334,-161.75523146651003,59.59207999180717
1702,1331,67002.26023009639,6.700226023009639,419,11.48484121618936,113.10593538692713,1246,1314,10208,10334,-161.20124043079352,60.01671362661047,-161.18992165821362,60.022822170542476
808,1331,67002.26023009639,6.700226023009639,387,10.60771730469041,156.22539444027046,593,642,8598,8777,-161.34586919153676,60.0770804137033,-161.32978934795102,60.081482158595485
5122,1330,66951.92044029167,6.695192044029167,270,7.403514710945603,97.44360902255639,7006,7031,7799,7954,-161.41764458273792,59.50314677867934,-161.40372069583407,59.50539256688963
3684,1330,66951.92044029167,6.695192044029167,141,3.866279904604926,59.79248120300752,2997,3045,2226,2319,-161.91827569057773,59.86121525092938,-161.9099213584354,59.86552716429315
2477,1329,66901.58065048693,6.690158065048693,305,8.366375426238143,96.43641835966892,1902,1949,12412,12544,-161.00325174217357,59.959670606068876,-160.9913939804232,59.963892687904234
1762,1327,66800.90107087747,6.680090107087747,269,7.384427289259078,105.40768651092691,1300,1338,3784,3933,-161.77831816931192,60.01455766992858,-161.76493327157854,60.01797126800823
226,1324,66649.88170146328,6.664988170146328,258,7.090481258088134,85.26888217522658,171,201,9477,9615,-161.26690727806266,60.116696117732964,-161.2545105271418,60.119391063585326
4865,1322,66549.20212185381,6.654920212185381,272,7.480888408250852,121.02874432677761,5788,5836,3881,4033,-161.76960451105595,59.61049545513162,-161.75595011873733,59.61480736849539
3214,1319,66398.18275243962,6.639818275243962,103,2.8360561624344083,27.94844579226687,2495,2526,6098,6163,-161.57044801256666,59.90783781417518,-161.56460896321988,59.91062259155595
902,1319,66398.18275243962,6.639818275243962,293,8.067616073721181,40.80667172100076,660,711,243,308,-162.09641161141863,60.07088203824287,-162.09057256207186,60.07546344619188
1262,1319,66398.18275243962,6.639818275243962,118,3.2490740501675743,29.72251705837756,909,967,5526,5567,-161.6218316468183,60.047885166969415,-161.6181485541534,60.053095395617305
5311,1317,66297.50317283017,6.629750317283017,297,8.183961202053675,65.63097949886105,7708,7753,14764,14866,-160.79196798734867,59.43828841516591,-160.78280517145066,59.442330833944446
1753,1314,66146.48380341598,6.614648380341598,187,5.158743372288093,107.59208523592085,1294,1350,8069,8201,-161.3933900700667,60.013479691587634,-161.3815323083163,60.018510257178704
5123,1314,66146.48380341598,6.614648380341598,199,5.489785727729041,40.25875190258752,7009,7047,4966,5043,-161.67213730272897,59.50170947422475,-161.66522027504126,59.5051230723044
2269,1313,66096.14401361124,6.6096144013611235,145,4.001618103791392,31.076923076923077,1725,1761,2864,2929,-161.8609631754509,59.976558933410324,-161.85512412610413,59.97979286843315
1829,1310,65945.12464419704,6.594512464419704,172,4.752179090361624,41.08702290076336,1356,1383,14007,14096,-160.85997045435653,60.01051525115004,-160.85197544832786,60.01294070241716
4671,1309,65894.78485439232,6.589478485439232,356,9.839661872245522,41.83040488922842,5030,5063,11510,11594,-161.08427978080115,59.679935226594054,-161.07673393241456,59.68289966703165
3008,1308,65844.44506458759,6.584444506458759,299,8.2673688909595,71.58715596330275,2338,2379,2097,2209,-161.92986395774287,59.921043048851736,-161.91980282656073,59.92472614151663
1942,1306,65743.76548497812,6.5743765484978125,44,1.217533972407468,23.182235834609493,1450,1482,3344,3399,-161.81784404181317,60.001621929837256,-161.8129033077505,60.00449653874644
2573,1306,65743.76548497812,6.5743765484978125,334,9.242189699638509,362.43797856049,1981,2071,4431,4685,-161.72019717042937,59.94871115960262,-161.69737996221275,59.956795997159695
2845,1305,65693.4256951734,6.56934256951734,314,8.692093558024784,93.86973180076629,2201,2255,5145,5266,-161.65605745914326,59.932182158374815,-161.6451878442054,59.937033060909066
218,1304,65643.08590536867,6.564308590536867,338,9.360044308006922,238.77607361963192,162,214,12527,12754,-160.99292111640622,60.11552830786361,-160.9725293594567,60.12019954734103
1916,1303,65592.74611556393,6.559274611556393,270,7.479827052802167,99.46277820414429,1433,1452,11527,11688,-161.08275264481816,60.00431687568962,-161.06828976874385,60.00602367472944
1852,1302,65542.4063257592,6.554240632575921,127,3.519639871257952,28.906298003072198,1378,1422,7648,7701,-161.43120914352812,60.00701182154197,-161.4264480725223,60.0109644087921
67,1301,65492.06653595447,6.549206653595447,138,3.825960113709851,37.2021521906226,40,101,4556,4605,-161.7089682293779,60.12567927057416,-161.7045664844857,60.13115899380729
1615,1298,65341.04716654028,6.534104716654028,275,7.633001497733822,82.884437596302,1173,1209,1373,1501,-161.99490198431312,60.02614593709372,-161.9834035486764,60.02937987211655
272,1296,65240.36758693082,6.524036758693082,172,4.777777777777778,29.040123456790123,206,249,9784,9838,-161.2393289988402,60.11238420436919,-161.23447809630596,60.116246960090905
2022,1295,65190.02779712609,6.519002779712609,97,2.695484569727133,27.292664092664094,1522,1559,7867,7924,-161.4115360388059,59.994704902149536,-161.40641564168644,59.998028668700776
5239,1294,65139.68800732136,6.513968800732136,139,3.864093816160878,34.732612055641425,7475,7505,3844,3920,-161.77292827760718,59.46056663421207,-161.76610108144789,59.463261580064426
2417,1292,65039.0084277119,6.50390084277119,242,6.732620097303353,59.81733746130031,1847,1874,3317,3429,-161.8202694930803,59.96640797069977,-161.81020836189816,59.96883342196689
260,1290,64938.328848102436,6.493832884810243,107,2.9791263481849195,25.11627906976744,197,236,663,714,-162.0586823694856,60.11355201423855,-162.0541009615366,60.11705544384662
4912,1285,64686.62989907878,6.4686629899078785,531,14.812997762901857,44.824902723735406,6042,6072,3402,3492,-161.81263381316526,59.58929521442639,-161.8045489756082,59.591990160278755
1755,1282,64535.61052966459,6.453561052966459,218,6.088530430909606,39.840873634945396,1297,1333,4759,4836,-161.69073242911026,60.01500682757064,-161.68381540142255,60.018240762593464
2671,1282,64535.61052966459,6.453561052966459,153,4.273142917106283,83.9188767550702,2067,2106,3780,3905,-161.77867749542557,59.945567056108196,-161.76744855437406,59.94907048571626
485,1281,64485.270739859865,6.448527073985987,223,6.230606131932305,49.57377049180328,370,414,6618,6700,-161.52373561779243,60.09756200218122,-161.51636943246265,60.101514589431346
1433,1281,64485.270739859865,6.448527073985987,83,2.3190148383425173,27.007025761124122,1036,1063,9471,9537,-161.26744626723314,60.039261340241865,-161.26151738635795,60.04168679150899
5178,1280,64434.93095005513,6.443493095005513,256,7.155417527999327,123.753125,7228,7263,13013,13177,-160.949262993598,59.48230586408776,-160.93453062293844,59.48544996758218
504,1279,64384.5911602504,6.43845911602504,140,3.914648418943977,32.53792025019546,384,429,9158,9215,-161.2955635356261,60.09621452925504,-161.2904431385066,60.10025694803358
252,1278,64334.25137044567,6.433425137044567,152,4.251852215369891,36.50704225352113,188,238,5028,5086,-161.66656774796743,60.113372351181724,-161.66135751931955,60.11786392760232
1790,1276,64233.57179083621,6.423357179083621,167,4.675102466481384,77.26959247648902,1323,1385,2197,2292,-161.92088080490169,60.01033558809321,-161.91234680970254,60.015905142854756
4995,1276,64233.57179083621,6.423357179083621,133,3.7232851978564314,53.79623824451411,6582,6602,5532,5643,-161.6212926576478,59.541684504368064,-161.6113213579941,59.5434811349363
548,1276,64233.57179083621,6.423357179083621,249,6.970661761400386,68.66457680250784,410,448,15404,15514,-160.73447580916502,60.09450773021521,-160.7245943410397,60.097921328294866
2508,1275,64183.23200103148,6.418323200103148,335,9.381876562987667,153.22666666666666,1929,1968,262,444,-162.0947048123788,59.957963807029046,-162.07835547420783,59.96146723663711
4219,1268,63830.85347239836,6.383085347239836,81,2.2747066230220083,26.70031545741325,4215,4261,4288,4334,-161.7330430789923,59.751980112380444,-161.72891082868534,59.75611236268739
2596,1267,63780.513682593635,6.378051368259364,304,8.540538920425472,73.90370955011839,2007,2097,1682,1745,-161.96714404203382,59.94637553986391,-161.96148465574387,59.95446037742098
4129,1265,63679.834102984176,6.367983410298417,199,5.595099493299556,92.46166007905138,4080,4138,2089,2202,-161.93058260997017,59.76302939037511,-161.92043164725962,59.76823961902301
2702,1264,63629.49431317944,6.362949431317944,244,6.863036195648746,89.31645569620254,2089,2162,5613,5708,-161.61401630384646,59.94053649051713,-161.6054823086473,59.9470941920912
1130,1263,63579.15452337471,6.357915452337471,111,3.1233546737526074,43.35391923990499,812,841,7229,7317,-161.46884855393273,60.05920393954932,-161.46094337943248,60.06180905387326
1140,1262,63528.81473356998,6.352881473356998,321,9.03598195488819,91.60063391442155,815,866,11520,11639,-161.08338146551705,60.05695815133902,-161.07269151363602,60.06153955928803
257,1262,63528.81473356998,6.352881473356998,231,6.502529070340099,84.21236133122028,191,276,5212,5290,-161.65003874673965,60.10995875310207,-161.6430318875235,60.11759443301709
4530,1262,63528.81473356998,6.352881473356998,210,5.911390063945545,41.19175911251981,4754,4788,4575,4655,-161.70726143033806,59.70463889690734,-161.7000749080651,59.70769316887335
4529,1261,63478.47494376525,6.347847494376525,86,2.4218146832554552,28.028548770816812,4750,4776,2702,2770,-161.87551588305365,59.705716875248285,-161.86940733912164,59.708052494986994
4084,1259,63377.79536415579,6.337779536415579,342,9.638584098061761,270.8943606036537,4013,4088,14773,14990,-160.79115950359298,59.76752096679571,-160.77166606192756,59.77425833142661
5246,1258,63327.45557435106,6.332745557435106,253,7.133131011597702,53.73608903020668,7497,7547,3625,3705,-161.79260138232942,59.456793710018765,-161.78541486005645,59.46128528643936
5054,1257,63277.11578454633,6.327711578454633,75,2.1154054774744435,29.94112967382657,6805,6833,4419,4488,-161.72127514877033,59.5209334213049,-161.7150767733099,59.52344870410044
3754,1256,63226.7759947416,6.32267759947416,203,5.727976377028469,67.88535031847134,3159,3232,4406,4479,-161.72244295863968,59.84441675511634,-161.7158852570656,59.850974456690416
1643,1254,63126.09641513214,6.312609641513214,178,5.026564203051655,33.84051036682616,1199,1239,1659,1722,-161.9692101671873,60.02345099124136,-161.96355078089735,60.02704425237784
5034,1252,63025.41683552267,6.302541683552267,94,2.6565970690378413,29.44408945686901,6744,6768,10257,10329,-161.19683868590135,59.52677247065168,-161.1903708158557,59.52892842733357
4244,1248,62824.05767630375,6.282405767630375,63,1.7833363287777382,28.32051282051282,4249,4279,6690,6754,-161.51726774774679,59.75036314486903,-161.51151852992842,59.75305809072138
1655,1248,62824.05767630375,6.282405767630375,257,7.274879944379027,48.49038461538461,1213,1255,19,100,-162.1165338737829,60.02201368678677,-162.10925751998155,60.02578661098007
3328,1247,62773.71788649902,6.277371788649902,182,5.153925793276251,59.32959101844427,2601,2648,7761,7850,-161.42105818081757,59.89687836770892,-161.4130631747889,59.90110044954428
2684,1246,62723.378096694294,6.2723378096694296,109,3.0879302132019006,30.20545746388443,2078,2113,4524,4586,-161.71184283828705,59.94493823540932,-161.70627328352552,59.94808233890373
4183,1245,62673.03830688956,6.267303830688956,80,2.2672808050605426,25.448995983935742,4166,4198,4785,4842,-161.68839680937154,59.75763949867039,-161.68327641225207,59.760514107579574
1334,1244,62622.698517084835,6.262269851708483,165,4.678145811270878,34.77813504823151,961,1003,2237,2299,-161.9172875437652,60.04465123194658,-161.91171798900365,60.04842415613988
480,1243,62572.3587272801,6.25723587272801,432,12.253162200423832,424.0353982300885,367,482,5445,5693,-161.62910800061965,60.09145345824921,-161.60682978157348,60.101784084016586
5136,1241,62471.67914767064,6.247167914767064,262,7.43730172102794,66.83642224012893,7090,7128,5030,5136,-161.6663880849106,59.49443312042337,-161.65686594289895,59.49784671850303
1444,1241,62471.67914767064,6.247167914767064,367,10.417899738997153,81.48589846897663,1041,1089,10339,10450,-161.18947250057155,60.036925720503156,-161.17950120091783,60.04123763386693
4748,1240,62421.33935786591,6.242133935786591,64,1.8174778695906073,24.980645161290322,5360,5386,3268,3330,-161.82467123797247,59.650919642916996,-161.81910168321093,59.653255262655705
3936,1240,62421.33935786591,6.242133935786591,249,7.071124836375957,85.70645161290322,3649,3697,1880,1995,-161.94935739940826,59.80264509440478,-161.9390267736409,59.80695700776856
1683,1239,62370.999568061176,6.237099956806118,153,4.346661071412591,30.376109765940274,1233,1270,7010,7070,-161.48852165865495,60.02066621386059,-161.48313176695024,60.023989980411834
148,1237,62270.319988451716,6.227031998845171,252,7.1649916888559115,257.15117219078417,117,160,5708,5947,-161.6054823086473,60.12037921039786,-161.58401257335686,60.12424196611957
3106,1236,62219.98019864698,6.2219980198646985,247,7.025669531258892,43.54692556634304,2421,2452,2074,2159,-161.93193008289634,59.91448534727766,-161.92429440298133,59.91727012465844
354,1235,62169.64040884226,6.216964040884226,291,8.28055622141607,171.33603238866397,285,330,8543,8728,-161.35080992559944,60.105107850567826,-161.3341910928432,60.109150269346365
2431,1235,62169.64040884226,6.216964040884226,261,7.4268906315793615,63.48178137651822,1856,1897,5105,5204,-161.65965072027973,59.96434184554629,-161.65075739896693,59.96802493821119
647,1234,62119.30061903752,6.211930061903752,252,7.173695873100606,59.07617504051864,476,514,8554,8651,-161.3498217787869,60.088578849340024,-161.34110812053095,60.09199244741968
2666,1230,61917.941459818605,6.19179414598186,116,3.307542501370766,29.349593495934958,2064,2104,5555,5610,-161.61922653249434,59.94574671916502,-161.6142857984317,59.9493399803015
623,1229,61867.60167001387,6.186760167001387,214,6.104327587620886,36.569568755085434,462,523,5479,5524,-161.62605372865366,60.08777036558432,-161.62201130987512,60.09325008881745
3271,1228,61817.261880209146,6.181726188020915,444,12.670209230884762,255.37459283387622,2542,2589,11300,11533,-161.10314440176768,59.902178427885225,-161.0822136556477,59.90640050972059
4855,1227,61766.92209040441,6.176692209040441,222,6.337685631893094,53.41157294213529,5734,5761,3347,3448,-161.81757454722793,59.61723281976251,-161.80850156285834,59.619658271029635
4264,1227,61766.92209040441,6.176692209040441,323,9.22104711306968,84.50203748981255,4271,4322,12403,12513,-161.0040602259293,59.746500389147315,-160.99417875780398,59.75108179709632
1825,1225,61666.24251079495,6.1666242510794955,262,7.485714285714286,66.77224489795918,1351,1387,603,710,-162.06407226119032,60.01015592503639,-162.05446028765024,60.01338986005922
168,1224,61615.90272099022,6.161590272099022,188,5.373622334465277,32.029411764705884,135,172,7836,7898,-161.4143208161867,60.11930123205691,-161.40875126142515,60.12262499860816
3324,1224,61615.90272099022,6.161590272099022,235,6.717027918081596,61.33660130718954,2594,2625,15746,15852,-160.70375342644815,59.8989444928624,-160.69423128443648,59.901729270243166
1133,1224,61615.90272099022,6.161590272099022,216,6.173949065130318,30.748366013071895,813,852,1946,2004,-161.94342851853307,60.05821579273679,-161.93821828988519,60.061719222344855
3187,1223,61565.56293118549,6.156556293118548,105,3.0024519824281275,45.54047424366313,2477,2514,5041,5122,-161.6653999380981,59.90891579251612,-161.6581235842967,59.912239559067366
1101,1222,61515.22314138076,6.151522314138076,136,3.890481060296237,47.92471358428805,795,862,7382,7436,-161.4551043300857,60.05731747745267,-161.45025342755147,60.063336189856265
343,1222,61515.22314138076,6.151522314138076,382,10.9276747428909,63.243862520458265,274,316,14586,14683,-160.807957999406,60.10636549196559,-160.79924434115003,60.1101384161589
4191,1221,61464.88335157603,6.146488335157603,310,8.871639008998208,160.003276003276,4179,4223,5108,5285,-161.6593812256945,59.7553937104601,-161.64348104516557,59.75934629771022
4877,1221,61464.88335157603,6.146488335157603,284,8.127566059856424,165.84766584766584,5852,5914,3623,3786,-161.79278104538622,59.603488595915486,-161.7781385062551,59.60905815067703
1056,1221,61464.88335157603,6.146488335157603,140,4.0065466492249975,35.433251433251435,765,791,11247,11325,-161.10790547277352,60.06369551596992,-161.10089861355738,60.06603113570863
4908,1220,61414.543561771294,6.141454356177129,73,2.0899839202456194,25.970491803278687,6027,6057,3808,3867,-161.77616221263003,59.59064268735258,-161.77086215245373,59.59333763320493
4373,1220,61414.543561771294,6.141454356177129,284,8.130896347256929,77.75737704918033,4421,4504,4629,4700,-161.7024105278038,59.73015105097634,-161.69603248928655,59.73760706783453
2255,1219,61364.20377196657,6.136420377196656,61,1.7471411078849246,29.614438063986874,1717,1751,14312,14373,-160.8325718381909,59.97745724869444,-160.82709211495774,59.98051152066045
1102,1217,61263.52419235711,6.126352419235711,191,5.475049854757386,69.10435497124075,798,834,1082,1191,-162.021042959081,60.0598327602482,-162.0112513224841,60.06306669527103
263,1216,61213.184402552375,6.121318440255237,112,3.2118202741878643,34.89802631578947,199,238,585,649,-162.06568922870176,60.113372351181724,-162.05994001088337,60.11687578078979
3456,1215,61162.84461274764,6.116284461274764,51,1.4631270419005797,25.494650205761317,2715,2743,4784,4844,-161.68848664089995,59.888344372509785,-161.68309674919524,59.89085965530532
264,1215,61162.84461274764,6.116284461274764,172,4.934467670723524,76.06255144032922,199,256,730,825,-162.052663657082,60.11175538367031,-162.04412966188286,60.11687578078979
1679,1213,61062.16503313818,6.106216503313818,208,5.972180629170229,60.098928276999175,1230,1316,8648,8697,-161.3413776151162,60.01653396355364,-161.336975870224,60.024259474997066
1210,1212,61011.82524333346,6.101182524333345,85,2.4415612058910607,35.01320132013201,872,919,5903,5959,-161.58796516060698,60.05219708033319,-161.5829345950159,60.056419162168545
4288,1211,60961.48545352872,6.0961485453528725,95,2.7299301419058715,23.30635838150289,4306,4337,5199,5252,-161.651206556609,59.74515291622113,-161.64644548560315,59.747937693601905
4058,1210,60911.14566372399,6.091114566372399,118,3.392261489998807,25.021487603305786,3963,3996,5693,5747,-161.60682978157348,59.77578546740961,-161.60197887903925,59.77874990784721
1422,1208,60810.46608411453,6.081046608411453,159,4.574710934305067,57.6953642384106,1027,1078,2521,2602,-161.8917753896962,60.03791386731569,-161.88449903589483,60.04249527526469
3914,1206,60709.78650450507,6.070978650450507,194,5.586349152092796,37.97346600331675,3579,3616,1895,1965,-161.9480099264821,59.809921448206154,-161.94172171949324,59.813245214757394
1611,1206,60709.78650450507,6.070978650450507,141,4.060181600232393,44.6301824212272,1170,1217,131,200,-162.10647274260077,60.025427284866424,-162.10027436714034,60.02964936670178
601,1206,60709.78650450507,6.070978650450507,272,7.832407058604333,90.29850746268657,444,493,9557,9673,-161.25972075578971,60.09046531143668,-161.24930029849392,60.094867056328866
1344,1205,60659.44671470034,6.065944671470033,407,11.724676958984034,619.498755186722,968,1132,2781,3049,-161.8684191923091,60.03306296478144,-161.84434434269468,60.047795335441
2907,1205,60659.44671470034,6.065944671470033,258,7.432350504712238,51.86721991701245,2252,2315,451,513,-162.07772665350893,59.9267922666701,-162.0721570987474,59.932451652960054
3465,1203,60558.76713509088,6.055876713509088,253,7.294368636066884,123.85369908561928,2720,2787,2973,3099,-161.851171538854,59.88439178525966,-161.8398527662741,59.89041049766326
4008,1202,60508.427345286145,6.050842734528614,142,4.095775186218103,38.8153078202995,3867,3895,2039,2119,-161.93507418639078,59.784858451779215,-161.9278876641178,59.78737373457475
3641,1201,60458.08755548142,6.045808755548142,125,3.6069366051547576,29.42880932556203,2928,2964,1819,1877,-161.9548371226414,59.86849160473074,-161.9496268939935,59.87172553975358
1043,1201,60458.08755548142,6.045808755548142,48,1.385063656379427,24.063280599500416,759,788,7219,7275,-161.46974686921686,60.06396501055515,-161.46471630362578,60.0665701248791
2419,1200,60407.747765676686,6.040774776567669,171,4.9363448015713,62.56333333333333,1848,1932,15470,15523,-160.72854692828983,59.96119774205188,-160.723785857284,59.968743590438486
4427,1199,60357.40797587195,6.035740797587195,130,3.7543413846764,32.04003336113428,4529,4568,2427,2486,-161.90021955336692,59.72440183315797,-161.89491949319063,59.727905262766036
833,1197,60256.72839626249,6.0256728396262496,76,2.1966785894611043,25.293233082706767,607,639,6197,6252,-161.56155469125386,60.07734990828853,-161.55661395719122,60.08022451719771
2223,1195,60156.048816653034,6.015604881665303,248,7.174104991340609,140.6694560669456,1693,1818,2304,2384,-161.9112688313616,59.97143853629084,-161.90408230908864,59.98266747734233
3381,1195,60156.048816653034,6.015604881665303,314,9.083342610003836,48.20083682008368,2646,2708,15855,15913,-160.69396178985124,59.891488476004206,-160.68875156120333,59.89705803076574
840,1194,60105.7090268483,6.01057090268483,147,4.2541732392732605,42.02345058626466,612,654,3862,3932,-161.77131131009577,60.076002435362355,-161.76502310310693,60.079775359555654
1005,1193,60055.369237043575,6.005536923704358,313,9.062001207477588,49.90444258172674,731,762,9334,9425,-161.27975318662558,60.06630063029386,-161.2715785175401,60.069085407674635
1267,1192,60005.02944723884,6.000502944723884,247,7.154162912589129,134.2281879194631,911,968,3504,3647,-161.80347099726725,60.047795335441,-161.79062508870436,60.05291573256048
4897,1191,59954.68965743411,5.99546896574341,62,1.7965355221792085,26.008396305625524,5948,5978,3599,3657,-161.7949370020681,59.59773937809712,-161.78972677342023,59.60043432394948
600,1190,59904.34986762938,5.9904349867629385,217,6.290515736829065,37.76806722689076,443,477,7511,7583,-161.44351606292057,60.09190261589127,-161.4370481928749,60.09495688785727
3004,1190,59904.34986762938,5.9904349867629385,228,6.609389806437912,88.21512605042017,2333,2381,3881,3995,-161.76960451105595,59.92086338579491,-161.75936371681698,59.92517529915869
3436,1189,59854.01007782465,5.985401007782465,98,2.842072473772134,33.6417157275021,2690,2721,3340,3409,-161.81820336792683,59.89032066613485,-161.8120049924664,59.893105443515616
1523,1188,59803.670288019915,5.980367028801991,377,10.937879382549681,173.4983164983165,1099,1169,7622,7779,-161.43354476326684,60.029739198230196,-161.41944121330616,60.03602740521904
2499,1186,59702.990708410456,5.970299070841046,187,5.429992903700033,73.8752107925801,1919,1972,7250,7345,-161.46696209183608,59.9576044809154,-161.45842809663694,59.96236555192123
4297,1185,59652.65091860573,5.965265091860573,114,3.311659494512522,27.952742616033756,4323,4361,2694,2747,-161.87623453528093,59.74299695953925,-161.8714734642751,59.7464105576189
690,1184,59602.311128801,5.960231112880099,278,8.079210892695441,87.57094594594595,506,529,15251,15389,-160.74822003301205,60.08723137641385,-160.73582328209122,60.08929750156732
3071,1182,59501.63154919154,5.950163154919154,80,2.3269189086526003,25.614213197969544,2396,2425,3584,3642,-161.7962844749943,59.916910798544784,-161.7910742463464,59.91951591286873
2608,1181,59451.291759386804,5.94512917593868,245,7.129205534246737,136.83657917019474,2016,2109,7402,7510,-161.45330769951747,59.94529756152296,-161.44360589444898,59.953651893665274
409,1180,59400.95196958208,5.940095196958207,321,9.344671281320291,103.8135593220339,320,373,6713,6835,-161.5152016225933,60.101245094846114,-161.50424217612704,60.106006165851944
1867,1176,59199.59281036315,5.9199592810363155,173,5.044782446446307,68.58503401360544,1390,1443,8887,8976,-161.3199078798257,60.00512535944532,-161.31191287379704,60.009886430451154
5051,1176,59199.59281036315,5.9199592810363155,170,4.957300669918336,35.38775510204081,6781,6816,4296,4363,-161.732324426765,59.52246055728791,-161.7263057143614,59.52560466078232
499,1175,59149.25302055842,5.914925302055842,81,2.363012862265892,25.7668085106383,377,412,9237,9289,-161.28846684488153,60.09774166523805,-161.28379560540412,60.10088576873246
1503,1174,59098.91323075369,5.909891323075369,278,8.113546835307128,71.63543441226575,1083,1114,199,313,-162.10036419866876,60.03467993229285,-162.0901234044298,60.03746470967363
4196,1171,58947.8938613395,5.89478938613395,83,2.4254908735752347,27.05721605465414,4193,4226,3100,3156,-161.8397629347457,59.75512421587486,-161.8347323691546,59.75808865631245
1360,1168,58796.87449192531,5.879687449192531,165,4.827947321840386,66.16780821917808,978,1012,1608,1713,-161.97379157513632,60.043842748190876,-161.96435926465307,60.046897020156884
65,1166,58696.19491231585,5.869619491231584,298,8.727040448595599,57.97598627787307,39,90,105,184,-162.1088083623395,60.12666741738669,-162.10171167159493,60.1312488253357
818,1166,58696.19491231585,5.869619491231584,157,4.597803189360769,43.80445969125214,597,668,6269,6311,-161.55508682120822,60.074744793964584,-161.5513138970149,60.08112283248183
1150,1164,58595.51533270639,5.859551533270639,85,2.491394122482334,29.085910652920962,826,852,5088,5154,-161.66117785626273,60.05821579273679,-161.65524897538754,60.0605514124755
695,1164,58595.51533270639,5.859551533270639,282,8.265566382823744,120.16838487972508,511,540,9466,9624,-161.2678954248752,60.086243229601315,-161.2537020433861,60.088848343925264
3348,1164,58595.51533270639,5.859551533270639,71,2.0810468552499497,26.010309278350515,2617,2648,6750,6806,-161.51187785604205,59.89687836770892,-161.506847290451,59.89966314508969
4954,1163,58545.175542901656,5.854517554290165,341,9.99918311366837,118.98882201203783,6352,6446,12503,12595,-160.9950770730881,59.55569822280032,-160.9868125724742,59.56414238647105
2817,1161,58444.4959632922,5.84444959632922,259,7.601226157944552,53.83290267011197,2177,2214,1574,1662,-161.9768458471023,59.93586525103971,-161.96894067260206,59.93918901759095
3756,1160,58394.15617348746,5.839415617348746,173,5.079454898802185,29.186206896551724,3160,3188,4709,4773,-161.69522400553086,59.84836934236647,-161.6894747877125,59.850884625162
3116,1158,58293.476593878004,5.829347659387801,118,3.467589886366977,38.082901554404145,2428,2471,5743,5805,-161.6023382051529,59.91277854823784,-161.59676865039137,59.91664130395955
2524,1154,58092.11743465908,5.809211743465908,235,6.917751510561199,64.1109185441941,1943,1983,158,254,-162.10404729133364,59.95661633410287,-162.0954234646061,59.96020959523935
4566,1152,57991.43785504962,5.7991437855049615,226,6.658588856173323,82.34722222222223,4853,4895,3048,3160,-161.8444341742231,59.695026923367266,-161.83437304304096,59.698799847560565
3803,1150,57890.75827544016,5.789075827544016,141,4.157863163568099,28.17391304347826,3258,3296,1060,1112,-162.02301925270606,59.83866753729797,-162.01834801322863,59.84208113537763
3555,1150,57890.75827544016,5.789075827544016,177,5.219445247883359,72.12521739130435,2806,2861,826,915,-162.04403983035445,59.87774425215717,-162.0360448243258,59.88268498621983
832,1150,57890.75827544016,5.789075827544016,188,5.543817551424132,44.41391304347826,607,659,5532,5593,-161.6212926576478,60.075553277720296,-161.6158129344147,60.08022451719771
3426,1149,57840.418485635426,5.784041848563542,201,5.929745348289533,72.18798955613578,2684,2719,2921,3030,-161.85584277833144,59.890500329191674,-161.84605114173453,59.89364443268609
91,1147,57739.73890602597,5.773973890602597,204,6.023493672646424,39.18395815170009,61,96,7752,7823,-161.4218666645733,60.12612842821622,-161.41548862605603,60.12927253171064
5212,1144,57588.719536611774,5.758871953661178,329,9.72708891402041,164.64685314685315,7391,7451,15451,15608,-160.73025372732965,59.465417536746315,-160.71615017736897,59.47080742845103
392,1144,57588.719536611774,5.758871953661178,139,4.109621152124124,56.39510489510489,307,338,4557,4653,-161.70887839784947,60.10438919834053,-161.70025457112192,60.1071739757213
2730,1143,57538.37974680704,5.753837974680704,378,11.180692018643034,98.77165354330708,2112,2239,13394,13435,-160.91503718127305,59.93361946282941,-160.91135408860816,59.945028066937724
742,1143,57538.37974680704,5.753837974680704,207,6.122759914971185,60.05599300087489,542,603,1581,1651,-161.97621702640345,60.08058384331136,-161.9699288194146,60.08606356654449
3322,1143,57538.37974680704,5.753837974680704,293,8.666515241964046,135.81452318460194,2593,2667,11639,11762,-161.07269151363602,59.89517156866909,-161.06164223564136,59.90181910177158
4181,1142,57488.039957002315,5.748803995700231,139,4.113218195396666,38.61646234676007,4166,4195,3376,3452,-161.81496943290398,59.75790899325563,-161.8081422367447,59.760514107579574
4507,1141,57437.70016719758,5.7437700167197585,243,7.193884343970645,41.651183172655564,4697,4740,5933,5999,-161.58527021475462,59.70895081027112,-161.57934133387943,59.71281356599283
1854,1141,57437.70016719758,5.7437700167197585,282,8.348458374484451,108.59246275197195,1379,1423,1268,1400,-162.0043342947964,60.00692199001356,-161.99247653304602,60.010874577263685
5025,1137,57236.34100797866,5.723634100797867,134,3.973969833265975,80.2145998240985,6707,6752,11294,11400,-161.10368339093816,59.52820977510627,-161.09416124892647,59.53225219388481
4378,1136,57186.00121817393,5.718600121817393,185,5.488865169146571,84.59507042253522,4434,4480,3815,3924,-161.77553339193113,59.73230700765822,-161.76574175533423,59.73643925796517
2166,1136,57186.00121817393,5.718600121817393,229,6.79432499315981,49.86267605633803,1652,1683,970,1058,-162.03110409026314,59.98356579262646,-162.0231989157629,59.986350570007225
2104,1135,57135.661428369196,5.713566142836919,261,7.747160912401599,218.5057268722467,1597,1697,5092,5241,-161.66081853014907,59.982308151228686,-161.6474336324157,59.99129130406988
4852,1133,57034.98184875974,5.703498184875974,268,7.961957207698908,61.51456310679612,5711,5731,3292,3404,-161.82251528129058,59.619927765614875,-161.81245415010847,59.62172439618311
2302,1132,56984.64205895501,5.698464205895501,260,7.727697877610932,157.31802120141342,1749,1812,5668,5816,-161.60907556978378,59.97197752546131,-161.59578050357882,59.97763691175127
3824,1132,56984.64205895501,5.698464205895501,143,4.250233832686012,55.21201413427562,3309,3342,3299,3391,-161.8218864605917,59.83453528699103,-161.8136219599778,59.83749972742862
4708,1131,56934.30226915028,5.693430226915027,331,9.84230210359837,97.45711759504863,5155,5203,3125,3243,-161.8375171465354,59.667358812616385,-161.82691702618277,59.67167072598016
1651,1130,56883.962479345544,5.688396247934555,67,1.9931297929842442,24.976991150442476,1205,1235,3486,3540,-161.80508796477866,60.02381031735501,-161.80023706224443,60.02650526320737
3139,1129,56833.62268954082,5.683362268954082,95,2.8273308654722538,28.697962798937112,2449,2483,5869,5925,-161.59101943257298,59.911700569896894,-161.58598886698192,59.9147548418629
3102,1129,56833.62268954082,5.683362268954082,71,2.1130578047213686,25.597874224977858,2419,2449,5901,5956,-161.5881448236638,59.9147548418629,-161.58320408960114,59.917449787715256
4964,1128,56783.282899736085,5.678328289973608,232,6.907699476434799,80.85460992907801,6436,6490,9140,9237,-161.2971805031375,59.5517456355502,-161.28846684488153,59.55659653808445
2848,1128,56783.282899736085,5.678328289973608,176,5.240323740743641,76.62765957446808,2204,2281,7716,7786,-161.4251005995961,59.929846538636106,-161.41881239260726,59.936763566323826
895,1127,56732.94310993135,5.6732943109931355,292,8.69802984352369,47.7586512866016,658,698,711,787,-162.05437045612183,60.07204984811223,-162.04754325996254,60.0756431092487
4815,1123,56531.58395071243,5.653158395071244,313,9.340163086511701,62.06233303650935,5575,5614,14520,14613,-160.8138868802812,59.63043805443907,-160.80553254813887,59.633941484047135
1685,1123,56531.58395071243,5.653158395071244,329,9.817615512659266,62.06233303650935,1234,1257,13390,13499,-160.9153965073867,60.021834023729944,-160.9056048707898,60.02390014888342
4143,1123,56531.58395071243,5.653158395071244,114,3.4018485363013866,32.14603739982191,4100,4130,3496,3561,-161.80418964949456,59.76374804260241,-161.79835060014778,59.76644298845476
5045,1122,56481.2441609077,5.64812441609077,321,9.583157016125842,104.24598930481284,6769,6795,6666,6811,-161.51942370442868,59.52434701938456,-161.50639813280893,59.526682639123266
4576,1122,56481.2441609077,5.64812441609077,122,3.642196747561846,65.93939393939394,4885,4921,11221,11321,-161.1102410925122,59.69269130362855,-161.10125793967103,59.695925238651384
1980,1122,56481.2441609077,5.64812441609077,157,4.687089257108277,48.80213903743316,1488,1531,7956,8030,-161.40354103277724,59.99722018494507,-161.39689349967477,60.001082940666784
1381,1121,56430.90437110297,5.643090437110297,78,2.3296559952490457,27.632471008028546,996,1027,5740,5797,-161.60260769973814,60.04249527526469,-161.59748730261865,60.04528005264547
3481,1121,56430.90437110297,5.643090437110297,125,3.733423069309368,37.85548617305977,2732,2759,2168,2244,-161.9234859192256,59.886907068055194,-161.91665872306632,59.889332519322316
3021,1119,56330.22479149351,5.633022479149351,267,7.981715028671947,127.68900804289544,2351,2436,8575,8679,-161.34793531669024,59.91592265173225,-161.3385928377354,59.92355833164727
3353,1117,56229.54521188405,5.622954521188404,90,2.6928733160898055,37.256938227394805,2622,2650,5529,5603,-161.62156215223305,59.896698704652096,-161.61491461913056,59.89921398744763
5221,1115,56128.86563227459,5.612886563227459,159,4.761674348472065,29.05829596412556,7421,7461,9780,9830,-161.23968832495385,59.4645192214622,-161.23519674853324,59.46811248259867
2064,1113,56028.18605266513,5.6028186052665125,279,8.36289455815602,100.23000898472597,1556,1597,10963,11089,-161.13341762684252,59.99129130406988,-161.1220988542626,59.994974396734776
4978,1113,56028.18605266513,5.6028186052665125,101,3.0274277791174127,28.46720575022462,6487,6512,5481,5545,-161.62587406559683,59.549769341925135,-161.62012484777847,59.55201513013544
2476,1113,56028.18605266513,5.6028186052665125,58,1.738522883057524,29.110512129380055,1902,1933,5241,5300,-161.6474336324157,59.96110791052347,-161.6421335722394,59.963892687904234
123,1112,55977.846262860396,5.59778462628604,106,3.178728762691556,24.780575539568346,89,121,9779,9830,-161.23977815648226,60.123882640005924,-161.23519674853324,60.126757248915105
4974,1112,55977.846262860396,5.59778462628604,178,5.337865280746198,56.20503597122302,6469,6502,4424,4516,-161.72082599112827,59.55066765720926,-161.71256149051436,59.553632097646855
3944,1108,55776.48710364147,5.577648710364147,104,3.12437719425577,31.898916967509024,3690,3730,1801,1855,-161.95645409015282,59.79968065396719,-161.95160318761856,59.80327391510367
3410,1106,55675.80752403201,5.567580752403201,256,7.697725175350575,78.15189873417721,2670,2705,10369,10481,-161.1867775547192,59.89175797058944,-161.17671642353707,59.89490207408386
1742,1105,55625.467734227284,5.562546773422729,167,5.02383459392816,58.38552036199095,1282,1346,4322,4385,-161.72998880702627,60.01383901770128,-161.72432942073632,60.01958823551965
854,1105,55625.467734227284,5.562546773422729,209,6.287313952880153,51.261538461538464,625,669,11060,11135,-161.12470396858654,60.07465496243617,-161.11796660395564,60.078607549686296
1511,1104,55575.12794442255,5.557512794442255,54,1.6252090166578843,22.043478260869566,1088,1118,4229,4277,-161.7383431391686,60.03432060617921,-161.7340312258048,60.03701555203157
1424,1103,55524.78815461782,5.5524788154617815,90,2.7099092864685503,37.7298277425204,1028,1059,9354,9425,-161.27795655605735,60.03962066635551,-161.2715785175401,60.042405443736286
3174,1102,55474.44836481309,5.54744483648131,148,4.458316725152957,34.86025408348458,2469,2508,5399,5458,-161.6332402509266,59.90945478168659,-161.6279401907503,59.91295821129466
2784,1102,55474.44836481309,5.54744483648131,207,6.235618662882852,72.16333938294011,2154,2210,5377,5462,-161.63521654455167,59.936224577153354,-161.62758086463666,59.941255142744424
4020,1102,55474.44836481309,5.54744483648131,141,4.247450393557885,40.01814882032668,3895,3917,5899,5982,-161.58832448672064,59.78288215815415,-161.58086846986245,59.784858451779215
4731,1100,55373.76878520363,5.537376878520363,346,10.43229252239062,112.64,5275,5324,8423,8550,-161.36158970900885,59.65648919767854,-161.35018110490054,59.660890942570724
4030,1099,55323.4289953989,5.53234289953989,61,1.8400557810906228,30.806187443130117,3907,3940,5807,5866,-161.59658898733454,59.780816033000676,-161.59128892715822,59.78378047343827
1399,1096,55172.40962598471,5.51724096259847,438,13.230273843930876,248.6167883211679,1013,1097,5551,5728,-161.619585858608,60.03620706827586,-161.60368567807907,60.04375291666246
2021,1095,55122.06983617997,5.512206983617998,278,8.401130604495442,66.57534246575342,1521,1558,10948,11046,-161.13476509976869,59.99479473367795,-161.1259616099843,59.99811850022919
2184,1094,55071.73004637525,5.507173004637525,120,3.628044330941403,27.674588665447896,1664,1689,8016,8078,-161.39815114107253,59.983026803455985,-161.392581586311,59.98527259166628
3800,1094,55071.73004637525,5.507173004637525,323,9.765485990783944,150.67276051188298,3254,3291,1308,1474,-162.0007410336599,59.83911669494004,-161.98582899994352,59.84244046149128
4789,1093,55021.390256570514,5.502139025657051,311,9.406981892493949,54.47026532479414,5499,5526,14395,14490,-160.82511582133267,59.63834322893932,-160.81658182613356,59.64076868020644
4771,1092,54971.05046676578,5.497105046676578,314,9.5020722629002,91.44322344322345,5441,5493,15973,16079,-160.68336166949862,59.641307669376914,-160.67383952748696,59.64597890885434
3779,1091,54920.710676961055,5.492071067696106,49,1.483486862842848,22.881759853345553,3204,3229,5058,5112,-161.6638728021151,59.844686249701574,-161.65902189958084,59.84693203791188
342,1089,54820.031097351595,5.482003109735159,149,4.515151515151516,43.64003673094582,274,312,4687,4758,-161.69720029915592,60.10672481807924,-161.69082226063867,60.1101384161589
1157,1087,54719.35151774213,5.471935151774213,133,4.034009056861073,24.74333026678933,831,862,2875,2926,-161.8599750286384,60.05731747745267,-161.85539362068937,60.06010225483344
5186,1086,54669.0117279374,5.46690117279374,275,8.344835524223061,171.84530386740332,7255,7339,10860,10992,-161.14267027426894,59.475478667928456,-161.13081251251856,59.483024516315055
3411,1086,54669.0117279374,5.46690117279374,266,8.071731816157579,256.707182320442,2670,2682,10492,10744,-161.17572827672453,59.893824095742914,-161.15309073156473,59.89490207408386
2693,1085,54618.67193813267,5.461867193813267,220,6.678944147908079,135.9041474654378,2083,2199,5512,5588,-161.62308928821605,59.937212723965885,-161.61626209205676,59.94763318126167
2244,1084,54568.33214832794,5.456833214832795,206,6.256804414077106,53.13653136531365,1711,1756,2372,2447,-161.9051602874296,59.97700809105238,-161.8984229227987,59.98105050983092
3849,1083,54517.99235852321,5.451799235852321,256,7.779035205923379,48.0,3383,3434,2655,2718,-161.87973796488902,59.82627078637713,-161.87407857859904,59.830852194326134
2884,1081,54417.31277891375,5.441731277891375,240,7.299588776069682,41.57631822386679,2240,2276,3746,3816,-161.78173176739156,59.930295696278165,-161.77544356040272,59.933529631301
2065,1080,54366.97298910902,5.436697298910902,110,3.3471934069760154,27.392592592592592,1557,1599,6741,6785,-161.51268633979777,59.991111641013056,-161.50873375254764,59.99488456520636
1934,1079,54316.633199304284,5.431663319930428,210,6.393056938253822,77.94253938832252,1444,1525,9952,10016,-161.224237302067,59.997759174115544,-161.21848808424863,60.00503552791691
4444,1077,54215.953619694825,5.421595361969483,314,9.568013874775282,98.677808727948,4557,4603,12187,12304,-161.02346383606627,59.721257729663556,-161.0129535472421,59.7253899799705
2144,1076,54165.61382989009,5.416561382989009,168,5.121570391137415,34.97769516728624,1627,1663,1469,1530,-161.9862781575856,59.985362423194694,-161.98079843435244,59.98859635821752
1887,1076,54165.61382989009,5.416561382989009,408,12.438099521333724,226.7992565055762,1407,1433,16284,16505,-160.6554240641625,60.00602367472944,-160.63557129638346,60.00835929446815
4098,1075,54115.274040085365,5.411527404008536,305,9.302412790288885,348.4130232558139,4031,4114,11538,11761,-161.08176449800564,59.765185347057,-161.06173206716977,59.77264136391519
394,1075,54115.274040085365,5.411527404008536,117,3.5684665457829494,31.493953488372092,307,341,8618,8676,-161.34407256096853,60.104119703755295,-161.33886233232064,60.1071739757213
3720,1074,54064.93425028063,5.406493425028064,92,2.8072797094078257,30.84171322160149,3080,3104,2352,2419,-161.90695691799783,59.85591519075307,-161.90093820559423,59.858071147434956
1757,1074,54064.93425028063,5.406493425028064,223,6.80460190432549,53.63128491620112,1298,1336,5118,5200,-161.65848291041036,60.014737332985405,-161.65111672508058,60.01815093106506
2194,1074,54064.93425028063,5.406493425028064,136,4.1498917443420025,54.52886405959032,1672,1692,1784,1885,-161.95798122613581,59.982757308870745,-161.94890824176622,59.98455393943899
5030,1073,54014.594460475906,5.401459446047591,358,10.92906894462068,259.8173345759553,6738,6783,6837,7056,-161.5040625130702,59.5254249977255,-161.484389408348,59.52946741650403
3802,1072,53964.25467067117,5.396425467067117,114,3.4818291641546986,29.55597014925373,3255,3281,4866,4929,-161.68112045557018,59.84001501022416,-161.67546106928023,59.842350629962866
2925,1068,53762.895511452254,5.376289551145225,285,8.72085837440999,70.29588014981273,2262,2301,1476,1574,-161.9856493368867,59.92804990806787,-161.9768458471023,59.931553337675936
261,1068,53762.895511452254,5.376289551145225,192,5.875104589076204,82.0374531835206,197,271,4563,4637,-161.708339408679,60.11040791074413,-161.7016918755765,60.11705544384662
5316,1065,53611.87614203806,5.361187614203806,179,5.485020146671265,74.67042253521127,7722,7753,3421,3531,-161.81092701412544,59.43828841516591,-161.80104554600013,59.441073192546675
432,1065,53611.87614203806,5.361187614203806,142,4.351245032554859,42.20093896713615,337,394,8841,8890,-161.32404013013266,60.099358632749464,-161.3196383852405,60.10447902986894
1593,1065,53611.87614203806,5.361187614203806,209,6.404297266225108,101.01784037558686,1150,1189,1010,1135,-162.02751082912667,60.02794256766196,-162.01628188807518,60.031445997270026
2410,1064,53561.53635223333,5.3561536352233325,152,4.65985898008574,36.84586466165413,1841,1890,1252,1302,-162.00577159925098,59.96497066624518,-162.00128002283037,59.969372411137364
1717,1062,53460.85677262387,5.346085677262387,238,7.303225301993365,119.33709981167608,1259,1344,3979,4072,-161.7608010212716,60.014018680758106,-161.75244668912927,60.021654360673125
90,1061,53410.516982819136,5.341051698281913,148,4.543641142856824,36.20735155513666,61,96,1681,1744,-161.96723387356224,60.12612842821622,-161.9615744872723,60.12927253171064
4696,1058,53259.49761340494,5.325949761340494,69,2.1213203435596424,33.406427221172024,5084,5108,13988,14058,-160.86167725339635,59.675892807815515,-160.8553890464075,59.678048764497404
1935,1057,53209.15782360022,5.3209157823600215,71,2.1838401943190706,22.43708609271523,1445,1472,7768,7818,-161.4204293601187,60.002520245121374,-161.4159377836981,60.004945696388496
3506,1057,53209.15782360022,5.3209157823600215,211,6.490003957765126,67.9508041627247,2759,2806,5515,5602,-161.6228197936308,59.88268498621983,-161.61500445065897,59.886907068055194
5374,1056,53158.818033795484,5.315881803379549,123,3.7850633476144813,30.00378787878788,7920,7947,4356,4418,-161.72693453506028,59.42086109865399,-161.72136498029874,59.42328654992111
4409,1056,53158.818033795484,5.315881803379549,121,3.723517602124815,34.90909090909091,4485,4517,2563,2627,-161.8880024655029,59.72898324110698,-161.88225324768453,59.73185785001616
3758,1056,53158.818033795484,5.315881803379549,137,4.215883566042145,30.00378787878788,3166,3207,4587,4635,-161.7061834519971,59.84666254332664,-161.70187153863333,59.85034563599153
2668,1054,53058.138454186024,5.305813845418602,181,5.575171987884962,50.18975332068311,2066,2089,2957,3049,-161.8526088433086,59.9470941920912,-161.84434434269468,59.949160317244676
4990,1054,53058.138454186024,5.305813845418602,493,15.185413204570642,817.0626185958255,6569,6609,8845,9269,-161.323680804019,59.54105568366918,-161.28559223597236,59.54464894480566
597,1052,52957.458874576565,5.295745887457657,72,2.2198550975215467,22.543726235741445,442,472,11623,11670,-161.07412881809063,60.09235177353333,-161.06990673625526,60.095046719385685
4955,1052,52957.458874576565,5.295745887457657,103,3.175626042287768,24.334600760456272,6371,6402,4445,4494,-161.71893952903162,59.55965081005045,-161.71453778413942,59.562435587431224
2237,1051,52907.11908477183,5.290711908477183,116,3.5781342511586876,36.55185537583254,1708,1743,598,661,-162.06452141883238,59.978175900921734,-162.05886203254244,59.981320004416155
4449,1050,52856.7792949671,5.28567792949671,46,1.4195908196512457,23.177142857142858,4565,4592,3255,3306,-161.82583904784184,59.72224587647609,-161.82125763989282,59.72467132774321
1265,1050,52856.7792949671,5.28567792949671,273,8.424962907930219,53.04380952380952,909,948,13446,13525,-160.91036594179562,60.04959196600924,-160.90326925105109,60.053095395617305
4323,1048,52756.09971535764,5.275609971535764,160,4.942416505721724,33.01145038167939,4357,4397,2755,2808,-161.8707548120478,59.739763024516414,-161.86599374104196,59.743356285652894
1278,1046,52655.42013574818,5.265542013574818,177,5.472772864812491,72.82600382409179,923,987,8574,8648,-161.34802514821865,60.04608853640117,-161.3413776151162,60.05183775421954
4561,1046,52655.42013574818,5.265542013574818,110,3.401158277567085,22.673040152963672,4839,4867,4787,4836,-161.6882171463147,59.6975422061628,-161.68381540142255,59.700057488958336
4751,1046,52655.42013574818,5.265542013574818,192,5.936567175389821,51.45697896749522,5384,5422,3496,3574,-161.80418964949456,59.64768570789416,-161.7971827902784,59.65109930597382
534,1045,52605.08034594345,5.260508034594345,196,6.06314460391951,49.74545454545454,401,432,9485,9568,-161.26618862583538,60.0959450346698,-161.25873260897717,60.09872981205058
3422,1045,52605.08034594345,5.260508034594345,131,4.052407873027836,41.400956937799045,2680,2709,5834,5909,-161.5941635360674,59.89139864447579,-161.5874261714365,59.89400375879974
2496,1044,52554.74055613871,5.255474055613871,138,4.270992778072193,35.310344827586206,1915,1958,2985,3038,-161.85009356051305,59.95886212231317,-161.84533248950723,59.962724878034884
4395,1044,52554.74055613871,5.255474055613871,149,4.611434231396789,76.17241379310344,4463,4511,5546,5639,-161.62003501625006,59.72952223027745,-161.61168068410774,59.733834143641225
1115,1043,52504.40076633399,5.2504400766333985,253,7.833906196116301,156.48705656759347,804,842,5430,5594,-161.63045547354582,60.05911410802091,-161.61572310288628,60.06252770610056
1200,1042,52454.060976529254,5.245406097652926,78,2.41635502215428,30.406909788867562,865,905,6933,6982,-161.49543868634268,60.05345472173095,-161.4910369414505,60.05704798286743
154,1041,52403.72118672453,5.240372118672453,86,2.6654656277070976,26.47070124879923,122,160,4221,4266,-161.7390617913959,60.12037921039786,-161.73501937261736,60.12379280847751
4341,1040,52353.381396919794,5.235338139691979,293,9.08554430865952,413.7846153846154,4384,4453,3331,3590,-161.81901185168252,59.73473245892535,-161.79574548582383,59.74093083438577
753,1037,52202.3620275056,5.22023620275056,87,2.7016549090937354,41.720347155255546,549,573,4237,4317,-161.7376244869413,60.08327878916372,-161.73043796466834,60.08543474584561
1239,1037,52202.3620275056,5.22023620275056,252,7.825483184961165,67.2092574734812,894,953,1055,1128,-162.02346841034813,60.04914280836718,-162.01691070877405,60.05444286854348
5283,1034,52051.34265809141,5.205134265809141,79,2.4567831336059354,38.684719535783366,7598,7619,16173,16252,-160.66539536381623,59.450325839973104,-160.6582986730717,59.45221230206976
3060,1034,52051.34265809141,5.205134265809141,204,6.3440982184254535,45.96131528046422,2385,2423,16552,16623,-160.6313492145481,59.91709046160161,-160.62497117603087,59.920504059681264
3853,1034,52051.34265809141,5.205134265809141,143,4.447088457033528,42.64990328820116,3397,3445,2781,2838,-161.8684191923091,59.82528263956459,-161.86329879518962,59.82959455292837
5081,1034,52051.34265809141,5.205134265809141,141,4.3848914156764165,42.64990328820116,6884,6915,5274,5348,-161.6444691919781,59.513567235975124,-161.63782165887562,59.51635201335589
3894,1032,51950.66307848195,5.195066307848195,230,7.159587273193939,51.25968992248062,3494,3564,1717,1762,-161.96399993853942,59.81459268768357,-161.95995751976088,59.820880894672406
2916,1032,51950.66307848195,5.195066307848195,38,1.1828883320929116,21.802325581395348,2258,2285,5196,5244,-161.65147605119424,59.92948721252246,-161.64716413783046,59.93191266378958
1190,1031,51900.32328867722,5.190032328867722,108,3.363523163267218,26.08729388942774,856,899,5536,5575,-161.62093333153416,60.05399371090142,-161.6174299019261,60.057856466623136
4587,1030,51849.98349887249,5.184998349887249,284,8.849112730466532,70.77669902912622,4906,4939,6277,6379,-161.55436816898091,59.69107433611714,-161.5452053530829,59.694038776554734
3007,1029,51799.64370906776,5.1799643709067755,137,4.270835851761564,78.38289601554908,2337,2396,7438,7521,-161.45007376449465,59.91951591286873,-161.44261774763643,59.924815973045035
871,1027,51698.9641294583,5.16989641294583,61,1.9034637622136044,23.092502434274586,639,672,6857,6901,-161.50226588250197,60.07438546785094,-161.49831329525185,60.07734990828853
5039,1027,51698.9641294583,5.16989641294583,329,10.266222586365178,104.7555988315482,6748,6785,6534,6661,-161.53128146617905,59.525245334668675,-161.5198728620707,59.528569101219915
5080,1026,51648.624339653565,5.164862433965356,95,2.965855070008698,38.98635477582846,6884,6916,4407,4475,-161.72235312711126,59.51347740444671,-161.71624458317925,59.51635201335589
1147,1025,51598.28454984884,5.159828454984884,234,7.308932056386764,57.13560975609756,821,847,2249,2344,-161.91620956542425,60.05866495037885,-161.9076755702251,60.06100057011756
1064,1024,51547.944760044105,5.154794476004411,238,7.4375,102.515625,768,800,8367,8497,-161.36662027459994,60.062887032214206,-161.3549421759064,60.06576164112339
1018,1022,51447.265180434646,5.1447265180434645,228,7.13196821682434,212.48140900195693,741,769,2861,3066,-161.86123267003615,60.06567180959498,-161.8428172067117,60.06818709239052
36,1021,51396.92539062991,5.139692539062991,90,2.816628947659826,31.03232125367287,9,42,4289,4345,-161.73295324746388,60.13097933075047,-161.7279226818728,60.133943771188065
2321,1020,51346.58560082519,5.134658560082519,203,6.356176554514268,155.2980392156863,1767,1834,5317,5449,-161.64060643625638,59.97000123183625,-161.628748674506,59.97601994423985
878,1019,51296.24581102045,5.129624581102045,115,3.602556065640672,54.65750736015702,645,672,4854,4945,-161.6821984339111,60.07438546785094,-161.67402376482562,60.07681091911806
3773,1018,51245.90602121572,5.124590602121572,146,4.5759257278927254,32.53831041257367,3191,3231,4077,4128,-161.7519975314872,59.844506586644755,-161.7474161235382,59.84809984778123
2577,1018,51245.90602121572,5.124590602121572,192,6.017655751749338,27.724950884086443,1984,2014,142,196,-162.10548459578823,59.9538315567221,-162.100633693254,59.956526502574455
3965,1018,51245.90602121572,5.124590602121572,163,5.108738997578865,105.68172888015717,3768,3806,13311,13437,-160.92249319813124,59.79285345780788,-160.91117442555134,59.79626705588753
1879,1015,51094.88665180153,5.1094886651801525,146,4.582683190192715,58.65615763546798,1398,1439,3350,3431,-161.8173050526427,60.00548468555897,-161.81002869884134,60.00916777822386
1218,1014,51044.5468619968,5.10445468619968,58,1.8214154497618502,21.021696252465482,876,914,7405,7440,-161.45303820493223,60.052646237975246,-161.44989410143782,60.0560598360549
3735,1013,50994.20707219207,5.099420707219207,114,3.581790074558161,30.57847976307996,3113,3143,2763,2821,-161.8700361598205,59.85241176114501,-161.86482593117262,59.85510670699736
651,1012,50943.867282387335,5.094386728238733,141,4.432297024906617,27.229249011857707,480,512,344,395,-162.08733862704904,60.08875851239685,-162.08275721910002,60.09163312130603
686,1012,50943.867282387335,5.094386728238733,234,7.355726977504599,194.79841897233203,503,540,12251,12436,-161.0177146182479,60.086243229601315,-161.00109578549169,60.089566996152556
4849,1011,50893.52749258261,5.089352749258261,146,4.591739885173804,44.454995054401586,5703,5726,3850,3933,-161.77238928843673,59.620376923256934,-161.76493327157854,59.6224430484104
3121,1010,50843.187702777876,5.084318770277788,234,7.363006273672365,59.91683168316832,2432,2465,4099,4189,-161.75002123786214,59.91331753740831,-161.74193640030506,59.916281977845905
9,1010,50843.187702777876,5.084318770277788,127,3.996161524599959,34.253465346534654,0,32,4066,4127,-161.75298567829975,60.13187764603459,-161.7475059550666,60.13475225494377
4623,1009,50792.84791297315,5.079284791297315,106,3.337031315108961,22.897918731417246,4968,4995,5362,5411,-161.63656401747784,59.68604377052607,-161.63216227258567,59.68846922179319
31,1007,50692.16833336368,5.069216833336368,171,5.388667353720825,78.97120158887786,7,61,4921,5008,-161.6761797215075,60.12927253171064,-161.66836437853567,60.134123434244884
219,1006,50641.82854355896,5.064182854355896,205,6.463308276474175,62.1272365805169,164,201,97,185,-162.10952701456677,60.116696117732964,-162.1016218400665,60.12001988428421
4407,1006,50641.82854355896,5.064182854355896,117,3.688814967548675,50.7713717693837,4482,4508,3446,3533,-161.80868122591514,59.72979172486269,-161.8008658829433,59.7321273446014
3715,1005,50591.48875375422,5.059148875375422,83,2.6181532361875237,35.92039800995025,3068,3103,3502,3562,-161.80365066032408,59.85600502228148,-161.79826076861937,59.8591491257759
5396,1002,50440.46938434003,5.044046938434003,390,12.320568460327987,340.375249500998,7965,8003,4830,5084,-161.684354390593,59.415830533062916,-161.66153718237638,59.41924413114257
3588,1002,50440.46938434003,5.044046938434003,183,5.781189816000055,70.61477045908184,2849,2887,4500,4595,-161.71399879496894,59.87540863241846,-161.70546479976983,59.878822230498116
4828,1001,50390.129594535305,5.0390129594535304,159,5.025509352866061,48.35164835164835,5638,5665,3784,3867,-161.77831816931192,59.625856646490064,-161.77086215245373,59.628282097757186
3613,999,50289.45001492584,5.028945001492584,45,1.4237369936287485,23.127127127127128,2886,2910,5652,5704,-161.6105128742384,59.87334250726499,-161.60584163476096,59.875498463946876
1224,999,50289.45001492584,5.028945001492584,215,6.802298969559576,44.14414414414414,882,918,1389,1458,-161.99346467985853,60.0522869118616,-161.9872663043981,60.05552084688443
5351,996,50138.430645511646,5.013843064551165,236,7.47794615618884,79.8433734939759,7818,7856,9025,9128,-161.30751112890488,59.42903576773947,-161.29825848147843,59.432449365819124
4860,995,50088.09085570692,5.008809085570692,206,6.530639036966886,86.87035175879397,5752,5804,5117,5212,-161.65857274193877,59.6133700640408,-161.65003874673965,59.61804130351822
2341,995,50088.09085570692,5.008809085570692,306,9.700852161708093,89.2502512562814,1779,1811,6032,6149,-161.57637689344185,59.972067356989726,-161.56586660461764,59.97494196589891
4047,995,50088.09085570692,5.008809085570692,58,1.8387236123499,27.031155778894473,3941,3965,5472,5530,-161.62668254935252,59.77857024479038,-161.62147232070464,59.78072620147227
4511,994,50037.75106590219,5.0037751065902185,67,2.1251109569800963,21.44466800804829,4707,4734,4997,5043,-161.66935252534822,59.70948979944159,-161.66522027504126,59.711915250708714
4727,992,49937.07148629273,4.993707148629273,163,5.175255175257763,29.133064516129032,5237,5277,2925,2970,-161.85548345221778,59.6607112795139,-161.85144103343924,59.66430454065038
2582,991,49886.731696487994,4.988673169648799,181,5.749654488807653,56.201816347124115,1994,2030,3836,3918,-161.77364692983448,59.95239425226751,-161.7662807445047,59.95562818729034
4484,990,49836.39190668327,4.983639190668327,230,7.309879850882874,83.78181818181818,4638,4669,5654,5767,-161.61033321118157,59.71532884878837,-161.60018224847101,59.718113626169135
2643,989,49786.052116878534,4.978605211687854,164,5.214896606140925,55.365015166835185,2043,2089,4936,5007,-161.67483224858134,59.9470941920912,-161.66845421006408,59.95122644239815
4402,989,49786.052116878534,4.978605211687854,310,9.857426511607848,294.8432760364004,4479,4559,7127,7317,-161.47801136983077,59.72521031691368,-161.46094337943248,59.732396839186634
1396,988,49735.71232707381,4.973571232707381,152,4.835764198615911,65.29959514170041,1011,1067,4895,4966,-161.67851534124623,60.03890201412822,-161.67213730272897,60.04393257971929
5349,987,49685.372537269075,4.9685372537269075,233,7.416471714023033,48.149949341438706,7813,7849,8295,8368,-161.3730881446456,59.42966458843836,-161.36653044307153,59.43289852346119
1751,987,49685.372537269075,4.9685372537269075,126,4.010624188699151,35.80952380952381,1292,1320,2671,2737,-161.8783006604344,60.016174637439995,-161.87237177955922,60.01868992023553
636,987,49685.372537269075,4.9685372537269075,192,6.111427335160611,32.82674772036474,468,514,1926,1970,-161.9452251491013,60.088578849340024,-161.94127256185118,60.092711099646976
1962,987,49685.372537269075,4.9685372537269075,173,5.5066506717853425,59.335359675785206,1473,1507,8400,8487,-161.36365583416233,59.99937614162696,-161.3558404911905,60.00243041359296
4209,986,49635.03274746434,4.963503274746434,71,2.261100631309611,25.3184584178499,4205,4243,5395,5436,-161.63359957704026,59.753597079891854,-161.62991648437537,59.75701067797151
1788,986,49635.03274746434,4.963503274746434,217,6.910687844988529,43.038539553752535,1321,1373,539,590,-162.06982147900868,60.01141356643416,-162.0652400710597,60.01608480591158
4900,985,49584.692957659616,4.958469295765962,175,5.575963643925204,41.4253807106599,5964,6013,6615,6667,-161.52400511237767,59.5945952746027,-161.51933387290026,59.59899701949489
2122,984,49534.35316785488,4.953435316785488,65,2.0721243174558492,22.865853658536587,1611,1641,3252,3297,-161.82610854242708,59.98733871681976,-161.82206612364854,59.99003366267212
4067,983,49484.01337805015,4.948401337805015,116,3.6998254062350813,32.23194303153611,3980,4011,5623,5681,-161.61311798856232,59.77443799448343,-161.60790775991444,59.7772227718642
3689,983,49484.01337805015,4.948401337805015,60,1.9137027963284905,28.712105798575788,3005,3029,3342,3402,-161.81802370487,59.86265255538397,-161.81263381316526,59.864808512065856
5355,981,49383.33379844069,4.938333379844069,135,4.310218283495181,55.81651376146789,7859,7882,3397,3491,-161.81308297080733,59.42670014800076,-161.8046388071366,59.42876627315424
414,981,49383.33379844069,4.938333379844069,82,2.618058512937814,36.799184505606526,322,345,11232,11304,-161.1092529456997,60.10376037764165,-161.10278507565403,60.10582650279512
2877,979,49282.65421883123,4.928265421883123,143,4.57029982051924,62.82328907048008,2232,2257,7100,7199,-161.48043682109787,59.932002495317995,-161.4715434997851,59.93424828352829
2014,978,49232.3144290265,4.92323144290265,250,7.994118492388492,89.58691206543968,1517,1541,5956,6080,-161.58320408960114,59.99632186966095,-161.57206498007807,59.998477826342835
3276,973,48980.615480002845,4.8980615480002845,119,3.8149648536431333,29.007194244604317,2551,2593,6540,6582,-161.53074247700857,59.90181910177158,-161.52696955281527,59.90559202596488
3511,973,48980.615480002845,4.8980615480002845,172,5.514066847282512,34.0431654676259,2762,2796,6367,6424,-161.54628333142384,59.883583301503954,-161.54116293430437,59.886637573469955
3332,973,48980.615480002845,4.8980615480002845,237,7.597871179104392,77.15930113052416,2602,2637,5622,5724,-161.61320782009074,59.89786651452145,-161.60404500419273,59.90101061801587
5095,971,48879.935900393386,4.887993590039339,223,7.156410563433332,145.59835221421216,6920,6951,16522,16679,-160.63404416040046,59.51033330095229,-160.61994061043978,59.51311807833306
2239,971,48879.935900393386,4.887993590039339,86,2.759871338364424,23.17198764160659,1709,1737,6562,6609,-161.5287661833835,59.978714890092206,-161.52454410154814,59.98123017288774
3856,969,48779.25632078393,4.877925632078393,136,4.368949450182002,45.5108359133127,3405,3430,3383,3463,-161.81434061220511,59.826630112490776,-161.80715408993214,59.82887590070107
4245,969,48779.25632078393,4.877925632078393,213,6.842545830064458,196.17750257997935,4251,4329,11688,11828,-161.06828976874385,59.74587156844843,-161.05571335476617,59.75287842766456
3281,968,48728.91653097919,4.872891653097919,138,4.435487991079253,33.47107438016529,2557,2588,6854,6913,-161.5025353770872,59.90226825941364,-161.49723531691092,59.905053036794406
1398,965,48577.897161565,4.8577897161565,189,6.0841252708076965,52.928497409326425,1012,1039,11692,11778,-161.0679304426302,60.041417296923754,-161.06020493118677,60.043842748190876
1347,965,48577.897161565,4.8577897161565,79,2.5430999809196195,23.941968911917098,970,1001,5979,6024,-161.58113796444766,60.04483089500341,-161.57709554566912,60.047615672384175
1661,965,48577.897161565,4.8577897161565,123,3.9595100968748502,46.5740932642487,1216,1240,7549,7631,-161.44010246484092,60.02336115971295,-161.43273627951112,60.02551711639484
1074,964,48527.55737176027,4.852755737176027,41,1.3205210841217032,22.721991701244814,772,798,5872,5920,-161.59074993798777,60.06306669527103,-161.586438024624,60.06540231500974
4215,964,48527.55737176027,4.852755737176027,91,2.9309126501237803,29.278008298755186,4211,4234,3468,3529,-161.80670493229007,59.754405563647566,-161.80122520905695,59.75647168880104
4393,964,48527.55737176027,4.852755737176027,49,1.5781837346820355,22.721991701244814,4458,4483,4472,4521,-161.7165140777645,59.73203751307299,-161.7121123328723,59.734283301283284
1544,964,48527.55737176027,4.852755737176027,79,2.544418674283282,29.979253112033195,1111,1140,8402,8458,-161.3634761711055,60.032344312554144,-161.35844560551445,60.03494942687809
4779,963,48477.21758195554,4.847721758195554,190,6.122664430622536,38.2803738317757,5458,5487,3841,3908,-161.77319777219242,59.64184665854739,-161.76717905978882,59.644451772871335
2548,962,48426.87779215081,4.842687779215081,304,9.801353379331248,199.42203742203742,1961,2042,965,1103,-162.0315532479052,59.951316273926565,-162.01915649698435,59.95859262772793
2607,961,48376.53800234608,4.837653800234608,90,2.903225806451613,27.98751300728408,2015,2042,3501,3556,-161.8037404918525,59.951316273926565,-161.79879975778982,59.95374172519369
352,961,48376.53800234608,4.837653800234608,162,5.225806451612903,71.42976066597295,280,350,6645,6706,-161.52131016652532,60.10331121999959,-161.51583044329217,60.109599426988424
870,961,48376.53800234608,4.837653800234608,222,7.161290322580645,109.23621227887617,639,762,2176,2215,-161.92276726699833,60.06630063029386,-161.91926383739028,60.07734990828853
1909,959,48275.858422736615,4.8275858422736615,308,9.94583872929765,324.6757038581856,1428,1565,6764,6906,-161.5106202146443,59.994165912979064,-161.49786413760978,60.0064728323715
4367,959,48275.858422736615,4.8275858422736615,62,2.0020844195339422,22.84045881126173,4413,4441,13813,13859,-160.87739777086844,59.73581043726629,-160.8732655205615,59.73832572006182
2234,959,48275.858422736615,4.8275858422736615,66,2.1312511562780676,27.366006256517206,1706,1732,2453,2508,-161.8978839336282,59.979164047734265,-161.89294319956556,59.98149966747298
4739,958,48225.51863293189,4.822551863293189,78,2.52006561202983,36.89352818371608,5323,5343,13263,13337,-160.926805111495,59.65478239863871,-160.92015757839252,59.656579029206945
19,958,48225.51863293189,4.822551863293189,139,4.490886154771108,76.09603340292276,0,18,5775,5892,-161.5994635962437,60.13313528743235,-161.5889533074195,60.13475225494377
1432,958,48225.51863293189,4.822551863293189,80,2.584682679004954,29.461377870563673,1032,1049,3463,3530,-161.80715408993214,60.04051898163963,-161.80113537752854,60.04204611762263
2929,957,48175.178843127156,4.817517884312716,214,6.9176375670370245,84.28004179728318,2266,2304,7277,7381,-161.46453664056895,59.92778041348263,-161.45519416161412,59.93119401156228
921,956,48124.83905332243,4.812483905332243,86,2.7814387776185487,26.778242677824267,670,708,4271,4313,-161.7345702149753,60.07115153282811,-161.730797290782,60.074565130907764
4684,956,48124.83905332243,4.812483905332243,203,6.5654892076344815,49.71129707112971,5050,5098,15879,15940,-160.69180583316935,59.67679112309964,-160.68632610993623,59.68110303646341
4442,956,48124.83905332243,4.812483905332243,206,6.662516141737454,58.25941422594142,4553,4614,5470,5527,-161.62686221240935,59.720269582851024,-161.62174181528988,59.725749306084154
1675,954,48024.15947371296,4.802415947371296,190,6.151477128262673,83.35849056603773,1229,1272,2737,2835,-161.87237177955922,60.02048655080377,-161.86356828977486,60.02434930652548
1306,953,47973.81968390824,4.797381968390824,222,7.19128538714828,38.68205666316894,943,998,3244,3285,-161.82682719465436,60.04510038958864,-161.82314410198947,60.0500411236513
851,952,47923.479894103504,4.7923479894103505,125,4.051273272201027,39.53361344537815,623,655,662,727,-162.05877220101402,60.07591260383394,-162.05293315166725,60.07878721274312
2128,952,47923.479894103504,4.7923479894103505,206,6.676498352587293,40.35294117647059,1614,1660,11162,11214,-161.11554115268854,59.985631917779926,-161.1108699132111,59.98976416808688
2690,951,47873.14010429877,4.787314010429877,222,7.198843229893289,42.90641430073607,2081,2128,5150,5204,-161.6556083015012,59.94359076248313,-161.65075739896693,59.9478128443185
4103,951,47873.14010429877,4.787314010429877,96,3.1130132886025033,29.678233438485805,4045,4072,7316,7373,-161.4610332109609,59.7689582712503,-161.45591281384142,59.77138372251742
4431,951,47873.14010429877,4.787314010429877,261,8.463504878388056,87.21766561514195,4535,4593,5300,5386,-161.6421335722394,59.722156044947674,-161.63440806079595,59.727366273595564
3526,950,47822.800314494045,4.782280031449404,93,3.017318433032183,23.68421052631579,2776,2809,2463,2505,-161.8969856183441,59.882415491634596,-161.8932126941508,59.88537993207219
4005,948,47722.12073488458,4.772212073488458,157,5.099122949323803,65.92827004219409,3866,3893,1939,2037,-161.94405733923196,59.78503811483604,-161.93525384944758,59.78746356610316
1838,948,47722.12073488458,4.772212073488458,93,3.020499581446584,38.88607594936709,1364,1396,3519,3583,-161.80212352434108,60.00934744128068,-161.79637430652272,60.01222205018987
4940,948,47722.12073488458,4.772212073488458,187,6.073477653016249,49.21518987341772,6220,6255,12275,12348,-161.01555866156602,59.57285604472701,-161.00900095999197,59.576000148221425
5191,947,47671.78094507985,4.767178094507985,121,3.93197167680026,34.21330517423443,7290,7310,16187,16257,-160.66413772241847,59.4780837822524,-160.65784951542963,59.47988041282064
4894,947,47671.78094507985,4.767178094507985,217,7.051552511286417,59.81414994720169,5931,5973,3839,3916,-161.77337743524924,59.59818853573918,-161.76646040756154,59.60196145993248
255,947,47671.78094507985,4.767178094507985,190,6.174170401587186,93.7740232312566,190,225,6077,6191,-161.5723344746633,60.11454016105108,-161.56209368042434,60.117684264545495
3987,947,47671.78094507985,4.767178094507985,98,3.1845721018712854,25.697993664202745,3824,3853,2552,2601,-161.88899061231544,59.78863137597252,-161.88458886742325,59.79123649029646
3470,946,47621.44115527512,4.762144115527512,150,4.876920665717663,44.858350951374206,2723,2746,2832,2912,-161.8638377843601,59.88807487792455,-161.85665126208713,59.89014100307802
1880,946,47621.44115527512,4.762144115527512,179,5.8197919944230785,69.276955602537,1400,1475,6541,6594,-161.53065264548016,60.00225075053614,-161.52589157447431,60.008988115167035
973,946,47621.44115527512,4.762144115527512,93,3.023690812744951,27.061310782241016,708,738,10333,10383,-161.19001148974203,60.06845658697575,-161.18551991332143,60.07115153282811
4767,945,47571.10136547039,4.757110136547039,78,2.5373401896661862,23.17883597883598,5420,5447,2805,2852,-161.8662632356272,59.64543991968387,-161.86204115379184,59.64786537095099
719,944,47520.76157566566,4.752076157566566,246,8.006618025320668,79.52966101694915,528,565,9756,9856,-161.24184428163574,60.08399744139102,-161.23286112879453,60.08732120794226
4313,944,47520.76157566566,4.752076157566566,191,6.21652049933434,66.20762711864407,4342,4365,5662,5764,-161.60961455895426,59.7426376334256,-161.60045174305625,59.74470375857907
160,944,47520.76157566566,4.752076157566566,178,5.793406538646662,115.36016949152543,128,164,6283,6412,-161.55382917981044,60.12001988428421,-161.5422409126453,60.12325381930704
986,944,47520.76157566566,4.752076157566566,384,12.498135454159092,226.10593220338984,717,783,4149,4314,-161.74552966144154,60.06441416819721,-161.73070745925358,60.0703430490724
1957,943,47470.421785860926,4.747042178586093,72,2.34464259249301,30.646871686108167,1469,1504,4873,4923,-161.6804916348713,59.99964563621219,-161.67600005845068,60.002789739706614
3466,942,47420.0819960562,4.74200819960562,277,9.025147692447383,115.60509554140127,2720,2766,3964,4083,-161.76214849419776,59.88627824735631,-161.75145854231673,59.89041049766326
1096,942,47420.0819960562,4.74200819960562,74,2.411050286068976,21.40552016985138,792,822,10275,10316,-161.19522171838992,60.06091073858914,-161.19153862572503,60.063605684441505
4820,940,47319.40241644674,4.731940241644674,96,3.1311747506565224,40.86808510638298,5586,5606,5209,5287,-161.65030824132486,59.63115670666637,-161.64330138210875,59.6329533372346
2889,938,47218.722836837274,4.7218722836837275,129,4.211999307491788,37.68017057569296,2243,2267,16053,16123,-160.67617514722568,59.93110418003388,-160.66988694023684,59.93326013671576
4590,937,47168.38304703255,4.716838304703255,303,9.898578533829738,150.88153681963715,4913,4993,4290,4398,-161.73286341593547,59.686223433582896,-161.72316161086698,59.69340995585585
1279,936,47118.043257227815,4.711804325722781,59,1.9284753288588095,23.4017094017094,924,953,2192,2237,-161.92132996254372,60.04914280836718,-161.9172875437652,60.05174792269113
194,935,47067.70346742308,4.706770346742308,195,6.377181916635354,72.29946524064171,148,173,12161,12266,-161.025799455805,60.1192114005285,-161.01636714532174,60.1214571887388
650,935,47067.70346742308,4.706770346742308,145,4.742007066216032,41.92941176470588,479,510,10582,10650,-161.16764343916745,60.08893817545368,-161.16153489523543,60.091722952834445
649,934,47017.363677618356,4.701736367761836,105,3.435704952769364,37.0406852248394,479,512,5400,5460,-161.6331504193982,60.08875851239685,-161.62776052769348,60.091722952834445
1356,934,47017.363677618356,4.701736367761836,93,3.0430529581671513,26.728051391862955,977,1003,2901,2954,-161.85763940889967,60.04465123194658,-161.85287833789383,60.04698685168529
4419,933,46967.02388781362,4.696702388781362,46,1.5059723902847977,25.419078242229368,4512,4535,4778,4832,-161.68902563007043,59.727366273595564,-161.68417472753617,59.72943239874904
3275,933,46967.02388781362,4.696702388781362,122,3.994100687277072,44.60450160771704,2550,2589,4005,4068,-161.75846540153287,59.902178427885225,-161.75280601524292,59.90568185749329
2081,933,46967.02388781362,4.696702388781362,103,3.3720686130290036,29.534833869239012,1574,1619,757,795,-162.05023820581488,59.98931501044482,-162.04682460773523,59.99335742922336
1275,931,46866.34430820416,4.686634430820416,61,1.9991942523006097,34.03222341568206,922,950,5706,5767,-161.60566197170414,60.04941230295241,-161.60018224847101,60.05192758574795
4403,931,46866.34430820416,4.686634430820416,88,2.884083511515634,28.189044038668097,4480,4510,3838,3889,-161.77346726677766,59.72961206180587,-161.76888585882867,59.73230700765822
964,930,46816.00451839943,4.681600451839943,272,8.91923136666176,76.08172043010752,702,728,11265,11372,-161.10628850526209,60.06935490225987,-161.096676531722,60.071690521998576
3701,929,46765.664728594704,4.67656647285947,112,3.674600803578805,29.66200215285253,3050,3075,1451,1509,-161.987895125097,59.858520305077015,-161.9826848964491,59.86076609328732
766,928,46715.32493878997,4.671532493878997,135,4.431592109015636,76.24568965517241,558,586,11190,11295,-161.113025869893,60.08211097929436,-161.10359355940975,60.0846262620899
3986,928,46715.32493878997,4.671532493878997,103,3.3811406461378555,26.900862068965516,3823,3849,7518,7571,-161.44288724222167,59.78899070208617,-161.43812617121586,59.791326321824876
2568,926,46614.64535918051,4.661464535918051,142,4.666409537295502,59.131749460043196,1975,2016,3022,3098,-161.8467697939618,59.953651893665274,-161.83994259780252,59.95733498633017
5093,926,46614.64535918051,4.661464535918051,88,2.8918594315634096,24.29805615550756,6917,6951,9432,9473,-161.2709496968412,59.51033330095229,-161.2672666041763,59.5133875729183
5148,926,46614.64535918051,4.661464535918051,253,8.314095865744802,58.125269978401725,7129,7166,16830,16909,-160.60637604964958,59.49101952234372,-160.59927935890505,59.49434328889496
2839,925,46564.30556937578,4.656430556937578,235,7.726752403351792,75.34702702702702,2199,2226,1887,1992,-161.9487285787094,59.93478727269876,-161.93929626822612,59.937212723965885
965,925,46564.30556937578,4.656430556937578,169,5.556685770921076,41.53081081081081,703,744,1701,1758,-161.965437242994,60.06791759780528,-161.96031684587453,60.07160069047017
2405,924,46513.96577957105,4.651396577957105,103,3.3884512290428104,44.16017316017316,1840,1891,0,50,-162.11824067282274,59.964880834716766,-162.11374909640213,59.96946224266578
4410,922,46413.286199961585,4.641328619996158,264,8.694376969591952,122.4468546637744,4487,4554,12112,12213,-161.03020120069718,59.72565947455574,-161.02112821632755,59.73167818695934
4867,921,46362.94641015686,4.636294641015686,172,5.667592694342856,41.71118349619978,5792,5824,4510,4576,-161.71310047968484,59.61157343347256,-161.70717159880965,59.614448042381746
2778,921,46362.94641015686,4.636294641015686,112,3.6905254753860457,26.423452768729643,2148,2179,2581,2628,-161.88638549799148,59.93900935453413,-161.88216341615612,59.9417941319149
2858,921,46362.94641015686,4.636294641015686,204,6.7220285444531545,56.442996742671006,2214,2234,16559,16653,-160.63072039384923,59.93406862047147,-160.6222762301785,59.93586525103971
1466,921,46362.94641015686,4.636294641015686,94,3.0974053096990026,28.495114006514658,1054,1082,3386,3439,-161.81407111761987,60.037554541202034,-161.80931004661403,60.04006982399757
1172,919,46262.26683054739,4.626226683054739,130,4.288304310901275,27.856365614798694,839,879,1347,1387,-161.99723760405183,60.05579034146967,-161.99364434291536,60.05938360260614
3535,919,46262.26683054739,4.626226683054739,166,5.47583473545855,31.447225244831337,2786,2816,2727,2782,-161.87327009484335,59.88178667093571,-161.86832936078068,59.88448161678807
4664,919,46262.26683054739,4.626226683054739,144,4.750121698229104,64.78346028291621,5022,5076,2986,3054,-161.85000372898466,59.6787674167247,-161.84389518505265,59.68361831925895
3337,918,46211.92704074267,4.621192704074267,66,2.1783245945486835,23.22004357298475,2607,2629,3119,3170,-161.83805613570587,59.898585166748745,-161.83347472775685,59.90056146037381
698,918,46211.92704074267,4.621192704074267,142,4.686698370089592,40.15686274509804,514,555,8226,8281,-161.379286520106,60.08489575667514,-161.37434578604336,60.088578849340024
1256,916,46111.2474611332,4.61112474611332,141,4.658771133208383,31.550218340611355,905,938,11140,11192,-161.1175174463136,60.05049028129336,-161.11284620683617,60.05345472173095
3083,915,46060.907671328474,4.606090767132847,54,1.785184933249673,20.214207650273224,2406,2433,4723,4764,-161.69396636413308,59.91619214631749,-161.6902832714682,59.918617597584614
3938,915,46060.907671328474,4.606090767132847,165,5.454731740485112,39.45355191256831,3651,3700,1662,1708,-161.96894067260206,59.80237559981955,-161.96480842229514,59.80677734471173
1703,914,46010.56788152374,4.601056788152374,154,5.093867252748293,56.87527352297593,1246,1269,16150,16241,-160.6674614889697,60.020756045389,-160.65928681988422,60.022822170542476
1857,914,46010.56788152374,4.601056788152374,183,6.053101995148945,70.58643326039387,1379,1445,6229,6290,-161.5586800823447,60.004945696388496,-161.55320035911157,60.010874577263685
1739,913,45960.228091719015,4.5960228091719015,174,5.758559513197008,39.539978094194964,1279,1329,7099,7144,-161.48052665262628,60.01536615368428,-161.47648423384774,60.01985773010488
720,912,45909.88830191428,4.590988830191428,143,4.7352031765075315,39.583333333333336,529,556,239,307,-162.09677093753228,60.084805925146725,-162.09066239360027,60.08723137641385
1408,910,45809.20872230482,4.580920872230482,53,1.756932891949259,24.07032967032967,1019,1052,7144,7185,-161.47648423384774,60.040249487054396,-161.47280114118286,60.04321392749199
974,910,45809.20872230482,4.580920872230482,245,8.1216709156145,44.83956043956044,709,744,2085,2151,-161.93094193608383,60.06791759780528,-161.92501305520864,60.0710617012997
777,910,45809.20872230482,4.580920872230482,215,7.127180599416805,98.9010989010989,564,615,5953,6052,-161.58347358418638,60.07950586497042,-161.5745802628736,60.084087272919426
3967,910,45809.20872230482,4.580920872230482,247,8.187970270027678,285.8241758241758,3773,3830,2121,2319,-161.92770800106098,59.79069750112599,-161.9099213584354,59.795817898245474
1843,909,45758.86893250009,4.575886893250009,190,6.301902204663265,118.35423542354235,1372,1463,4590,4663,-161.70591395741187,60.00332872887709,-161.6993562558378,60.01150339796257
4356,908,45708.52914269536,4.570852914269536,154,5.110669499319784,41.44933920704846,4405,4433,3600,3669,-161.7948471705397,59.73652908949359,-161.7886487950793,59.73904437228912
4809,908,45708.52914269536,4.570852914269536,118,3.9159675384398347,44.93832599118943,5553,5616,6986,7024,-161.49067761533684,59.63025839138225,-161.4872640172572,59.6359177776722
4610,907,45658.18935289063,4.565818935289063,176,5.84398408150409,122.99448732083793,4946,4977,5950,6086,-161.58374307877162,59.687660738037486,-161.5715259909076,59.690445515418254
1060,907,45658.18935289063,4.565818935289063,214,7.105753371828837,125.95810363836824,766,784,15201,15352,-160.75271160943265,60.0643243366688,-160.73914704864245,60.065941304180214
594,906,45607.849563085896,4.56078495630859,171,5.681094475282566,38.18543046357616,441,481,3,56,-162.1179711782375,60.09154328977762,-162.11321010723168,60.0951365509141
1110,903,45456.8301936717,4.5456830193671705,193,6.422637842423315,35.880398671096344,803,858,2531,2566,-161.8908770744121,60.057676803566316,-161.88773297091765,60.062617537628974
3022,902,45406.49040386698,4.540649040386698,173,5.760269918534032,54.63858093126386,2352,2389,419,493,-162.08060126241813,59.92014473356762,-162.07395372931563,59.92346850011886
4306,901,45356.150614062244,4.535615061406224,115,3.831205476753425,30.58379578246393,4337,4368,6738,6790,-161.512955834383,59.74236813884036,-161.50828459490558,59.74515291622113
107,901,45356.150614062244,4.535615061406224,103,3.431427513961763,31.32519422863485,70,106,4655,4703,-161.7000749080651,60.1252301129321,-161.6957629947013,60.128464047954935
4848,899,45255.471034452785,4.5255471034452786,37,1.2340190900353796,22.4293659621802,5702,5727,3394,3440,-161.81335246539257,59.62028709172852,-161.80922021508562,59.62253287993882
5250,898,45205.13124464805,4.520513124464805,130,4.338156187728999,35.28285077951002,7512,7558,9930,9973,-161.22621359569206,59.45580556320623,-161.22235083997035,59.459937813513186
2552,897,45154.791454843325,4.515479145484332,210,7.011695914588867,81.27090301003345,1963,2001,4220,4317,-161.7391516229243,59.95499936659145,-161.73043796466834,59.958412964671105
4247,897,45154.791454843325,4.515479145484332,59,1.9699526617178247,29.984392419175027,4255,4281,5749,5805,-161.60179921598242,59.7501834818122,-161.59676865039137,59.75251910155092
1320,896,45104.45166503859,4.510445166503859,63,2.104682280060342,27.861607142857142,952,980,3845,3896,-161.7728384460788,60.04671735710006,-161.76825703812978,60.04923263989559
2015,895,45054.11187523386,4.505411187523386,217,7.2535100345439,47.4145251396648,1518,1559,1971,2033,-161.94118273032277,59.994704902149536,-161.93561317556123,59.99838799481443
369,894,45003.77208542913,4.500377208542913,156,5.217420484307079,58.147651006711406,295,344,4881,4946,-161.679772982644,60.103850209170055,-161.67393393329723,60.10825195406225
5350,893,44953.4322956244,4.49534322956244,160,5.354195851282038,46.60246360582307,7818,7845,3446,3521,-161.80868122591514,59.430023914552,-161.80194386128426,59.432449365819124
217,893,44953.4322956244,4.49534322956244,289,9.671016256378179,48.44792833146697,160,210,14596,14650,-160.8070596841219,60.11588763397726,-160.80220878158764,60.12037921039786
4569,892,44903.09250581967,4.4903092505819675,236,7.901864456152616,174.03139013452915,4861,4932,6869,6995,-161.50118790416104,59.69170315681602,-161.48986913158114,59.69808119533327
146,890,44802.41292621021,4.480241292621021,128,4.290569748185542,31.712359550561796,114,145,12384,12437,-161.00576702496912,60.121726683324034,-161.0010059539633,60.12451146070481
5356,889,44752.07313640548,4.475207313640548,217,7.277946409325083,64.79190101237346,7864,7906,8123,8201,-161.38853916753246,59.42454419131887,-161.3815323083163,59.42831711551218
4225,889,44752.07313640548,4.475207313640548,231,7.74749133895896,62.65016872890889,4224,4290,10391,10443,-161.18480126109415,59.749374998056496,-161.18013002161672,59.755303878931684
4961,888,44701.73334660075,4.470173334660075,152,5.100786019626585,48.72072072072072,6411,6446,4350,4419,-161.72747352423073,59.55569822280032,-161.72127514877033,59.558842326294744
3217,887,44651.393556796014,4.465139355679601,48,1.6116822668953792,27.43630214205186,2499,2523,4949,5003,-161.673664438712,59.908107308760414,-161.66881353617774,59.9102632654423
3901,887,44651.393556796014,4.465139355679601,215,7.2189934871355526,68.22547914317926,3527,3557,1786,1879,-161.957801563079,59.81522150838246,-161.94944723093667,59.81791645423481
2731,886,44601.05376699129,4.460105376699129,67,2.250909021289376,23.404063205417607,2113,2136,4588,4637,-161.7060936204687,59.94287211025584,-161.7016918755765,59.94493823540932
3724,885,44550.713977186555,4.455071397718656,139,4.6724338858970595,46.106214689265535,3087,3141,1064,1111,-162.0226599265924,59.852591424201826,-162.01843784475705,59.85744232673608
5411,885,44550.713977186555,4.455071397718656,167,5.613643589531,75.2135593220339,7991,8003,7946,8063,-161.40443934806137,59.415830533062916,-161.39392905923717,59.41690851140386
428,885,44550.713977186555,4.455071397718656,204,6.857384983618706,115.70621468926554,336,431,5129,5194,-161.65749476359784,60.09603486619822,-161.65165571425106,60.104568861397354
2299,884,44500.37418738182,4.450037418738182,242,8.139340807355381,231.1131221719457,1747,1802,8490,8661,-161.35557099660525,59.97287584074543,-161.34020980524681,59.97781657480809
2260,880,44299.0150281629,4.42990150281629,182,6.135218748415503,52.04090909090909,1719,1761,9289,9354,-161.28379560540412,59.976558933410324,-161.27795655605735,59.98033185760362
3076,878,44198.335448553444,4.4198335448553445,86,2.902359420370156,46.47380410022779,2403,2436,4337,4405,-161.7286413341001,59.91592265173225,-161.7225327901681,59.91888709216985
2637,877,44147.99565874871,4.414799565874871,357,12.05503344013916,184.2690992018244,2041,2079,9044,9207,-161.30580432986505,59.94799250737532,-161.2911617907339,59.95140610545498
3812,877,44147.99565874871,4.414799565874871,117,3.95080927870107,41.163055872291906,3268,3300,4061,4124,-161.7534348359418,59.83830821118433,-161.74777544965184,59.84118282009351
4334,875,44047.31607913925,4.404731607913925,70,2.3664319132398464,40.393142857142855,4373,4397,14500,14570,-160.81568351084942,59.739763024516414,-160.80939530386058,59.7419189811983
28,875,44047.31607913925,4.404731607913925,199,6.727427867638992,45.714285714285715,4,30,10266,10340,-161.19603020214564,60.13205730909141,-161.18938266904314,60.134392928830124
2963,875,44047.31607913925,4.404731607913925,245,8.282511696339462,73.73257142857143,2299,2320,1495,1601,-161.98394253784687,59.92634310902804,-161.9744203958352,59.92822957112469
2411,874,43996.97628933452,4.399697628933452,94,3.1795974300111705,43.954233409610985,1841,1884,4133,4188,-161.74696696589615,59.96550965541565,-161.74202623183348,59.969372411137364
4,873,43946.63649952979,4.394663649952979,148,5.0090410813258535,44.90721649484536,0,20,2005,2084,-161.93812845835677,60.13295562437553,-161.93103176761224,60.13475225494377
1560,873,43946.63649952979,4.394663649952979,191,6.464370584684041,95.01030927835052,1121,1149,7798,7914,-161.41773441426633,60.03153582879844,-161.40731395697054,60.034051111593975
1472,872,43896.29670972506,4.389629670972506,58,1.9641278382879295,24.44495412844037,1059,1084,3091,3139,-161.84057141850138,60.037374878145215,-161.8362595051376,60.03962066635551
4488,871,43845.956919920325,4.384595691992033,218,7.386648208531499,96.5556831228473,4642,4698,4154,4243,-161.7450805037995,59.71272373446442,-161.73708549777083,59.71775430005549
3985,870,43795.6171301156,4.37956171301156,65,2.203706386767634,32.44137931034483,3822,3840,5460,5526,-161.62776052769348,59.78979918584187,-161.6218316468183,59.79141615335329
4803,870,43795.6171301156,4.37956171301156,316,10.713403357208804,195.1080459770115,5539,5636,7247,7356,-161.46723158642132,59.628461760814005,-161.45743994982442,59.63717541906997
4524,870,43795.6171301156,4.37956171301156,83,2.8139635400263634,37.241379310344826,4741,4774,10845,10902,-161.1440177471951,59.70589653830511,-161.13889735007564,59.708860978742706
3364,868,43694.93755050613,4.369493755050613,109,3.6997010714966123,25.921658986175114,2627,2659,6872,6915,-161.5009184095758,59.89589022089639,-161.4970556538541,59.89876482980557
3030,867,43644.59776070141,4.364459776070141,149,5.060305300544367,33.333333333333336,2358,2385,2204,2262,-161.9202519842028,59.920504059681264,-161.9150417555549,59.922929510948386
1542,867,43644.59776070141,4.364459776070141,345,11.716814286495346,336.33217993079586,1108,1199,5976,6155,-161.5814074590329,60.02704425237784,-161.56532761544716,60.035218921463326
228,867,43644.59776070141,4.364459776070141,91,3.090522029191526,40.765859284890425,172,211,4050,4105,-161.75442298275433,60.115797802448846,-161.74948224869166,60.11930123205691
2780,866,43594.25797089667,4.359425797089667,86,2.922398963931515,48.0554272517321,2149,2177,5007,5081,-161.66845421006408,59.93918901759095,-161.66180667696162,59.94170430038648
3395,866,43594.25797089667,4.359425797089667,127,4.315635679294214,39.94919168591224,2659,2711,2678,2719,-161.87767183973554,59.891218981418966,-161.87398874707063,59.89589022089639
4888,865,43543.91818109195,4.354391818109194,58,1.9720591626623332,25.322543352601155,5897,5920,4468,4519,-161.71687340387814,59.602949606745014,-161.71229199592912,59.60501573189849
2958,864,43493.578391287214,4.3493578391287215,179,6.089703666085956,54.0,2292,2335,988,1053,-162.02948712275173,59.92499563610186,-162.02364807340496,59.928858391823574
2507,864,43493.578391287214,4.3493578391287215,76,2.5855725062711326,29.62962962962963,1928,1950,3334,3392,-161.81874235709728,59.95958077454046,-161.8135321284494,59.961557068165526
173,864,43493.578391287214,4.3493578391287215,83,2.8237173423750526,32.666666666666664,137,163,4590,4648,-161.70591395741187,60.120109715812625,-161.70070372876398,60.12244533555133
1720,864,43493.578391287214,4.3493578391287215,128,4.354648431614539,80.66666666666667,1264,1290,7971,8077,-161.40219355985107,60.01886958329235,-161.3926714178394,60.021205203031066
1339,863,43443.23860148248,4.344323860148248,180,6.127271258128178,101.52491309385863,963,1014,8493,8590,-161.35530150202004,60.04366308513405,-161.34658784376407,60.04824449308306
1648,863,43443.23860148248,4.344323860148248,198,6.739998383940995,80.7601390498262,1202,1255,9345,9424,-161.27876503981304,60.02201368678677,-161.2716683490685,60.0267747577926
3313,863,43443.23860148248,4.344323860148248,212,7.2165639262398535,77.13093858632676,2587,2641,7682,7757,-161.42815487156213,59.89750718840781,-161.42141750693122,59.90235809094205
3594,863,43443.23860148248,4.344323860148248,176,5.9911096746142185,38.382387022016225,2865,2897,15014,15073,-160.7695101052457,59.874510317134344,-160.76421004506938,59.877384926043526
4738,862,43392.898811677755,4.339289881167775,355,12.091347983400546,356.0510440835267,5323,5372,3970,4198,-161.76160950502728,59.65217728431476,-161.74112791654937,59.656579029206945
2032,862,43392.898811677755,4.339289881167775,125,4.2575168955635725,70.20417633410673,1532,1582,8906,8979,-161.31820108078588,59.99263877699606,-161.31164337921183,59.99713035341666
2533,861,43342.55902187302,4.334255902187302,73,2.487833344557139,32.78048780487805,1953,1979,3606,3664,-161.79430818136925,59.956975660216514,-161.78909795272133,59.95931127995523
3888,861,43342.55902187302,4.334255902187302,199,6.7819018570804195,134.2624854819977,3475,3525,3120,3240,-161.83796630417746,59.81809611729164,-161.827186520768,59.82258769371224
885,861,43342.55902187302,4.334255902187302,63,2.1470342562616405,28.264808362369337,649,677,8940,8990,-161.3151468088199,60.07393631020888,-161.31065523239928,60.076451593004414
1480,859,43241.87944226356,4.324187944226356,49,1.671858425140604,25.49941792782305,1062,1086,9215,9265,-161.2904431385066,60.03719521508839,-161.285951562086,60.03935117177028
881,858,43191.53965245883,4.319153965245883,151,5.155055002091838,44.773892773892776,646,678,151,217,-162.10467611203254,60.073846478680466,-162.09874723115735,60.07672108758965
239,858,43191.53965245883,4.319153965245883,139,4.7453817568924865,98.01864801864802,179,205,7596,7715,-161.43588038300555,60.11633679161932,-161.42519043112452,60.118672411358034
3001,857,43141.1998626541,4.3141199862654105,267,9.12054625889682,125.53558926487747,2332,2369,3668,3795,-161.78873862660768,59.921941364135854,-161.77733002249937,59.925265130687094
3883,856,43090.86007284937,4.309086007284937,96,3.2812124497183834,26.285046728971963,3460,3486,2081,2130,-161.93130126219745,59.821599546899705,-161.9268995173053,59.823935166638414
416,856,43090.86007284937,4.309086007284937,77,2.6318058190449536,28.429906542056074,325,348,3980,4035,-161.76071118974318,60.10349088305641,-161.7557704556805,60.105557008209885
739,855,43040.520283044636,4.304052028304463,231,7.900033311055687,141.6421052631579,539,586,11713,11840,-161.06604398053355,60.08211097929436,-161.0546353764252,60.08633306112973
147,854,42990.18049323991,4.299018049323991,65,2.2242542101947533,24.28103044496487,116,142,7424,7470,-161.4513314058924,60.121996177909274,-161.44719915558545,60.12433179764798
4478,854,42990.18049323991,4.299018049323991,81,2.7717629388580773,31.494145199063233,4620,4645,2624,2681,-161.88252274226977,59.71748480547025,-161.8774023451503,59.71973059368055
4102,853,42939.84070343518,4.293984070343518,247,8.457118923864074,79.24970691676437,4042,4084,13910,13998,-160.86868411261247,59.76788029290936,-160.86077893811222,59.77165321710266
3844,853,42939.84070343518,4.293984070343518,143,4.896226745394991,98.59320046893318,3369,3401,2777,2890,-161.86877851842274,59.829235226814724,-161.8586275557122,59.832109835723905
4208,853,42939.84070343518,4.293984070343518,53,1.814685437104437,29.26611957796014,4204,4230,7069,7122,-161.48322159847865,59.75476488976121,-161.4784605274728,59.75710050949992
1518,852,42889.50091363044,4.288950091363044,53,1.815750081042959,23.004694835680752,1095,1123,4078,4120,-161.7519076999588,60.03387144853715,-161.7481347757655,60.036386731332684
3360,851,42839.16112382572,4.283916112382571,84,2.879482914802456,33.16568742655699,2624,2659,6135,6184,-161.5671242460154,59.89589022089639,-161.56272250112323,59.899034324390804
3397,850,42788.821334020984,4.2788821334020986,42,1.4405881151970743,22.404705882352943,2661,2684,4315,4361,-161.73061762772517,59.89364443268609,-161.72648537741821,59.895710557839564
2396,850,42788.821334020984,4.2788821334020986,67,2.2980810409096186,43.36941176470588,1836,1866,5457,5523,-161.62803002227872,59.96712662292707,-161.62210114140353,59.96982156877942
1627,848,42688.141754411525,4.268814175441152,57,1.9573880362688187,31.71698113207547,1183,1206,2543,2602,-161.88979909607113,60.026415431678956,-161.88449903589483,60.02848155683243
5199,848,42688.141754411525,4.268814175441152,160,5.494422557947561,51.0188679245283,7330,7368,4846,4912,-161.68291708613842,59.47287355360451,-161.67698820526323,59.47628715168416
4368,847,42637.80196460679,4.263780196460679,110,3.7796447300922726,46.285714285714285,4416,4445,4714,4784,-161.6947748478888,59.73545111115264,-161.68848664089995,59.73805622547659
2833,847,42637.80196460679,4.263780196460679,232,7.971614339830975,99.29161747343565,2194,2223,3890,4006,-161.76879602730025,59.935056767284,-161.75837557000446,59.937661881607944
4989,847,42637.80196460679,4.263780196460679,48,1.6492995185857189,27.27744982290437,6560,6583,4263,4316,-161.7352888672026,59.54339130340789,-161.73052779619675,59.54545742856136
1202,846,42587.462174802065,4.258746217480207,81,2.7848373648987423,30.260047281323878,866,887,1110,1169,-162.01852767628546,60.05507168924237,-162.01322761610916,60.05695815133902
1849,844,42486.782595192606,4.24867825951926,82,2.8225564023682086,31.09478672985782,1377,1402,6103,6159,-161.5699988549246,60.008808452110216,-161.56496828933354,60.01105424032051
3790,844,42486.782595192606,4.24867825951926,113,3.8896204081415555,28.099526066350712,3233,3264,3997,4043,-161.75918405376015,59.84154214620716,-161.75505180345323,59.84432692358793
2735,842,42386.10301558314,4.238610301558314,337,11.613786958005482,462.4418052256532,2114,2168,8694,8952,-161.33724536480923,59.93999750134666,-161.31406883047893,59.944848403880904
1961,842,42386.10301558314,4.238610301558314,176,6.065360547801083,69.55344418052256,1473,1529,4650,4715,-161.70052406570716,59.9973998480019,-161.69468501636038,60.00243041359296
2656,842,42386.10301558314,4.238610301558314,55,1.8954251711878385,26.014251781472684,2052,2069,2780,2837,-161.8685090238375,59.94889082265944,-161.86338862671803,59.95041795864245
1052,841,42335.76322577841,4.233576322577841,221,7.620689655172414,152.39476813317478,764,817,11609,11735,-161.07538645948839,60.0613598962312,-161.0640676869085,60.06612096723704
4536,841,42335.76322577841,4.233576322577841,167,5.758620689655173,32.76575505350773,4778,4814,4432,4479,-161.72010733890096,59.70230327716863,-161.7158852570656,59.705537212191466
3699,840,42285.42343597368,4.228542343597368,93,3.2088048509419473,25.376190476190477,3043,3075,2799,2840,-161.86680222479768,59.858520305077015,-161.8631191321328,59.8613949139862
2479,840,42285.42343597368,4.228542343597368,134,4.623439247593773,46.67142857142857,1906,1939,172,238,-162.1027896499359,59.960568921352994,-162.0968607690607,59.96353336179059
1423,839,42235.08364616895,4.223508364616895,74,2.554763715110984,29.00595947556615,1028,1058,4050,4098,-161.75442298275433,60.039710497883924,-161.75011106939056,60.042405443736286
4354,839,42235.08364616895,4.223508364616895,91,3.1416688929067504,24.03337306317044,4402,4426,5302,5349,-161.64195390918258,59.73715791019247,-161.6377318273472,59.739313866874355
5184,835,42033.72448695003,4.203372448695003,74,2.560875598762136,46.950898203592814,7253,7279,16447,16520,-160.64078152503137,59.48086855963317,-160.6342238234573,59.48320417937188
4072,835,42033.72448695003,4.203372448695003,62,2.1455984746385464,26.232335329341318,3985,4010,6437,6486,-161.539995124435,59.77452782601184,-161.5355933795428,59.776773614222144
4917,835,42033.72448695003,4.203372448695003,209,7.23274324515252,100.7185628742515,6065,6120,12055,12145,-161.03532159781665,59.58498330106262,-161.02723676025957,59.58992403512528
586,834,41983.384697145295,4.198338469714529,110,3.8089884858544405,41.48201438848921,436,465,93,157,-162.10988634068042,60.09298059423221,-162.10413712286206,60.09558570855616
158,834,41983.384697145295,4.198338469714529,246,8.518283341092658,92.66666666666667,126,161,12867,12971,-160.96237839674615,60.120289378869444,-160.9530359177913,60.123433482363865
5376,834,41983.384697145295,4.198338469714529,87,3.0125636206303303,29.93285371702638,7927,7953,3156,3209,-161.8347323691546,59.420322109483514,-161.8299712981488,59.42265772922222
2606,833,41933.04490734057,4.193304490734057,206,7.137476965354942,66.86194477791116,2015,2040,130,223,-162.10656257412919,59.951495936983385,-162.09820824198687,59.95374172519369
2528,833,41933.04490734057,4.193304490734057,178,6.16733446520961,62.40576230492197,1947,1974,1572,1659,-161.97702551015914,59.95742481785857,-161.9692101671873,59.9598502691257
2437,833,41933.04490734057,4.193304490734057,55,1.905637053856902,22.861944777911166,1863,1891,4539,4580,-161.71049536536088,59.964880834716766,-161.706812272696,59.9673961175123
4759,833,41933.04490734057,4.193304490734057,170,5.8901508937395155,69.14765906362545,5404,5488,6612,6648,-161.5242746069629,59.64175682701897,-161.52104067194009,59.64930267540558
2249,832,41882.705117535836,4.188270511753584,146,5.061639290555216,36.38942307692308,1712,1739,7573,7633,-161.43794650815903,59.97853522703539,-161.4325566164543,59.98096067830251
3663,831,41832.3653277311,4.18323653277311,168,5.827855430342066,77.63658243080626,2965,3019,712,785,-162.05428062459342,59.863550870668085,-162.04772292301936,59.86840177320233
580,831,41832.3653277311,4.18323653277311,186,6.452268512164431,58.24308062575211,433,470,360,433,-162.08590132259442,60.09253143659015,-162.07934362102037,60.0958552031414
3514,831,41832.3653277311,4.18323653277311,165,5.723786583371672,42.53188929001203,2765,2804,6170,6225,-161.563980142521,59.882864649276655,-161.55903940845835,59.88636807888472
161,831,41832.3653277311,4.18323653277311,133,4.613718882354136,27.802647412755714,128,162,9949,9991,-161.22450679665224,60.12019954734103,-161.22073387245894,60.12325381930704
2449,831,41832.3653277311,4.18323653277311,163,5.654407352058076,108.30324909747293,1872,1953,6824,6893,-161.50523032293958,59.95931127995523,-161.49903194747915,59.966587633756596
2176,830,41782.025537926376,4.178202553792637,179,6.213180703780578,56.212048192771086,1659,1689,1280,1358,-162.00325631645543,59.983026803455985,-161.99624945723932,59.98572174930834
350,830,41782.025537926376,4.178202553792637,29,1.0066046950259038,21.633734939759037,279,309,9400,9437,-161.2738243057504,60.106994312664476,-161.27050053919913,60.10968925851684
3258,828,41681.34595831692,4.168134595831692,308,10.703739921596505,122.1304347826087,2534,2566,11188,11315,-161.11320553294982,59.9042445530387,-161.1017969288415,59.90711916194788
797,828,41681.34595831692,4.168134595831692,114,3.9617738670844203,52.2512077294686,589,624,5117,5186,-161.65857274193877,60.07869738121471,-161.65237436647834,60.08184148470913
4773,827,41631.006168512184,4.163100616851218,342,11.892505235394328,312.0483675937122,5445,5540,13742,13901,-160.8837758093857,59.637085587541556,-160.8694925963682,59.64561958274069
680,827,41631.006168512184,4.163100616851218,54,1.8777639845359464,26.48609431680774,500,521,8984,9037,-161.31119422156976,60.087950028641146,-161.30643315056392,60.089836490737795
3316,825,41530.326588902724,4.153032658890273,140,4.874174366759539,35.03030303030303,2589,2612,4704,4766,-161.69567316317293,59.90011230273175,-161.69010360841136,59.902178427885225
4261,825,41530.326588902724,4.153032658890273,43,1.4970678412190015,23.757575757575758,4266,4287,6151,6200,-161.5656869415608,59.74964449264173,-161.56128519666862,59.751530954738385
528,824,41479.98679909799,4.147998679909799,86,2.995951961453956,39.320388349514566,396,435,8380,8431,-161.36545246473057,60.09567554008457,-161.36087105678158,60.09917896969264
5340,824,41479.98679909799,4.147998679909799,85,2.961115310739375,31.067961165048544,7798,7825,14557,14610,-160.81056311372996,59.431820545120246,-160.8058020427241,59.43424599638737
404,823,41429.64700929326,4.142964700929325,61,2.126326331846037,25.9003645200486,312,338,9669,9716,-161.24965962460757,60.10438919834053,-161.2454375427722,60.10672481807924
427,823,41429.64700929326,4.142964700929325,66,2.3006153754399743,30.33292831105711,335,356,11794,11852,-161.05876762673216,60.10277223082912,-161.05355739808428,60.10465869292577
640,823,41429.64700929326,4.142964700929325,65,2.265757566721187,28.816524908869987,473,494,10899,10955,-161.13916684466088,60.09037547990827,-161.1341362790698,60.09226194200492
2750,823,41429.64700929326,4.142964700929325,112,3.904074576504199,33.482381530984206,2122,2151,2453,2507,-161.8978839336282,59.941524637329664,-161.89303303109398,59.944129751653605
920,822,41379.30721948853,4.1379307219488535,119,4.150601633170177,46.73479318734793,669,713,9619,9673,-161.25415120102818,60.070702375186045,-161.24930029849392,60.07465496243617
2409,822,41379.30721948853,4.1379307219488535,246,8.580235308906417,168.35036496350364,1841,1920,321,428,-162.0894047522025,59.962275720392824,-162.0797927786624,59.969372411137364
796,822,41379.30721948853,4.1379307219488535,157,5.476003835358973,37.68369829683698,589,642,4741,4776,-161.69234939662167,60.0770804137033,-161.68920529312726,60.08184148470913
5082,821,41328.9674296838,4.13289674296838,105,3.664525266988824,74.91352009744215,6884,6904,16814,16918,-160.60781335410417,59.514555382787655,-160.59847087514933,59.51635201335589
3363,819,41228.28785007434,4.122828785007434,89,3.1099116822750243,38.686202686202684,2626,2649,5040,5106,-161.6654897696265,59.89678853618051,-161.65956088875132,59.898854661333985
3027,817,41127.60827046488,4.112760827046488,72,2.5189611427487506,23.30966952264382,2356,2377,8701,8749,-161.33661654411034,59.92122271190856,-161.33230463074656,59.92310917400521
2404,817,41127.60827046488,4.112760827046488,108,3.778441714123126,49.9436964504284,1839,1859,6582,6663,-161.52696955281527,59.967755443625954,-161.5196931990139,59.96955207419419
4112,817,41127.60827046488,4.112760827046488,49,1.7142929999262329,26.810281517747857,4056,4084,15886,15932,-160.69117701247046,59.76788029290936,-160.6870447621635,59.77039557570489
4280,816,41077.26848066015,4.107726848066014,152,5.321064319306437,70.58823529411765,4292,4341,6261,6332,-161.5558054734355,59.744793590107484,-161.54942743491824,59.74919533499967
5383,816,41077.26848066015,4.107726848066014,398,13.932786836078696,649.4901960784314,7938,7962,5153,5493,-161.65533880691595,59.41951362572781,-161.62479608725587,59.42166958240969
4798,815,41026.92869085541,4.1026928690855415,298,10.438484717150477,259.6319018404908,5529,5648,12066,12177,-161.03433345100413,59.62738378247306,-161.0243621513504,59.63807373435409
4260,815,41026.92869085541,4.1026928690855415,50,1.751423610260147,26.154601226993865,4265,4286,4673,4725,-161.69845794055368,59.74973432417014,-161.69378670107625,59.75162078626679
4715,814,40976.58890105069,4.097658890105069,117,4.1008478778117725,39.8034398034398,5191,5220,2850,2911,-161.86222081684866,59.66583167663338,-161.85674109361554,59.66843679095733
3940,814,40976.58890105069,4.097658890105069,218,7.640896045837319,233.53316953316954,3675,3710,12537,12720,-160.9920228011221,59.80147728453543,-160.9755836314227,59.804621388029844
1215,812,40875.90932144123,4.087590932144122,141,4.948129964722355,33.12315270935961,874,907,10331,10380,-161.19019115279886,60.05327505867413,-161.18578940790667,60.056239499111726
3314,812,40875.90932144123,4.087590932144122,263,9.229490643418293,479.5270935960591,2587,2667,10604,10836,-161.1656671455424,59.89517156866909,-161.14482623095083,59.90235809094205
4916,812,40875.90932144123,4.087590932144122,71,2.4916115425197676,39.01970443349754,6063,6092,12332,12392,-161.01043826444655,59.58749858385816,-161.00504837274184,59.590103698182105
1760,811,40825.569531636495,4.08255695316365,56,1.966425964217746,22.806411837237977,1299,1325,3953,3995,-161.76313664101028,60.015725479797936,-161.75936371681698,60.018061099536645
3469,809,40724.889952027035,4.072488995202703,92,3.234547748099298,40.049443757725584,2723,2755,1792,1850,-161.9572625739085,59.88726639416884,-161.95205234526063,59.89014100307802
1016,809,40724.889952027035,4.072488995202703,33,1.1602182139921395,22.862793572311496,737,764,9428,9469,-161.27130902295485,60.06612096723704,-161.26762593028997,60.06854641850416
2355,807,40624.21037241757,4.062421037241757,105,3.696175054996005,48.57992565055762,1796,1824,5816,5887,-161.59578050357882,59.97089954712037,-161.58940246506157,59.9734148299159
1632,807,40624.21037241757,4.062421037241757,52,1.8304866939027835,23.598513011152416,1187,1215,3989,4030,-161.75990270598746,60.02560694792325,-161.75621961332257,60.028122230718786
3158,807,40624.21037241757,4.062421037241757,56,1.971293362664536,26.413878562577448,2458,2478,7732,7785,-161.42366329514152,59.91214972753895,-161.41890222413568,59.91394635810719
325,806,40573.87058261284,4.057387058261284,106,3.7336907544846385,35.8560794044665,260,282,5534,5597,-161.621112994591,60.1094197639316,-161.61545360830104,60.11139605755666
4663,806,40573.87058261284,4.057387058261284,212,7.467381508969277,65.63275434243177,5021,5055,4354,4435,-161.7271141981171,59.68065387882135,-161.71983784431572,59.68370815078736
844,804,40473.191003003376,4.047319100300338,95,3.350391675328342,23.686567164179106,615,644,10447,10487,-161.17977069550307,60.07690075064647,-161.1761774343666,60.07950586497042
4728,804,40473.191003003376,4.047319100300338,321,11.320797134530501,545.0796019900497,5241,5440,15371,15503,-160.73744024960263,59.64606874038275,-160.72558248785225,59.66394521453673
3763,803,40422.85121319865,4.042285121319865,62,2.187932487045815,28.019925280199253,3172,3194,3693,3746,-161.7864928383974,59.847830353195995,-161.78173176739156,59.84980664682106
4506,803,40422.85121319865,4.042285121319865,233,8.222391443252821,34.316313823163135,4696,4730,15709,15758,-160.70707719299938,59.70984912555524,-160.7026754481072,59.712903397521245
581,803,40422.85121319865,4.042285121319865,190,6.704954395785562,142.27148194271481,433,488,4512,4626,-161.712920816628,60.09091446907874,-161.70268002238905,60.0958552031414
3975,803,40422.85121319865,4.042285121319865,124,4.37586497409163,112.07970112079701,3800,3841,1823,1932,-161.95447779652775,59.78970935431346,-161.94468615993085,59.79339244697835
2973,803,40422.85121319865,4.042285121319865,158,5.575698918600626,37.70361145703612,2307,2343,2096,2147,-161.92995378927128,59.92427698387456,-161.92537238132226,59.9275109188974
3117,802,40372.51142339392,4.037251142339391,79,2.7895869786084724,43.13715710723192,2429,2450,6191,6263,-161.56209368042434,59.91466501033449,-161.55562581037867,59.91655147243114
1042,802,40372.51142339392,4.037251142339391,162,5.720418867526234,56.03990024937656,759,830,2218,2253,-161.91899434280504,60.06019208636185,-161.9158502393106,60.0665701248791
2948,802,40372.51142339392,4.037251142339391,142,5.014194315979785,38.62344139650873,2279,2304,1735,1798,-161.962382971028,59.92778041348263,-161.95672358473806,59.93002620169293
4783,801,40322.17163358919,4.032217163358919,255,9.009981980054059,135.95505617977528,5471,5536,7148,7248,-161.4761249077341,59.6374449136552,-161.4671417548929,59.64328396300198
1604,800,40271.83184378446,4.027183184378446,87,3.0759144981614814,28.125,1165,1196,3377,3421,-161.81487960137557,60.027313746963074,-161.81092701412544,60.03009852434385
3101,800,40271.83184378446,4.027183184378446,300,10.606601717798213,158.42,2418,2472,10537,10661,-161.171685857946,59.912688716709425,-161.16054674842292,59.91753961924367
3048,799,40221.492053979724,4.022149205397972,160,5.6603931014178,87.22903629536921,2371,2450,8934,8987,-161.31568579799037,59.91466501033449,-161.31092472698452,59.921761701079035
1013,798,40171.152264175,4.017115226417499,67,2.371774290106042,22.50125313283208,737,761,7070,7113,-161.48313176695024,60.06639046182227,-161.47926901122852,60.06854641850416
4136,798,40171.152264175,4.017115226417499,56,1.9823785111334082,28.952380952380953,4091,4117,3701,3751,-161.7857741861701,59.764915852471766,-161.7812826097495,59.767251472210475
2466,798,40171.152264175,4.017115226417499,78,2.7611700690786756,27.448621553884713,1894,1918,2404,2454,-161.9022856785204,59.962455383449644,-161.8977941020998,59.96461134013153
1483,797,40120.812474370265,4.012081247437027,223,7.8990652687803316,208.86323713927226,1065,1117,11201,11353,-161.11203772308045,60.03441043770762,-161.09838333076183,60.03908167718504
3098,797,40120.812474370265,4.012081247437027,27,0.9563890684173496,21.86198243412798,2417,2441,2237,2279,-161.9172875437652,59.91547349409019,-161.91351461957188,59.91762945077208
4104,797,40120.812474370265,4.012081247437027,90,3.1879635613911654,36.26097867001255,4047,4068,10606,10670,-161.16548748248556,59.76931759736395,-161.1597382646672,59.7712040594606
2775,796,40070.47268456554,4.007047268456554,168,5.954602122070021,95.69849246231156,2145,2207,6255,6331,-161.55634446260598,59.93649407173859,-161.54951726644666,59.94206362650013
5341,794,39969.79310495607,3.996979310495607,100,3.5488672049383805,37.259445843828715,7800,7821,14679,14744,-160.79960366726368,59.43217987123389,-160.7937646179169,59.43406633333054
624,793,39919.453315151346,3.9919453315151348,45,1.5979968545139787,21.972257250945777,462,490,6328,6366,-161.5497867610319,60.09073480602191,-161.54637316295225,60.09325008881745
3672,793,39919.453315151346,3.9919453315151348,43,1.5269747720911353,21.972257250945777,2976,3001,2736,2777,-161.87246161108763,59.8651678381795,-161.86877851842274,59.8674136263898
5140,791,39818.77373554188,3.981877373554188,261,9.280091655678852,51.585335018963335,7106,7140,5670,5737,-161.60889590672696,59.49335514208243,-161.60287719432336,59.496409414048436
384,790,39768.43394573715,3.976843394573715,40,1.42313613392964,22.729113924050633,305,328,9949,9993,-161.22450679665224,60.10528751362465,-161.2205542094021,60.10735363877812
3264,790,39768.43394573715,3.976843394573715,228,8.111875963398948,146.32911392405063,2537,2579,13511,13639,-160.90452689244884,59.90307674316934,-160.89302845681212,59.90684966736265
1700,790,39768.43394573715,3.976843394573715,234,8.325346383488395,120.08101265822785,1245,1279,12823,12943,-160.96633098399627,60.01985773010488,-160.95555120058685,60.02291200207089
4520,789,39718.09415593242,3.971809415593242,99,3.524493329819077,34.92522179974652,4730,4754,4963,5022,-161.6724067973142,59.70769316887335,-161.6671067371379,59.70984912555524
4401,789,39718.09415593242,3.971809415593242,201,7.15578948781449,77.95183776932826,4473,4515,4660,4742,-161.69962575042305,59.72916290416381,-161.69225956509325,59.73293582835711
4915,788,39667.75436612769,3.9667754366127688,362,12.895716047811646,78.05076142131979,6060,6085,3384,3483,-161.8142507806767,59.58812740455704,-161.8053574593639,59.59037319276734
3272,788,39667.75436612769,3.9667754366127688,189,6.732846223857462,44.85279187817259,2542,2590,15291,15337,-160.74462677187557,59.90208859635681,-160.74049452156862,59.90640050972059
2283,788,39667.75436612769,3.9667754366127688,92,3.277364299443844,24.873096446700508,1736,1768,6624,6662,-161.52319662862197,59.97593011271144,-161.5197830305423,59.97880472162062
4630,787,39617.41457632296,3.961741457632296,171,6.095491699585888,79.41550190597205,4980,5021,4280,4364,-161.73376173121957,59.68370815078736,-161.72621588283297,59.68739124345225
3302,787,39617.41457632296,3.961741457632296,85,3.029922774647956,38.47013977128336,2577,2600,4087,4151,-161.7510992162031,59.901190281072694,-161.7453499983847,59.90325640622617
58,787,39617.41457632296,3.961741457632296,201,7.1648762082851665,83.27318932655655,31,67,2484,2576,-161.89509915624745,60.12873354254017,-161.88683465563355,60.131967477563
707,787,39617.41457632296,3.961741457632296,187,6.6658301042255035,117.428208386277,521,551,5706,5828,-161.60566197170414,60.085255082788784,-161.5947025252379,60.087950028641146
3590,787,39617.41457632296,3.961741457632296,144,5.133045641756538,37.590851334180435,2852,2887,1031,1082,-162.02562436703002,59.87540863241846,-162.021042959081,59.87855273591288
4292,786,39567.07478651823,3.956707478651823,72,2.5681549500231178,23.53180661577608,4313,4337,5643,5687,-161.6113213579941,59.74515291622113,-161.60736877074396,59.74730887290302
2749,786,39567.07478651823,3.956707478651823,128,4.565608800041098,36.76844783715013,2122,2150,1986,2043,-161.9398352573966,59.94161446885807,-161.93471486027713,59.944129751653605
3119,783,39416.055417104035,3.9416055417104037,101,3.6094455339539095,66.39080459770115,2430,2469,5328,5403,-161.63961828944386,59.91295821129466,-161.63288092481295,59.916461640902725
1875,783,39416.055417104035,3.9416055417104037,149,5.324825589694381,34.34993614303959,1396,1429,94,143,-162.109796509152,60.00638300084309,-162.1053947642598,60.00934744128068
1028,782,39365.71562729931,3.936571562729931,241,8.618142405218427,58.56265984654731,745,793,2300,2359,-161.91162815747523,60.06351585291309,-161.90632809729894,60.067827766276864
5344,782,39365.71562729931,3.936571562729931,75,2.6819945244455683,46.16368286445013,7805,7834,3692,3758,-161.78658266992582,59.431012061364534,-161.78065378905063,59.43361717568848
3548,782,39365.71562729931,3.936571562729931,183,6.544066639647187,124.48081841432226,2796,2853,1351,1450,-161.99687827793818,59.87846290438447,-161.9879849566254,59.883583301503954
4092,782,39365.71562729931,3.936571562729931,55,1.9667959845934166,21.611253196930946,4023,4050,4176,4214,-161.74310421017444,59.77093456487536,-161.73969061209476,59.77336001614248
4278,781,39315.375837494576,3.9315375837494577,321,11.486283084780437,392.9782330345711,4290,4317,6961,7211,-161.49292340354714,59.746949546789374,-161.47046552144414,59.749374998056496
2956,781,39315.375837494576,3.9315375837494577,136,4.86646261535869,60.850192061459666,2289,2324,4635,4709,-161.70187153863333,59.92598378291439,-161.69522400553086,59.929127886408814
3606,781,39315.375837494576,3.9315375837494577,154,5.510553255626752,34.43790012804097,2879,2915,1264,1310,-162.00469362091002,59.87289334962293,-162.00056137060307,59.87612728464576
3998,781,39315.375837494576,3.9315375837494577,93,3.3278016413849865,54.335467349551855,3852,3894,2677,2738,-161.87776167126395,59.78494828330763,-161.8722819480308,59.78872120750093
3978,780,39265.03604768985,3.926503604768985,146,5.22763858048786,64.32820512820513,3805,3838,1934,2013,-161.94450649687403,59.7899788488987,-161.93740980612947,59.79294328933629
4147,779,39214.696257885116,3.9214696257885118,113,4.048645156035105,46.34146341463415,4104,4134,5777,5842,-161.59928393318688,59.76338871648876,-161.5934448838401,59.76608366234112
1212,777,39114.01667827566,3.911401667827566,269,9.650321244844656,231.37194337194336,873,938,11335,11482,-161.10000029827327,60.05049028129336,-161.0867950635967,60.05632933064014
357,777,39114.01667827566,3.911401667827566,119,4.269101219838343,41.6988416988417,287,313,6026,6090,-161.57691588261233,60.10663498655083,-161.57116666479394,60.10897060628954
619,777,39114.01667827566,3.911401667827566,225,8.071830037509471,79.15572715572715,459,490,9827,9920,-161.23546624311848,60.09073480602191,-161.22711191097616,60.09351958340268
3292,777,39114.01667827566,3.911401667827566,212,7.605457635342257,60.04633204633205,2570,2590,15745,15833,-160.70384325797656,59.90208859635681,-160.6959380834763,59.903885226925055
1598,777,39114.01667827566,3.911401667827566,88,3.156982414670371,29.734877734877735,1156,1182,2956,3006,-161.852698674837,60.028571388360845,-161.8482070984164,60.030907008099554
2096,776,39063.67688847092,3.906367688847092,75,2.692343094816518,26.721649484536083,1586,1612,8000,8046,-161.39958844552712,59.989943831143705,-161.39545619522016,59.992279450882414
1869,776,39063.67688847092,3.906367688847092,181,6.49752133549053,56.829896907216494,1391,1430,16574,16640,-160.62937292092303,60.00629316931468,-160.62344404004784,60.00979659892275
593,775,39013.33709866619,3.901333709866619,89,3.1969743760765934,29.811612903225807,440,478,544,582,-162.06937232136664,60.09181278436286,-162.06595872328697,60.09522638244251
4231,775,39013.33709866619,3.901333709866619,154,5.531843302424667,75.56645161290322,4231,4261,2076,2167,-161.93175041983952,59.751980112380444,-161.92357575075403,59.7546750582328
292,775,39013.33709866619,3.901333709866619,167,5.998817087694282,87.2258064516129,228,256,12490,12592,-160.99624488295746,60.11175538367031,-160.98708206705945,60.11427066646584
729,774,38962.997308861464,3.8962997308861462,158,5.679192722047756,120.97674418604652,534,563,12523,12647,-160.99328044251985,60.08417710444784,-160.98214133299678,60.08678221877179
5056,774,38962.997308861464,3.8962997308861462,91,3.270927453837632,38.22222222222222,6809,6838,9782,9839,-161.23950866189702,59.520484263662844,-161.23438826477755,59.523089377986786
4959,774,38962.997308861464,3.8962997308861462,79,2.839596361023878,35.60206718346253,6395,6416,4356,4418,-161.72693453506028,59.558393168652685,-161.72136498029874,59.560279630749335
1806,773,38912.65751905673,3.891265751905673,72,2.589660004556183,22.540750323415264,1336,1365,2792,2829,-161.86743104549657,60.012132218661456,-161.8641072789453,60.014737332985405
5274,773,38912.65751905673,3.891265751905673,131,4.7117425082897215,102.8771021992238,7588,7661,6392,6460,-161.54403754321353,59.446552915779804,-161.53792899928152,59.45311061735388
1572,773,38912.65751905673,3.891265751905673,72,2.589660004556183,33.95084087968952,1136,1162,4523,4578,-161.71193266981547,60.03036801892908,-161.70699193575282,60.03270363866779
2965,771,38811.97793944727,3.881197793944727,35,1.2604942106148345,22.59922178988327,2300,2321,5154,5199,-161.65524897538754,59.926253277499626,-161.651206556609,59.92813973959628
2859,770,38761.63814964254,3.876163814964254,80,2.8829998806257886,28.446753246753246,2216,2244,5073,5119,-161.6625253291889,59.933170305187346,-161.65839307888194,59.93568558798288
3195,770,38761.63814964254,3.876163814964254,58,2.090174913453697,26.187012987012988,2483,2507,4584,4631,-161.70645294658235,59.909544613215004,-161.70223086474698,59.911700569896894
1118,769,38711.29835983781,3.871129835983781,323,11.647677902490095,231.5786736020806,805,892,6474,6598,-161.53667135788376,60.05462253160031,-161.52553224836066,60.06243787457215
2812,767,38610.618780228346,3.8610618780228347,133,4.8023516620828905,45.10560625814863,2175,2205,2616,2679,-161.88324139449708,59.93667373479541,-161.87758200820713,59.939368680647775
1836,767,38610.618780228346,3.8610618780228347,289,10.435185190541018,355.2594524119948,1362,1438,16077,16262,-160.6740191905438,60.00557451708738,-160.65740035778757,60.01240171324669
1384,766,38560.27899042362,3.856027899042362,166,5.997823800298371,176.79373368146213,999,1084,3138,3237,-161.83634933666602,60.037374878145215,-161.82745601535325,60.04501055806023
2263,766,38560.27899042362,3.856027899042362,157,5.672640582209905,52.21932114882507,1720,1748,12684,12756,-160.97881756644554,59.977726743279675,-160.97234969639987,59.98024202607521
4678,765,38509.93920061889,3.850993920061889,203,7.3394804895312005,63.26797385620915,5042,5060,9124,9216,-161.29861780759208,59.680204721179294,-161.29035330697818,59.681821688690704
4606,765,38509.93920061889,3.850993920061889,163,5.893277437406826,57.64705882352941,4938,4996,3741,3788,-161.78218092503363,59.685953938997656,-161.77795884319826,59.69116416764555
907,764,38459.59941081416,3.845959941081416,67,2.4239749277296125,36.94240837696335,661,691,5007,5061,-161.66845421006408,60.07267866881111,-161.66360330752985,60.07537361466347
3432,764,38459.59941081416,3.845959941081416,107,3.871124138314456,28.670157068062828,2686,2708,5393,5445,-161.63377924009708,59.891488476004206,-161.62910800061965,59.89346476962927
2737,764,38459.59941081416,3.845959941081416,150,5.426809539693163,35.204188481675395,2116,2151,393,440,-162.08293688215684,59.941524637329664,-162.07871480032148,59.94466874082408
679,763,38409.25962100943,3.840925962100943,87,3.149611472013585,46.322411533420706,500,535,8757,8816,-161.33158597851929,60.086692387243374,-161.32628591834296,60.089836490737795
3085,763,38409.25962100943,3.840925962100943,149,5.394162176207174,41.52555701179554,2407,2434,364,426,-162.0855419964808,59.91610231478908,-162.07997244171924,59.9185277660562
3359,763,38409.25962100943,3.840925962100943,99,3.5840406405671827,34.395806028833555,2624,2651,4806,4860,-161.6865103472749,59.89660887312368,-161.68165944474066,59.899034324390804
3377,762,38358.919831204694,3.835891983120469,113,4.093558091412534,27.973753280839894,2642,2672,5815,5858,-161.59587033510724,59.89472241102703,-161.59200757938552,59.897417356879394
1881,762,38358.919831204694,3.835891983120469,114,4.129784269212645,51.44881889763779,1401,1425,4012,4087,-161.75783658083398,60.00674232695674,-161.7510992162031,60.00889828363862
1548,761,38308.58004139997,3.830858004139997,180,6.524994902349723,84.77792378449409,1113,1159,8811,8892,-161.32673507598503,60.030637513514314,-161.31945872218367,60.03476976382127
5249,761,38308.58004139997,3.830858004139997,67,2.428748102541286,33.63994743758213,7506,7537,15881,15930,-160.69162617011253,59.45769202530288,-160.68722442522034,59.46047680268366
567,761,38308.58004139997,3.830858004139997,29,1.0512491787118998,20.204993429697765,420,444,8710,8748,-161.33580806035462,60.094867056328866,-161.33239446227498,60.09702301301075
5281,761,38308.58004139997,3.830858004139997,251,9.098742891609891,79.52168199737189,7595,7629,16238,16327,-160.65955631446946,59.449427524688986,-160.6515613084408,59.45248179665499
1059,760,38258.240251595234,3.8258240251595232,112,4.062667000616066,27.28421052631579,766,791,10055,10102,-161.21498465464055,60.06369551596992,-161.2107625728052,60.065941304180214
2111,760,38258.240251595234,3.8258240251595232,61,2.2127025628355357,29.605263157894736,1602,1626,7889,7940,-161.40955974518084,59.988686189745934,-161.40497833723182,59.99084214642782
4603,759,38207.9004617905,3.82079004617905,115,4.174235549683609,49.586297760210805,4934,4960,2874,2945,-161.86006486016677,59.68918787402049,-161.85368682164955,59.6915234937592
5258,759,38207.9004617905,3.82079004617905,144,5.22686886221252,43.64163372859025,7541,7573,4036,4095,-161.7556806241521,59.454458090280056,-161.7503805639758,59.45733269918924
2621,759,38207.9004617905,3.82079004617905,197,7.150646985110184,148.74308300395256,2030,2081,2992,3109,-161.84946473981418,59.9478128443185,-161.83895445098997,59.95239425226751
3979,759,38207.9004617905,3.82079004617905,151,5.480952765236739,53.76021080368906,3806,3834,1716,1789,-161.96408977006783,59.790338175012344,-161.95753206849375,59.79285345780788
186,759,38207.9004617905,3.82079004617905,145,5.263166562644551,47.56258234519104,145,172,370,438,-162.08500300731032,60.11930123205691,-162.0788944633783,60.121726683324034
4595,758,38157.560671985775,3.8157560671985773,116,4.2133097312944585,36.35356200527705,4917,4957,3083,3126,-161.8412900707287,59.68945736860572,-161.83742731500698,59.6930506297422
1395,757,38107.22088218104,3.810722088218104,159,5.778953295269271,54.97490092470277,1010,1044,1604,1672,-161.97415090124997,60.040968139281695,-161.96804235731796,60.044022411247695
4884,757,38107.22088218104,3.810722088218104,172,6.2514463319894,46.689564068692206,5876,5898,15311,15383,-160.74283014130734,59.60492590037008,-160.73636227126167,59.60690219399514
4259,756,38056.88109237631,3.805688109237631,202,7.34666897127841,40.973544973544975,4263,4310,13214,13255,-160.9312068563872,59.74757836748826,-160.92752376372232,59.75180044932362
625,756,38056.88109237631,3.805688109237631,142,5.164490068918486,71.19576719576719,462,501,9761,9838,-161.24139512399367,60.08974665920938,-161.23447809630596,60.09325008881745
863,755,38006.54130257158,3.800654130257158,53,1.9288674919041233,25.22384105960265,629,651,4046,4093,-161.754782308868,60.07627192994759,-161.75056022703262,60.07824822357265
2942,755,38006.54130257158,3.800654130257158,126,4.585609509055086,57.30331125827814,2276,2312,3480,3548,-161.80562695394914,59.92706176125534,-161.79951841001713,59.930295696278165
2468,755,38006.54130257158,3.800654130257158,110,4.003309888857615,60.6569536423841,1894,1917,4194,4278,-161.741487242663,59.96254521497806,-161.7339413942764,59.96461134013153
1471,754,37956.20151276685,3.795620151276685,62,2.257906826260612,29.050397877984086,1058,1077,6532,6587,-161.53146112923588,60.0380036988441,-161.5265203951732,60.039710497883924
337,754,37956.20151276685,3.795620151276685,52,1.8937283058959973,30.641909814323608,271,293,9909,9963,-161.2281000577887,60.10843161711907,-161.22324915525445,60.11040791074413
4939,754,37956.20151276685,3.795620151276685,155,5.64476706565153,41.08222811671087,6203,6235,9786,9842,-161.23914933578337,59.57465267529525,-161.2341187701923,59.57752728420443
646,753,37905.86172296212,3.790586172296212,65,2.3687316805067615,31.49535192563081,475,500,5218,5270,-161.64949975756917,60.089836490737795,-161.64482851809174,60.09208227894809
347,753,37905.86172296212,3.790586172296212,119,4.336601076620071,40.20717131474104,276,302,7405,7466,-161.45303820493223,60.10762313336336,-161.4475584816991,60.10995875310207
4365,752,37855.52193315739,3.785552193315739,55,2.0056436330960503,24.595744680851062,4410,4432,5961,6007,-161.5827549319591,59.736618921022,-161.57862268165215,59.73859521464706
1211,751,37805.18214335266,3.780518214335266,216,7.881951943823329,267.2490013315579,873,926,4287,4458,-161.7331329105207,60.0515682596343,-161.71777171916224,60.05632933064014
351,750,37754.84235354793,3.775484235354793,62,2.2639199043546867,23.232,279,307,9701,9739,-161.24678501569838,60.1071739757213,-161.24337141761873,60.10968925851684
4951,750,37754.84235354793,3.775484235354793,180,6.572670690061993,88.752,6335,6373,11206,11297,-161.1115885654384,59.5622559243744,-161.10341389635292,59.56566952245405
3933,750,37754.84235354793,3.775484235354793,144,5.258136552049595,53.333333333333336,3642,3668,16647,16721,-160.62281521934898,59.80525020872873,-160.61616768624648,59.80758582846744
5050,749,37704.5025637432,3.77045025637432,87,3.178910814302133,43.257676902536716,6773,6806,10618,10675,-161.16440950414463,59.523358872572025,-161.15928910702516,59.52632331300962
1695,747,37603.82298413374,3.760382298413374,118,4.317394226261153,37.78313253012048,1243,1272,101,156,-162.10916768845314,60.02048655080377,-162.10422695439047,60.023091665127716
238,747,37603.82298413374,3.760382298413374,118,4.317394226261153,47.31459170013387,177,206,7849,7914,-161.41315300631732,60.116246960090905,-161.40731395697054,60.11885207441485
1533,746,37553.483194329005,3.7553483194329003,103,3.7710979335817942,57.9946380697051,1105,1135,6985,7059,-161.49076744686525,60.032793470196204,-161.48411991376275,60.035488416048565
761,744,37452.803614719545,3.7452803614719543,158,5.792561043343455,62.70967741935484,555,577,9911,9997,-161.22792039473188,60.082919463050075,-161.22019488328846,60.08489575667514
2899,744,37452.803614719545,3.7452803614719543,325,11.915078095484956,184.00537634408602,2249,2295,9936,10075,-161.22567460652158,59.92858889723834,-161.2131880240723,59.93272114754529
2140,744,37452.803614719545,3.7452803614719543,139,5.095987246992027,93.6774193548387,1623,1650,5977,6082,-161.5813176275045,59.98653023306405,-161.57188531702124,59.988955684331174
60,743,37402.46382491481,3.740246382491481,136,4.98935610007996,72.4414535666218,32,51,9857,9954,-161.2327712972661,60.13017084699476,-161.22405763901017,60.13187764603459
4381,743,37402.46382491481,3.740246382491481,75,2.751483143426449,27.908479138627186,4437,4469,2494,2534,-161.89420084096332,59.73329515447075,-161.89060757982685,59.73616976337994
405,742,37352.124035110086,3.735212403511009,119,4.368627434375396,34.501347708894876,315,337,4125,4183,-161.74768561812343,60.10447902986894,-161.74247538947554,60.106455323494
1927,742,37352.124035110086,3.735212403511009,60,2.2026692946430573,22.080862533692724,1441,1462,5830,5873,-161.59452286218107,60.00341856040549,-161.59066010645935,60.00530502250215
2439,742,37352.124035110086,3.735212403511009,161,5.910495940625537,38.94878706199461,1864,1889,1304,1364,-162.00110035977355,59.96506049777359,-161.99571046806884,59.96730628598389
2386,741,37301.78424530535,3.730178424530535,111,4.07768688895708,56.16194331983806,1829,1872,5024,5083,-161.6669270740811,59.966587633756596,-161.6616270139048,59.97045038947831
5135,741,37301.78424530535,3.730178424530535,251,9.220715397551595,143.42240215924426,7084,7158,9631,9720,-161.25307322268722,59.49173817457102,-161.24507821665856,59.4983857076735
167,741,37301.78424530535,3.730178424530535,133,4.8858770831647895,29.560053981106613,132,167,10598,10637,-161.16620613471287,60.11975038969897,-161.1627027051048,60.12289449319339
1206,741,37301.78424530535,3.730178424530535,166,6.098162374476354,39.92442645074224,869,912,2486,2529,-161.89491949319063,60.05282590103207,-161.89105673746892,60.056688656753785
4502,740,37251.44445550062,3.725144445550062,99,3.6393123793643483,46.75135135135135,4685,4739,4082,4121,-161.75154837384514,59.709040641799525,-161.74804494423708,59.71389154433378
4078,739,37201.10466569589,3.720110466569589,118,4.340700167388487,74.09472259810555,3999,4030,5724,5810,-161.60404500419273,59.772731195443605,-161.5963194927493,59.77551597282437
2190,739,37201.10466569589,3.720110466569589,89,3.273917922860808,38.19215155615697,1669,1697,2959,3015,-161.85242918025176,59.982308151228686,-161.8473986146607,59.98482343402422
3887,739,37201.10466569589,3.720110466569589,63,2.3174924622497857,26.52232746955345,3473,3496,2402,2449,-161.90246534157723,59.82070123161559,-161.89824325974186,59.82276735676906
1756,738,37150.76487589116,3.715076487589116,55,2.0245779780388533,27.32249322493225,1297,1320,8571,8619,-161.3482946428039,60.016174637439995,-161.3439827294401,60.018240762593464
3854,736,37050.0852962817,3.70500852962817,297,10.947565244501112,542.695652173913,3399,3478,6445,6682,-161.53927647220772,59.822318199127,-161.51798639997406,59.82941488987154
1343,735,36999.74550647697,3.699974550647697,48,1.770506672551962,29.001360544217686,967,994,2013,2059,-161.93740980612947,60.045459715702286,-161.9332775558225,60.047885166969415
2847,735,36999.74550647697,3.699974550647697,105,3.872983346207417,42.14421768707483,2204,2228,3286,3350,-161.82305427046106,59.934607609641944,-161.8173050526427,59.936763566323826
3956,734,36949.40571667224,3.694940571667224,185,6.82847460236145,103.78201634877384,3730,3770,5878,5976,-161.5902109488173,59.796087392830714,-161.5814074590329,59.79968065396719
1309,734,36949.40571667224,3.694940571667224,136,5.0198515995738235,77.1716621253406,945,1005,6375,6434,-161.54556467919653,60.044471568889755,-161.54026461902023,60.04986146059448
2660,733,36899.06592686751,3.689906592686751,274,10.120420915597714,103.92360163710778,2057,2109,9438,9524,-161.27041070767072,59.94529756152296,-161.2626851962273,59.94996880100038
1341,733,36899.06592686751,3.689906592686751,157,5.7989273129519745,97.98635743519782,964,1052,2325,2371,-161.90938236926496,60.040249487054396,-161.905250118958,60.04815466155465
1249,733,36899.06592686751,3.689906592686751,150,5.540376413648383,61.315143246930425,901,941,6063,6129,-161.57359211606106,60.050220786708124,-161.56766323518588,60.053814047844604
4120,732,36848.72613706278,3.684872613706278,121,4.472288689275166,44.26229508196721,4068,4101,7355,7412,-161.45752978135283,59.76635315692636,-161.45240938423333,59.76931759736395
2201,730,36748.046557453315,3.6748046557453313,80,2.960932840790421,37.74794520547945,1677,1710,2676,2726,-161.87785150279234,59.98114034135933,-161.87335992637176,59.98410478179692
887,730,36748.046557453315,3.6748046557453313,62,2.2947229516125764,30.005479452054793,652,672,5444,5498,-161.62919783214807,60.07438546785094,-161.62434692961384,60.076182098419174
914,730,36748.046557453315,3.6748046557453313,245,9.067856824920664,195.73150684931508,666,794,1862,1923,-161.9509743669197,60.06342602138468,-161.94549464368654,60.07492445702141
3213,729,36697.70676764859,3.669770676764859,69,2.5555555555555554,32.53223593964335,2495,2518,5144,5198,-161.65614729067164,59.90855646640247,-161.6512963881374,59.91062259155595
1735,729,36697.70676764859,3.669770676764859,296,10.962962962962964,313.42112482853224,1277,1370,6499,6645,-161.53442556967346,60.0116830610194,-161.52131016652532,60.02003739316171
1891,729,36697.70676764859,3.669770676764859,161,5.962962962962963,92.72976680384087,1411,1459,8490,8572,-161.35557099660525,60.00368805499073,-161.34820481127548,60.007999968354504
969,729,36697.70676764859,3.669770676764859,188,6.962962962962963,55.972565157750346,704,744,8133,8194,-161.38764085224832,60.06791759780528,-161.3821611290152,60.07151085894176
4025,728,36647.366977843856,3.664736697784386,77,2.8538098691452394,27.697802197802197,3903,3930,6080,6124,-161.57206498007807,59.7817143482848,-161.56811239282794,59.78413979955192
466,728,36647.366977843856,3.664736697784386,77,2.8538098691452394,34.29120879120879,357,377,9673,9732,-161.24930029849392,60.10088576873246,-161.24400023831762,60.102682399300704
2433,727,36597.02718803912,3.659702718803912,155,5.748631797030201,72.76478679504814,1860,1901,460,534,-162.07691816975324,59.96398251943265,-162.07027063665075,59.96766561209754
3569,727,36597.02718803912,3.659702718803912,60,2.225276824656852,30.949105914718018,2820,2840,3417,3472,-161.8112863402391,59.87963071425383,-161.80634560617645,59.881427344822065
617,726,36546.6873982344,3.65466873982344,101,3.7484615760772875,79.33884297520662,458,483,669,764,-162.05814338031513,60.0913636267208,-162.049609385116,60.093609414931095
3892,726,36546.6873982344,3.65466873982344,145,5.3814547379327395,132.36914600550963,3488,3528,2804,2919,-161.86635306715561,59.817826622706406,-161.85602244138823,59.82141988384288
1647,725,36496.34760842966,3.6496347608429662,83,3.082542613739061,39.86206896551724,1201,1231,1499,1554,-161.98358321173322,60.02416964346866,-161.97864247767058,60.026864589321015
2696,725,36496.34760842966,3.6496347608429662,151,5.607999212946966,54.07448275862069,2085,2114,3099,3169,-161.8398527662741,59.944848403880904,-161.83356455928526,59.94745351820485
2432,725,36496.34760842966,3.6496347608429662,125,4.642383454426296,46.69793103448276,1857,1888,2306,2367,-161.91108916830478,59.965150329302006,-161.90560944507163,59.96793510668277
3843,724,36446.00781862493,3.644600781862493,110,4.088117804359415,36.248618784530386,3366,3403,2749,2793,-161.8712938012183,59.8290555637579,-161.86734121396816,59.83237933030914
4197,724,36446.00781862493,3.644600781862493,176,6.540988486975063,59.75690607734806,4195,4229,14685,14755,-160.79906467809323,59.754854721289625,-160.7927764711044,59.75790899325563
4757,723,36395.668028820204,3.6395668028820203,289,10.748025647765946,488.01659751037346,5400,5454,4404,4647,-161.7226226216965,59.64481109898498,-161.7007935602924,59.649662001519225
3024,723,36395.668028820204,3.6395668028820203,189,7.028985631237937,122.8271092669433,2353,2413,1613,1702,-161.97334241749425,59.91798877688573,-161.9653474114656,59.923378668590445
4045,723,36395.668028820204,3.6395668028820203,114,4.23970561884193,42.84370677731673,3938,3982,1887,1931,-161.9487285787094,59.777043108807376,-161.94477599145927,59.7809956960575
187,723,36395.668028820204,3.6395668028820203,157,5.8388928259489745,42.84370677731673,145,170,588,651,-162.06541973411652,60.11948089511374,-162.05976034782657,60.121726683324034
4123,723,36395.668028820204,3.6395668028820203,70,2.6033280115696065,32.80221300138312,4071,4088,3458,3518,-161.8076032475742,59.76752096679571,-161.8022133558695,59.76904810277871
317,722,36345.32823901547,3.634532823901547,205,7.629310007539066,90.77008310249307,249,291,16045,16131,-160.67689379945296,60.10861128017589,-160.66916828800953,60.11238420436919
1379,722,36345.32823901547,3.634532823901547,59,2.1957526363161213,24.869806094182824,995,1029,5086,5119,-161.66135751931955,60.04231561220787,-161.65839307888194,60.04536988417388
3190,722,36345.32823901547,3.634532823901547,217,8.075903764077937,93.62880886426593,2480,2517,2802,2895,-161.86653273021244,59.908646297930886,-161.85817839807012,59.91197006448213
1750,721,36294.988449210745,3.6294988449210743,92,3.42625904452975,37.30374479889043,1291,1338,9938,9973,-161.22549494346475,60.01455766992858,-161.22235083997035,60.01877975176394
3487,721,36294.988449210745,3.6294988449210743,175,6.5173405738337635,44.9375866851595,2739,2783,14106,14152,-160.85107713304373,59.884751111373305,-160.84694488273678,59.88870369862343
284,721,36294.988449210745,3.6294988449210743,143,5.325598297475589,142.0249653259362,222,247,1976,2111,-161.94073357268073,60.11256386742602,-161.9286063163451,60.114809655636314
2335,721,36294.988449210745,3.6294988449210743,157,5.84698554338229,101.10957004160888,1775,1797,3056,3169,-161.84371552199582,59.97332499838749,-161.83356455928526,59.97530129201255
975,720,36244.64865940601,3.624464865940601,148,5.515634344499481,50.138888888888886,709,730,10425,10499,-161.18174698912813,60.06917523920305,-161.17509945602566,60.0710617012997
2972,720,36244.64865940601,3.624464865940601,164,6.111919138499425,58.93888888888889,2304,2331,8756,8832,-161.33167581004767,59.92535496221551,-161.32484861388838,59.92778041348263
585,720,36244.64865940601,3.624464865940601,178,6.633668333249376,88.2,435,463,9366,9464,-161.2768785777164,60.093160257289036,-161.26807508793203,60.09567554008457
3840,720,36244.64865940601,3.624464865940601,168,6.260990336999411,112.02222222222223,3361,3394,1275,1384,-162.0037054740975,59.8298640475136,-161.9939138375006,59.8328284879512
4358,719,36194.30886960128,3.619430886960128,87,3.2445525117326763,28.840055632823365,4407,4437,2144,2186,-161.9256418759075,59.73616976337994,-161.9218689517142,59.738864709232296
2312,718,36143.96907979655,3.614396907979655,186,6.941458349017306,98.54596100278552,1759,1785,15551,15658,-160.72127057448847,59.974402976728435,-160.7116586009484,59.97673859646714
2320,718,36143.96907979655,3.614396907979655,94,3.508048843051757,45.12534818941504,1767,1789,1223,1291,-162.00837671357493,59.97404365061479,-162.00226816964292,59.97601994423985
288,717,36093.62928999182,3.609362928999182,200,7.4691368697327105,201.39470013947002,227,292,1288,1413,-162.00253766422813,60.10852144864748,-161.99130872317664,60.114360497994255
1687,716,36043.28950018709,3.6043289500187092,98,3.662431954484486,45.25139664804469,1238,1266,6859,6921,-161.50208621944515,60.02102553997424,-161.4965166646836,60.023540822769775
2213,716,36043.28950018709,3.6043289500187092,130,4.858328102887583,80.44692737430168,1684,1704,8912,9012,-161.31766209161543,59.9816793305298,-161.30867893877422,59.983475961098044
614,716,36043.28950018709,3.6043289500187092,192,7.175376890418584,95.87150837988827,456,509,5956,6034,-161.58320408960114,60.08902800698208,-161.57619723038502,60.09378907798792
2185,715,35992.94971038236,3.599294971038236,62,2.3186685352209735,26.634965034965035,1665,1684,7712,7762,-161.42545992570976,59.983475961098044,-161.42096834928915,59.98518276013787
1114,714,35942.609920577626,3.594260992057763,226,8.457837430785853,93.22689075630252,804,825,4401,4509,-161.72289211628174,60.06064124400391,-161.71319031121325,60.06252770610056
1230,714,35942.609920577626,3.594260992057763,50,1.8712029714127993,22.946778711484594,888,911,5811,5852,-161.5962296612209,60.05291573256048,-161.592546568556,60.054981857713955
501,713,35892.2701307729,3.58922701307729,122,4.568935906266143,37.72230014025246,378,415,5930,5975,-161.58553970933986,60.09747217065281,-161.58149729056132,60.100795937204055
4945,711,35791.590551163434,3.5791590551163432,46,1.7251347814199034,20.253164556962027,6271,6296,3692,3727,-161.78658266992582,59.56917295206212,-161.78343856643139,59.57141874027242
970,711,35791.590551163434,3.5791590551163432,216,8.100632886667372,272.29254571026723,706,769,10174,10331,-161.20429470275954,60.06567180959498,-161.19019115279886,60.07133119588493
3707,710,35741.25076135871,3.574125076135871,162,6.079751662830493,192.81690140845072,3059,3111,4675,4808,-161.69827827749685,59.85528637005419,-161.68633068421806,59.859957609531605
4472,710,35741.25076135871,3.574125076135871,133,4.9914010565213305,57.47042253521127,4605,4643,12310,12373,-161.0124145580716,59.717664468527076,-161.00675517178166,59.72107806660673
658,710,35741.25076135871,3.574125076135871,221,8.293982206700857,93.75211267605634,484,505,11964,12072,-161.04349626690214,60.089387333095736,-161.03379446183365,60.091273795192386
666,710,35741.25076135871,3.574125076135871,135,5.06645971902541,50.84507042253521,491,516,9995,10065,-161.22037454634528,60.088399186283205,-161.21408633935644,60.0906449744935
3503,710,35741.25076135871,3.574125076135871,139,5.216577044033571,48.72676056338028,2755,2790,1925,1983,-161.94531498062972,59.884122290674426,-161.94010475198183,59.88726639416884
813,709,35690.910971553974,3.5690910971553973,145,5.445589304867927,44.68829337094499,596,632,367,420,-162.08527250189556,60.07797872898742,-162.08051143088971,60.081212664010245
2971,709,35690.910971553974,3.5690910971553973,35,1.3144525908301894,22.39210155148096,2303,2324,5254,5296,-161.64626582254633,59.92598378291439,-161.64249289835303,59.92787024501104
4818,708,35640.57118174924,3.564057118174924,162,6.0883328268229135,99.93785310734464,5584,5597,7737,7857,-161.42321413749946,59.63196519042207,-161.41243435409004,59.63313300029143
1642,708,35640.57118174924,3.564057118174924,80,3.0065841120113155,46.78531073446328,1198,1222,2104,2171,-161.929235137044,60.024978127224365,-161.9232164246404,60.027134083906255
2236,708,35640.57118174924,3.564057118174924,59,2.217355782608345,34.3728813559322,1707,1725,4063,4123,-161.75325517288496,59.97979286843315,-161.74786528118025,59.98140983594457
3433,708,35640.57118174924,3.564057118174924,195,7.328548773027581,144.63276836158192,2686,2729,7661,7778,-161.43004133365878,59.88960201390755,-161.41953104483457,59.89346476962927
1848,708,35640.57118174924,3.564057118174924,102,3.833394742814427,45.76271186440678,1375,1400,7094,7159,-161.48097581026835,60.008988115167035,-161.47513676092157,60.01123390337734
1701,708,35640.57118174924,3.564057118174924,95,3.570318633013437,44.75141242937853,1246,1270,1893,1958,-161.9481895895389,60.02066621386059,-161.94235054019214,60.022822170542476
5230,707,35590.231391944515,3.5590231391944513,220,8.273951558890616,122.25742574257426,7449,7494,15416,15518,-160.7333978308241,59.4615547810246,-160.72423501492605,59.46559719980314
1194,707,35590.231391944515,3.5590231391944513,95,3.572842718611857,35.30975954738331,860,884,14,69,-162.11698303142498,60.05534118382761,-162.1120422973623,60.05749714050949
4716,706,35539.89160213978,3.553989160213978,215,8.09163174207105,222.11898016997168,5191,5239,3401,3551,-161.81272364469368,59.66412487759355,-161.7992489154319,59.66843679095733
5155,706,35539.89160213978,3.553989160213978,114,4.290446598121394,30.192634560906516,7147,7171,10676,10725,-161.15919927549675,59.49057036470166,-161.15479753060455,59.49272632138355
5357,705,35489.551812335056,3.5489551812335054,102,3.8415422434890183,35.40992907801419,7865,7893,3270,3321,-161.82449157491564,59.42571200118823,-161.81991016696665,59.428227283983766
1705,705,35489.551812335056,3.5489551812335054,105,3.9545287800622244,34.51914893617021,1249,1285,7065,7107,-161.4835809245923,60.01931874093441,-161.479808000399,60.02255267595724
540,704,35439.21202253032,3.543921202253032,125,4.711114759027557,34.56818181818182,405,431,342,394,-162.08751829010586,60.09603486619822,-162.08284705062843,60.09837048593693
1519,703,35388.87223272559,3.538887223272559,51,1.9235014303320213,26.310099573257467,1095,1115,4170,4218,-161.7436431993449,60.03459010076444,-161.7393312859811,60.036386731332684
3420,702,35338.53244292086,3.5338532442920862,195,7.359800721939872,79.33903133903134,2677,2704,1322,1413,-161.99948339226214,59.89184780211785,-161.99130872317664,59.89427325338497
3929,700,35237.852863311404,3.5237852863311403,229,8.655386431911303,104.14285714285714,3628,3667,6912,7008,-161.49732514843933,59.80534004025714,-161.48870132171177,59.80884346986521
4315,699,35187.51307350667,3.518751307350667,163,6.165226216948705,86.57510729613733,4345,4391,4836,4913,-161.68381540142255,59.740302013686886,-161.67689837373482,59.74443426399384
1886,699,35187.51307350667,3.518751307350667,53,2.0046441073514196,24.177396280400572,1407,1430,4349,4391,-161.72756335575914,60.00629316931468,-161.72379043156585,60.00835929446815
281,699,35187.51307350667,3.518751307350667,97,3.6688769511903336,34.81545064377682,218,263,746,779,-162.05122635262742,60.11112656297143,-162.04826191218982,60.11516898174997
5202,698,35137.17328370194,3.513717328370194,118,4.466365868216341,105.99426934097421,7345,7409,7190,7262,-161.4723519835408,59.469190460939615,-161.46588411349515,59.474939678757984
910,698,35137.17328370194,3.513717328370194,72,2.7252401907760726,40.43553008595988,662,685,7552,7613,-161.43983297025568,60.07321765798158,-161.43435324702256,60.075283783135056
4434,698,35137.17328370194,3.513717328370194,162,6.131790429246163,60.796561604584525,4539,4578,5004,5068,-161.66872370464932,59.72350351787385,-161.66297448683096,59.72700694748192
5119,697,35086.83349389721,3.508683349389721,192,7.272518583154274,69.44045911047345,6996,7037,11869,11938,-161.05203026210128,59.502607789508865,-161.04583188664085,59.50629088217375
2380,697,35086.83349389721,3.508683349389721,119,4.507446413517493,34.91535150645624,1820,1842,5975,6031,-161.58149729056132,59.96928257960895,-161.57646672497026,59.971258873234014
2584,696,35036.49370409248,3.503649370409248,66,2.5017235438103813,25.798850574712645,1995,2022,6821,6861,-161.50549981752482,59.9531129044948,-161.50190655638832,59.955538355761924
2075,696,35036.49370409248,3.503649370409248,180,6.82288239221013,216.29885057471265,1569,1593,6454,6624,-161.538467988452,59.99165063018353,-161.52319662862197,59.99380658686542
1055,695,34986.153914287745,3.4986153914287743,62,2.3517940496137326,24.31654676258993,765,786,9934,9978,-161.2258542695784,60.06414467361198,-161.22190168232828,60.06603113570863
1727,695,34986.153914287745,3.4986153914287743,168,6.3726032312114045,46.618705035971225,1272,1306,10934,10990,-161.13602274116644,60.01743227883776,-161.1309921755754,60.02048655080377
450,694,34935.81412448302,3.493581412448302,149,5.655962654108369,112.96829971181556,346,384,10276,10378,-161.1951318868615,60.10025694803358,-161.1859690709635,60.103670546113236
1676,694,34935.81412448302,3.493581412448302,29,1.1008249461016288,20.063400576368878,1229,1254,3182,3216,-161.8323967494159,60.022103518315184,-161.8293424774499,60.02434930652548
1554,693,34885.474334678285,3.4885474334678284,158,6.001923693540932,71.11688311688312,1115,1134,648,740,-162.06002984241178,60.03288330172462,-162.0517653417979,60.03459010076444
4835,693,34885.474334678285,3.4885474334678284,83,3.152909282049983,43.688311688311686,5657,5674,3034,3104,-161.84569181562088,59.62504816273435,-161.83940360863204,59.626575298717356
4624,692,34835.13454487355,3.483513454487355,84,3.193200869332763,31.653179190751445,4968,4994,6344,6392,-161.5483494565773,59.68613360205448,-161.54403754321353,59.68846922179319
3142,692,34835.13454487355,3.483513454487355,167,6.348387442602041,140.67052023121389,2450,2515,9431,9522,-161.2710395283696,59.90882596098771,-161.26286485928412,59.91466501033449
1302,692,34835.13454487355,3.483513454487355,55,2.09078628349169,26.728323699421967,941,966,5465,5508,-161.62731137005142,60.04797499849782,-161.6234486143297,60.050220786708124
2955,692,34835.13454487355,3.483513454487355,54,2.052771987428205,23.67630057803468,2288,2318,5753,5787,-161.60143988986877,59.926522772084866,-161.59838561790278,59.92921771793722
308,691,34784.794755068826,3.4784794755068824,50,1.9020896422713338,22.975397973950795,241,267,3739,3776,-161.78236058809046,60.110767236857775,-161.7790368215392,60.11310285659649
3827,691,34784.794755068826,3.4784794755068824,269,10.233242275419775,102.39652677279305,3314,3368,11952,12031,-161.0445742452431,59.83219966725232,-161.03747755449854,59.83705056978656
4011,690,34734.45496526409,3.473445496526409,45,1.713120722160482,25.252173913043478,3880,3900,5447,5493,-161.62892833756283,59.784409294137156,-161.62479608725587,59.78620592470539
4446,689,34684.11517545937,3.4684115175459365,222,8.457526427129999,331.6168359941945,4560,4595,7343,7547,-161.45860775969376,59.72197638189085,-161.44028212789775,59.72512048538527
1559,688,34633.77538565463,3.4633775385654633,133,5.070577463559105,55.83720930232558,1119,1153,9144,9208,-161.29682117702384,60.03117650268479,-161.29107195920548,60.034230774650794
1479,688,34633.77538565463,3.4633775385654633,179,6.824311022384059,74.23837209302326,1062,1100,7574,7649,-161.43785667663062,60.035937573690624,-161.4311193119997,60.03935117177028
740,688,34633.77538565463,3.4633775385654633,61,2.3256031975722213,28.488372093023255,540,562,3336,3384,-161.81856269404045,60.08426693597625,-161.8142507806767,60.086243229601315
3598,688,34633.77538565463,3.4633775385654633,94,3.5837164028162096,47.093023255813954,2868,2905,808,861,-162.0456567978659,59.873791664907046,-162.04089572686004,59.87711543145829
2196,687,34583.4355958499,3.45834355958499,107,4.082304626383359,47.161572052401745,1673,1696,4983,5050,-161.67061016674597,59.9823979827571,-161.66459145434237,59.984464107910576
2133,686,34533.095806045174,3.4533095806045173,113,4.3143600480148505,26.174927113702623,1618,1645,516,556,-162.07188760416216,59.98697939070611,-162.06829434302568,59.98940484197323
46,685,34482.75601624044,3.448275601624044,122,4.661380391395308,78.57518248175182,16,59,3092,3165,-161.84048158697297,60.12945219476747,-161.83392388539892,60.13331495048918
1401,685,34482.75601624044,3.448275601624044,82,3.1330589515935676,31.118248175182483,1013,1044,6505,6547,-161.53388658050298,60.040968139281695,-161.53011365630968,60.04375291666246
3845,685,34482.75601624044,3.448275601624044,242,9.246344710800528,257.51824817518246,3374,3447,12037,12174,-161.03693856532806,59.82510297650777,-161.02463164593564,59.831660678081846
648,685,34482.75601624044,3.448275601624044,52,1.9868178717422622,34.621897810218975,479,505,4733,4784,-161.69306804884897,60.089387333095736,-161.68848664089995,60.091722952834445
1321,684,34432.416226435715,3.4432416226435714,142,5.429505701603295,46.32163742690059,952,990,7420,7471,-161.45169073200606,60.04581904181594,-161.44710932405704,60.04923263989559
701,684,34432.416226435715,3.4432416226435714,190,7.264831572567789,69.47953216374269,517,554,2892,2964,-161.85844789265536,60.08498558820355,-161.85198002260972,60.08830935475479
4248,684,34432.416226435715,3.4432416226435714,86,3.288292185478052,37.42690058479532,4256,4291,11110,11155,-161.12021239216594,59.74928516652808,-161.1161699733874,59.7524292700225
1392,684,34432.416226435715,3.4432416226435714,202,7.723663040308913,36.49707602339181,1008,1043,10341,10385,-161.18929283751473,60.0410579708101,-161.1853402502646,60.04420207430452
4872,684,34432.416226435715,3.4432416226435714,150,5.735393346764044,49.49707602339181,5813,5855,4293,4343,-161.73259392135023,59.60878865609179,-161.72810234492962,59.61256158028509
4790,683,34382.07643663098,3.438207643663098,288,11.020013737824685,206.9926793557833,5500,5523,15727,15892,-160.70546022548797,59.63861272352456,-160.69063802329998,59.640678848678036
2964,683,34382.07643663098,3.438207643663098,56,2.142780449021467,29.52269399707174,2300,2320,2627,2678,-161.88225324768453,59.92634310902804,-161.87767183973554,59.92813973959628
3928,683,34382.07643663098,3.438207643663098,115,4.40035270781194,40.34553440702782,3626,3651,1606,1664,-161.97397123819314,59.80677734471173,-161.96876100954526,59.80902313292203
4386,683,34382.07643663098,3.438207643663098,112,4.285560898042934,32.94289897510981,4442,4472,3242,3287,-161.82700685771118,59.73302565988552,-161.82296443893264,59.73572060573788
1638,683,34382.07643663098,3.438207643663098,306,11.70876459643873,368.9663250366032,1192,1261,10321,10503,-161.19108946808296,60.0214746976163,-161.174740129912,60.02767307307672
48,682,34331.73664682625,3.433173664682625,56,2.144350826988954,21.114369501466275,17,41,9244,9280,-161.28783802418266,60.13106916227888,-161.2846040891598,60.133225118960766
2099,682,34331.73664682625,3.433173664682625,101,3.8674898843907917,34.774193548387096,1590,1616,7487,7538,-161.44567201960245,59.98958450503005,-161.44109061165344,59.99192012476877
1851,682,34331.73664682625,3.433173664682625,44,1.6848470783484637,22.545454545454547,1378,1398,6793,6835,-161.50801510032034,60.00916777822386,-161.50424217612704,60.0109644087921
2205,682,34331.73664682625,3.433173664682625,69,2.6421465546828182,28.73900293255132,1678,1705,5384,5427,-161.63458772385277,59.981589499001394,-161.63072496813106,59.98401495026852
4310,680,34231.05706721679,3.423105706721679,159,6.097371661336594,77.79411764705883,4338,4370,5569,5652,-161.61796889109658,59.742188475783536,-161.6105128742384,59.745063084692724
3315,680,34231.05706721679,3.423105706721679,51,1.9557607215607944,24.094117647058823,2588,2607,2960,3005,-161.85233934872335,59.90056146037381,-161.8482969299448,59.90226825941364
5041,680,34231.05706721679,3.423105706721679,147,5.637192668028172,67.34705882352941,6750,6772,9454,9539,-161.26897340321614,59.52641314453803,-161.26133772330112,59.528389438163096
1845,680,34231.05706721679,3.423105706721679,101,3.8731731936792206,33.088235294117645,1372,1392,10584,10639,-161.16746377611062,60.009706767394334,-161.16252304204798,60.01150339796257
4927,678,34130.37748760733,3.413037748760733,65,2.496309961088348,32.306784660766965,6136,6154,12195,12251,-161.022745183839,59.581929029096614,-161.0177146182479,59.58354599660803
108,677,34080.037697802596,3.4080037697802594,88,3.3821147449059867,35.94682422451994,71,98,3636,3687,-161.79161323551688,60.1259487651594,-161.78703182756786,60.12837421642652
2714,676,34029.69790799786,3.4029697907997862,142,5.461538461538462,62.77514792899408,2102,2123,2106,2188,-161.92905547398718,59.94403992012519,-161.92168928865738,59.94592638222185
1080,676,34029.69790799786,3.4029697907997862,99,3.8076923076923075,54.532544378698226,776,809,3926,3989,-161.7655620922774,60.0620785484585,-161.75990270598746,60.065042988896096
1023,675,33979.35811819314,3.3979358118193135,137,5.273132458598582,43.828148148148145,742,769,232,291,-162.09739975823118,60.06567180959498,-162.09209969805485,60.0680972608621
2802,674,33929.0183283884,3.3929018328388403,128,4.93037578093661,40.88427299703264,2171,2196,265,323,-162.09443531779357,59.937482218551125,-162.08922508914569,59.93972800676142
1282,674,33929.0183283884,3.3929018328388403,69,2.6577806944111413,37.038575667655785,927,948,3144,3202,-161.83581034749557,60.04959196600924,-161.83060011884766,60.05147842810589
4645,673,33878.67853858368,3.3878678538583675,114,4.394377063602689,54.77563150074294,4999,5037,3392,3450,-161.8135321284494,59.68227084633277,-161.8083218998015,59.68568444441242
1221,673,33878.67853858368,3.3878678538583675,253,9.752433307820002,124.962852897474,880,936,4272,4361,-161.73448038344688,60.05066994435018,-161.72648537741821,60.05570050994125
2849,673,33878.67853858368,3.3878678538583675,107,4.124546893030594,40.94502228826151,2205,2226,907,969,-162.0367634765531,59.93478727269876,-162.03119392179156,59.93667373479541
5035,672,33828.338748778944,3.3828338748778943,98,3.7804320740712516,31.720238095238095,6746,6771,10120,10168,-161.20914560529377,59.52650297606644,-161.20483369193002,59.52874876427674
3935,670,33727.659169169485,3.3727659169169484,190,7.34034038821943,132.54328358208954,3645,3686,15267,15375,-160.74678272855746,59.80363324121731,-160.73708092348897,59.807316333882206
2897,670,33727.659169169485,3.3727659169169484,47,1.815768411822701,28.423880597014925,2249,2269,4732,4781,-161.69315788037738,59.93092451697705,-161.6887561354852,59.93272114754529
1242,670,33727.659169169485,3.3727659169169484,130,5.022338160360663,48.35820895522388,896,919,1826,1893,-161.95420830194251,60.05219708033319,-161.9481895895389,60.05426320548666
849,669,33677.31937936475,3.367731937936475,176,6.8045531226381195,59.79073243647235,620,644,9528,9604,-161.26232587011364,60.07690075064647,-161.25549867395435,60.07905670732836
251,669,33677.31937936475,3.367731937936475,66,2.551707420989295,26.044843049327355,188,209,2468,2513,-161.89653646070204,60.11597746550567,-161.8924940419235,60.11786392760232
4342,668,33626.979589560025,3.3626979589560024,55,2.1280138894688765,24.526946107784433,4384,4406,5855,5897,-161.59227707397076,59.73895454076071,-161.58850414977746,59.74093083438577
4459,668,33626.979589560025,3.3626979589560024,34,1.3154994953080326,22.281437125748504,4583,4602,3199,3241,-161.8308696134329,59.72134756119197,-161.8270966892396,59.72305436023179
5064,666,33526.30000995056,3.352630000995056,109,4.2236642076921,41.37537537537538,6841,6879,9823,9868,-161.23582556923213,59.51680117099795,-161.2317831504536,59.520214769077604
2339,666,33526.30000995056,3.352630000995056,190,7.362350453775221,56.510510510510514,1777,1803,3176,3247,-161.83293573858637,59.97278600921702,-161.82655770006912,59.97512162895573
1706,665,33475.96022014583,3.3475960220145833,161,6.2433122113523245,117.89473684210526,1250,1286,8777,8881,-161.32978934795102,60.019228909405996,-161.32044686899619,60.02246284442883
2366,665,33475.96022014583,3.3475960220145833,121,4.692178742693362,50.91127819548872,1810,1842,968,1028,-162.03128375331997,59.96928257960895,-162.02589386161526,59.97215718851814
2157,664,33425.6204303411,3.34256204303411,61,2.367259103404315,21.686746987951807,1640,1664,3145,3181,-161.83572051596715,59.98527259166628,-161.8324865809443,59.98742854834817
3215,663,33375.280640536366,3.3375280640536364,99,3.844841405034056,28.72398190045249,2497,2523,2677,2720,-161.87776167126395,59.908107308760414,-161.8738989155422,59.91044292849912
1623,662,33324.94085073164,3.332494085073164,176,6.840434254160951,141.44410876132932,1180,1264,9512,9581,-161.26376317456825,60.021205203031066,-161.25756479910783,60.028751051417665
3794,662,33324.94085073164,3.332494085073164,62,2.409698430443062,31.323262839879153,3242,3263,4071,4122,-161.75253652065769,59.84163197773557,-161.74795511270867,59.84351843983222
4150,662,33324.94085073164,3.332494085073164,47,1.8267068746907087,27.123867069486405,4117,4136,6317,6365,-161.55077490784444,59.763209053431936,-161.54646299448066,59.764915852471766
5172,662,33324.94085073164,3.332494085073164,124,4.819396860886124,81.30513595166163,7178,7233,10067,10128,-161.21390667629962,59.48500080994012,-161.2084269530665,59.489941544002775
4204,662,33324.94085073164,3.332494085073164,132,5.1303256906207135,52.259818731117825,4201,4215,15609,15688,-160.7160603458406,59.75611236268739,-160.70896365509603,59.75737000408516
1209,661,33274.60106092691,3.3274601060926905,157,6.10659225643765,156.85930408472012,871,910,7999,8121,-161.39967827705553,60.05300556408889,-161.38871883058928,60.05650899369696
3777,661,33274.60106092691,3.3274601060926905,52,2.0225655881194764,25.56732223903177,3198,3218,1632,1677,-161.97163561845443,59.845674396514106,-161.9675931996759,59.84747102708235
2169,660,33224.261271122174,3.3224261271122173,86,3.347545459894549,102.42424242424242,1653,1704,16234,16313,-160.6599156405831,59.9816793305298,-160.65281894983855,59.98626073847881
2665,660,33224.261271122174,3.3224261271122173,59,2.2965718852764927,24.054545454545455,2063,2085,8118,8159,-161.3889883251745,59.94745351820485,-161.3853052325096,59.949429811829916
4754,660,33224.261271122174,3.3224261271122173,159,6.189066606084108,44.82424242424243,5398,5438,2970,3016,-161.85144103343924,59.64624840343957,-161.8473087831323,59.64984166457605
1465,660,33224.261271122174,3.3224261271122173,73,2.841521146189559,29.696969696969695,1053,1074,5224,5273,-161.6489607683987,60.03827319342933,-161.6445590235065,60.04015965552598
2790,660,33224.261271122174,3.3224261271122173,104,4.048194509639919,52.41818181818182,2162,2190,3151,3216,-161.83518152679667,59.9380212077216,-161.8293424774499,59.94053649051713
730,659,33173.92148131745,3.3173921481317445,47,1.8308600597593065,22.585735963581183,537,561,4351,4388,-161.72738369270235,60.084356767504666,-161.72405992615109,60.086512724186555
2978,659,33173.92148131745,3.3173921481317445,164,6.388532974479283,105.76024279210925,2310,2331,3607,3718,-161.79421834984083,59.92535496221551,-161.7842470501871,59.92724142431216
1329,659,33173.92148131745,3.3173921481317445,61,2.3762226307514402,23.332321699544764,958,978,7702,7744,-161.4263582409939,60.046897020156884,-161.4225853168006,60.04869365072512
4462,659,33173.92148131745,3.3173921481317445,156,6.076897219626635,99.44764795144158,4588,4612,2601,2705,-161.88458886742325,59.720449245907844,-161.8752463884684,59.72260520258973
1960,658,33123.581691512714,3.3123581691512713,86,3.352629055017437,36.984802431610944,1471,1499,3495,3545,-161.80427948102297,60.00009479385425,-161.79978790460237,60.00261007664979
535,658,33123.581691512714,3.3123581691512713,57,2.222091350418534,24.89969604863222,402,421,9344,9389,-161.27885487134145,60.096933181482335,-161.2748124525629,60.098639980522165
4388,658,33123.581691512714,3.3123581691512713,291,11.344361104768305,395.2887537993921,4447,4489,6438,6651,-161.53990529290658,59.731498523902516,-161.52077117735485,59.735271448095816
344,657,33073.24190170799,3.307324190170799,62,2.4188503753866986,33.339421613394215,275,298,5060,5111,-161.66369313905827,60.10798245947701,-161.65911173110925,60.11004858463048
2641,657,33073.24190170799,3.307324190170799,95,3.7063029945441346,28.986301369863014,2042,2069,3992,4034,-161.75963321140222,59.94889082265944,-161.75586028720892,59.951316273926565
2619,657,33073.24190170799,3.307324190170799,280,10.923840404972186,151.98782343987824,2028,2060,9242,9368,-161.2880176872395,59.94969930641515,-161.27669891465956,59.95257391532433
2983,656,33022.902111903255,3.3022902111903254,51,1.9912154640797275,26.5609756097561,2312,2334,6370,6414,-161.5460138368386,59.925085467630275,-161.54206124958847,59.92706176125534
5196,655,32972.56232209852,3.297256232209852,230,8.986843649392481,108.02442748091603,7311,7377,12065,12132,-161.03442328253254,59.472065069848796,-161.02840457012894,59.477993950723985
5297,655,32972.56232209852,3.297256232209852,170,6.64244965389879,61.06870229007634,7643,7676,9124,9191,-161.29861780759208,59.44520544285363,-161.29259909518848,59.44816988329122
4390,655,32972.56232209852,3.297256232209852,41,1.6020025635873554,22.723664122137404,4451,4475,4957,4994,-161.6729457864847,59.73275616530029,-161.66962201993346,59.73491212198217
1090,654,32922.222532293796,3.2922222532293794,75,2.9327320762716567,35.32721712538226,786,803,10794,10853,-161.14859915514413,60.062617537628974,-161.14329909496783,60.06414467361198
688,654,32922.222532293796,3.2922222532293794,56,2.1897732836161703,29.119266055045873,506,545,647,677,-162.0601196739402,60.085794071959256,-162.05742472808785,60.08929750156732
1716,654,32922.222532293796,3.2922222532293794,100,3.9103094350288754,37.211009174311926,1259,1295,63,105,-162.1125812865328,60.01842042565029,-162.1088083623395,60.021654360673125
1174,654,32922.222532293796,3.2922222532293794,115,4.496855850283207,56.36697247706422,839,868,10057,10124,-161.21480499158375,60.0567784882822,-161.20878627918015,60.05938360260614
980,653,32871.88274248906,3.2871882742489063,116,4.539430785130027,25.880551301684534,714,741,2203,2241,-161.9203418157312,60.06818709239052,-161.91692821765156,60.07061254365764
4594,653,32871.88274248906,3.2871882742489063,68,2.6610456326624297,29.16385911179173,4916,4945,3215,3255,-161.8294323089783,59.69053534694667,-161.82583904784184,59.693140461270616
2565,653,32871.88274248906,3.2871882742489063,81,3.169774944789071,35.381316998468606,1974,1996,5538,5592,-161.62075366847733,59.95544852423351,-161.6159027659431,59.95742481785857
831,653,32871.88274248906,3.2871882742489063,83,3.248040992808554,35.381316998468606,606,624,4387,4445,-161.7241497576795,60.07869738121471,-161.71893952903162,60.08031434872613
4151,652,32821.542952684336,3.2821542952684335,110,4.307932474933765,29.208588957055216,4119,4156,2817,2849,-161.86518525728627,59.7614124228637,-161.86231064837708,59.76473618941494
202,652,32821.542952684336,3.2821542952684335,88,3.4463459799470124,48.59509202453988,152,172,3196,3265,-161.83113910801814,60.11930123205691,-161.8249407325577,60.121097862625156
1057,652,32821.542952684336,3.2821542952684335,58,2.2714553049650763,31.803680981595093,766,793,2926,2971,-161.85539362068937,60.06351585291309,-161.85135120191083,60.065941304180214
3306,652,32821.542952684336,3.2821542952684335,103,4.033791317437981,27.539877300613497,2579,2612,6002,6036,-161.5790718392942,59.90011230273175,-161.5760175673282,59.90307674316934
3771,651,32771.2031628796,3.2771203162879603,47,1.8420752339236082,24.387096774193548,3189,3221,1329,1360,-161.99885457156324,59.84540490192887,-161.9960697941825,59.848279510838054
2581,651,32771.2031628796,3.2771203162879603,76,2.978674846344558,50.88172043010753,1993,2019,9120,9185,-161.29897713370573,59.95338239908004,-161.29313808435896,59.95571801881875
4482,650,32720.86337307487,3.272086337307487,75,2.9417420270727606,22.89846153846154,4631,4655,6030,6067,-161.57655655649867,59.71658649018613,-161.5732327899474,59.71874244686802
1778,650,32720.86337307487,3.272086337307487,200,7.844645405527361,93.10153846153847,1311,1377,10286,10343,-161.1942335715774,60.01105424032051,-161.1891131744579,60.0169831211957
3080,649,32670.52358327014,3.267052358327014,101,3.964596793493241,40.43759630200308,2404,2443,6030,6072,-161.57655655649867,59.915293831033374,-161.57278363230537,59.91879726064143
2145,649,32670.52358327014,3.267052358327014,87,3.4150487231080393,55.62403697996918,1628,1644,8805,8884,-161.3272740651555,59.98706922223452,-161.32017737441095,59.988506526689115
2523,648,32620.18379346541,3.262018379346541,143,5.617570539426461,47.80246913580247,1942,1971,8984,9043,-161.31119422156976,59.95769431244381,-161.30589416139344,59.96029942676776
1223,646,32519.50421385595,3.251950421385595,125,4.918059221028961,52.408668730650156,881,918,7222,7277,-161.46947737463162,60.0522869118616,-161.46453664056895,60.05561067841284
5298,646,32519.50421385595,3.251950421385595,71,2.7934576375444498,26.972136222910216,7644,7666,3523,3567,-161.80176419822743,59.446103758137745,-161.7978116109773,59.44808005176281
462,644,32418.824634246488,3.241882463424649,175,6.89596605459213,143.50310559006212,354,406,6681,6781,-161.51807623150248,60.09828065440852,-161.5090930786613,60.10295189388594
5197,644,32418.824634246488,3.241882463424649,82,3.2312526655803127,49.19875776397515,7316,7331,16481,16555,-160.63772725306535,59.47619732015575,-160.63107971996286,59.477544793081925
1859,644,32418.824634246488,3.241882463424649,162,6.383694290536715,127.01242236024845,1380,1435,10333,10421,-161.19001148974203,60.00584401167262,-161.18210631524178,60.01078474573528
2058,643,32368.48484444176,3.236848484444176,134,5.284444145058163,41.82892690513219,1551,1581,1512,1564,-161.98241540186388,59.99272860852447,-161.97774416238644,59.995423554376835
2212,643,32368.48484444176,3.236848484444176,65,2.5633497718565716,44.94556765163297,1684,1719,3224,3274,-161.8286238252226,59.98033185760362,-161.82413224880202,59.983475961098044
1307,642,32318.145054637025,3.2318145054637024,136,5.367491858154237,72.67289719626169,943,970,10462,10543,-161.1784232225769,60.047615672384175,-161.17114686877554,60.0500411236513
4942,642,32318.145054637025,3.2318145054637024,44,1.7365414835204884,25.5202492211838,6251,6273,3799,3841,-161.77697069638572,59.571239077215594,-161.77319777219242,59.57321537084066
2708,642,32318.145054637025,3.2318145054637024,175,6.906699082183761,94.26168224299066,2096,2124,4023,4118,-161.75684843402146,59.943950088596786,-161.74831443882232,59.94646537139232
3218,641,32267.805264832296,3.2267805264832297,198,7.820529804780306,285.77847113884553,2499,2551,10492,10654,-161.17572827672453,59.90559202596488,-161.1611755691218,59.9102632654423
4582,641,32267.805264832296,3.2267805264832297,79,3.120312396856789,42.98907956318253,4894,4918,3304,3363,-161.82143730294965,59.69296079821379,-161.81613724277335,59.69511675489568
790,641,32267.805264832296,3.2267805264832297,151,5.9641414167769,85.42277691107644,581,598,9140,9240,-161.2971805031375,60.081033000953425,-161.2881973502963,60.08256013693642
2943,640,32217.465475027566,3.2217465475027565,67,2.6484075403910174,30.625,2276,2307,6092,6131,-161.57098700173714,59.9275109188974,-161.56748357212905,59.930295696278165
3224,640,32217.465475027566,3.2217465475027565,74,2.925106835655751,38.025,2503,2533,3078,3126,-161.84173922837076,59.907208993476296,-161.83742731500698,59.90990393932865
3996,640,32217.465475027566,3.2217465475027565,72,2.846049894151541,50.625,3845,3865,13506,13576,-160.9049760500909,59.78755339763158,-160.89868784310207,59.78935002819981
3838,640,32217.465475027566,3.2217465475027565,100,3.952847075210474,32.4,3343,3374,3292,3333,-161.82251528129058,59.831660678081846,-161.8188321886257,59.834445455462614
2059,640,32217.465475027566,3.2217465475027565,110,4.348131782731521,36.1,1551,1597,10035,10065,-161.2167812852088,59.99129130406988,-161.21408633935644,59.995423554376835
572,639,32167.125685222836,3.2167125685222837,62,2.45268209360063,25.640062597809077,428,450,5368,5410,-161.6360250283074,60.09432806715839,-161.6322521041141,60.096304360783456
3227,638,32116.785895418107,3.2116785895418105,87,3.444362983722297,25.68025078369906,2506,2533,4652,4689,-161.70034440265033,59.907208993476296,-161.6970206360991,59.90963444474342
928,638,32116.785895418107,3.2116785895418105,49,1.9399285770389947,21.09090909090909,677,700,9841,9876,-161.23420860172072,60.0718701850554,-161.2310644982263,60.07393631020888
1220,638,32116.785895418107,3.2116785895418105,89,3.5235437419687865,42.156739811912225,879,912,5959,6008,-161.5829345950159,60.05282590103207,-161.57853285012374,60.05579034146967
4087,638,32116.785895418107,3.2116785895418105,82,3.246411088106073,38.14420062695925,4018,4046,6150,6200,-161.56577677308923,59.771293890989014,-161.56128519666862,59.77380917378455
1314,637,32066.446105613373,3.2066446105613373,67,2.6546366533635966,40.1883830455259,946,972,6257,6311,-161.55616479954915,60.04743600932735,-161.5513138970149,60.049771629066065
3210,636,32016.106315808644,3.2016106315808646,87,3.449774397873927,32.60377358490566,2494,2520,5265,5311,-161.6452776757338,59.908376803345654,-161.64114542542686,59.91071242308436
5294,636,32016.106315808644,3.2016106315808646,135,5.353098203597473,103.04402515723271,7633,7661,3589,3689,-161.79583531735224,59.446552915779804,-161.78685216451103,59.44906819857534
2604,636,32016.106315808644,3.2016106315808646,86,3.4101218185880198,33.515723270440255,2014,2035,6970,7022,-161.49211491979142,59.951945094625444,-161.48744368031402,59.9538315567221
1231,635,31965.766526003914,3.1965766526003914,82,3.254070739543435,33.568503937007875,889,913,6142,6191,-161.56649542531653,60.05273606950366,-161.56209368042434,60.05489202618554
5021,635,31965.766526003914,3.1965766526003914,123,4.881106109315152,84.76220472440944,6696,6734,12669,12747,-160.9801650393717,59.529826742617686,-160.9731581801556,59.53324034069734
4928,635,31965.766526003914,3.1965766526003914,291,11.54798274642853,518.859842519685,6136,6192,12497,12728,-160.99561606225856,59.57851543101696,-160.97486497919542,59.58354599660803
5229,635,31965.766526003914,3.1965766526003914,111,4.4049006352356255,118.22992125984251,7436,7485,13027,13115,-160.94800535220023,59.46236326478031,-160.94010017769997,59.46676500967249
259,635,31965.766526003914,3.1965766526003914,48,1.9048218963181083,29.12755905511811,195,214,9874,9923,-161.23124416128312,60.11552830786361,-161.22684241639092,60.117235106903436
1413,634,31915.42673619918,3.191542673619918,256,10.167058826106082,325.1041009463722,1021,1053,5719,5914,-161.6044941618348,60.04015965552598,-161.58697701379444,60.043034264435164
626,633,31865.08694639445,3.186508694639445,66,2.623264490606642,42.489731437598735,463,491,4447,4501,-161.7187598659748,60.0906449744935,-161.71390896344053,60.093160257289036
1971,633,31865.08694639445,3.186508694639445,49,1.9475751521170523,21.996840442338073,1483,1506,7909,7945,-161.4077631146126,59.99946597315537,-161.4045291795898,60.00153209830884
3865,633,31865.08694639445,3.186508694639445,110,4.372107484344403,72.34755134281201,3430,3487,14642,14692,-160.80292743381494,59.82150971537129,-160.79843585739434,59.826630112490776
2732,633,31865.08694639445,3.186508694639445,33,1.311632245303321,21.257503949447077,2113,2137,9017,9051,-161.30822978113216,59.94278227872743,-161.30517550916616,59.94493823540932
5331,633,31865.08694639445,3.186508694639445,50,1.9873215837929106,30.963665086887836,7775,7794,3726,3777,-161.7835283979598,59.434605322501014,-161.77894699001078,59.436312121540844
3393,633,31865.08694639445,3.186508694639445,57,2.265546605523918,24.290679304897314,2653,2680,6563,6598,-161.5286763518551,59.89400375879974,-161.52553224836066,59.89642921006686
1976,632,31814.74715658972,3.181474715658972,97,3.8584528282522905,42.55696202531646,1486,1522,790,836,-162.0472737653773,59.998028668700776,-162.04314151507035,60.00126260372361
3601,631,31764.40736678499,3.176440736678499,96,3.821699657558558,43.670364500792395,2873,2901,2218,2273,-161.91899434280504,59.8741509910207,-161.91405360874236,59.876666273816234
4628,631,31764.40736678499,3.176440736678499,98,3.9013184004243615,112.13312202852615,4975,5016,3380,3472,-161.81461010679033,59.68415730842942,-161.80634560617645,59.687840401094306
2566,631,31764.40736678499,3.176440736678499,43,1.7118029716147707,26.782884310618066,1974,1993,6755,6801,-161.5114286984,59.95571801881875,-161.50729644809306,59.95742481785857
3529,630,31714.067576980262,3.1714067576980263,31,1.2350695629788735,21.358730158730157,2781,2802,5104,5141,-161.65974055180814,59.88304431233348,-161.65641678525688,59.88493077443013
4626,630,31714.067576980262,3.1714067576980263,131,5.219164927426853,108.95873015873016,4969,5008,3957,4049,-161.76277731489665,59.68487596065671,-161.75451281428275,59.68837939026478
185,630,31714.067576980262,3.1714067576980263,43,1.713161006712631,27.65714285714286,144,164,4680,4726,-161.6978291198548,60.12001988428421,-161.69369686954786,60.12181651485245
3515,629,31663.72778717553,3.166372778717553,184,7.336560450025879,91.57392686804451,2766,2789,4704,4801,-161.69567316317293,59.88421212220283,-161.68695950491696,59.88627824735631
2520,629,31663.72778717553,3.166372778717553,63,2.511974501911035,27.701112877583466,1940,1959,3556,3603,-161.79879975778982,59.95877229078476,-161.79457767595449,59.96047908982458
5092,628,31613.3879973708,3.16133879973708,107,4.269764831901779,27.745222929936304,6913,6943,16928,16964,-160.5975725598652,59.51105195317959,-160.59433862484238,59.51374689903194
3554,628,31613.3879973708,3.16133879973708,71,2.8332084398600585,33.01910828025478,2804,2834,6248,6290,-161.55697328330487,59.8801697034243,-161.55320035911157,59.882864649276655
1248,628,31613.3879973708,3.16133879973708,116,4.628903929912209,32.10828025477707,901,927,4630,4675,-161.7023206962754,60.05147842810589,-161.69827827749685,60.053814047844604
1365,628,31613.3879973708,3.16133879973708,105,4.189956143455016,39.7515923566879,983,1025,8649,8686,-161.34128778358777,60.04267493832152,-161.3379640170365,60.04644786251482
4018,628,31613.3879973708,3.16133879973708,100,3.9904344223381107,34.87898089171974,3893,3932,1918,1953,-161.9459438013286,59.781534685227975,-161.9427996978342,59.78503811483604
4194,628,31613.3879973708,3.16133879973708,80,3.1923475378704884,29.452229299363058,4190,4222,3223,3259,-161.828713656751,59.75548354198851,-161.8254797217282,59.75835815089769
3231,628,31613.3879973708,3.16133879973708,129,5.147660404816163,72.92356687898089,2511,2535,12268,12351,-161.0161874822649,59.90702933041947,-161.00873146540673,59.90918528710136
2259,627,31563.04820756607,3.156304820756607,95,3.7939345531966406,52.82934609250399,1719,1746,3905,3969,-161.76744855437406,59.9779064063365,-161.7616993365557,59.98033185760362
2101,627,31563.04820756607,3.156304820756607,110,4.392976851069794,56.37001594896332,1591,1651,15007,15041,-160.77013892594456,59.98644040153564,-160.76708465397857,59.991830293240355
697,626,31512.708417761336,3.1512708417761335,102,4.076739911584901,47.25878594249201,512,550,5533,5581,-161.6212028261194,60.0853449143172,-161.61689091275562,60.08875851239685
852,626,31512.708417761336,3.1512708417761335,149,5.955237713981865,56.460063897763575,623,655,8320,8382,-161.3708423564353,60.07591260383394,-161.36527280167374,60.07878721274312
2559,626,31512.708417761336,3.1512708417761335,95,3.7969636431427998,52.91373801916933,1968,2004,7109,7164,-161.47962833734218,59.95472987200622,-161.4746876032795,59.957963807029046
864,626,31512.708417761336,3.1512708417761335,170,6.794566519308168,46.16613418530351,630,668,14195,14242,-160.84308212701507,60.074744793964584,-160.8388600451797,60.07815839204424
3203,626,31512.708417761336,3.1512708417761335,37,1.4788174189082484,23.776357827476037,2485,2505,8622,8663,-161.34371323485487,59.90972427627183,-161.34003014219,59.91152090684007
5121,625,31462.368627956606,3.1462368627956607,97,3.88,30.4704,7004,7027,5555,5601,-161.61922653249434,59.50350610479298,-161.61509428218739,59.50557222994646
4336,625,31462.368627956606,3.1462368627956607,62,2.48,26.2144,4375,4396,3898,3941,-161.76807737507295,59.73985285604483,-161.76421461935124,59.74173931814148
1932,625,31462.368627956606,3.1462368627956607,61,2.44,26.2144,1444,1462,7604,7650,-161.43516173077825,60.00341856040549,-161.4310294804713,60.00503552791691
4073,624,31412.028838151877,3.1412028838151875,239,9.567657189853955,89.25641025641026,3991,4083,14080,14106,-160.85341275278245,59.76797012443777,-160.85107713304373,59.77623462505167
1557,624,31412.028838151877,3.1412028838151875,185,7.40592711348528,110.00641025641026,1118,1188,10996,11057,-161.1304531864049,60.02803239919037,-161.12497346317178,60.03432060617921
98,623,31361.689048347147,3.1361689048347148,150,6.009623101612529,62.92776886035313,65,85,12737,12816,-160.9740564954397,60.12711657502875,-160.96695980469516,60.128913205596994
40,623,31361.689048347147,3.1361689048347148,84,3.3653889369030163,33.28410914927769,11,45,3943,3981,-161.7640349562944,60.13070983616523,-161.76062135821476,60.13376410813124
3222,622,31311.349258542417,3.1311349258542416,68,2.7265515951997266,27.170418006430868,2502,2525,4457,4499,-161.71786155069066,59.90792764570359,-161.71408862649736,59.909993770857064
5354,622,31311.349258542417,3.1311349258542416,101,4.049731045811359,27.170418006430868,7843,7868,3635,3675,-161.7917030670453,59.42795778939853,-161.78810980590882,59.43020357760883
1448,622,31311.349258542417,3.1311349258542416,104,4.170020086776052,36.17363344051447,1044,1068,5076,5127,-161.66225583460366,60.038812182599806,-161.65767442665467,60.040968139281695
4305,621,31261.009468737684,3.1261009468737684,64,2.56823153249641,38.190016103059584,4335,4354,3779,3837,-161.77876732695398,59.74362578023813,-161.77355709830607,59.74533257927796
4602,621,31261.009468737684,3.1261009468737684,194,7.7849518328797425,252.52173913043478,4932,4956,6993,7167,-161.49004879463794,59.689547200134136,-161.47441810869427,59.69170315681602
5017,621,31261.009468737684,3.1261009468737684,135,5.417363388859615,68.33494363929147,6676,6694,15628,15713,-160.71435354680074,59.53342000375416,-160.70671786688573,59.535036971265576
50,621,31261.009468737684,3.1261009468737684,161,6.460707448936281,56.914653784219,18,67,13674,13719,-160.8898843533177,60.12873354254017,-160.88584193453917,60.13313528743235
2891,621,31261.009468737684,3.1261009468737684,177,7.102765332060383,63.130434782608695,2246,2276,491,560,-162.07413339237246,59.930295696278165,-162.06793501691203,59.93299064213053
1124,620,31210.669678932954,3.1210669678932956,119,4.7791550069698685,47.71612903225807,809,842,7723,7776,-161.42447177889724,60.05911410802091,-161.4197107078914,60.0620785484585
2697,619,31160.329889128225,3.1160329889128224,54,2.1704432518569803,29.008077544426495,2085,2108,4941,4985,-161.67438309093927,59.94538739305138,-161.67043050368915,59.94745351820485
4360,618,31109.99009932349,3.1109990099323492,165,6.63727339035032,104.3948220064725,4408,4437,7679,7777,-161.42842436614737,59.73616976337994,-161.41962087636298,59.73877487770388
3637,618,31109.99009932349,3.1109990099323492,116,4.666204322912952,79.74757281553399,2923,2950,830,914,-162.04368050424083,59.869749246128514,-162.0361346558542,59.872174697395636
449,618,31109.99009932349,3.1109990099323492,52,2.0917467654437374,35.44336569579288,346,366,3698,3752,-161.78604368075534,60.10187391554499,-161.78119277822108,60.103670546113236
2755,617,31059.65030951876,3.105965030951876,151,6.079031100824983,132.5705024311183,2130,2172,7309,7410,-161.46166203165978,59.93963817523301,-161.45258904729016,59.943411099426314
4898,617,31059.65030951876,3.105965030951876,98,3.9453314429195254,56.07131280388979,5948,5990,13846,13897,-160.87443333043086,59.59666139975618,-160.86985192248184,59.60043432394948
3238,617,31059.65030951876,3.105965030951876,108,4.347916284033762,49.06969205834684,2516,2534,550,619,-162.06883333219616,59.90711916194788,-162.06263495673574,59.9087361294593
776,617,31059.65030951876,3.105965030951876,34,1.3687884597884068,21.808752025931927,564,589,3333,3366,-161.8188321886257,60.08184148470913,-161.8158677481881,60.084087272919426
4930,616,31009.310519714032,3.1009310519714033,114,4.593190894944668,40.52597402597402,6149,6169,3930,3989,-161.76520276616375,59.580581556170436,-161.75990270598746,59.58237818673867
4585,616,31009.310519714032,3.1009310519714033,59,2.377177743874872,26.5974025974026,4905,4924,4992,5037,-161.66980168299028,59.69242180904332,-161.66575926421174,59.69412860808315
4064,615,30958.970729909302,3.09589707299093,78,3.145263570327496,36.58536585365854,3977,4001,1963,2014,-161.94190138255007,59.775336309767546,-161.93731997460105,59.777492266449435
1841,614,30908.630940104573,3.0908630940104573,60,2.4214029368137853,31.921824104234528,1370,1398,6526,6568,-161.53200011840633,60.00916777822386,-161.52822719421303,60.0116830610194
2673,613,30858.29115029984,3.085829115029984,170,6.866235329637164,62.66884176182708,2070,2103,314,379,-162.09003357290138,59.945836550693436,-162.0841945235546,59.94880099113103
443,613,30858.29115029984,3.085829115029984,72,2.90805261019927,23.491027732463294,342,361,9728,9769,-161.24435956443128,60.10232307318706,-161.24067647176636,60.10402987222688
3369,612,30807.95136049511,3.080795136049511,69,2.7891596879178295,23.529411764705884,2635,2657,4617,4655,-161.70348850614477,59.89606988395321,-161.7000749080651,59.89804617757827
5233,612,30807.95136049511,3.080795136049511,71,2.8700048962632736,26.77124183006536,7455,7476,3994,4037,-161.7594535483454,59.46317174853601,-161.75559079262368,59.46505821063267
5214,612,30807.95136049511,3.080795136049511,77,3.1125405212996067,42.88235294117647,7407,7425,9651,9714,-161.25127659211898,59.467753156485024,-161.24561720582903,59.46937012399644
2307,612,30807.95136049511,3.080795136049511,97,3.92099260475405,43.947712418300654,1751,1783,3947,3997,-161.76367563018076,59.97458263978526,-161.75918405376015,59.97745724869444
5128,611,30757.61157069038,3.075761157069038,170,6.877463849533247,39.829787234042556,7037,7067,4651,4699,-161.70043423417874,59.4999128436565,-161.69612232081496,59.502607789508865
3084,611,30757.61157069038,3.075761157069038,54,2.1846061639693843,26.81505728314239,2406,2429,6264,6305,-161.55553597885026,59.91655147243114,-161.55185288618537,59.918617597584614
1244,611,30757.61157069038,3.075761157069038,78,3.155542236844666,46.193126022913255,899,930,6210,6263,-161.56038688138452,60.051208933520655,-161.55562581037867,60.05399371090142
2497,611,30757.61157069038,3.075761157069038,67,2.710529870110162,40.85761047463175,1915,1933,3227,3288,-161.82835433063735,59.96110791052347,-161.82287460740423,59.962724878034884
336,610,30707.271780885647,3.0707271780885645,79,3.1986165042067185,51.940983606557374,271,286,6874,6948,-161.50073874651898,60.10906043781795,-161.49409121341648,60.11040791074413
458,610,30707.271780885647,3.0707271780885645,95,3.846437568349851,51.940983606557374,353,377,3855,3920,-161.77194013079466,60.10088576873246,-161.76610108144789,60.10304172541435
4253,610,30707.271780885647,3.0707271780885645,131,5.3040349626719,36.885245901639344,4259,4290,5066,5110,-161.6631541498878,59.749374998056496,-161.65920156263766,59.75215977543726
388,609,30656.931991080917,3.065693199108092,90,3.6469840431289846,44.164203612479476,306,333,5938,5993,-161.58482105711258,60.10483835598259,-161.5798803230499,60.107263807249716
469,609,30656.931991080917,3.065693199108092,89,3.6064619982053294,52.026272577996714,359,392,4979,5035,-161.67096949285963,60.09953829580628,-161.66593892726857,60.10250273624388
3228,608,30606.592201276188,3.0606592201276186,118,4.785531923357495,39.00657894736842,2508,2550,7863,7898,-161.41189536491956,59.90568185749329,-161.40875126142515,59.90945478168659
2947,608,30606.592201276188,3.0606592201276186,144,5.839971160707452,71.15789473684211,2279,2319,1069,1133,-162.02221076895037,59.92643294055645,-162.01646155113198,59.93002620169293
3521,608,30606.592201276188,3.0606592201276186,218,8.841067451626559,47.5328947368421,2771,2803,16274,16327,-160.65632237944664,59.88295448080507,-160.6515613084408,59.88582908971425
1689,608,30606.592201276188,3.0606592201276186,58,2.352210606396057,26.111842105263158,1239,1262,4438,4478,-161.71956834973048,60.021384866087885,-161.715975088594,60.02345099124136
3351,608,30606.592201276188,3.0606592201276186,105,4.258312304682517,55.68421052631579,2622,2638,372,448,-162.0848233442535,59.89777668299304,-162.07799614809417,59.89921398744763
1576,607,30556.252411471458,3.055625241147146,159,6.453610919822181,72.65238879736408,1137,1186,7908,7964,-161.40785294614102,60.02821206224719,-161.40282238054996,60.03261380713938
4647,607,30556.252411471458,3.055625241147146,65,2.6382686150216466,26.15485996705107,5001,5026,7281,7319,-161.4641773144553,59.6832589931453,-161.46076371637565,59.6855047813556
3633,606,30505.91262166673,3.0505912621666726,92,3.7372445330309825,72.77227722772277,2914,2952,5549,5616,-161.61976552166482,59.86956958307169,-161.61374680926122,59.87298318115134
861,605,30455.572831861995,3.0455572831861994,70,2.8459046986360956,37.1900826446281,628,651,7718,7770,-161.42492093653928,60.07627192994759,-161.42024969706188,60.078338055101064
2375,605,30455.572831861995,3.0455572831861994,63,2.561314228772486,28.8,1818,1836,6951,6999,-161.49382171883127,59.96982156877942,-161.4895098054675,59.97143853629084
1452,604,30405.233042057265,3.0405233042057267,97,3.946874025040123,67.55629139072848,1047,1065,1923,2006,-161.94549464368654,60.03908167718504,-161.93803862682836,60.040698644696455
391,604,30405.233042057265,3.0405233042057267,71,2.888949028637616,40.29139072847682,306,326,9503,9561,-161.26457165832394,60.10546717668147,-161.25936142967606,60.107263807249716
5049,603,30354.893252252536,3.0354893252252535,98,3.990868515639304,38.3150912106136,6773,6800,9512,9561,-161.26376317456825,59.5238978617425,-161.25936142967606,59.52632331300962
1063,603,30354.893252252536,3.0354893252252535,182,7.4116129576158505,174.08955223880596,767,778,11741,11892,-161.063528697738,60.06486332583927,-161.0499641369478,60.0658514726518
4325,603,30354.893252252536,3.0354893252252535,37,1.506756480394431,24.683250414593697,4358,4381,6776,6814,-161.50954223630336,59.741200328971004,-161.5061286382237,59.74326645412448
1205,602,30304.553462447802,3.0304553462447803,96,3.9126679005082674,67.78073089700996,869,903,207,274,-162.09964554644145,60.05363438478778,-162.09362683403785,60.056688656753785
4824,602,30304.553462447802,3.0304553462447803,37,1.5080074199875615,24.72425249169435,5621,5640,5477,5519,-161.62623339171049,59.62810243470036,-161.6224604675172,59.62980923374019
3945,602,30304.553462447802,3.0304553462447803,78,3.1790426691629676,49.142857142857146,3692,3731,1703,1750,-161.96525757993717,59.79959082243877,-161.9610354981018,59.80309425204684
2055,602,30304.553462447802,3.0304553462447803,167,6.806411868592507,117.53488372093024,1549,1604,11075,11153,-161.12335649566037,59.990662483371,-161.11634963644423,59.995603217433654
2771,602,30304.553462447802,3.0304553462447803,64,2.6084452670055116,32.55813953488372,2144,2178,3045,3081,-161.84470366880834,59.939099186062535,-161.84146973378552,59.94215345802854
4539,601,30254.213672643073,3.025421367264307,152,6.200209325004832,55.11480865224625,4783,4843,4273,4304,-161.73439055191847,59.69969816284468,-161.73160577453768,59.7050880545494
1283,600,30203.873882838343,3.0203873882838344,66,2.694438717061496,40.56,928,947,6960,7019,-161.49301323507555,60.04968179753765,-161.48771317489926,60.051388596577475
1707,600,30203.873882838343,3.0203873882838344,151,6.164549186004332,91.26,1250,1306,11088,11149,-161.122188685791,60.01743227883776,-161.11670896255788,60.02246284442883
2393,600,30203.873882838343,3.0203873882838344,59,2.408664913736792,31.74,1835,1861,8660,8703,-161.34029963677523,59.96757578056913,-161.33643688105352,59.969911400307836
2347,600,30203.873882838343,3.0203873882838344,93,3.796709101313926,56.42666666666667,1783,1810,8261,8326,-161.3761424166116,59.97215718851814,-161.37030336726482,59.97458263978526
618,599,30153.534093033613,3.015353409303361,141,5.76110381744033,55.298831385642735,459,504,483,529,-162.07485204459977,60.08947716462415,-162.0707197942928,60.09351958340268
295,599,30153.534093033613,3.015353409303361,185,7.558895079620291,72.2270450751252,230,269,15992,16057,-160.6816548704588,60.110587573800956,-160.67581582111202,60.11409100340902
2483,598,30103.194303228884,3.0103194303228884,208,8.50575252913912,209.55852842809364,1909,1979,8025,8132,-161.3973426573168,59.956975660216514,-161.38773068377674,59.963263867205356
481,598,30103.194303228884,3.0103194303228884,113,4.620913633618849,78.0200668896321,367,390,8635,8720,-161.34254542498553,60.09971795886311,-161.33490974507052,60.101784084016586
2167,598,30103.194303228884,3.0103194303228884,67,2.739833747366928,24.08026755852843,1653,1681,4668,4700,-161.69890709819575,59.98374545568328,-161.69603248928655,59.98626073847881
3185,598,30103.194303228884,3.0103194303228884,181,7.401640421991253,118.32107023411372,2475,2526,15246,15328,-160.7486691906541,59.90783781417518,-160.74130300532434,59.912419222124186
3188,598,30103.194303228884,3.0103194303228884,122,4.988951002668137,80.93645484949833,2477,2500,15849,15936,-160.6945007790217,59.91017343391389,-160.68668543604986,59.912239559067366
5194,597,30052.85451342415,3.005285451342415,174,7.121345928909506,61.74874371859296,7296,7329,15884,15947,-160.6913566755273,59.476376983212575,-160.68569728923734,59.47934142365017
4542,597,30052.85451342415,3.005285451342415,53,2.169145599035654,24.12060301507538,4790,4810,5151,5191,-161.65551846997278,59.70266260328228,-161.6519252088363,59.70445923385052
3926,597,30052.85451342415,3.005285451342415,131,5.36147308440888,60.469011725293136,3622,3667,2102,2152,-161.9294148001008,59.80534004025714,-161.92492322368022,59.80938245903568
2311,596,30002.51472361942,3.000251472361942,109,4.464813966828771,46.23489932885906,1757,1797,3697,3740,-161.78613351228375,59.97332499838749,-161.78227075656204,59.97691825952397
3550,596,30002.51472361942,3.000251472361942,63,2.580580549634978,32.88590604026846,2800,2819,7058,7109,-161.48420974529117,59.88151717635048,-161.47962833734218,59.8832239753903
2518,596,30002.51472361942,3.000251472361942,44,1.8023102251418892,26.63758389261745,1938,1954,5760,5807,-161.60081106916988,59.95922144842682,-161.59658898733454,59.96065875288141
3652,595,29952.17493381469,2.9952174933814693,152,6.231392468849987,137.47226890756303,2941,2957,3417,3544,-161.8112863402391,59.86912042542963,-161.79987773613078,59.87055772988422
2649,595,29952.17493381469,2.9952174933814693,134,5.493464413328278,96.80672268907563,2046,2086,6343,6423,-161.54843928810573,59.94736368667644,-161.54125276583278,59.95095694781291
3578,594,29901.835144009958,2.9901835144009956,78,3.2003787654626508,40.96969696969697,2836,2863,1626,1677,-161.9721746076249,59.87756458910035,-161.9675931996759,59.879990040367474
176,594,29901.835144009958,2.9901835144009956,114,4.677476657214644,155.58249158249157,141,188,1007,1112,-162.0277803237119,60.11786392760232,-162.01834801322863,60.12208600943769
1065,594,29901.835144009958,2.9901835144009956,93,3.8158362203593144,59.5016835016835,769,787,9424,9500,-161.2716683490685,60.064054842083564,-161.26484115290918,60.06567180959498
5406,594,29901.835144009958,2.9901835144009956,93,3.8158362203593144,39.925925925925924,7984,8003,3425,3483,-161.8105676880118,59.415830533062916,-161.8053574593639,59.41753733210275
981,594,29901.835144009958,2.9901835144009956,43,1.764311370703769,21.117845117845118,714,736,11047,11081,-161.1258717784559,60.068636250032576,-161.1228175064899,60.07061254365764
83,593,29851.495354205228,2.985149535420523,58,2.3817745308242273,25.099494097807757,52,71,9762,9804,-161.24130529246526,60.12837421642652,-161.23753236827196,60.130081015466345
1397,593,29851.495354205228,2.985149535420523,43,1.765798359059341,23.48060708263069,1012,1034,9389,9426,-161.2748124525629,60.04186645456581,-161.27148868601168,60.043842748190876
4871,592,29801.1555644005,2.9801155564400497,124,5.0963686064660765,124.97297297297297,5808,5860,15435,15519,-160.73169103178427,59.60833949844973,-160.72414518339764,59.613010737927155
2957,592,29801.1555644005,2.9801155564400497,90,3.6989772143705393,32.16891891891892,2290,2314,677,722,-162.05742472808785,59.92688209819851,-162.0533823093093,59.9290380548804
3537,591,29750.81577459577,2.975081577459577,41,1.6865146430689406,20.473773265651438,2788,2811,5225,5257,-161.64887093687028,59.88223582857777,-161.64599632796111,59.884301953731246
1985,591,29750.81577459577,2.975081577459577,80,3.290760279158908,33.16412859560068,1491,1519,7693,7735,-161.42716672474958,59.998298163286016,-161.42339380055628,60.00081344608155
570,590,29700.47598479104,2.9700475984791037,89,3.6640720146871515,43.389830508474574,421,448,9826,9879,-161.2355560746469,60.09450773021521,-161.23079500364105,60.096933181482335
1850,590,29700.47598479104,2.9700475984791037,75,3.0877011359723188,46.70508474576271,1377,1411,9726,9775,-161.24453922748808,60.007999968354504,-161.2401374825959,60.01105424032051
2542,590,29700.47598479104,2.9700475984791037,75,3.0877011359723188,39.159322033898306,1958,1984,9431,9481,-161.2710395283696,59.956526502574455,-161.266547951949,59.95886212231317
1646,590,29700.47598479104,2.9700475984791037,103,4.240442893401984,26.061016949152542,1200,1224,7938,7976,-161.40515800028865,60.02479846416754,-161.401744402209,60.02695442084943
436,590,29700.47598479104,2.9700475984791037,252,10.37467581686699,186.82033898305085,338,360,5902,6046,-161.5880549921354,60.102412904715464,-161.57511925204406,60.10438919834053
2936,589,29650.136194986306,2.9650136194986305,198,8.15844786996026,140.82173174872665,2271,2291,8189,8313,-161.38261028665727,59.92894822335199,-161.37147117713417,59.930744853920224
378,589,29650.136194986306,2.9650136194986305,76,3.1315254450352508,34.23429541595925,303,320,7903,7957,-161.4083021037831,60.106006165851944,-161.40345120124883,60.10753330183495
4512,589,29650.136194986306,2.9650136194986305,140,5.768599504012304,37.188455008488965,4708,4747,4924,4959,-161.6759102269223,59.708321989572234,-161.67276612342786,59.7118254191803
3094,588,29599.796405181576,2.9599796405181578,173,7.13439975498609,102.91836734693878,2411,2456,9348,9426,-161.2784955452278,59.914126021164016,-161.27148868601168,59.918168439942555
976,588,29599.796405181576,2.9599796405181578,86,3.546580225021987,41.38775510204081,711,730,3141,3200,-161.8360798420808,60.06917523920305,-161.83077978190448,60.07088203824287
3620,588,29599.796405181576,2.9599796405181578,99,4.082691189269497,45.74149659863946,2896,2929,6173,6222,-161.56371064793575,59.87163570822516,-161.55930890304356,59.87460014866276
5247,587,29549.456615376846,2.9549456615376846,113,4.664009140283428,66.78705281090289,7502,7520,5109,5190,-161.65929139416608,59.45921916128589,-161.65201504036472,59.460836128797304
2344,587,29549.456615376846,2.9549456615376846,76,3.1368557049693853,27.045996592844975,1780,1810,8522,8555,-161.35269638769608,59.97215718851814,-161.34973194725848,59.974852134370494
3090,586,29499.116825572113,2.9499116825572114,176,7.270492985993843,106.65529010238907,2409,2427,3972,4079,-161.76142984197045,59.916731135487964,-161.75181786843038,59.918348102999374
3310,586,29499.116825572113,2.9499116825572114,167,6.898706412846431,34.40955631399317,2586,2623,11433,11467,-161.0911968084889,59.89912415591922,-161.0881425365229,59.902447922470465
733,586,29499.116825572113,2.9499116825572114,42,1.7350040080212579,29.733788395904437,537,555,8377,8425,-161.3657219593158,60.08489575667514,-161.36141004595203,60.086512724186555
3490,585,29448.777035767383,2.944877703576738,45,1.860521018838127,29.784615384615385,2741,2770,5377,5414,-161.63521654455167,59.88591892124266,-161.63189277800043,59.88852403556661
731,585,29448.777035767383,2.944877703576738,53,2.1912803110760164,32.55384615384615,537,558,5304,5352,-161.64177424612575,60.0846262620899,-161.63746233276197,60.086512724186555
79,585,29448.777035767383,2.944877703576738,94,3.8864216837951986,35.44615384615385,50,74,10282,10330,-161.19459289769105,60.12810472184128,-161.19028098432727,60.13026067852317
853,585,29448.777035767383,2.944877703576738,60,2.4806946917841692,23.0017094017094,625,647,7558,7594,-161.4392939810852,60.07663125606123,-161.43606004606238,60.078607549686296
1541,585,29448.777035767383,2.944877703576738,40,1.6537964611894462,27.138461538461538,1108,1129,3613,3655,-161.79367936067035,60.033332459366676,-161.78990643647705,60.035218921463326
3073,585,29448.777035767383,2.944877703576738,98,4.051801329914143,63.01538461538462,2399,2431,7714,7778,-161.42528026265293,59.91637180937431,-161.41953104483457,59.9192464182835
1556,585,29448.777035767383,2.944877703576738,118,4.878699560508866,69.75042735042734,1117,1154,2256,2320,-161.91558074472536,60.03108667115638,-161.909831526907,60.03441043770762
4819,584,29398.437245962654,2.9398437245962654,52,2.1517753103661565,28.054794520547944,5586,5608,4271,4313,-161.7345702149753,59.63097704360954,-161.730797290782,59.6329533372346
3225,584,29398.437245962654,2.9398437245962654,272,11.255440084992204,186.47260273972603,2503,2543,11060,11185,-161.12470396858654,59.90631067819218,-161.11347502753506,59.90990393932865
2776,584,29398.437245962654,2.9398437245962654,132,5.462198864775629,39.56164383561644,2147,2172,16657,16708,-160.62191690406485,59.93963817523301,-160.61733549611583,59.94188396344331
3900,584,29398.437245962654,2.9398437245962654,187,7.7381150584321405,200.28082191780823,3521,3537,7040,7195,-161.4858267128026,59.817018138950694,-161.47190282589875,59.818455443405284
4686,584,29398.437245962654,2.9398437245962654,205,8.482960358174271,271.23972602739724,5054,5096,5852,6009,-161.592546568556,59.67697078615646,-161.57844301859532,59.680743710349766
3259,583,29348.097456157924,2.934809745615792,79,3.2718456979221995,33.61921097770154,2535,2564,1197,1238,-162.01071233331362,59.90442421609553,-162.00702924064873,59.90702933041947
5324,583,29348.097456157924,2.934809745615792,51,2.1122041847345847,33.61921097770154,7750,7769,15113,15164,-160.7606167839329,59.436851110711316,-160.75603537598388,59.43855790975114
2322,583,29348.097456157924,2.934809745615792,138,5.715376029281817,80.02744425385934,1767,1818,13192,13249,-160.93318315001227,59.97143853629084,-160.92806275289277,59.97601994423985
5070,583,29348.097456157924,2.934809745615792,106,4.390071442781686,77.0909090909091,6856,6874,8987,9075,-161.31092472698452,59.51725032864001,-161.30301955248427,59.51886729615143
205,582,29297.757666353195,2.9297757666353195,81,3.357558022773197,40.74914089347079,153,178,8857,8909,-161.32260282567808,60.11876224288644,-161.31793158620064,60.12100803109674
1515,582,29297.757666353195,2.9297757666353195,83,3.440460690002165,56.914089347079035,1093,1118,321,387,-162.0894047522025,60.03432060617921,-162.08347587132732,60.0365663943895
5162,582,29297.757666353195,2.9297757666353195,139,5.761735372413264,98.96907216494846,7158,7186,16850,16942,-160.60457941908135,59.48922289177548,-160.59631491846744,59.49173817457102
4996,582,29297.757666353195,2.9297757666353195,87,3.6062660244601004,33.67697594501718,6584,6616,11096,11134,-161.12147003356372,59.54042686297029,-161.11805643548405,59.543301471879474
393,582,29297.757666353195,2.9297757666353195,50,2.072566680724196,28.151202749140893,307,327,4987,5031,-161.67025084063232,60.10537734515306,-161.6662982533822,60.1071739757213
2394,581,29247.41787654846,2.9247417876548463,156,6.471970546431174,86.36144578313252,1836,1876,294,366,-162.0918302034696,59.96622830764295,-162.08536233342397,59.96982156877942
3053,581,29247.41787654846,2.9247417876548463,67,2.779628375710825,30.905335628227196,2380,2404,2696,2739,-161.8760548722241,59.91879726064143,-161.8721921165024,59.92095321732332
2224,581,29247.41787654846,2.9247417876548463,131,5.434795779374896,41.88640275387263,1694,1715,9726,9783,-161.24453922748808,59.98069118371727,-161.2394188303686,59.982577645813926
536,581,29247.41787654846,2.9247417876548463,70,2.904089347757578,40.81927710843374,403,434,3348,3394,-161.81748471569952,60.095765371612984,-161.81335246539257,60.09855014899375
5382,581,29247.41787654846,2.9247417876548463,107,4.439108003000869,74.46471600688469,7937,7952,9241,9330,-161.28810751876787,59.42041194101193,-161.28011251273924,59.421759413938105
2752,580,29197.07808674373,2.919707808674373,97,4.027705772906389,36.751724137931035,2128,2154,1450,1497,-161.9879849566254,59.941255142744424,-161.98376287479005,59.94359076248313
1586,580,29197.07808674373,2.919707808674373,129,5.356433450566228,62.241379310344826,1144,1169,1967,2037,-161.94154205643642,60.029739198230196,-161.93525384944758,60.0319849864405
4661,580,29197.07808674373,2.919707808674373,173,7.183434007348507,51.00689655172414,5020,5053,11614,11667,-161.07493730184632,59.68083354187817,-161.0701762308405,59.68379798231577
4814,580,29197.07808674373,2.919707808674373,169,7.0173430476410275,66.23448275862069,5570,5585,7569,7652,-161.43830583427268,59.63304316876302,-161.43084981741447,59.634390641689194
4794,580,29197.07808674373,2.919707808674373,98,4.069228512833258,34.765517241379314,5517,5538,15723,15773,-160.70581955160162,59.63726525059838,-160.70132797518102,59.63915171269503
3265,580,29197.07808674373,2.919707808674373,146,6.0623200293230175,149.02758620689656,2538,2579,7300,7406,-161.46247051541548,59.90307674316934,-161.4529483734038,59.90675983583424
3747,580,29197.07808674373,2.919707808674373,52,2.1591824761972394,23.2,3150,3173,3619,3654,-161.79314037149987,59.849716815292645,-161.78999626800547,59.85178294044612
3658,579,29146.738296939002,2.9146738296939003,59,2.4519563230239787,30.093264248704664,2955,2970,2703,2754,-161.87542605152524,59.86795261556027,-161.87084464357622,59.869300088486455
1712,579,29146.738296939002,2.9146738296939003,165,6.857165988117907,153.37478411053542,1256,1294,3138,3249,-161.83634933666602,60.018510257178704,-161.8263780370123,60.02192385525836
2769,578,29096.39850713427,2.9096398507134267,137,5.698448766032766,38.92733564013841,2143,2174,6409,6453,-161.54251040723054,59.93945851217619,-161.5385578199804,59.942243289556956
5013,578,29096.39850713427,2.9096398507134267,84,3.4939393893923527,54.81660899653979,6640,6655,5171,5245,-161.65372183940454,59.536923433362226,-161.64707430630204,59.53827090628841
3523,577,29046.05871732954,2.904605871732954,169,7.035562056358645,44.36741767764298,2773,2803,16223,16273,-160.66090378739563,59.88295448080507,-160.65641221097505,59.88564942665742
1931,577,29046.05871732954,2.904605871732954,61,2.5394632274430613,28.395147313691506,1443,1465,6214,6256,-161.56002755527086,60.00314906582026,-161.55625463107756,60.00512535944532
4690,577,29046.05871732954,2.904605871732954,91,3.788379568808501,29.2894280762565,5071,5096,3047,3087,-161.8445240057515,59.67697078615646,-161.84093074461504,59.67921657436676
1240,576,28995.71892752481,2.8995718927524807,136,5.666666666666667,60.0625,894,921,6485,6551,-161.53568321107122,60.05201741727636,-161.52975433019603,60.05444286854348
2406,576,28995.71892752481,2.8995718927524807,93,3.875,52.5625,1840,1864,150,213,-162.10476594356095,59.96730628598389,-162.099106557271,59.96946224266578
3595,575,28945.37913772008,2.894537913772008,147,6.130323773277998,117.56521739130434,2866,2902,3599,3693,-161.7949370020681,59.874061159492285,-161.7864928383974,59.87729509451511
5327,575,28945.37913772008,2.894537913772008,149,6.213729538900828,72.37565217391304,7767,7790,13896,13975,-160.86994175401026,59.43496464861466,-160.8628450632657,59.437030773768136
1874,575,28945.37913772008,2.894537913772008,74,3.0860133280447064,27.610434782608696,1395,1420,5960,5998,-161.58284476348751,60.0071914845988,-161.57943116540784,60.009437272809095
873,575,28945.37913772008,2.894537913772008,163,6.797569898260638,64.11130434782609,639,659,8587,8663,-161.3468573383493,60.075553277720296,-161.34003014219,60.07734990828853
2952,575,28945.37913772008,2.894537913772008,141,5.880106476409509,187.10260869565218,2281,2330,5534,5649,-161.621112994591,59.92544479374392,-161.6107823688236,59.929846538636106
4703,574,28895.03934791535,2.889503934791535,52,2.1704380649371737,30.355400696864113,5114,5128,13952,14004,-160.86491118841917,59.67409617724728,-160.86023994894177,59.67535381864505
4791,574,28895.03934791535,2.889503934791535,251,10.476537582677512,208.56445993031357,5509,5578,8241,8345,-161.37793904717984,59.6336719894619,-161.368596568225,59.639870364922324
1728,574,28895.03934791535,2.889503934791535,63,2.629569194058499,24.257839721254356,1273,1296,4493,4529,-161.71462761566784,60.01833059412188,-161.71139368064502,60.020396719275354
2303,574,28895.03934791535,2.889503934791535,132,5.509573549455903,73.93031358885017,1749,1769,8115,8198,-161.38925781975973,59.975840281183025,-161.38180180290155,59.97763691175127
1417,574,28895.03934791535,2.889503934791535,129,5.38435596878645,53.965156794425084,1023,1052,844,903,-162.04242286284304,60.040249487054396,-162.03712280266674,60.042854601378345
5029,574,28895.03934791535,2.889503934791535,77,3.2139179038492767,37.13588850174216,6727,6746,5281,5335,-161.64384037127923,59.52874876427674,-161.63898946874497,59.530455563316565
1968,573,28844.699558110617,2.8844699558110616,63,2.631862756809448,25.130890052356023,1478,1506,4816,4848,-161.6856120319908,59.99946597315537,-161.6827374230816,60.0019812559509
4165,573,28844.699558110617,2.8844699558110616,144,6.0156863012787385,180.94938917975568,4144,4186,2099,2218,-161.92968429468604,59.75871747701134,-161.91899434280504,59.76249040120464
4705,572,28794.359768305887,2.879435976830589,145,6.062754572551408,125.56643356643356,5144,5165,6241,6354,-161.55760210400373,59.67077241069604,-161.54745114129318,59.67265887279269
4941,572,28794.359768305887,2.879435976830589,134,5.602821467047508,37.26573426573427,6223,6257,10763,10802,-161.1513839325249,59.572676381670185,-161.14788050291682,59.57573065363619
4983,572,28794.359768305887,2.879435976830589,232,9.700407316082252,366.72027972027973,6517,6563,9349,9532,-161.27840571369939,59.54518793397613,-161.26196654400002,59.549320184283076
360,572,28794.359768305887,2.879435976830589,161,6.731748180557081,121.84615384615384,289,314,12606,12713,-160.98582442566166,60.10654515502242,-160.9762124521216,60.10879094323271
3791,572,28794.359768305887,2.879435976830589,169,7.0662449845599165,80.06293706293707,3234,3257,2550,2634,-161.88917027537227,59.84217096690604,-161.88162442698567,59.844237092059515
4746,572,28794.359768305887,2.879435976830589,120,5.017452060042545,80.06293706293707,5341,5368,7325,7405,-161.46022472720517,59.65253661042841,-161.45303820493223,59.654962061695535
3180,571,28744.019978501157,2.8744019978501156,147,6.151758537184702,56.74255691768827,2473,2506,3906,3963,-161.76735872284564,59.90963444474342,-161.76223832572617,59.91259888518101
3051,571,28744.019978501157,2.8744019978501156,39,1.63209920374288,25.21891418563923,2376,2394,4051,4093,-161.75433315122592,59.91969557592556,-161.75056022703262,59.92131254343697
68,570,28693.680188696424,2.8693680188696424,84,3.518372829650242,25.263157894736842,42,68,9581,9615,-161.25756479910783,60.128643711011755,-161.2545105271418,60.13097933075047
3251,570,28693.680188696424,2.8693680188696424,159,6.659777141837958,77.36842105263158,2525,2556,2259,2333,-161.91531125014015,59.90514286832282,-161.90866371703765,59.90792764570359
1007,570,28693.680188696424,2.8693680188696424,143,5.989610888571245,44.91228070175438,734,755,2134,2193,-161.92654019119163,60.066929450992745,-161.92124013101534,60.068815913089395
807,570,28693.680188696424,2.8693680188696424,32,1.3403325065334255,22.8,593,613,8572,8609,-161.34820481127548,60.07968552802724,-161.34488104472425,60.081482158595485
5031,570,28693.680188696424,2.8693680188696424,71,2.973862748871038,38.4280701754386,6742,6756,9377,9437,-161.27589043090387,59.52785044899262,-161.27050053919913,59.52910809039039
3562,570,28693.680188696424,2.8693680188696424,172,7.204287222617162,75.9017543859649,2813,2854,6450,6513,-161.53882731456565,59.87837307285606,-161.5331679282757,59.88205616552095
5053,569,28643.340398891694,2.8643340398891692,96,4.024529358243058,44.99121265377856,6800,6825,5249,5304,-161.6467149801884,59.521652073532195,-161.64177424612575,59.5238978617425
2317,569,28643.340398891694,2.8643340398891692,126,5.282194782694013,141.75043936731106,1764,1791,3352,3467,-161.81712538958587,59.97386398755796,-161.8067947638185,59.976289438825084
2324,569,28643.340398891694,2.8643340398891692,61,2.557253029716943,29.701230228471,1768,1788,5880,5925,-161.59003128576046,59.9741334821432,-161.58598886698192,59.97593011271144
547,568,28593.000609086965,2.8593000609086965,145,6.084064847650996,59.605633802816904,410,439,9604,9667,-161.25549867395435,60.095316213970925,-161.2498392876644,60.097921328294866
3440,568,28593.000609086965,2.8593000609086965,157,6.587573662629009,53.30281690140845,2694,2726,14024,14079,-160.85844331837353,59.88987150849279,-160.85350258431086,59.89274611740197
490,568,28593.000609086965,2.8593000609086965,39,1.6364036486785438,26.204225352112676,372,392,4291,4332,-161.73277358440706,60.09953829580628,-161.72909049174217,60.10133492637453
775,568,28593.000609086965,2.8593000609086965,123,5.160965353524638,152.17605633802816,564,620,2059,2150,-161.9332775558225,60.07905670732836,-161.92510288673705,60.084087272919426
1236,567,28542.660819282235,2.8542660819282233,273,11.464922347946558,335.2663139329806,893,960,6576,6727,-161.52750854198572,60.048513987668294,-161.51394398119552,60.054532700071896
4318,567,28542.660819282235,2.8542660819282233,81,3.401680257083045,35.5626102292769,4351,4377,3667,3712,-161.7888284581361,59.74155965508466,-161.78478603935756,59.743895274823366
4875,567,28542.660819282235,2.8542660819282233,32,1.3438736818105856,22.123456790123456,5849,5869,3334,3370,-161.81874235709728,59.607531014694025,-161.81550842207446,59.60932764526226
2540,566,28492.321029477505,2.8492321029477505,172,7.229699249398216,48.685512367491164,1958,1980,2761,2822,-161.87021582287733,59.95688582868811,-161.8647360996442,59.95886212231317
4586,566,28492.321029477505,2.8492321029477505,90,3.7829821653827875,37.66077738515901,4905,4924,6711,6765,-161.51538128565014,59.69242180904332,-161.51053038311588,59.69412860808315
1066,566,28492.321029477505,2.8492321029477505,164,6.893434168030857,101.76678445229682,770,807,8601,8684,-161.34559969695152,60.06225821151533,-161.33814368009334,60.06558197806657
4920,566,28492.321029477505,2.8492321029477505,83,3.488750219186348,35.62544169611307,6094,6116,3921,3970,-161.76601124991947,59.58534262717627,-161.76160950502728,59.58731892080133
3382,565,28441.981239672772,2.8441981239672773,123,5.174648891513557,56.077876106194694,2647,2665,1873,1944,-161.94998622010715,59.89535123172592,-161.9436081815899,59.896968199237335
3963,565,28441.981239672772,2.8441981239672773,122,5.132578575322389,39.823008849557525,3764,3786,2546,2599,-161.88952960148592,59.794650088376116,-161.88476853048007,59.79662638200118
3971,564,28391.641449868042,2.839164144986804,154,6.484569792212196,188.43262411347519,3791,3816,3814,3952,-161.77562322345955,59.79195514252376,-161.7632264725387,59.79420093073406
4468,564,28391.641449868042,2.839164144986804,152,6.400354600105544,62.666666666666664,4603,4631,5768,5834,-161.6000924169426,59.71874244686802,-161.5941635360674,59.721257729663556
1355,564,28391.641449868042,2.839164144986804,123,5.179234314559092,51.241134751773046,976,998,6812,6875,-161.5063083012805,60.04510038958864,-161.50064891499056,60.0470766832137
2718,564,28391.641449868042,2.839164144986804,151,6.3582470040522185,45.39007092198582,2107,2132,4076,4131,-161.75208736301562,59.94323143636949,-161.74714662895298,59.94547722457979
527,563,28341.301660063313,2.8341301660063314,131,5.520991750690273,89.12255772646536,395,447,3589,3649,-161.79583531735224,60.094597561743626,-161.79044542564753,60.09926880122105
3947,563,28341.301660063313,2.8341301660063314,152,6.406036229808562,79.82948490230906,3693,3752,2882,2929,-161.8593462079395,59.797704360342124,-161.85512412610413,59.803004420518434
4873,563,28341.301660063313,2.8341301660063314,125,5.26812189951362,100.61101243339255,5815,5855,3782,3861,-161.77849783236874,59.60878865609179,-161.77140114162418,59.61238191722827
2868,563,28341.301660063313,2.8341301660063314,140,5.900296527455254,37.86145648312611,2227,2252,2708,2756,-161.87497689388317,59.932451652960054,-161.8706649805194,59.93469744117035
2993,563,28341.301660063313,2.8341301660063314,68,2.865858313335409,38.90586145648312,2326,2348,4638,4690,-161.70160204404812,59.923827826232504,-161.69693080457068,59.92580411985757
2628,562,28290.96187025858,2.8290961870258577,65,2.741859513962386,34.87544483985765,2035,2062,6045,6088,-161.57520908357247,59.94951964335832,-161.57134632785076,59.951945094625444
1693,562,28290.96187025858,2.8290961870258577,95,4.007333135791179,109.43772241992883,1242,1287,9471,9550,-161.26744626723314,60.01913907787759,-161.26034957648858,60.02318149665613
4302,562,28290.96187025858,2.8290961870258577,47,1.98257534086511,23.94306049822064,4330,4348,5762,5802,-161.60063140611308,59.7441647694086,-161.59703814497658,59.745781736920016
1800,562,28290.96187025858,2.8290961870258577,81,3.416778778937742,26.483985765124554,1333,1358,4800,4836,-161.68704933644537,60.01276103936034,-161.68381540142255,60.01500682757064
1488,562,28290.96187025858,2.8290961870258577,80,3.3745963248767827,32.91103202846975,1068,1092,5096,5140,-161.66045920403542,60.036656225917916,-161.6565066167853,60.038812182599806
1618,561,28240.62208045385,2.824062208045385,74,3.1242824488135432,28.299465240641712,1174,1207,5933,5963,-161.58527021475462,60.02632560015054,-161.58257526890227,60.02929004058814
3131,561,28240.62208045385,2.824062208045385,126,5.319724169601439,65.71122994652407,2445,2461,4786,4866,-161.68830697784313,59.91367686352196,-161.68112045557018,59.91511416797655
488,560,28190.28229064912,2.819028229064912,87,3.676421008069047,33.02857142857143,371,390,8332,8381,-161.36976437809435,60.09971795886311,-161.36536263320215,60.10142475790293
3819,560,28190.28229064912,2.819028229064912,85,3.5919055825961954,46.864285714285714,3303,3332,4821,4873,-161.68516287434872,59.835433602275145,-161.6804916348713,59.838038716599094
179,560,28190.28229064912,2.819028229064912,172,7.268326590665242,49.207142857142856,142,162,2095,2158,-161.9300436207997,60.12019954734103,-161.92438423450974,60.121996177909274
1305,560,28190.28229064912,2.819028229064912,42,1.7748239349298849,30.178571428571427,943,965,1888,1931,-161.94863874718098,60.048064830026235,-161.94477599145927,60.0500411236513
1148,559,28139.94250084439,2.813994250084439,120,5.075459213253763,34.06797853309481,825,855,4513,4552,-161.7128309850996,60.05794629815155,-161.70932755549154,60.06064124400391
4452,559,28139.94250084439,2.813994250084439,153,6.471210496898547,54.16100178890876,4567,4600,12303,12357,-161.01304337877048,59.72152722424879,-161.00819247623625,59.72449166468638
809,559,28139.94250084439,2.813994250084439,84,3.552821449277634,63.227191413237925,594,626,1688,1750,-161.96660505286337,60.07851771815789,-161.9610354981018,60.08139232706707
3895,559,28139.94250084439,2.813994250084439,155,6.5558014837861105,68.7227191413238,3496,3519,9478,9553,-161.26681744653425,59.81863510646211,-161.26008008190337,59.82070123161559
5226,559,28139.94250084439,2.813994250084439,155,6.5558014837861105,67.3273703041145,7431,7462,3850,3916,-161.77238928843673,59.464429389933784,-161.76646040756154,59.46721416731455
918,558,28089.60271103966,2.8089602711039663,187,7.916341249678542,199.921146953405,667,710,15925,16049,-160.6876735828624,60.070971869771284,-160.6765344733393,60.074834625493
2760,558,28089.60271103966,2.8089602711039663,91,3.8523371856724453,37.16129032258065,2133,2159,3653,3699,-161.79008609953388,59.940805985102365,-161.78595384922693,59.943141604841074
1287,558,28089.60271103966,2.8089602711039663,31,1.3123346456686353,23.29032258064516,932,953,6045,6081,-161.57520908357247,60.04914280836718,-161.57197514854965,60.05102927046383
563,557,28039.262921234927,2.8039262921234926,191,8.092929733394383,186.14721723518852,418,441,9938,10076,-161.22549494346475,60.0951365509141,-161.2130981925439,60.097202676067575
5006,557,28039.262921234927,2.8039262921234926,73,3.0931092698313614,43.69120287253142,6616,6631,4305,4368,-161.73151594300927,59.539079390044115,-161.72585655671932,59.54042686297029
14,557,28039.262921234927,2.8039262921234926,75,3.177851989552768,53.11310592459605,0,18,4824,4892,-161.68489337976348,60.13313528743235,-161.67878483583146,60.13475225494377
4826,557,28039.262921234927,2.8039262921234926,36,1.5253689549853289,22.52064631956912,5628,5646,3083,3121,-161.8412900707287,59.62756344552989,-161.83787647264904,59.629180413041304
3477,556,27988.923131430198,2.79889231314302,32,1.3571022874879535,23.37410071942446,2727,2747,3291,3328,-161.822605112819,59.88798504639614,-161.81928134626776,59.889781676964375
2038,556,27988.923131430198,2.79889231314302,49,2.078062877715929,26.769784172661872,1537,1564,2515,2549,-161.89231437886667,59.99425574450748,-161.88926010690068,59.9966811957746
1201,556,27988.923131430198,2.79889231314302,155,6.573464205019775,123.46043165467626,865,922,7052,7126,-161.48474873446165,60.05192758574795,-161.47810120135915,60.05704798286743
2177,556,27988.923131430198,2.79889231314302,133,5.6404563823718075,83.9136690647482,1659,1683,9119,9203,-161.29906696523415,59.98356579262646,-161.29152111684755,59.98572174930834
858,556,27988.923131430198,2.79889231314302,96,4.071306862463861,73.38848920863309,627,661,6993,7060,-161.49004879463794,60.07537361466347,-161.48403008223434,60.07842788662948
198,555,27938.583341625468,2.7938583341625467,43,1.825248347905438,32.35315315315315,150,175,9820,9862,-161.23609506381737,60.11903173747168,-161.23232213962407,60.121277525681975
2601,555,27938.583341625468,2.7938583341625467,156,6.621831215656938,44.98018018018018,2013,2043,704,753,-162.05499927682072,59.95122644239815,-162.05059753192853,59.95392138825051
1268,554,27888.243551820735,2.7888243551820735,66,2.8040713051697765,33.38628158844765,912,929,5659,5710,-161.6098840535395,60.05129876504907,-161.60530264559048,60.05282590103207
515,554,27888.243551820735,2.7888243551820735,105,4.461022530951917,45.061371841155236,389,435,6030,6063,-161.57655655649867,60.09567554008457,-161.57359211606106,60.09980779039152
1876,554,27888.243551820735,2.7888243551820735,56,2.3792120165076893,33.38628158844765,1397,1425,4696,4736,-161.6963918154002,60.00674232695674,-161.69279855426373,60.009257609752275
3611,553,27837.903762016005,2.7837903762016003,86,3.6570919978380356,34.4376130198915,2884,2899,2665,2719,-161.87883964960488,59.87433065407752,-161.87398874707063,59.8756781270037
865,553,27837.903762016005,2.7837903762016003,89,3.7846649745068044,25.179023508137433,631,653,10702,10739,-161.15686365575803,60.07609226689077,-161.15353988920677,60.07806856051583
3163,552,27787.563972211276,2.7787563972211275,64,2.7240208984279954,44.08695652173913,2462,2477,772,835,-162.0488907328887,59.912239559067366,-162.04323134659876,59.91358703199354
4153,552,27787.563972211276,2.7787563972211275,100,4.256282653793743,37.56521739130435,4120,4144,7181,7229,-161.4731604672965,59.76249040120464,-161.46884855393273,59.76464635788653
3836,552,27787.563972211276,2.7787563972211275,160,6.810052246069989,86.09420289855072,3338,3366,15852,15933,-160.69423128443648,59.83237933030914,-160.6869549306351,59.83489461310467
3384,552,27787.563972211276,2.7787563972211275,84,3.575277429186744,39.68115942028985,2648,2672,7675,7725,-161.428783692261,59.89472241102703,-161.42429211584042,59.89687836770892
641,550,27686.884392601816,2.7686884392601816,167,7.120903926277388,58.90909090909091,473,493,12099,12169,-161.03136901056652,60.09046531143668,-161.02508080357768,60.09226194200492
2526,550,27686.884392601816,2.7686884392601816,34,1.4497648712181508,22.0,1945,1961,6710,6749,-161.51547111717855,59.95859262772793,-161.51196768757046,59.96002993218252
1746,549,27636.544602797083,2.7636544602797084,118,5.036117277360575,40.98360655737705,1289,1324,9823,9863,-161.23582556923213,60.01581531132634,-161.23223230809566,60.01895941482076
2729,549,27636.544602797083,2.7636544602797084,217,9.261334315146142,140.77231329690346,2112,2151,9499,9599,-161.2649309844376,59.941524637329664,-161.25594783159642,59.945028066937724
3834,549,27636.544602797083,2.7636544602797084,147,6.273807116711903,63.01639344262295,3336,3356,4455,4528,-161.71804121374748,59.833277645593256,-161.71148351217343,59.8350742761615
4750,549,27636.544602797083,2.7636544602797084,192,8.194360315705342,215.54826958105647,5375,5407,4278,4418,-161.7339413942764,59.649033180820346,-161.72136498029874,59.65190778972953
1079,549,27636.544602797083,2.7636544602797084,289,12.334219433535646,444.5100182149362,775,822,6272,6472,-161.55481732662298,60.06091073858914,-161.5368510209406,60.06513282042451
5234,548,27586.204812992353,2.758620481299235,129,5.510606892273108,50.284671532846716,7456,7488,3723,3774,-161.78379789254504,59.462093770195075,-161.77921648459602,59.464968379104256
4540,548,27586.204812992353,2.758620481299235,96,4.100916757040452,28.970802919708028,4784,4811,15525,15561,-160.7236061942272,59.70257277175387,-160.72037225920434,59.70499822302099
2707,548,27586.204812992353,2.758620481299235,115,4.912556531871375,39.97080291970803,2095,2133,6353,6389,-161.5475409728216,59.943141604841074,-161.54430703779877,59.94655520292073
1386,548,27586.204812992353,2.758620481299235,270,11.533828379176272,512.5912408759124,1001,1092,5226,5400,-161.64878110534187,60.036656225917916,-161.6331504193982,60.04483089500341
771,547,27535.865023187624,2.7535865023187625,139,5.943210834845277,49.17001828153565,561,592,10819,10870,-161.14635336693382,60.08157199012389,-161.1417719589848,60.084356767504666
4841,547,27535.865023187624,2.7535865023187625,125,5.34461406011266,49.17001828153565,5670,5683,7467,7536,-161.4474686501707,59.62423967897865,-161.44127027471026,59.625407488848
4428,547,27535.865023187624,2.7535865023187625,66,2.8219562237394844,24.59963436928702,4531,4552,3300,3337,-161.8217966290633,59.72583913761257,-161.81847286251204,59.72772559970922
1026,547,27535.865023187624,2.7535865023187625,127,5.430127885074462,91.72943327239489,742,811,16040,16083,-160.67734295709502,60.061898885401675,-160.6734802013733,60.0680972608621
5099,547,27535.865023187624,2.7535865023187625,189,8.081056458890341,49.17001828153565,6937,6967,16332,16384,-160.65111215079872,59.5088959964977,-160.64644091132132,59.51159094235006
1895,546,27485.52523338289,2.748552523338289,57,2.4393748073122037,30.007326007326007,1417,1443,6113,6151,-161.56910053964046,60.00512535944532,-161.5656869415608,60.00746097918403
3019,546,27485.52523338289,2.748552523338289,126,5.3923022056375025,77.72161172161172,2350,2380,6654,6727,-161.5205016827696,59.92095321732332,-161.51394398119552,59.923648163175685
2210,546,27485.52523338289,2.748552523338289,60,2.5677629550654775,23.802197802197803,1683,1707,2380,2413,-161.9044416352023,59.98140983594457,-161.9014771947647,59.98356579262646
4397,545,27435.18544357816,2.743518544357816,135,5.782764647854611,143.85321100917432,4467,4504,5465,5568,-161.62731137005142,59.73015105097634,-161.618058722625,59.73347481752758
1085,545,27435.18544357816,2.743518544357816,109,4.669047011971501,35.96330275229358,782,823,8131,8160,-161.38782051530515,60.06082090706073,-161.3852154009812,60.06450399972562
356,545,27435.18544357816,2.743518544357816,174,7.4533411016792765,114.6788990825688,287,322,5755,5845,-161.60126022681195,60.10582650279512,-161.59317538925487,60.10897060628954
757,545,27435.18544357816,2.743518544357816,43,1.8419176285759131,24.689908256880734,552,572,10170,10208,-161.2046540288732,60.083368620692134,-161.20124043079352,60.08516525126037
3040,544,27384.84565377343,2.7384845653773433,60,2.5724787771376323,28.264705882352942,2367,2390,696,735,-162.05571792904803,59.920054902039205,-162.05221449943994,59.92212102719268
195,544,27384.84565377343,2.7384845653773433,44,1.8864844365675972,23.058823529411764,149,167,10317,10355,-161.19144879419662,60.11975038969897,-161.18803519611697,60.12136735721039
948,544,27384.84565377343,2.7384845653773433,180,7.717436331412897,45.88970588235294,690,715,14262,14316,-160.83706341461146,60.070522712129225,-160.83221251207723,60.07276850033952
2866,544,27384.84565377343,2.7384845653773433,87,3.730094226849567,33.00735294117647,2223,2244,2178,2224,-161.9225876039415,59.933170305187346,-161.91845535363456,59.935056767284
1824,544,27384.84565377343,2.7384845653773433,43,1.84360979028197,25.595588235294116,1350,1373,8581,8617,-161.3473963275198,60.01141356643416,-161.34416239249694,60.013479691587634
913,543,27334.5058639687,2.73345058639687,120,5.149692905074494,42.548802946593,664,697,10846,10889,-161.1439279156667,60.07213967964064,-161.14006515994498,60.07510412007824
5067,543,27334.5058639687,2.73345058639687,84,3.604785033552146,31.123388581952117,6849,6870,5175,5219,-161.6533625132909,59.517609654753656,-161.64940992604076,59.51949611685031
4558,543,27334.5058639687,2.73345058639687,25,1.0728526885571863,22.283609576427256,4828,4850,5577,5610,-161.61725023886927,59.699069342145805,-161.6142857984317,59.70104563577087
85,543,27334.5058639687,2.73345058639687,163,6.994999529392855,90.76243093922652,53,86,6443,6521,-161.53945613526452,60.127026743500345,-161.5324492760484,60.12999118393794
2597,543,27334.5058639687,2.73345058639687,184,7.896195787780891,140.28729281767957,2009,2035,6555,6667,-161.5293950040824,59.951945094625444,-161.51933387290026,59.95428071436416
243,542,27284.16607416397,2.7284166074163974,185,7.946430422369819,76.78228782287823,181,222,5311,5372,-161.64114542542686,60.114809655636314,-161.63566570219373,60.11849274830121
1087,542,27284.16607416397,2.7284166074163974,158,6.786681117483412,181.91143911439116,785,821,2452,2573,-161.89797376515662,60.06100057011756,-161.8871041502188,60.06423450514039
1269,542,27284.16607416397,2.7284166074163974,94,4.037645728123043,31.180811808118083,915,945,2141,2176,-161.92591137049274,60.04986146059448,-161.92276726699833,60.05255640644683
1186,542,27284.16607416397,2.7284166074163974,41,1.7611007963089869,24.826568265682656,854,879,4571,4604,-161.7076207564517,60.05579034146967,-161.7046563160141,60.05803612967996
5276,541,27233.82628435924,2.7233826284359237,87,3.7404221494134253,52.170055452865064,7588,7607,16128,16193,-160.66943778259477,59.45140381831405,-160.663598733248,59.45311061735388
3252,541,27233.82628435924,2.7233826284359237,38,1.6337476054909215,27.512014787430683,2526,2545,3346,3388,-161.81766437875635,59.90613101513535,-161.81389145456305,59.90783781417518
4858,540,27183.48649455451,2.718348649455451,91,3.9160164944986104,56.06666666666667,5739,5754,4374,4446,-161.72531756754887,59.6178616404614,-161.7188496975032,59.619209113387576
457,540,27183.48649455451,2.718348649455451,146,6.282839650514254,113.8962962962963,353,394,3140,3223,-161.83616967360922,60.099358632749464,-161.828713656751,60.10304172541435
3309,538,27082.806914945046,2.7082806914945046,51,2.198766129152057,25.01115241635688,2582,2609,4933,4964,-161.67510174316658,59.90038179731699,-161.6723169657858,59.90280724858411
2139,538,27082.806914945046,2.7082806914945046,43,1.8538616383046755,25.881040892193308,1621,1652,6077,6105,-161.5723344746633,59.986350570007225,-161.56981919186777,59.98913534738799
5269,537,27032.467125140316,2.703246712514032,46,1.9850465192096742,32.44692737430167,7579,7599,15135,15181,-160.75864049030784,59.45212247054135,-160.7545082400009,59.453919101109584
3574,537,27032.467125140316,2.703246712514032,90,3.883786668018928,51.3147113594041,2825,2842,14375,14441,-160.82691245190094,59.879451051197,-160.82098357102575,59.880978187180006
3108,537,27032.467125140316,2.703246712514032,118,5.0920758536248165,41.899441340782126,2423,2459,942,981,-162.03361937305868,59.913856526578776,-162.03011594345062,59.91709046160161
2888,536,26982.127335335586,2.6982127335335586,105,4.53530923430214,59.11194029850746,2243,2266,1473,1539,-161.98591883147193,59.93119401156228,-161.97998995059675,59.93326013671576
4320,536,26982.127335335586,2.6982127335335586,63,2.7211855405812844,26.865671641791046,4353,4369,3306,3350,-161.82125763989282,59.74227830731195,-161.8173050526427,59.74371561176654
2168,536,26982.127335335586,2.6982127335335586,176,7.602042145115969,57.791044776119406,1653,1675,10866,10932,-161.14213128509846,59.98428444485375,-161.13620240422327,59.98626073847881
2007,536,26982.127335335586,2.6982127335335586,106,4.578502655581208,71.67164179104478,1507,1523,14802,14884,-160.78855438926902,59.99793883717237,-160.78118820393925,59.99937614162696
2209,536,26982.127335335586,2.6982127335335586,199,8.595490834534534,85.44029850746269,1682,1733,10878,10934,-161.14105330675753,59.97907421620586,-161.13602274116644,59.98365562415486
2709,535,26931.787545530857,2.693178754553086,140,6.052727816339637,114.9607476635514,2096,2138,4376,4458,-161.72513790449204,59.942692447199015,-161.71777171916224,59.94646537139232
4509,535,26931.787545530857,2.693178754553086,129,5.577156345055808,134.25046728971964,4702,4744,4446,4538,-161.7188496975032,59.708591484157466,-161.7105851968893,59.71236440835077
2360,535,26931.787545530857,2.693178754553086,114,4.928649793305133,44.32897196261682,1805,1836,1339,1385,-161.99795625627914,59.96982156877942,-161.9938240059722,59.9726063461602
5066,535,26931.787545530857,2.693178754553086,77,3.3290002989868004,34.57196261682243,6847,6867,5415,5463,-161.63180294647202,59.517879149338896,-161.62749103310824,59.51967577990713
4272,534,26881.447755726127,2.6881447755726127,51,2.2069858442803687,26.074906367041198,4282,4299,5296,5338,-161.64249289835303,59.74856651430079,-161.63871997415973,59.75009365028379
282,534,26881.447755726127,2.6881447755726127,97,4.19760052735678,32.62921348314607,220,243,7163,7206,-161.47477743480792,60.112923193539665,-161.4709146790862,60.11498931869314
2759,534,26881.447755726127,2.6881447755726127,88,3.8081324371896557,29.730337078651687,2132,2154,16190,16231,-160.66386822783323,59.941255142744424,-160.66018513516835,59.94323143636949
4960,534,26881.447755726127,2.6881447755726127,136,5.88529558474765,50.36704119850187,6397,6417,4065,4127,-161.75307550982816,59.55830333712427,-161.7475059550666,59.56009996769251
3367,534,26881.447755726127,2.6881447755726127,58,2.5099054699659096,30.681647940074907,2632,2662,4725,4759,-161.69378670107625,59.89562072631115,-161.69073242911026,59.89831567216351
867,534,26881.447755726127,2.6881447755726127,125,5.409279030098943,38.831460674157306,633,668,6421,6458,-161.54143242888958,60.074744793964584,-161.53810866233835,60.077888897459005
3913,533,26831.107965921394,2.6831107965921395,165,7.146943350099464,90.80675422138837,3575,3618,9348,9415,-161.2784955452278,59.80974178514933,-161.2724768328242,59.81360454087104
1900,533,26831.107965921394,2.6831107965921395,148,6.410591610998307,82.73921200750469,1421,1450,10730,10806,-161.1543483729625,60.00449653874644,-161.1475211768032,60.007101653070386
2458,533,26831.107965921394,2.6831107965921395,46,1.992481176391366,23.534709193245778,1885,1907,3277,3311,-161.82386275421678,59.963443530262175,-161.82080848225075,59.96541982388724
1722,533,26831.107965921394,2.6831107965921395,71,3.075351380951891,41.09568480300187,1266,1292,4196,4244,-161.74130757960617,60.01868992023553,-161.73699566624242,60.02102553997424
1688,533,26831.107965921394,2.6831107965921395,118,5.111147365525677,43.347091932457786,1239,1262,1475,1528,-161.9857391684151,60.021384866087885,-161.98097809740926,60.02345099124136
1214,533,26831.107965921394,2.6831107965921395,89,3.8550179282354686,38.90431519699813,874,903,7574,7617,-161.43785667663062,60.05363438478778,-161.4339939209089,60.056239499111726
5296,532,26780.768176116664,2.6780768176116663,118,5.115948820192307,73.69172932330827,7637,7666,15081,15151,-160.7634913928421,59.446103758137745,-160.75720318585326,59.448708872461694
2003,532,26780.768176116664,2.6780768176116663,108,4.682393835430248,46.92481203007519,1505,1534,4979,5029,-161.67096949285963,59.99695069035984,-161.66647791643902,59.99955580468378
782,532,26780.768176116664,2.6780768176116663,112,4.8558158293350715,84.4812030075188,575,630,3081,3132,-161.84146973378552,60.07815839204424,-161.8368883258365,60.083099126106895
4111,532,26780.768176116664,2.6780768176116663,150,6.5033247714309,41.17293233082707,4056,4087,12888,12931,-160.9604919346495,59.76761079832412,-160.95662917892778,59.77039557570489
1798,532,26780.768176116664,2.6780768176116663,108,4.682393835430248,110.0827067669173,1332,1372,5944,6025,-161.5842820679421,60.01150339796257,-161.5770057141407,60.01509665909905
4638,532,26780.768176116664,2.6780768176116663,61,2.644685407048566,40.067669172932334,4992,5003,2972,3034,-161.85126137038242,59.68532511829877,-161.84569181562088,59.6863132651113
3782,531,26730.428386311934,2.6730428386311935,85,3.6886858111233427,45.83050847457627,3215,3236,2168,2225,-161.9234859192256,59.844057429002696,-161.91836552210614,59.845943891099346
2154,531,26730.428386311934,2.6730428386311935,124,5.381141653874053,34.83239171374765,1639,1665,1543,1585,-161.9796306244831,59.98518276013787,-161.9758577002898,59.98751837987658
984,531,26730.428386311934,2.6730428386311935,40,1.7358521464109848,26.22222222222222,716,732,9667,9710,-161.2498392876644,60.06899557614622,-161.2459765319427,60.07043288060081
3743,530,26680.0885965072,2.6680088596507203,97,4.213410754801773,47.10188679245283,3139,3170,3513,3561,-161.80266251351154,59.849986309877885,-161.79835060014778,59.85277108725865
3911,530,26680.0885965072,2.6680088596507203,37,1.6071772982233568,21.2,3569,3593,2389,2418,-161.90363315144657,59.81198757335962,-161.90102803712264,59.81414353004151
4979,530,26680.0885965072,2.6680088596507203,91,3.9527874091439315,55.8188679245283,6489,6525,3997,4047,-161.75918405376015,59.548601532055784,-161.75469247733957,59.55183546707861
4266,529,26629.74880670247,2.662974880670247,114,4.956521739130435,74.10964083175803,4272,4296,12104,12179,-161.03091985292446,59.74883600888602,-161.02418248829358,59.75099196556791
302,529,26629.74880670247,2.662974880670247,68,2.9565217391304346,28.13610586011342,236,269,9848,9876,-161.23357978102183,60.110587573800956,-161.2310644982263,60.11355201423855
2852,529,26629.74880670247,2.662974880670247,115,5.0,47.19092627599244,2212,2239,1340,1392,-161.99786642475073,59.93361946282941,-161.9931951852733,59.936044914096534
524,529,26629.74880670247,2.662974880670247,103,4.478260869565218,49.61058601134216,394,419,1534,1590,-161.9804391082388,60.09711284453916,-161.97540854264773,60.099358632749464
82,528,26579.409016897742,2.6579409016897744,124,5.396407334626633,44.916666666666664,51,75,12416,12469,-161.00289241605995,60.128014890312876,-160.9981313450541,60.13017084699476
1772,528,26579.409016897742,2.6579409016897744,106,4.613057882825993,40.371212121212125,1309,1337,1021,1066,-162.02652268231412,60.01464750145699,-162.02248026353558,60.01716278425253
169,528,26579.409016897742,2.6579409016897744,64,2.7852424952911656,23.757575757575758,135,155,9738,9774,-161.24346124914715,60.120828368039916,-161.24022731412433,60.12262499860816
1216,528,26579.409016897742,2.6579409016897744,156,6.789028582272215,68.37121212121212,875,904,4186,4252,-161.7422058948903,60.053544553259364,-161.73627701401512,60.05614966758331
1629,528,26579.409016897742,2.6579409016897744,71,3.0898783932136364,40.371212121212125,1186,1207,5441,5493,-161.6294673267333,60.02632560015054,-161.62479608725587,60.02821206224719
3149,527,26529.069227093012,2.652906922709301,44,1.9166701042237413,30.125237191650854,2453,2470,6078,6124,-161.5722446431349,59.912868379766245,-161.56811239282794,59.91439551574925
4844,527,26529.069227093012,2.652906922709301,160,6.9697094699045135,98.64136622390892,5691,5715,3170,3260,-161.83347472775685,59.621365070069466,-161.82538989019977,59.62352102675135
2962,527,26529.069227093012,2.652906922709301,134,5.83713168104503,111.12713472485768,2298,2325,8354,8448,-161.36778808446928,59.92589395138598,-161.35934392079855,59.9283194026531
1489,526,26478.729437288282,2.6478729437288284,122,5.319452786402758,58.88973384030418,1068,1102,8637,8691,-161.3423657619287,60.0357579106338,-161.33751485939447,60.038812182599806
3023,526,26478.729437288282,2.6478729437288284,94,4.098594769851305,82.25095057034221,2352,2387,14894,14963,-160.78028988865512,59.92032439662444,-160.7740915131947,59.92346850011886
4246,526,26478.729437288282,2.6478729437288284,99,4.316605129949779,80.67680608365019,4254,4288,5948,6017,-161.58392274182845,59.74955466111332,-161.57772436636802,59.75260893307932
3744,526,26478.729437288282,2.6478729437288284,137,5.973483866698179,45.08745247148289,3139,3162,12711,12765,-160.9763921151784,59.850704962105176,-160.97154121264415,59.85277108725865
1136,526,26478.729437288282,2.6478729437288284,106,4.621819634087642,28.29657794676806,815,849,1579,1606,-161.97639668946027,60.05848528732202,-161.97397123819314,60.06153955928803
4605,526,26478.729437288282,2.6478729437288284,72,3.139349185418021,58.88973384030418,4938,4969,2977,3034,-161.85081221274035,59.68837939026478,-161.84569181562088,59.69116416764555
2950,525,26428.38964748355,2.642838964748355,184,8.03041836068452,155.80190476190475,2280,2308,1931,2046,-161.94477599145927,59.927421087368984,-161.9344453656919,59.92993637016452
1984,525,26428.38964748355,2.642838964748355,72,3.1423376193982904,26.52190476190476,1490,1515,4126,4160,-161.747595786595,59.99865748939966,-161.74454151462902,60.000903277609964
2502,525,26428.38964748355,2.642838964748355,45,1.9639610121239315,23.893333333333334,1923,1946,7966,7999,-161.40264271749314,59.95994010065411,-161.39967827705553,59.962006225807585
1744,524,26378.04985767882,2.637804985767882,76,3.320075415311944,24.801526717557252,1285,1317,4088,4113,-161.7510093846747,60.01644413202523,-161.74876359646439,60.01931874093441
2757,524,26378.04985767882,2.637804985767882,131,5.722761571129798,61.83206106870229,2132,2152,2591,2661,-161.88548718270738,59.94143480580125,-161.87919897571854,59.94323143636949
4023,524,26378.04985767882,2.637804985767882,38,1.660037707655972,21.442748091603054,3902,3920,6240,6275,-161.55769193553215,59.78261266356892,-161.55454783203774,59.78422963108033
5032,524,26378.04985767882,2.637804985767882,52,2.2716305473186984,35.29770992366412,6742,6770,10422,10462,-161.18201648371337,59.52659280759485,-161.1784232225769,59.52910809039039
2028,523,26327.71006787409,2.632771006787409,50,2.1863473472331303,22.302103250478012,1530,1551,6185,6218,-161.56263266959482,59.995423554376835,-161.5596682291572,59.997310016473484
5026,523,26327.71006787409,2.632771006787409,76,3.323247967794358,40.75717017208413,6710,6728,5531,5586,-161.62138248917623,59.53036573178816,-161.61644175511358,59.53198269929957
4621,523,26327.71006787409,2.632771006787409,39,1.7053509308418415,25.72848948374761,4964,4980,4968,5010,-161.67195763967217,59.68739124345225,-161.66818471547884,59.68882854790684
2537,523,26327.71006787409,2.632771006787409,112,4.897418057802212,66.1491395793499,1957,1981,756,825,-162.0503280373433,59.956795997159695,-162.04412966188286,59.95895195384158
5189,523,26327.71006787409,2.632771006787409,61,2.667343763624419,43.021032504780116,7277,7305,16608,16655,-160.62631864895704,59.47853293989446,-160.62209656712167,59.48104822268999
1272,522,26277.370278069357,2.6277370278069356,176,7.70331072777039,226.69731800766283,919,958,5826,5959,-161.5948821882947,60.04869365072512,-161.5829345950159,60.05219708033319
2181,522,26277.370278069357,2.6277370278069356,155,6.784165697752332,78.16858237547893,1661,1685,4302,4379,-161.7317854375945,59.98338612956963,-161.7248684099068,59.98554208625152
4499,522,26277.370278069357,2.6277370278069356,110,4.814569204856493,86.09961685823755,4676,4698,4109,4193,-161.74912292257804,59.71272373446442,-161.7415770741914,59.71470002808948
5360,522,26277.370278069357,2.6277370278069356,149,6.521552832032887,89.37931034482759,7866,7900,9938,10012,-161.22549494346475,59.425083180489345,-161.21884741036226,59.42813745245535
4206,522,26277.370278069357,2.6277370278069356,35,1.5319083833634297,25.77777777777778,4204,4223,4773,4812,-161.6894747877125,59.7553937104601,-161.6859713581044,59.75710050949992
1641,522,26277.370278069357,2.6277370278069356,82,3.5890424981657496,63.45593869731801,1195,1231,7351,7406,-161.45788910746649,60.02416964346866,-161.4529483734038,60.02740357849149
110,522,26277.370278069357,2.6277370278069356,88,3.851655363885195,59.34099616858238,73,102,3130,3189,-161.83706798889332,60.125589439045754,-161.83176792871703,60.128194553369696
3015,522,26277.370278069357,2.6277370278069356,127,5.558638991061588,55.3639846743295,2346,2374,1595,1652,-161.97495938500566,59.921492206493795,-161.9698389878862,59.92400748928933
1537,522,26277.370278069357,2.6277370278069356,141,6.1714023444069595,181.73180076628353,1106,1123,7817,7954,-161.4160276152265,60.03387144853715,-161.40372069583407,60.03539858452015
2230,521,26227.030488264627,2.622703048826463,31,1.358134658448803,24.076775431861805,1700,1718,639,677,-162.0608383261675,59.98042168913204,-162.05742472808785,59.982038656643454
2525,521,26227.030488264627,2.622703048826463,50,2.1905397716916175,26.72552783109405,1943,1965,4351,4388,-161.72738369270235,59.958233301614285,-161.72405992615109,59.96020959523935
3884,521,26227.030488264627,2.622703048826463,43,1.8838642036547912,26.72552783109405,3460,3476,2775,2818,-161.86895818147957,59.82249786218382,-161.86509542575786,59.823935166638414
29,521,26227.030488264627,2.622703048826463,81,3.5486744301404207,46.71017274472169,5,28,4214,4269,-161.73969061209476,60.132236972148235,-161.73474987803212,60.13430309730171
2470,520,26176.690698459897,2.6176690698459897,133,5.832435828391745,39.87692307692308,1896,1926,2714,2756,-161.8744379047127,59.96173673122235,-161.8706649805194,59.96443167707471
1550,520,26176.690698459897,2.6176690698459897,83,3.6397907801241716,30.53076923076923,1114,1138,579,618,-162.0662282178722,60.03252397561097,-162.06272478826415,60.03467993229285
4013,519,26126.350908655168,2.612635090865517,35,1.5363294845715147,23.314065510597302,3887,3905,7862,7899,-161.41198519644797,59.7839601364951,-161.40866142989674,59.785577104006514
3014,519,26126.350908655168,2.612635090865517,163,7.154905885290198,128.2543352601156,2343,2407,8061,8126,-161.394108722294,59.9185277660562,-161.38826967294722,59.92427698387456
2112,519,26126.350908655168,2.612635090865517,59,2.589812559706268,25.926782273603084,1603,1624,3103,3140,-161.83949344016045,59.98886585280276,-161.83616967360922,59.99075231489941
5241,519,26126.350908655168,2.612635090865517,151,6.628164347722821,45.69556840077071,7482,7504,9904,9959,-161.22854921543077,59.46065646574048,-161.2236084813681,59.46263275936555
4052,519,26126.350908655168,2.612635090865517,48,2.106966150269506,25.926782273603084,3950,3965,6410,6453,-161.54242057570212,59.77857024479038,-161.5385578199804,59.77991771771656
2138,519,26126.350908655168,2.612635090865517,150,6.584269219592207,77.07129094412332,1620,1660,4158,4218,-161.74472117768585,59.985631917779926,-161.7393312859811,59.989225178916406
4572,519,26126.350908655168,2.612635090865517,219,9.613033060604621,204.77071290944124,4874,4935,4197,4299,-161.7412177480778,59.691433662230786,-161.73205493217975,59.696913385463915
2701,518,26076.011118850438,2.6076011118850437,157,6.898183970070825,122.5945945945946,2087,2117,10386,10482,-161.1852504187362,59.944578909295664,-161.17662659200866,59.947273855148026
1569,518,26076.011118850438,2.6076011118850437,164,7.205746312685448,85.13513513513513,1132,1164,9983,10056,-161.2214525246862,60.030188355872255,-161.21489482311213,60.03306296478144
2246,518,26076.011118850438,2.6076011118850437,105,4.613435139219341,91.74517374517374,1712,1764,5259,5316,-161.6458166649043,59.976289438825084,-161.6406962677848,59.98096067830251
1301,517,26025.671329045705,2.6025671329045705,107,4.705854619328904,61.28433268858801,940,975,6127,6181,-161.5678428982427,60.047166514742116,-161.56299199570847,60.05031061823654
1179,517,26025.671329045705,2.6025671329045705,121,5.321573915315864,34.73114119922631,844,875,10489,10525,-161.17599777130977,60.05614966758331,-161.17276383628695,60.05893444496408
322,517,26025.671329045705,2.6025671329045705,116,5.101674166749093,48.2862669245648,255,280,15851,15905,-160.6943211159649,60.109599426988424,-160.68947021343064,60.11184521519872
5033,517,26025.671329045705,2.6025671329045705,107,4.705854619328904,48.2862669245648,6744,6763,5296,5356,-161.64249289835303,59.52722162829374,-161.63710300664832,59.52892842733357
900,517,26025.671329045705,2.6025671329045705,106,4.66187466961555,65.48549323017409,658,684,10219,10285,-161.200252283981,60.07330748950999,-161.1943234031058,60.0756431092487
1620,517,26025.671329045705,2.6025671329045705,71,3.1225764296481513,36.83558994197292,1174,1201,9848,9890,-161.23357978102183,60.026864589321015,-161.22980685682853,60.02929004058814
2343,516,25975.331539240975,2.5975331539240973,137,6.031088708330524,77.51937984496124,1780,1824,507,563,-162.07269608791788,59.97089954712037,-162.06766552232682,59.974852134370494
841,516,25975.331539240975,2.5975331539240973,30,1.3206763594884356,23.449612403100776,613,631,9790,9827,-161.2387900096697,60.07806856051583,-161.23546624311848,60.07968552802724
3925,516,25975.331539240975,2.5975331539240973,76,3.3457134440373704,65.6124031007752,3617,3644,1948,2013,-161.94324885547624,59.80740616541062,-161.93740980612947,59.80983161667774
3435,516,25975.331539240975,2.5975331539240973,73,3.213645808088527,30.767441860465116,2689,2716,6152,6188,-161.5655971100324,59.89076982377691,-161.56236317500958,59.89319527504403
4500,516,25975.331539240975,2.5975331539240973,91,4.006051623781588,43.604651162790695,4683,4706,2653,2705,-161.87991762794582,59.71200508223712,-161.8752463884684,59.714071207390596
5321,516,25975.331539240975,2.5975331539240973,153,6.735449433391023,95.51162790697674,7746,7783,9203,9277,-161.29152111684755,59.435593469313545,-161.28487358374505,59.438917235864785
615,515,25924.991749436245,2.5924991749436246,114,5.023440201327242,58.78834951456311,456,504,6533,6572,-161.53137129770747,60.08947716462415,-161.52786786809938,60.09378907798792
2400,515,25924.991749436245,2.5924991749436246,131,5.772549705033936,87.26990291262136,1837,1891,11289,11341,-161.1041325485802,59.964880834716766,-161.0994613091028,59.96973173725102
4331,514,25874.651959631512,2.5874651959631514,59,2.602378439208262,29.914396887159533,4369,4393,5047,5085,-161.6648609489276,59.74012235063007,-161.66144735084796,59.74227830731195
1075,514,25874.651959631512,2.5874651959631514,73,3.219891967155985,35.98443579766537,773,797,5782,5826,-161.59883477554482,60.063156526799446,-161.5948821882947,60.06531248348133
906,514,25874.651959631512,2.5874651959631514,108,4.763675787025293,43.77431906614786,661,686,1237,1287,-162.00711907217715,60.073127826453174,-162.00262749575654,60.07537361466347
5304,512,25773.972380022053,2.5773972380022054,63,2.7842329509220307,33.0078125,7678,7700,4593,4636,-161.70564446282663,59.44304948617174,-161.7017817071049,59.4450257797968
2261,512,25773.972380022053,2.5773972380022054,109,4.817164946833355,52.53125,1719,1776,16317,16342,-160.65245962372492,59.97521146048414,-160.65021383551462,59.98033185760362
3702,512,25773.972380022053,2.5773972380022054,73,3.226174689163623,61.8828125,3052,3069,10109,10181,-161.21013375210632,59.85905929424749,-161.20366588206065,59.86058643023049
10,512,25773.972380022053,2.5773972380022054,122,5.391689206547425,81.28125,0,15,4349,4436,-161.72756335575914,60.13340478201759,-161.7197480127873,60.13475225494377
4785,512,25773.972380022053,2.5773972380022054,82,3.623922253581056,37.1953125,5481,5510,3243,3283,-161.82691702618277,59.63978053339391,-161.8233237650463,59.64238564771786
1441,511,25723.632590217323,2.5723632590217322,48,2.1233949849782823,22.825831702544033,1040,1059,8202,8237,-161.3814424767879,60.03962066635551,-161.3782983732935,60.04132746539534
3207,511,25723.632590217323,2.5723632590217322,45,1.9906827984171398,29.12720156555773,2488,2504,4675,4720,-161.69827827749685,59.909814107800244,-161.69423585871832,59.911251412254835
4823,510,25673.292800412593,2.5673292800412595,119,5.269408568963567,107.36470588235294,5613,5629,7435,7536,-161.45034325907986,59.62909058151289,-161.44127027471026,59.63052788596748
2162,510,25673.292800412593,2.5673292800412595,98,4.339512939146467,51.45882352941177,1646,1675,1424,1476,-161.99032057636413,59.98428444485375,-161.9856493368867,59.9868895591777
1034,510,25673.292800412593,2.5673292800412595,86,3.80814400782241,47.71764705882353,750,772,6118,6174,-161.56865138199842,60.06540231500974,-161.56362081640734,60.067378608634804
2638,510,25673.292800412593,2.5673292800412595,164,7.262042061428781,124.51764705882353,2041,2088,11545,11624,-161.08113567730675,59.94718402361961,-161.07403898656221,59.95140610545498
2578,510,25673.292800412593,2.5673292800412595,46,2.036914236742219,24.59607843137255,1985,2010,7428,7459,-161.45097207977875,59.954190882835746,-161.448187302398,59.95643667104604
2905,510,25673.292800412593,2.5673292800412595,33,1.4612645611411572,23.725490196078432,2251,2268,5146,5184,-161.65596762761484,59.931014348505464,-161.65255402953517,59.93254148448847
4089,510,25673.292800412593,2.5673292800412595,147,6.5092694087197005,58.0078431372549,4021,4067,2453,2493,-161.8978839336282,59.76940742889236,-161.89429067249173,59.77353967919931
3709,509,25622.95301060786,2.562295301060786,109,4.831340058239505,59.481335952848724,3060,3073,14263,14337,-160.83697358308305,59.85869996813384,-160.83032604998058,59.8598677780032
310,508,25572.61322080313,2.557261322080313,100,4.436782547080569,86.81102362204724,243,263,5414,5499,-161.63189277800043,60.11112656297143,-161.62425709808542,60.112923193539665
4987,508,25572.61322080313,2.557261322080313,82,3.6381616886060666,32.25196850393701,6551,6574,5652,5693,-161.6105128742384,59.5441997871636,-161.60682978157348,59.54626591231707
5125,508,25572.61322080313,2.557261322080313,50,2.2183912735402846,26.488188976377952,7012,7033,16427,16464,-160.6425781555996,59.50296711562251,-160.63925438904835,59.50485357771916
1442,508,25572.61322080313,2.557261322080313,57,2.5289660518359245,27.409448818897637,1040,1058,8444,8485,-161.3597032469122,60.039710497883924,-161.35602015424732,60.04132746539534
93,508,25572.61322080313,2.557261322080313,103,4.569886023492987,36.40944881889764,62,85,12382,12427,-161.00594668802594,60.12711657502875,-161.0019042692474,60.12918270018223
4651,508,25572.61322080313,2.557261322080313,66,2.928276481073176,34.2992125984252,5005,5029,2688,2730,-161.8767735244514,59.68298949856006,-161.8730006002581,59.68514545524195
772,508,25572.61322080313,2.557261322080313,76,3.3719547357812325,32.25196850393701,562,586,7010,7050,-161.48852165865495,60.08211097929436,-161.48492839751847,60.08426693597625
2109,507,25522.2734309984,2.55222734309984,168,7.461141940296703,57.001972386587774,1601,1644,10791,10833,-161.14886864972937,59.98706922223452,-161.14509572553607,59.99093197795624
4054,507,25522.2734309984,2.55222734309984,52,2.3094010767585034,28.402366863905325,3954,3968,5563,5609,-161.61850788026706,59.77830075020514,-161.6143756299601,59.77955839160291
2315,507,25522.2734309984,2.55222734309984,119,5.284975541043498,46.777120315581854,1763,1800,6967,7007,-161.49238441437666,59.97305550380226,-161.4887911532402,59.9763792703535
4324,507,25522.2734309984,2.55222734309984,89,3.9526287659905153,36.481262327416175,4357,4386,4080,4119,-161.75172803690197,59.740751171328945,-161.7482246072939,59.743356285652894
530,507,25522.2734309984,2.55222734309984,57,2.531458872600667,26.54043392504931,398,421,1446,1481,-161.98834428273906,60.096933181482335,-161.98520017924463,60.09899930663581
953,506,25471.933641193667,2.5471933641193667,137,6.090392875299103,51.865612648221344,695,721,0,55,-162.11824067282274,60.06998372295875,-162.11329993876006,60.07231934269746
2435,506,25471.933641193667,2.5471933641193667,153,6.801679634458122,49.33596837944664,1860,1904,13951,13986,-160.86500101994758,59.963713024847415,-160.86185691645318,59.96766561209754
1349,506,25471.933641193667,2.5471933641193667,85,3.77871090803229,32.3794466403162,972,1006,7989,8019,-161.40057659233966,60.04438173736135,-161.3978816464873,60.04743600932735
1496,505,25421.593851388938,2.542159385138894,39,1.7354772220109407,23.96039603960396,1072,1088,3545,3584,-161.79978790460237,60.03701555203157,-161.7962844749943,60.03845285648616
4026,505,25421.593851388938,2.542159385138894,48,2.135971965551927,32.443564356435644,3903,3917,7113,7163,-161.47926901122852,59.78288215815415,-161.47477743480792,59.78413979955192
2662,505,25421.593851388938,2.542159385138894,90,4.004947435409863,65.59207920792079,2058,2077,2561,2633,-161.88818212855972,59.948172170432144,-161.88171425851408,59.949878969471975
1540,504,25371.254061584208,2.5371254061584207,85,3.7862009270926786,52.07142857142857,1108,1147,897,939,-162.03766179183722,60.03171549185526,-162.03388886764392,60.035218921463326
3927,504,25371.254061584208,2.5371254061584207,164,7.305140612272933,52.07142857142857,3623,3644,13329,13389,-160.92087623061983,59.80740616541062,-160.91548633891512,59.80929262750727
4389,504,25371.254061584208,2.5371254061584207,142,6.32518272526071,142.5079365079365,4449,4500,4512,4595,-161.712920816628,59.730510377089985,-161.70546479976983,59.735091785038996
3257,504,25371.254061584208,2.5371254061584207,65,2.8953301207179307,33.53174603174603,2532,2553,6852,6896,-161.50271504014404,59.90541236290806,-161.4987624528939,59.90729882500471
1561,504,25371.254061584208,2.5371254061584207,51,2.271720556255607,30.50793650793651,1123,1143,8695,8737,-161.33715553328082,60.03207481796891,-161.33338260908752,60.03387144853715
5284,504,25371.254061584208,2.5371254061584207,77,3.4298526045427797,47.05555555555556,7603,7623,15517,15574,-160.72432484645446,59.44996651385946,-160.719204449335,59.451763144427694
4772,504,25371.254061584208,2.5371254061584207,220,9.799578870122227,262.8888888888889,5443,5511,8133,8247,-161.38764085224832,59.639690701865504,-161.37740005800936,59.64579924579751
2039,503,25320.91427177948,2.532091427177948,54,2.407740995165633,30.568588469184892,1538,1563,6268,6305,-161.55517665273663,59.99434557603589,-161.55185288618537,59.996591364246186
602,503,25320.91427177948,2.532091427177948,34,1.5159850710302134,23.18886679920477,445,464,6367,6402,-161.54628333142384,60.09307042576062,-161.54313922792943,60.09477722480045
2155,503,25320.91427177948,2.532091427177948,110,4.904657582744808,35.69781312127237,1640,1657,2509,2559,-161.89285336803715,59.985901412365166,-161.88836179161655,59.98742854834817
1596,503,25320.91427177948,2.532091427177948,83,3.7007870851619917,53.47117296222664,1152,1178,2071,2127,-161.93219957748158,60.02893071447449,-161.92716901189053,60.0312663342132
4440,502,25270.57448197475,2.527057448197475,50,2.2316092133872587,27.737051792828684,4549,4569,3796,3835,-161.77724019097096,59.72431200162956,-161.7737367613629,59.7261086321978
5216,502,25270.57448197475,2.527057448197475,86,3.838367847026085,94.66932270916335,7408,7432,9235,9320,-161.28864650793835,59.46712433578614,-161.28101082802334,59.46928029246803
1622,502,25270.57448197475,2.527057448197475,46,2.053080476316278,25.888446215139442,1180,1200,8200,8237,-161.38162213984472,60.02695442084943,-161.3782983732935,60.028751051417665
1144,502,25270.57448197475,2.527057448197475,85,3.79373566275834,60.310756972111555,817,859,7526,7571,-161.4421685899944,60.0575869720379,-161.43812617121586,60.0613598962312
2388,502,25270.57448197475,2.527057448197475,83,3.70447129422285,43.633466135458164,1831,1854,4402,4453,-161.72280228475333,59.96820460126801,-161.7182208768043,59.97027072642148
4741,502,25270.57448197475,2.527057448197475,42,1.8745517392452975,25.888446215139442,5333,5348,3316,3358,-161.82035932460872,59.65433324099665,-161.8165864004154,59.65568071392283
3461,502,25270.57448197475,2.527057448197475,151,6.739459824429522,224.89243027888446,2718,2741,10501,10646,-161.17491979296884,59.88852403556661,-161.1618942213491,59.89059016072009
4036,501,25220.234692170015,2.5220234692170016,46,2.0551284374003433,27.79241516966068,3920,3939,5709,5749,-161.6053924771189,59.78090586452909,-161.60179921598242,59.78261266356892
822,501,25220.234692170015,2.5220234692170016,88,3.9315500541571784,25.037924151696608,600,633,2994,3017,-161.84928507675735,60.077888897459005,-161.84721895160388,60.0808533378966
1390,501,25220.234692170015,2.5220234692170016,80,3.5741364128701623,39.12175648702595,1006,1037,2664,2703,-161.8789294811333,60.04159695998057,-161.87542605152524,60.04438173736135
3409,501,25220.234692170015,2.5220234692170016,91,4.0655801696398095,46.115768463073856,2670,2690,3771,3827,-161.77948597918126,59.893105443515616,-161.7744554135902,59.89490207408386
1805,501,25220.234692170015,2.5220234692170016,66,2.948662540617884,41.38922155688623,1335,1357,7455,7505,-161.44854662851162,60.01285087088875,-161.44405505209104,60.01482716451381
763,501,25220.234692170015,2.5220234692170016,42,1.8764216167568353,23.281437125748504,556,573,10637,10674,-161.1627027051048,60.08327878916372,-161.15937893855357,60.084805925146725
477,500,25169.894902365286,2.5169894902365284,57,2.54911749434976,31.752,363,387,5100,5139,-161.66009987792177,60.09998745344834,-161.6565964483137,60.10214341013023
3820,500,25169.894902365286,2.5169894902365284,81,3.622430123549659,49.928,3304,3323,1723,1783,-161.96346094936894,59.83624208603085,-161.95807105766423,59.83794888507068
3072,500,25169.894902365286,2.5169894902365284,127,5.679612662849466,55.112,2399,2424,2899,2957,-161.8578190719565,59.9170006300732,-161.8526088433086,59.9192464182835
1463,500,25169.894902365286,2.5169894902365284,103,4.606300033649567,47.432,1052,1072,6170,6227,-161.563980142521,60.03845285648616,-161.55885974540152,60.040249487054396
3431,499,25119.555112560556,2.5119555112560557,126,5.64053466105165,51.30260521042084,2686,2711,4333,4388,-161.72900066021376,59.891218981418966,-161.72405992615109,59.89346476962927
2785,499,25119.555112560556,2.5119555112560557,72,3.2231626634580857,34.91783567134269,2157,2190,1919,1952,-161.9458539698002,59.9380212077216,-161.94288952936262,59.94098564815919
3357,498,25069.215322755823,2.5069215322755825,102,4.570729292471853,100.75502008032129,2623,2637,3748,3846,-161.78155210433474,59.89786651452145,-161.77274861455038,59.89912415591922
4019,497,25018.875532951093,2.5018875532951093,156,6.997556342653603,113.97183098591549,3894,3934,10696,10775,-161.1574026449285,59.78135502217115,-161.15030595418395,59.78494828330763
1454,496,24968.535743146364,2.4968535743146365,28,1.2572371141874243,23.516129032258064,1047,1066,8984,9019,-161.31119422156976,60.03899184565663,-161.30805011807533,60.040698644696455
3837,496,24968.535743146364,2.4968535743146365,69,3.098191459961867,33.03225806451613,3340,3359,2861,2906,-161.86123267003615,59.83300815100802,-161.8571902512576,59.83471495004785
333,496,24968.535743146364,2.4968535743146365,92,4.130921946615823,50.33064516129032,268,294,5663,5716,-161.60952472742585,60.10834178559065,-161.60476365642,60.11067740532937
4447,496,24968.535743146364,2.4968535743146365,64,2.8736848324283986,31.0,4561,4585,2919,2957,-161.85602244138823,59.722874697174966,-161.8526088433086,59.725030653856855
1653,495,24918.195953341634,2.4918195953341633,88,3.9553058597843536,71.4020202020202,1211,1238,6388,6455,-161.5443968693272,60.023540822769775,-161.53837815692359,60.0259662740369
4508,495,24918.195953341634,2.4918195953341633,63,2.8316394223456167,40.73535353535353,4697,4719,6619,6668,-161.523645786264,59.71083727236777,-161.51924404137185,59.71281356599283
995,495,24918.195953341634,2.4918195953341633,38,1.7079729849068799,23.563636363636363,725,744,10556,10591,-161.16997905890616,60.06791759780528,-161.16683495541176,60.06962439684511
487,495,24918.195953341634,2.4918195953341633,46,2.067546244887276,37.365656565656565,371,391,5698,5746,-161.60638062393144,60.0996281273347,-161.60206871056766,60.10142475790293
3638,495,24918.195953341634,2.4918195953341633,131,5.8880121321789805,130.33535353535353,2923,2954,3559,3655,-161.7985302632046,59.86938992001486,-161.78990643647705,59.872174697395636
1337,495,24918.195953341634,2.4918195953341633,159,7.146518542110366,74.47272727272727,962,978,9841,9921,-161.23420860172072,60.046897020156884,-161.22702207944775,60.048334324611474
2501,494,24867.856163536904,2.4867856163536906,38,1.7097008285302207,24.493927125506072,1921,1945,4486,4517,-161.71525643636673,59.96002993218252,-161.71247165898595,59.96218588886441
768,494,24867.856163536904,2.4867856163536906,105,4.724173341991399,97.97570850202429,559,582,12650,12737,-160.98187183841154,60.082470305408016,-160.9740564954397,60.084536430561485
815,494,24867.856163536904,2.4867856163536906,111,4.994126104390908,45.54655870445344,596,618,1900,1953,-161.94756076884002,60.07923637038518,-161.9427996978342,60.081212664010245
3670,494,24867.856163536904,2.4867856163536906,63,2.8345040051948396,28.186234817813766,2974,2990,5960,6003,-161.58284476348751,59.866155984992034,-161.57898200776577,59.867593289446624
277,494,24867.856163536904,2.4867856163536906,131,5.893968645722603,97.97570850202429,210,246,1418,1492,-161.99085956553458,60.11265369895443,-161.9842120324321,60.11588763397726
4437,493,24817.51637373217,2.481751637373217,109,4.90911310531039,98.17444219066937,4543,4576,11538,11615,-161.08176449800564,59.72368318093068,-161.0748474703179,59.72664762136827
4467,493,24817.51637373217,2.481751637373217,53,2.3869999502885384,38.6288032454361,4599,4613,2693,2748,-161.87632436680934,59.72035941437944,-161.8713836327467,59.7216170557772
4126,493,24817.51637373217,2.481751637373217,69,3.1076037088662103,30.190669371196755,4075,4092,6279,6323,-161.5541885059241,59.76716164068206,-161.55023591867396,59.768688776665066
106,493,24817.51637373217,2.481751637373217,48,2.1618112757330157,30.190669371196755,70,94,3873,3910,-161.77032316328325,60.126308091273046,-161.766999396732,60.128464047954935
665,493,24817.51637373217,2.481751637373217,64,2.8824150343106876,46.86409736308316,489,511,11621,11675,-161.07430848114745,60.088848343925264,-161.0694575786132,60.09082463755033
3462,493,24817.51637373217,2.481751637373217,97,4.368660286377136,55.894523326572006,2719,2743,3108,3167,-161.8390442825184,59.888344372509785,-161.8337442223421,59.890500329191674
2655,492,24767.17658392744,2.476717658392744,35,1.5779218606680063,22.83739837398374,2051,2071,9786,9819,-161.23914933578337,59.94871115960262,-161.2361848953458,59.95050779017085
3632,492,24767.17658392744,2.476717658392744,121,5.455101289737965,129.0731707317073,2913,2944,12619,12714,-160.98465661579232,59.870288235298986,-160.97612262059317,59.873073012679754
4851,492,24767.17658392744,2.476717658392744,130,5.8608526253383095,61.53658536585366,5710,5729,5450,5518,-161.6286588429776,59.620107428671695,-161.62255029904557,59.621814227711525
1196,492,24767.17658392744,2.476717658392744,143,6.44693788787214,61.53658536585366,861,877,10213,10284,-161.20079127315148,60.055970004526486,-161.19441323463423,60.05740730898108
2073,492,24767.17658392744,2.476717658392744,95,4.282930764670303,62.959349593495936,1563,1612,7419,7458,-161.45178056353447,59.989943831143705,-161.4482771339264,59.99434557603589
3604,491,24716.83679412271,2.471683679412271,164,7.401216391466997,178.4439918533605,2877,2895,3471,3601,-161.80643543770486,59.87468998019117,-161.79475733901128,59.87630694770258
4239,491,24716.83679412271,2.471683679412271,140,6.318111553691339,78.24032586558044,4240,4275,16645,16708,-160.6229948824058,59.75072247098267,-160.61733549611583,59.753866574477094
2455,491,24716.83679412271,2.471683679412271,113,5.099618611193724,78.24032586558044,1879,1899,9402,9480,-161.27364464269357,59.964162182489474,-161.26663778347742,59.96595881305771
3544,491,24716.83679412271,2.471683679412271,42,1.8954334661074017,26.468431771894092,2792,2806,8389,8432,-161.36464398097488,59.88268498621983,-161.36078122525316,59.8839426276176
75,491,24716.83679412271,2.471683679412271,109,4.919101138231114,43.413441955193484,47,63,362,419,-162.0857216595376,60.129092868653814,-162.08060126241813,60.13053017310841
3508,491,24716.83679412271,2.471683679412271,105,4.7385836652685045,49.564154786150716,2760,2781,2415,2472,-161.90129753170788,59.88493077443013,-161.89617713458838,59.88681723652678
157,491,24716.83679412271,2.471683679412271,37,1.6697866249041395,28.358452138492872,125,147,9789,9826,-161.23887984119813,60.121547020267215,-161.2355560746469,60.12352331389228
3081,490,24666.49700431798,2.4666497004317978,83,3.749557797056793,61.78775510204082,2405,2426,2182,2248,-161.92222827782786,59.91682096701637,-161.91629939695267,59.91870742911303
3427,490,24666.49700431798,2.4666497004317978,71,3.207453055313642,45.91836734693877,2684,2712,7876,7923,-161.41072755505022,59.89112914989055,-161.40650547321485,59.89364443268609
5211,489,24616.15721451325,2.461615721451325,130,5.87880321139975,75.38650306748467,7389,7410,15593,15668,-160.71749765029517,59.4691006294112,-160.71076028566426,59.47098709150786
2044,489,24616.15721451325,2.461615721451325,44,1.989748779242992,22.97750511247444,1540,1558,8865,8900,-161.32188417345077,59.99479473367795,-161.31874006995636,59.996411701189366
4560,489,24616.15721451325,2.461615721451325,79,3.572503490004463,93.65235173824131,4839,4884,3706,3768,-161.78532502852804,59.6960150701798,-161.7797554737665,59.700057488958336
2241,489,24616.15721451325,2.461615721451325,65,2.939401605699875,42.40490797546012,1710,1724,5719,5777,-161.6044941618348,59.979882699961564,-161.59928393318688,59.98114034135933
3567,489,24616.15721451325,2.461615721451325,125,5.652695395576682,33.50511247443763,2819,2848,2841,2876,-161.86302930060438,59.87891206202653,-161.85988519710997,59.88151717635048
3346,489,24616.15721451325,2.461615721451325,46,2.080191905572219,31.443762781186095,2614,2641,9336,9371,-161.27957352356876,59.89750718840781,-161.27642942007432,59.89993263967493
229,488,24565.81742470852,2.456581742470852,125,5.658484127657408,52.459016393442624,172,197,7290,7345,-161.4633688306996,60.11705544384662,-161.45842809663694,60.11930123205691
1970,488,24565.81742470852,2.456581742470852,47,2.1275900319991856,34.631147540983605,1483,1506,4559,4601,-161.70869873479265,59.99946597315537,-161.70492581059935,60.00153209830884
4904,488,24565.81742470852,2.456581742470852,109,4.93419815931726,48.59836065573771,6002,6050,4354,4383,-161.7271141981171,59.591271508051456,-161.72450908379315,59.595583421415235
330,488,24565.81742470852,2.456581742470852,117,5.296341143487334,56.467213114754095,267,295,3281,3336,-161.82350342810312,60.10825195406225,-161.81856269404045,60.110767236857775
869,488,24565.81742470852,2.456581742470852,108,4.8889302862960005,37.90163934426229,636,666,10524,10562,-161.17285366781536,60.07492445702141,-161.16944006973569,60.077619402873765
1665,488,24565.81742470852,2.456581742470852,69,3.123483238466889,25.704918032786885,1220,1243,5865,5898,-161.59137875868663,60.023091665127716,-161.58841431824905,60.02515779028119
2189,488,24565.81742470852,2.456581742470852,136,6.15643073089126,62.040983606557376,1668,1709,7794,7840,-161.41809374038,59.98123017288774,-161.41396149007304,59.984913265552635
2954,487,24515.47763490379,2.451547763490379,104,4.712689846066215,53.889117043121146,2286,2307,3613,3673,-161.79367936067035,59.9275109188974,-161.78828946896564,59.92939738099405
1636,487,24515.47763490379,2.451547763490379,37,1.676630041388942,24.84599589322382,1192,1207,3680,3720,-161.78766064826675,60.02632560015054,-161.78406738713028,60.02767307307672
1928,487,24515.47763490379,2.451547763490379,113,5.120518775052715,53.889117043121146,1442,1470,1550,1603,-161.9790018037842,60.0026999081782,-161.97424073277838,60.005215190973736
1010,487,24515.47763490379,2.451547763490379,103,4.6673755206232705,59.3429158110883,735,760,10803,10863,-161.1477906713884,60.066480293350686,-161.1424007796837,60.06872608156098
1796,487,24515.47763490379,2.451547763490379,33,1.4953727396171645,23.071868583162217,1330,1350,1403,1436,-161.99220703846078,60.013479691587634,-161.98924259802317,60.01527632215587
3079,487,24515.47763490379,2.451547763490379,114,5.165833100495659,110.52156057494867,2404,2420,4593,4693,-161.70564446282663,59.91735995618684,-161.69666130998544,59.91879726064143
3342,486,24465.13784509906,2.446513784509906,108,4.898979485566357,29.62962962962963,2612,2633,2035,2074,-161.9354335125044,59.8982258406351,-161.93193008289634,59.90011230273175
1608,486,24465.13784509906,2.446513784509906,29,1.315466713716892,21.40740740740741,1168,1188,3692,3723,-161.78658266992582,60.02803239919037,-161.78379789254504,60.02982902975861
2535,486,24465.13784509906,2.446513784509906,98,4.445370273939842,94.23045267489712,1955,1980,3870,3952,-161.7705926578685,59.95688582868811,-161.7632264725387,59.959131616898404
4712,486,24465.13784509906,2.446513784509906,77,3.4927909295241615,34.77366255144033,5173,5204,6067,6101,-161.5732327899474,59.66726898108797,-161.57017851798142,59.67005375846874
1963,486,24465.13784509906,2.446513784509906,54,2.4494897427831783,33.711934156378604,1473,1492,9625,9670,-161.2536122118577,60.00072361455314,-161.24956979307916,60.00243041359296
267,486,24465.13784509906,2.446513784509906,45,2.041241452319315,27.68724279835391,201,220,9089,9128,-161.30176191108652,60.11498931869314,-161.29825848147843,60.116696117732964
2788,486,24465.13784509906,2.446513784509906,50,2.2680460581325725,26.74074074074074,2159,2188,7624,7652,-161.43336510021,59.93820087077842,-161.43084981741447,59.940805985102365
2156,486,24465.13784509906,2.446513784509906,33,1.4969103983674978,21.40740740740741,1640,1658,2941,2974,-161.85404614776317,59.98581158083675,-161.8510817073256,59.98742854834817
1048,486,24465.13784509906,2.446513784509906,89,4.037121983475979,116.55144032921811,762,821,15692,15752,-160.70860432898237,60.06100057011756,-160.70321443727767,60.06630063029386
5109,485,24414.798055294326,2.4414798055294327,102,4.631581413702298,58.19381443298969,6962,6981,11938,12003,-161.04583188664085,59.507638355099935,-161.03999283729408,59.50934515413976
3270,485,24414.798055294326,2.4414798055294327,48,2.1795677240951994,22.30103092783505,2541,2562,8560,8591,-161.34928278961644,59.90460387915235,-161.34649801223566,59.906490341249
3560,485,24414.798055294326,2.4414798055294327,113,5.131065683807448,52.78350515463917,2810,2835,3063,3118,-161.84308670129693,59.88007987189589,-161.83814596723428,59.88232566010618
1222,485,24414.798055294326,2.4414798055294327,85,3.8596511780852487,68.29690721649484,881,898,4544,4618,-161.71004620771882,60.05408354242984,-161.70339867461635,60.05561067841284
715,485,24414.798055294326,2.4414798055294327,107,4.858619718295548,120.75051546391752,526,544,9872,9975,-161.23142382433994,60.08588390348767,-161.22217117691352,60.08750087099909
4769,485,24414.798055294326,2.4414798055294327,200,9.081532183729996,307.2082474226804,5428,5448,4642,4815,-161.70124271793446,59.64535008815545,-161.6857018635192,59.6471467187237
4936,484,24364.458265489597,2.4364458265489595,94,4.2727272727272725,34.917355371900825,6190,6229,8730,8756,-161.3340114297864,59.57519166446572,-161.33167581004767,59.57869509407379
269,484,24364.458265489597,2.4364458265489595,39,1.7727272727272727,22.34710743801653,203,223,4813,4845,-161.685881526576,60.1147198241079,-161.68300691766683,60.116516454676145
331,484,24364.458265489597,2.4364458265489595,81,3.6818181818181817,51.578512396694215,267,291,5223,5278,-161.6490505999271,60.10861128017589,-161.64410986586446,60.110767236857775
3748,484,24364.458265489597,2.4364458265489595,138,6.2727272727272725,65.46280991735537,3150,3179,14518,14578,-160.81406654333801,59.84917782612217,-160.8086766516333,59.85178294044612
5008,483,24314.118475684867,2.4314118475684867,51,2.3205803514857792,31.834368530020704,6618,6637,5390,5433,-161.63404873468232,59.53854040087364,-161.6301859789606,59.54024719991347
620,483,24314.118475684867,2.4314118475684867,90,4.09514179673961,37.175983436853,460,477,2940,2990,-161.85413597929158,60.09190261589127,-161.849644402871,60.093429751874275
1769,483,24314.118475684867,2.4314118475684867,133,6.051709544070758,64.13250517598344,1304,1329,187,250,-162.1014421770097,60.01536615368428,-162.09578279071974,60.017611941894586
3922,483,24314.118475684867,2.4314118475684867,129,5.869703241993442,123.26293995859213,3605,3627,5544,5644,-161.62021467930688,59.80893330139362,-161.61123152646567,59.810909595018686
2996,483,24314.118475684867,2.4314118475684867,36,1.6380567186958441,24.149068322981368,2328,2346,4753,4789,-161.69127141828073,59.92400748928933,-161.6880374832579,59.92562445680075
4599,483,24314.118475684867,2.4314118475684867,108,4.914170156087533,94.81573498964804,4924,4964,3562,3629,-161.79826076861937,59.68882854790684,-161.79224205621577,59.69242180904332
1565,482,24263.778685880134,2.4263778685880135,40,1.8219500746971078,22.439834024896264,1130,1148,6490,6524,-161.53523405342918,60.031625660326846,-161.53217978146316,60.03324262783826
1281,482,24263.778685880134,2.4263778685880135,170,7.743287817462708,46.6804979253112,925,955,13515,13560,-160.9041675663352,60.04896314531035,-160.90012514755668,60.051658091162714
4416,482,24263.778685880134,2.4263778685880135,93,4.236033923670775,31.900414937759336,4507,4526,4222,4265,-161.73897195986748,59.728174757351276,-161.73510920414577,59.7298815563911
4874,482,24263.778685880134,2.4263778685880135,182,8.28987283987184,345.36099585062243,5843,5903,3316,3460,-161.82035932460872,59.60447674272802,-161.80742358451738,59.609866634432734
3725,481,24213.438896075404,2.4213438896075403,124,5.65391333208566,61.50519750519751,3090,3116,14428,14488,-160.8221513808951,59.85483721241213,-160.81676148919038,59.85717283215084
4543,481,24213.438896075404,2.4213438896075403,40,1.8238430103502128,29.93762993762994,4792,4808,6397,6441,-161.54358838557147,59.702842266339104,-161.53963579832134,59.704279570793695
3512,481,24213.438896075404,2.4213438896075403,92,4.19483892380549,71.92515592515592,2764,2784,3167,3240,-161.8337442223421,59.88466127984489,-161.827186520768,59.886457910413135
5203,480,24163.099106270674,2.4163099106270676,94,4.290493367123801,61.63333333333333,7349,7370,16198,16263,-160.66314957560593,59.47269389054768,-160.65731052625915,59.47458035264433
2078,480,24163.099106270674,2.4163099106270676,70,3.195048252113469,43.2,1571,1591,2192,2244,-161.92132996254372,59.991830293240355,-161.91665872306632,59.99362692380859
3881,480,24163.099106270674,2.4163099106270676,149,6.800888422355812,90.13333333333334,3457,3483,9091,9169,-161.3015822480297,59.82186904148494,-161.29457538881354,59.82420466122365
4948,479,24112.759316465945,2.4112759316465944,48,2.1931759794477785,25.260960334029228,6301,6317,3817,3856,-161.7753537288743,59.56728648996547,-161.77185029926625,59.56872379442006
3983,479,24112.759316465945,2.4112759316465944,29,1.3250438209163662,23.457202505219207,3815,3832,8087,8123,-161.39177310255528,59.79051783806917,-161.38853916753246,59.792044974052175
206,479,24112.759316465945,2.4112759316465944,99,4.523425457611043,54.78914405010438,155,180,3450,3506,-161.8083218998015,60.11858257982962,-161.80329133421043,60.120828368039916
5139,478,24062.419526661215,2.4062419526661216,127,5.808844792578623,52.22594142259414,7102,7117,5420,5484,-161.63135378882995,59.495421267235905,-161.6256045710116,59.49676874016208
3688,478,24062.419526661215,2.4062419526661216,89,4.070765248342499,38.69456066945607,3005,3034,874,913,-162.0397279169907,59.86220339774191,-162.0362244873826,59.864808512065856
514,478,24062.419526661215,2.4062419526661216,106,4.848327149711292,61.89121338912134,388,410,15425,15489,-160.73258934706837,60.097921328294866,-160.72684012925,60.09989762191993
3237,478,24062.419526661215,2.4062419526661216,117,5.351455438832274,64.80334728033473,2515,2554,8078,8127,-161.392581586311,59.905322531379646,-161.3881798414188,59.90882596098771
3829,478,24062.419526661215,2.4062419526661216,127,5.808844792578623,49.61506276150627,3324,3350,1235,1286,-162.00729873523397,59.83381663476373,-162.00271732728496,59.836152254502444
3941,477,24012.07973685648,2.401207973685648,45,2.0604084592303353,26.29769392033543,3678,3700,1996,2030,-161.9389369421125,59.80237559981955,-161.93588267014647,59.80435189344461
2060,477,24012.07973685648,2.401207973685648,83,3.8003089359137294,47.16981132075472,1552,1592,3974,4009,-161.76125017891363,59.99174046171194,-161.75810607541922,59.99533372284842
2418,477,24012.07973685648,2.401207973685648,28,1.2820319301877643,20.134171907756812,1847,1865,5916,5947,-161.58679735073764,59.96721645445548,-161.58401257335686,59.96883342196689
375,477,24012.07973685648,2.401207973685648,36,1.6483267673842683,21.81132075471698,299,317,5046,5079,-161.66495078045602,60.106275660437184,-161.66198634001844,60.107892627948594
2995,477,24012.07973685648,2.401207973685648,33,1.5109662034355793,26.29769392033543,2327,2344,5583,5622,-161.6167112496988,59.92418715234616,-161.61320782009074,59.92571428832916
3339,477,24012.07973685648,2.401207973685648,50,2.2893427324781506,24.452830188679247,2607,2630,6413,6444,-161.54215108111688,59.89849533522034,-161.53936630373613,59.90056146037381
5166,477,24012.07973685648,2.401207973685648,96,4.395538046358049,36.528301886792455,7169,7187,12133,12181,-161.02831473860053,59.48913306024707,-161.02400282523675,59.49075002775849
1477,477,24012.07973685648,2.401207973685648,36,1.6483267673842683,26.29769392033543,1062,1083,3809,3844,-161.7760723811016,60.03746470967363,-161.77292827760718,60.03935117177028
503,476,23961.739947051752,2.3961739947051752,86,3.941803537221309,48.53781512605042,383,418,9700,9741,-161.2468748472268,60.097202676067575,-161.2431917545619,60.100346779561995
4832,476,23961.739947051752,2.3961739947051752,187,8.571130947213776,113.07563025210084,5648,5724,12028,12068,-161.03774704908378,59.620556586313754,-161.0341537879473,59.62738378247306
5289,476,23961.739947051752,2.3961739947051752,56,2.566755791678992,34.42016806722689,7621,7644,15791,15832,-160.6997110076696,59.44808005176281,-160.69602791500472,59.450146176916284
2781,476,23961.739947051752,2.3961739947051752,142,6.508559328900301,57.890756302521005,2150,2202,1741,1772,-161.96184398185753,59.93694322938065,-161.95905920447674,59.94161446885807
4817,476,23961.739947051752,2.3961739947051752,49,2.2459113177191177,22.722689075630253,5584,5601,4219,4254,-161.73924145445272,59.631605864308426,-161.7360973509583,59.63313300029143
838,475,23911.400157247022,2.391140015724702,30,1.3764944032233706,21.05263157894737,610,627,9028,9061,-161.30724163431964,60.07842788662948,-161.30427719388203,60.07995502261248
3266,475,23911.400157247022,2.391140015724702,77,3.533002301606651,47.36842105263158,2539,2554,8256,8316,-161.37659157425367,59.905322531379646,-161.37120168254893,59.90667000430582
2883,475,23911.400157247022,2.391140015724702,46,2.1106247516091683,31.33473684210526,2239,2265,7564,7599,-161.43875499191472,59.9312838430907,-161.4356108884203,59.93361946282941
1998,475,23911.400157247022,2.391140015724702,67,3.0741708338655274,25.473684210526315,1502,1530,4773,4800,-161.6894747877125,59.997310016473484,-161.68704933644537,59.99982529926902
4669,475,23911.400157247022,2.391140015724702,81,3.7165348887031002,55.25052631578947,5028,5059,4003,4053,-161.7586450645897,59.68029455270771,-161.7541534881691,59.683079330088475
5154,475,23911.400157247022,2.391140015724702,96,4.404782090314786,44.87578947368421,7145,7165,10490,10543,-161.17590793978135,59.49110935387213,-161.17114686877554,59.49290598444037
1409,474,23861.06036744229,2.386106036744229,111,5.098398855138342,107.75527426160338,1019,1062,8469,8539,-161.3574574587019,60.03935117177028,-161.3511692517131,60.04321392749199
779,474,23861.06036744229,2.386106036744229,141,6.476344491662218,68.35443037974683,570,596,3195,3259,-161.83122893954655,60.081212664010245,-161.8254797217282,60.083548283748954
280,474,23861.06036744229,2.386106036744229,126,5.78737167340028,160.70886075949366,215,242,6663,6774,-161.5196931990139,60.11301302506808,-161.50972189936016,60.1154384763352
2909,474,23861.06036744229,2.386106036744229,81,3.7204532186144657,37.881856540084385,2253,2270,2207,2257,-161.91998248961755,59.93083468544864,-161.91549091319695,59.93236182143164
2782,474,23861.06036744229,2.386106036744229,105,4.822809727833566,109.67088607594937,2151,2181,6012,6096,-161.57817352401008,59.9388296914773,-161.57062767562348,59.941524637329664
4164,474,23861.06036744229,2.386106036744229,94,4.317562994441478,29.37552742616034,4138,4161,3167,3203,-161.8337442223421,59.76096326522164,-161.83051028731924,59.76302939037511
1352,473,23810.72057763756,2.381072057763756,51,2.3449824983456846,29.437632135306554,975,997,210,247,-162.09937605185624,60.04519022111705,-162.09605228530498,60.047166514742116
4107,473,23810.72057763756,2.381072057763756,128,5.8854462703577965,121.77589852008457,4052,4070,6985,7087,-161.49076744686525,59.769137934307125,-161.48160463096724,59.77075490181854
901,473,23810.72057763756,2.381072057763756,113,5.195745535550242,34.6384778012685,658,678,14343,14387,-160.8297870608101,60.073846478680466,-160.82583447355998,60.0756431092487
4132,473,23810.72057763756,2.381072057763756,42,1.9311620574611519,27.47568710359408,4082,4098,7719,7760,-161.42483110501087,59.76662265151159,-161.42114801234598,59.76805995596618
1077,473,23810.72057763756,2.381072057763756,57,2.620862792268706,43.83932346723044,774,791,9303,9358,-161.28253796400634,60.06369551596992,-161.2775972299437,60.06522265195292
4896,472,23760.38078783283,2.376038078783283,99,4.556844358596701,30.508474576271187,5945,5969,14452,14488,-160.8199954242132,59.59854786185283,-160.81676148919038,59.60070381853471
1219,472,23760.38078783283,2.376038078783283,127,5.845648823654353,126.13559322033899,878,902,3540,3638,-161.80023706224443,60.05372421631619,-161.79143357246005,60.05588017299807
1575,472,23760.38078783283,2.376038078783283,27,1.2427757341627366,22.915254237288135,1137,1155,7551,7585,-161.4399228017841,60.03099683962797,-161.43686852981807,60.03261380713938
3980,472,23760.38078783283,2.376038078783283,90,4.142585780542455,38.04237288135593,3806,3834,3407,3446,-161.81218465552323,59.790338175012344,-161.80868122591514,59.79285345780788
1482,472,23760.38078783283,2.376038078783283,102,4.694930551281449,106.30508474576271,1064,1079,2184,2281,-161.92204861477103,60.037824035787274,-161.9133349565151,60.03917150871345
2286,472,23760.38078783283,2.376038078783283,83,3.820384664278042,34.71186440677966,1737,1763,3850,3888,-161.77238928843673,59.9763792703535,-161.76897569035705,59.978714890092206
3458,472,23760.38078783283,2.376038078783283,126,5.7996200927594375,88.16949152542372,2717,2739,10214,10294,-161.20070144162307,59.88870369862343,-161.1935149193501,59.890679992248494
1771,472,23760.38078783283,2.376038078783283,59,2.715695122800054,33.63559322033898,1307,1321,4627,4676,-161.70259019086063,60.01608480591158,-161.69818844596844,60.017342447309346
419,472,23760.38078783283,2.376038078783283,88,4.050528318752623,56.983050847457626,327,352,4764,4821,-161.6902832714682,60.10313155694276,-161.68516287434872,60.10537734515306
1176,471,23710.0409980281,2.37100409980281,35,1.6127148715443198,24.764331210191084,843,860,11362,11399,-161.09757484700614,60.05749714050949,-161.09425108045488,60.059024276492494
3685,471,23710.0409980281,2.37100409980281,42,1.9352578458531837,27.59235668789809,2998,3014,3423,3464,-161.8107473510686,59.864000028310144,-161.80706425840373,59.865437332764735
1711,471,23710.0409980281,2.37100409980281,46,2.1195681168868203,27.59235668789809,1255,1274,4384,4422,-161.72441925226474,60.02030688774694,-161.7210056541851,60.02201368678677
1266,471,23710.0409980281,2.37100409980281,104,4.792067046874551,53.00212314225053,910,943,6344,6390,-161.5483494565773,60.0500411236513,-161.54421720627036,60.05300556408889
4251,471,23710.0409980281,2.37100409980281,51,2.349955955678866,31.60084925690021,4257,4274,3748,3792,-161.78155210433474,59.750812302511086,-161.7775995170846,59.75233943849409
4466,471,23710.0409980281,2.37100409980281,54,2.4881886589540936,35.881104033970274,4595,4607,3562,3615,-161.79826076861937,59.7208984035499,-161.79349969761353,59.72197638189085
464,471,23710.0409980281,2.37100409980281,33,1.5205597360275016,22.963906581740975,357,373,5182,5218,-161.652733692592,60.101245094846114,-161.64949975756917,60.102682399300704
2744,471,23710.0409980281,2.37100409980281,115,5.29892029221705,99.05732484076434,2120,2156,7362,7434,-161.45690096065394,59.9410754796876,-161.45043309060827,59.94430941471043
3876,470,23659.70120822337,2.365970120822337,104,4.797162281750202,39.353191489361706,3453,3481,3212,3252,-161.82970180356355,59.822048704541764,-161.82610854242708,59.8245639873373
4211,470,23659.70120822337,2.365970120822337,52,2.398581140875101,37.07234042553191,4206,4228,3295,3339,-161.82224578670537,59.75494455281804,-161.81829319945524,59.7569208464431
4806,470,23659.70120822337,2.365970120822337,127,5.85807317098342,135.11489361702127,5549,5585,2946,3036,-161.85359699012113,59.63304316876302,-161.84551215256405,59.63627710378585
5159,470,23659.70120822337,2.365970120822337,173,7.9798949494498554,186.41702127659573,7155,7186,16291,16408,-160.6547952434636,59.48922289177548,-160.64428495463943,59.49200766915625
1680,469,23609.361418418637,2.3609361418418637,57,2.632015450275778,27.71002132196162,1231,1254,9134,9168,-161.29771949230798,60.022103518315184,-161.29466522034195,60.02416964346866
309,469,23609.361418418637,2.3609361418418637,52,2.4011369020059727,30.70362473347548,243,265,4992,5030,-161.66980168299028,60.1109468999146,-161.6663880849106,60.112923193539665
888,469,23609.361418418637,2.3609361418418637,83,3.8325839012787646,46.70362473347548,652,670,5534,5590,-161.621112994591,60.074565130907764,-161.61608242899993,60.076182098419174
2880,469,23609.361418418637,2.3609361418418637,69,3.18612396612331,27.71002132196162,2238,2259,1809,1845,-161.9557354379255,59.93182283226117,-161.9525015029027,59.93370929435782
3216,469,23609.361418418637,2.3609361418418637,72,3.3246510950851933,32.78464818763326,2498,2515,5885,5930,-161.5895821281184,59.90882596098771,-161.58553970933986,59.91035309697072
1831,468,23559.021628613908,2.3559021628613905,111,5.130976815083369,60.30769230769231,1358,1388,1723,1777,-161.96346094936894,60.01006609350798,-161.9586100468347,60.01276103936034
1487,468,23559.021628613908,2.3559021628613905,128,5.91680209306911,45.547008547008545,1067,1098,10194,10236,-161.2024980721913,60.036117236747444,-161.198725147998,60.03890201412822
4321,468,23559.021628613908,2.3559021628613905,119,5.5007769459001885,94.23076923076923,4353,4372,5969,6055,-161.5820362797318,59.742008812726716,-161.57431076828837,59.74371561176654
1435,468,23559.021628613908,2.3559021628613905,83,3.8366763572245013,38.36752136752137,1037,1060,8631,8675,-161.34290475109918,60.0395308348271,-161.33895216384906,60.04159695998057
3439,467,23508.681838809178,2.350868183880918,105,4.858820540518849,140.33404710920772,2694,2754,12368,12436,-161.0072043294237,59.88735622569725,-161.00109578549169,59.89274611740197
189,467,23508.681838809178,2.350868183880918,103,4.766271577842299,33.99571734475375,146,167,7759,7801,-161.4212378438744,60.11975038969897,-161.4174649196811,60.12163685179563
94,467,23508.681838809178,2.350868183880918,133,6.154506017990542,99.90578158458244,63,113,6647,6705,-161.5211305034685,60.12460129223322,-161.5159202748206,60.129092868653814
3813,467,23508.681838809178,2.350868183880918,116,5.367839835239871,41.97002141327623,3269,3319,14710,14730,-160.79681888988293,59.8366014121445,-160.7950222593147,59.8410929885651
2226,467,23508.681838809178,2.350868183880918,46,2.1286261415606385,41.97002141327623,1697,1719,2746,2794,-161.87156329580353,59.98033185760362,-161.86725138243975,59.982308151228686
1988,466,23458.342049004445,2.3458342049004446,45,2.084584745754358,25.965665236051503,1494,1512,2599,2636,-161.88476853048007,59.9989269839849,-161.88144476392884,60.00054395149631
3162,465,23408.002259199715,2.3408002259199714,218,10.109507927571668,136.56774193548387,2461,2486,10743,10844,-161.15318056309314,59.911431075311654,-161.14410757872352,59.91367686352196
4369,465,23408.002259199715,2.3408002259199714,39,1.8085816934646564,26.021505376344088,4416,4430,5469,5510,-161.62695204393776,59.73679858407882,-161.62326895127288,59.73805622547659
2071,465,23408.002259199715,2.3408002259199714,89,4.127276172265498,29.944086021505377,1563,1598,52,76,-162.1135694333453,59.99120147254147,-162.11141347666342,59.99434557603589
3240,465,23408.002259199715,2.3408002259199714,72,3.3389200494732116,28.93763440860215,2517,2536,5542,5581,-161.6203943423637,59.906939498891056,-161.61689091275562,59.908646297930886
2686,464,23357.662469394985,2.3357662469394986,39,1.8105295472262557,20.698275862068964,2079,2097,16150,16181,-160.6674614889697,59.94637553986391,-160.66467671158892,59.94799250737532
1781,464,23357.662469394985,2.3357662469394986,48,2.2283440581246223,28.00862068965517,1313,1333,6969,7006,-161.49220475131983,60.01500682757064,-161.4888809847686,60.016803458138874
2724,464,23357.662469394985,2.3357662469394986,100,4.642383454426297,43.456896551724135,2110,2152,7782,7811,-161.41917171872092,59.94143480580125,-161.416566604397,59.94520772999455
1031,464,23357.662469394985,2.3357662469394986,48,2.2283440581246223,25.137931034482758,748,765,3104,3141,-161.83940360863204,60.06603113570863,-161.8360798420808,60.06755827169163
4027,464,23357.662469394985,2.3357662469394986,44,2.0426487199475707,26.07758620689655,3904,3922,5282,5319,-161.6437505397508,59.78243300051209,-161.64042677319955,59.78404996802351
5347,464,23357.662469394985,2.3357662469394986,45,2.0890725544918336,35.310344827586206,7812,7832,3399,3443,-161.8129033077505,59.43119172442136,-161.80895072050038,59.4329883549896
2831,463,23307.322679590256,2.3307322679590254,62,2.881384356509073,29.062634989200863,2192,2219,7100,7131,-161.48043682109787,59.93541609339765,-161.47765204371711,59.93784154466477
3599,463,23307.322679590256,2.3307322679590254,60,2.788436474041039,33.20950323974082,2871,2885,2573,2621,-161.8871041502188,59.87558829547529,-161.882792236855,59.87684593687305
5059,463,23307.322679590256,2.3307322679590254,104,4.8332898883378,34.289416846652266,6821,6845,5723,5762,-161.60413483572114,59.51985544296396,-161.60063140611308,59.52201139964584
1421,463,23307.322679590256,2.3307322679590254,57,2.6490146503389864,27.092872570194384,1026,1044,11152,11190,-161.11643946797264,60.040968139281695,-161.113025869893,60.042585106793105
1868,463,23307.322679590256,2.3307322679590254,75,3.4855455925512984,43.55075593952484,1391,1415,8592,8639,-161.34640818070724,60.00764064224086,-161.34218609887188,60.00979659892275
1704,463,23307.322679590256,2.3307322679590254,30,1.3942182370205194,19.084233261339094,1248,1272,5814,5837,-161.59596016663565,60.02048655080377,-161.59389404148217,60.022642507485656
5280,463,23307.322679590256,2.3307322679590254,133,6.181034184124302,146.00431965442763,7591,7612,4266,4375,-161.73501937261736,59.45095466067199,-161.72522773602046,59.45284112276864
3534,463,23307.322679590256,2.3307322679590254,124,5.762768713018146,79.61987041036717,2785,2808,5996,6069,-161.57961082846467,59.88250532316301,-161.57305312689058,59.884571448316485
1654,463,23307.322679590256,2.3307322679590254,106,4.926237770805835,84.67386609071275,1212,1255,708,764,-162.05463995070707,60.02201368678677,-162.049609385116,60.02587644250848
2592,462,23256.982889785526,2.3256982889785527,118,5.489856841350978,51.333333333333336,2003,2026,1906,1960,-161.94702177966957,59.952753578381156,-161.9421708771353,59.95481970353463
4949,462,23256.982889785526,2.3256982889785527,95,4.419799999392737,32.21645021645022,6319,6338,14709,14751,-160.79690872141134,59.56540002786882,-160.79313579721804,59.56710682690864
2625,462,23256.982889785526,2.3256982889785527,29,1.3492021050777827,21.645021645021647,2032,2050,2367,2399,-161.90560944507163,59.950597621699266,-161.90273483616247,59.95221458921068
3799,462,23256.982889785526,2.3256982889785527,64,2.977549473275107,34.36363636363637,3250,3271,4308,4350,-161.73124644842406,59.840913325508275,-161.72747352423073,59.842799787604925
3531,462,23256.982889785526,2.3256982889785527,107,4.978090525631819,37.714285714285715,2782,2804,832,876,-162.043500841184,59.882864649276655,-162.03954825393387,59.88484094290172
604,462,23256.982889785526,2.3256982889785527,171,7.955639998906926,306.008658008658,446,481,9450,9603,-161.2693327293298,60.09154328977762,-161.25558850548276,60.09468739327204
4646,462,23256.982889785526,2.3256982889785527,66,3.070597894314954,68.58008658008659,5000,5032,3533,3590,-161.8008658829433,59.68272000397483,-161.79574548582383,59.68559461288401
2994,462,23256.982889785526,2.3256982889785527,93,4.32675157835289,67.04761904761905,2326,2355,8449,8508,-161.35925408927017,59.923199005533625,-161.35395402909384,59.92580411985757
3775,461,23206.643099980793,2.320664309998079,36,1.6766871581974403,30.203904555314534,3196,3212,1738,1781,-161.96211347644277,59.84621338568458,-161.95825072072105,59.84765069013917
2331,461,23206.643099980793,2.320664309998079,54,2.5150307372961604,24.373101952277658,1773,1789,2915,2952,-161.8563817675019,59.97404365061479,-161.85305800095065,59.97548095506938
2841,461,23206.643099980793,2.320664309998079,67,3.1205010999785694,41.310195227765725,2199,2218,10827,10877,-161.14563471470652,59.93550592492606,-161.14114313828594,59.937212723965885
403,461,23206.643099980793,2.320664309998079,36,1.6766871581974403,23.462039045553144,312,333,9023,9054,-161.3076907919617,60.10483835598259,-161.30490601458092,60.10672481807924
692,461,23206.643099980793,2.320664309998079,41,1.9095603746137515,27.210412147505423,507,522,9180,9221,-161.29358724200102,60.08786019711273,-161.28990414933614,60.08920767003891
1227,461,23206.643099980793,2.320664309998079,89,4.145143252210339,50.11713665943601,884,922,7816,7854,-161.41611744675492,60.05192758574795,-161.41270384867528,60.05534118382761
4376,461,23206.643099980793,2.320664309998079,51,2.375306807446374,37.79609544468546,4428,4445,3575,3624,-161.79709295875,59.73545111115264,-161.79269121385784,59.736978247135646
3500,461,23206.643099980793,2.320664309998079,127,5.914979696974304,52.78958785249458,2751,2769,16694,16754,-160.6185931375136,59.886008752771076,-160.6132032458089,59.887625720282486
1789,461,23206.643099980793,2.320664309998079,97,4.517740398476437,36.65943600867679,1321,1353,11031,11064,-161.1273090829105,60.0132101970024,-161.1243446424729,60.01608480591158
3091,461,23206.643099980793,2.320664309998079,98,4.5643150417596985,48.80694143167028,2410,2440,5629,5674,-161.61257899939187,59.915563325618606,-161.60853658061333,59.91825827147097
5346,460,23156.303310176063,2.3156303310176063,75,3.4968930309011768,36.73913043478261,7811,7830,14817,14863,-160.78720691634285,59.43137138747819,-160.7830746660359,59.43307818651801
1811,460,23156.303310176063,2.3156303310176063,54,2.5177629822488474,30.269565217391303,1340,1359,6771,6811,-161.5099913939454,60.01267120783193,-161.50639813280893,60.01437800687175
3952,460,23156.303310176063,2.3156303310176063,207,9.651424765287247,200.90434782608696,3715,3739,9810,9938,-161.23699337910148,59.79887217021148,-161.22549494346475,59.80102812689337
2579,459,23105.963520371333,2.3105963520371335,90,4.20084025208403,33.49891067538126,1988,2017,4149,4182,-161.74552966144154,59.95356206213686,-161.74256522100396,59.95616717646081
4477,459,23105.963520371333,2.3105963520371335,63,2.940588176458821,30.335511982570807,4619,4647,3104,3135,-161.83940360863204,59.71730514241343,-161.83661883125126,59.719820425208965
1898,459,23105.963520371333,2.3105963520371335,24,1.120224067222408,20.923747276688452,1421,1438,3289,3321,-161.82278477587582,60.00557451708738,-161.81991016696665,60.007101653070386
345,459,23105.963520371333,2.3105963520371335,89,4.154164249283096,62.96296296296296,275,296,8042,8106,-161.39581552133382,60.108162122533834,-161.39006630351545,60.11004858463048
2807,459,23105.963520371333,2.3105963520371335,57,2.6605321596532185,31.372549019607842,2172,2187,7261,7306,-161.46597394502356,59.93829070230683,-161.46193152624502,59.93963817523301
1376,459,23105.963520371333,2.3105963520371335,107,4.994332299699901,70.58823529411765,992,1028,6700,6754,-161.51636943246265,60.042405443736286,-161.51151852992842,60.04563937875911
3809,459,23105.963520371333,2.3105963520371335,48,2.240448134444816,27.32897603485839,3266,3283,1895,1934,-161.9480099264821,59.83983534716733,-161.94450649687403,59.841362483150334
3973,459,23105.963520371333,2.3105963520371335,67,3.1272921876625555,55.773420479302835,3792,3816,2764,2820,-161.8699463282921,59.79195514252376,-161.86491576270103,59.79411109920565
1989,459,23105.963520371333,2.3105963520371335,98,4.574248274491499,123.4074074074074,1494,1519,6583,6677,-161.52687972128686,59.998298163286016,-161.51843555761613,60.00054395149631
2011,459,23105.963520371333,2.3105963520371335,121,5.647796338912973,133.99564270152504,1513,1538,4501,4600,-161.71390896344053,59.996591364246186,-161.70501564212776,59.99883715245649
3280,459,23105.963520371333,2.3105963520371335,28,1.3069280784261426,22.666666666666668,2556,2573,6822,6856,-161.5054099859964,59.903615732339816,-161.5023557140304,59.90514286832282
4118,458,23055.6237305666,2.30556237305666,69,3.2241582632603847,27.388646288209607,4067,4094,3846,3875,-161.77274861455038,59.766981977625235,-161.77014350022642,59.76940742889236
5319,458,23055.6237305666,2.30556237305666,58,2.7101620183927873,39.20524017467249,7745,7765,3420,3467,-161.81101684565385,59.43721043682496,-161.8067947638185,59.4390070673932
2551,458,23055.6237305666,2.30556237305666,123,5.747412556246773,129.99126637554585,1963,2022,160,223,-162.10386762827682,59.9531129044948,-162.09820824198687,59.958412964671105
448,458,23055.6237305666,2.30556237305666,161,7.523035947607564,171.17903930131004,345,378,402,509,-162.08212839840112,60.100795937204055,-162.07251642486105,60.10376037764165
843,457,23005.28394076187,2.300528394076187,32,1.4968968631199615,21.015317286652078,615,631,5065,5098,-161.6632439814162,60.07806856051583,-161.6602795409786,60.07950586497042
4563,457,23005.28394076187,2.300528394076187,136,6.361811668259837,47.92997811816193,4846,4880,14589,14629,-160.80768850482076,59.69637439629344,-160.8040952436843,59.69942866825945
645,457,23005.28394076187,2.300528394076187,44,2.058233186789947,28.437636761487965,475,497,5095,5130,-161.66054903556383,60.09010598532303,-161.65740493206943,60.09208227894809
4180,457,23005.28394076187,2.300528394076187,60,2.806681618349928,33.645514223194745,4164,4181,5974,6019,-161.58158712208973,59.7591666346534,-161.5775447033112,59.7606937706364
2908,457,23005.28394076187,2.300528394076187,59,2.7599035913774292,29.444201312910284,2252,2271,4681,4720,-161.69773928832637,59.930744853920224,-161.69423585871832,59.932451652960054
788,457,23005.28394076187,2.300528394076187,35,1.637230944037458,22.76586433260394,580,606,6177,6202,-161.5633513218221,60.08031434872613,-161.56110553361182,60.082649968464835
1402,456,22954.94415095714,2.295494415095714,90,4.214636152117623,49.3421052631579,1014,1035,2795,2849,-161.86716155091133,60.0417766230374,-161.86231064837708,60.04366308513405
2159,456,22954.94415095714,2.295494415095714,121,5.666344160069248,75.86842105263158,1642,1656,8980,9059,-161.31155354768342,59.98599124389358,-161.30445685693886,59.98724888529134
2243,456,22954.94415095714,2.295494415095714,81,3.7931725369058604,50.666666666666664,1711,1730,1483,1540,-161.9850205161878,59.97934371079109,-161.97990011906833,59.98105050983092
365,456,22954.94415095714,2.295494415095714,78,3.6526846651686067,49.3421052631579,293,308,12574,12634,-160.98869903457086,60.10708414419289,-160.98330914286612,60.10843161711907
1536,456,22954.94415095714,2.295494415095714,223,10.442931799135888,244.640350877193,1106,1134,5392,5531,-161.6338690716255,60.03288330172462,-161.62138248917623,60.03539858452015
3017,455,22904.60436115241,2.290460436115241,58,2.7190819394432735,31.64835164835165,2347,2363,4028,4072,-161.7563992763794,59.92248035330633,-161.75244668912927,59.92391765776092
880,455,22904.60436115241,2.290460436115241,104,4.875595201760352,37.142857142857146,646,674,23,60,-162.11617454766926,60.07420580479411,-162.11285078111803,60.07672108758965
2023,455,22904.60436115241,2.290460436115241,108,5.06311809413575,72.8,1523,1576,7296,7334,-161.46282984152913,59.99317776616653,-161.45941624344948,59.99793883717237
2674,455,22904.60436115241,2.290460436115241,48,2.250274708504778,27.56923076923077,2070,2091,7383,7418,-161.4550144985573,59.94691452903438,-161.45187039506288,59.94880099113103
2491,455,22904.60436115241,2.290460436115241,140,6.563301233138936,135.17362637362638,1912,1964,9614,9686,-161.25460035867022,59.9583231331427,-161.24813248862458,59.962994372620116
2699,455,22904.60436115241,2.290460436115241,130,6.09449400220044,65.01978021978022,2086,2124,1102,1150,-162.01924632851276,59.943950088596786,-162.01493441514899,59.94736368667644
2427,454,22854.26457134768,2.285426457134768,151,7.086781142405375,74.57268722466961,1851,1870,12720,12793,-160.9755836314227,59.96676729681342,-160.96902592984864,59.968474095853246
2036,454,22854.26457134768,2.285426457134768,117,5.491082077228006,84.61674008810573,1536,1580,14956,15010,-160.77472033389358,59.992818440052886,-160.76986943135933,59.99677102730301
4881,454,22854.26457134768,2.285426457134768,102,4.787097195532107,46.951541850220266,5869,5904,8214,8252,-161.38036449844697,59.604386911199605,-161.37695090036732,59.607531014694025
4635,453,22803.924781542948,2.280392478154295,128,6.013964617407226,129.280353200883,4986,5019,3636,3724,-161.79161323551688,59.68388781384418,-161.78370806101663,59.686852254281774
1141,453,22803.924781542948,2.280392478154295,42,1.9733321400867463,24.80353200883002,816,834,11292,11327,-161.10386305399498,60.0598327602482,-161.10071895050055,60.061449727759616
112,453,22803.924781542948,2.280392478154295,59,2.7720618158361434,38.4635761589404,77,94,980,1029,-162.030205774979,60.126308091273046,-162.02580403008685,60.12783522725605
2408,453,22803.924781542948,2.280392478154295,20,0.9396819714698791,22.966887417218544,1840,1861,5839,5869,-161.59371437842535,59.96757578056913,-161.59101943257298,59.96946224266578
2100,453,22803.924781542948,2.280392478154295,64,3.006982308703613,40.83002207505519,1591,1617,1199,1241,-162.0105326702568,59.989494673501646,-162.0067597460635,59.991830293240355
2863,453,22803.924781542948,2.280392478154295,75,3.5238073930120466,37.30684326710817,2222,2243,4110,4154,-161.74903309104963,59.93326013671576,-161.7450805037995,59.93514659881241
2149,453,22803.924781542948,2.280392478154295,32,1.5034911543518066,24.80353200883002,1633,1651,8680,8715,-161.338503006207,59.98644040153564,-161.33535890271258,59.988057369047056
634,453,22803.924781542948,2.280392478154295,38,1.7853957457927703,20.344370860927153,466,485,9172,9201,-161.2943058942283,60.09118396366397,-161.29170077990437,60.0928907627038
5144,453,22803.924781542948,2.280392478154295,158,7.423487574612045,137.9690949227373,7120,7151,16694,16788,-160.6185931375136,59.4923669952699,-160.61014897384288,59.49515177265067
3577,453,22803.924781542948,2.280392478154295,86,4.0406324773204805,35.04635761589404,2832,2854,6727,6768,-161.51394398119552,59.87837307285606,-161.51026088853064,59.88034936648112
4279,453,22803.924781542948,2.280392478154295,115,5.403171335951805,33.94260485651214,4292,4321,3263,3296,-161.82512039561453,59.74659022067573,-161.82215595517695,59.74919533499967
1366,453,22803.924781542948,2.280392478154295,75,3.5238073930120466,39.63796909492274,984,1012,6055,6094,-161.57431076828837,60.043842748190876,-161.5708073386803,60.04635803098641
3463,452,22753.58499173822,2.275358499173822,51,2.398838214378173,43.36283185840708,2720,2741,1027,1076,-162.02598369314367,59.88852403556661,-162.02158194825148,59.89041049766326
1208,452,22753.58499173822,2.275358499173822,127,5.973577514235842,95.71681415929204,869,890,11264,11347,-161.1063783367905,60.054802194657135,-161.0989223199323,60.056688656753785
4133,452,22753.58499173822,2.275358499173822,67,3.1514149090850507,48.46017699115044,4086,4108,6367,6419,-161.54628333142384,59.76572433622747,-161.5416120919464,59.767700629852534
2048,452,22753.58499173822,2.275358499173822,70,3.29252303934259,38.54867256637168,1546,1569,3197,3240,-161.83104927648972,59.99380658686542,-161.827186520768,59.995872712018894
1327,452,22753.58499173822,2.275358499173822,46,2.163657997282274,32.92920353982301,957,972,5649,5695,-161.6107823688236,60.04743600932735,-161.60665011851668,60.04878348225353
3981,452,22753.58499173822,2.275358499173822,30,1.4110813025753959,23.92920353982301,3812,3831,1908,1941,-161.94684211661274,59.790607669597584,-161.94387767617513,59.79231446863741
4675,452,22753.58499173822,2.275358499173822,83,3.9039916037919284,44.610619469026545,5040,5075,4160,4196,-161.74454151462902,59.67885724825311,-161.74130757960617,59.68200135174753
689,452,22753.58499173822,2.275358499173822,32,1.5051533894137556,26.76991150442478,506,525,3522,3558,-161.80185402975584,60.08759070252749,-161.79862009473302,60.08929750156732
1839,451,22703.24520193349,2.270324520193349,56,2.636937012348862,43.4589800443459,1367,1382,6885,6940,-161.49975059970646,60.01060508267845,-161.4948098656438,60.01195255560463
318,451,22703.24520193349,2.270324520193349,104,4.897168737219316,95.9290465631929,250,284,4383,4453,-161.72450908379315,60.10924010087478,-161.7182208768043,60.11229437284078
1469,451,22703.24520193349,2.270324520193349,37,1.742261954587641,24.913525498891353,1055,1071,10622,10659,-161.16405017803098,60.038542688014566,-161.16072641147974,60.03997999246916
1974,451,22703.24520193349,2.270324520193349,60,2.8252896560880667,43.4589800443459,1484,1507,6187,6234,-161.562453006538,59.99937614162696,-161.55823092470263,60.00144226678043
5063,451,22703.24520193349,2.270324520193349,61,2.8723778170228678,39.813747228381374,6838,6859,10124,10170,-161.20878627918015,59.51859780156619,-161.2046540288732,59.520484263662844
1624,451,22703.24520193349,2.270324520193349,62,2.919465977957669,28.815964523281597,1181,1200,7626,7664,-161.43318543715318,60.02695442084943,-161.42977183907354,60.02866121988925
100,451,22703.24520193349,2.270324520193349,122,5.7447556340457355,83.45011086474501,67,93,5132,5203,-161.6572252690126,60.12639792280146,-161.65084723049534,60.12873354254017
1732,450,22652.905412128755,2.2652905412128757,119,5.609713797413277,38.72,1276,1303,2658,2697,-161.87946847030378,60.017701773423,-161.8759650406957,60.02012722469012
4516,450,22652.905412128755,2.2652905412128757,178,8.391000470080364,171.7422222222222,4721,4740,13192,13312,-160.93318315001227,59.70895081027112,-160.92240336660282,59.71065760931094
57,450,22652.905412128755,2.2652905412128757,77,3.6298148100909438,56.888888888888886,27,54,3589,3642,-161.79583531735224,60.129901352409526,-161.7910742463464,60.13232680367665
5187,450,22652.905412128755,2.2652905412128757,70,3.2998316455372216,64.22222222222223,7271,7291,16839,16904,-160.60556756589386,59.47979058129223,-160.5997285165471,59.481587211860464
2385,450,22652.905412128755,2.2652905412128757,108,5.091168824543142,43.55555555555556,1828,1853,10227,10272,-161.1995336317537,59.96829443279642,-161.19549121297516,59.97054022100672
2333,450,22652.905412128755,2.2652905412128757,47,2.215601247717849,29.90222222222222,1774,1790,7666,7708,-161.4295921760167,59.973953819086375,-161.4258192518234,59.975391123540966
4168,450,22652.905412128755,2.2652905412128757,117,5.5154328932550705,67.28,4147,4184,14382,14432,-160.82628363120205,59.758897140068164,-160.82179205478144,59.762220906619405
805,449,22602.565622324026,2.2602565622324025,43,2.0292954661869373,26.948775055679288,592,609,10439,10477,-161.18048934773037,60.080044854140894,-161.17707574965073,60.08157199012389
1774,449,22602.565622324026,2.2602565622324025,49,2.3124529730967427,33.14922048997773,1310,1329,7537,7579,-161.44118044318185,60.01536615368428,-161.43740751898855,60.017072952724114
3647,449,22602.565622324026,2.2602565622324025,36,1.6989450414588314,21.389755011135858,2934,2952,8654,8685,-161.3408386259457,59.86956958307169,-161.33805384856493,59.871186550583104
5107,449,22602.565622324026,2.2602565622324025,57,2.6899963156431497,36.489977728285076,6957,6979,9840,9882,-161.23429843324914,59.507818018156755,-161.23052550905584,59.50979431178182
3301,449,22602.565622324026,2.2602565622324025,122,5.757535973832706,121.95100222717149,2576,2588,11929,12034,-161.04664037039655,59.90226825941364,-161.0372080599133,59.90334623775458
4999,449,22602.565622324026,2.2602565622324025,138,6.51262265892552,98.21826280623608,6589,6604,7243,7333,-161.46759091253497,59.54150484131124,-161.4595060749779,59.542852314237415
1104,449,22602.565622324026,2.2602565622324025,122,5.757535973832706,43.652561247216035,799,821,2343,2391,-161.90776540175352,60.06100057011756,-161.90345348838977,60.06297686374262
1394,449,22602.565622324026,2.2602565622324025,53,2.501224644369946,29.968819599109132,1009,1030,10613,10650,-161.1648586617867,60.04222578067946,-161.16153489523543,60.04411224277611
3230,449,22602.565622324026,2.2602565622324025,56,2.642803397824849,34.24498886414254,2511,2531,6688,6730,-161.5174474108036,59.90738865653312,-161.51367448661028,59.90918528710136
5259,449,22602.565622324026,2.2602565622324025,34,1.6045592058222296,27.937639198218264,7543,7564,3731,3766,-161.78307924031773,59.45526657403576,-161.77993513682333,59.45715303613242
4887,449,22602.565622324026,2.2602565622324025,36,1.6989450414588314,25.97772828507795,5886,5901,3496,3535,-161.80418964949456,59.60465640578484,-161.80068621988647,59.60600387871102
3543,448,22552.225832519296,2.2552225832519297,23,1.0866478599015281,22.321428571428573,2792,2808,5300,5334,-161.6421335722394,59.88250532316301,-161.63907930027338,59.8839426276176
2279,448,22552.225832519296,2.2552225832519297,55,2.598505751938437,24.142857142857142,1735,1754,495,528,-162.0737740662588,59.9771877541092,-162.07080962582123,59.97889455314903
1826,448,22552.225832519296,2.2552225832519297,41,1.9370679241722895,31.080357142857142,1351,1368,3995,4037,-161.75936371681698,60.01186272407622,-161.75559079262368,60.01338986005922
33,448,22552.225832519296,2.2552225832519297,104,4.913538149119954,118.08035714285714,8,40,824,907,-162.04421949341128,60.13115899380729,-162.0367634765531,60.13403360271647
3682,448,22552.225832519296,2.2552225832519297,47,2.22054127892921,25.080357142857142,2996,3020,2475,2504,-161.89590764000314,59.86346103913967,-161.89330252567922,59.86561699582156
993,448,22552.225832519296,2.2552225832519297,185,8.740428438338379,332.58035714285717,725,779,4489,4628,-161.7149869417815,60.064773494310856,-161.70250035933222,60.06962439684511
2511,447,22501.886042714566,2.2501886042714565,127,6.006893876973107,102.45190156599553,1931,1975,9759,9822,-161.2415747870505,59.95733498633017,-161.23591540076055,59.96128757358029
2277,447,22501.886042714566,2.2501886042714565,69,3.263588011898775,61.64653243847875,1732,1751,8528,8592,-161.3521573985256,59.97745724869444,-161.34640818070724,59.979164047734265
2045,447,22501.886042714566,2.2501886042714565,49,2.3176204722179703,26.093959731543624,1542,1565,3782,3813,-161.77849783236874,59.994165912979064,-161.77571305498796,59.99623203813254
1264,447,22501.886042714566,2.2501886042714565,69,3.263588011898775,29.073825503355703,909,928,10912,10950,-161.1379990347915,60.051388596577475,-161.13458543671186,60.053095395617305
2595,447,22501.886042714566,2.2501886042714565,73,3.4527815198349354,29.073825503355703,2006,2029,6921,6955,-161.4965166646836,59.952484083795916,-161.49346239271762,59.95455020894939
3317,447,22501.886042714566,2.2501886042714565,41,1.9392334563456488,31.149888143176735,2589,2607,5701,5742,-161.6061111293462,59.90056146037381,-161.60242803668132,59.902178427885225
2635,446,22451.546252909837,2.2451546252909838,33,1.562595288574249,24.251121076233183,2041,2059,3616,3650,-161.7934098660851,59.94978913794356,-161.79035559411912,59.95140610545498
1088,446,22451.546252909837,2.2451546252909838,64,3.030487832386422,60.30493273542601,785,822,6033,6078,-161.57628706191343,60.06091073858914,-161.5722446431349,60.06423450514039
2193,446,22451.546252909837,2.2451546252909838,131,6.203029781915958,112.50224215246637,1672,1741,857,900,-162.0412550529737,59.97835556397856,-162.03739229725198,59.98455393943899
411,446,22451.546252909837,2.2451546252909838,158,7.481516836203979,42.699551569506724,321,343,14549,14596,-160.81128176595723,60.10394004069847,-160.8070596841219,60.10591633432353
2747,446,22451.546252909837,2.2451546252909838,92,4.356326259055481,40.26008968609865,2122,2150,352,391,-162.08661997482173,59.94161446885807,-162.08311654521367,59.944129751653605
4070,446,22451.546252909837,2.2451546252909838,93,4.403677631436519,46.493273542600896,3985,4005,2039,2091,-161.93507418639078,59.7749769836539,-161.93040294691335,59.776773614222144
5058,446,22451.546252909837,2.2451546252909838,65,3.07783920476746,35.596412556053814,6820,6840,13155,13198,-160.9365069165635,59.52030460060602,-160.9326441608418,59.522101231174254
741,446,22451.546252909837,2.2451546252909838,32,1.515243916193211,23.327354260089685,541,560,4992,5024,-161.66980168299028,60.08444659903308,-161.6669270740811,60.0861533980729
1626,446,22451.546252909837,2.2451546252909838,65,3.07783920476746,33.37219730941704,1182,1200,9156,9199,-161.2957431986829,60.02695442084943,-161.2918804429612,60.028571388360845
2881,446,22451.546252909837,2.2451546252909838,74,3.5040015561968003,31.219730941704036,2238,2256,6580,6621,-161.5271492158721,59.93209232684641,-161.5234661232072,59.93370929435782
726,445,22401.206463105103,2.2401206463105106,47,2.2280136767578926,28.18876404494382,533,553,9215,9251,-161.2904431385066,60.08507541973196,-161.28720920348377,60.0868720503002
977,445,22401.206463105103,2.2401206463105106,131,6.209995567133701,84.5752808988764,711,735,10123,10196,-161.20887611070856,60.06872608156098,-161.20231840913448,60.07088203824287
1893,445,22401.206463105103,2.2401206463105106,28,1.327327296791936,24.30561797752809,1414,1435,3841,3872,-161.77319777219242,60.00584401167262,-161.77041299481166,60.00773047376927
5262,445,22401.206463105103,2.2401206463105106,83,3.9345773440618106,34.55280898876404,7548,7582,3499,3527,-161.80392015490932,59.45364960652435,-161.80140487211378,59.45670387849035
4600,445,22401.206463105103,2.2401206463105106,35,1.6591591209899201,23.379775280898876,4932,4952,3011,3042,-161.84775794077436,59.68990652624778,-161.84497316339358,59.69170315681602
2823,445,22401.206463105103,2.2401206463105106,127,6.020377381877711,99.10112359550561,2187,2210,7295,7377,-161.46291967305754,59.936224577153354,-161.45555348772777,59.93829070230683
821,444,22350.866673300374,2.2350866673300374,37,1.7559422921421233,27.25225225225225,599,628,3323,3349,-161.81973050390982,60.078338055101064,-161.8173948841711,60.08094316942501
4822,444,22350.866673300374,2.2350866673300374,119,5.6474900747273695,54.810810810810814,5611,5629,3811,3871,-161.7758927180448,59.62909058151289,-161.77050282634008,59.63070754902431
5085,444,22350.866673300374,2.2350866673300374,55,2.6101844883193723,28.25225225225225,6894,6910,9933,9973,-161.22594410110682,59.51401639361718,-161.22235083997035,59.515453698071774
1462,444,22350.866673300374,2.2350866673300374,71,3.3695108849213717,48.009009009009006,1051,1078,10163,10209,-161.20528284957206,60.03791386731569,-161.2011505992651,60.04033931858281
582,444,22350.866673300374,2.2350866673300374,61,2.894931887045122,35.75675675675676,434,467,5136,5166,-161.65686594289895,60.09280093117539,-161.65417099704658,60.095765371612984
5375,444,22350.866673300374,2.2350866673300374,34,1.6135685927792485,27.25225225225225,7923,7944,2876,2910,-161.85988519710997,59.42113059323922,-161.85683092514395,59.423017055335876
1994,443,22300.526883495644,2.2300526883495646,109,5.178746285786821,115.29571106094808,1497,1523,3123,3210,-161.83769680959222,59.99793883717237,-161.82988146662038,60.00027445691108
2808,443,22300.526883495644,2.2300526883495646,86,4.085983308051987,50.79006772009029,2173,2203,686,731,-162.05661624433213,59.93685339785224,-162.0525738255536,59.9395483437046
3669,443,22300.526883495644,2.2300526883495646,99,4.703631947641241,40.53273137697517,2974,3007,947,981,-162.03317021541662,59.86462884900903,-162.03011594345062,59.867593289446624
4167,442,22250.18709369091,2.225018709369091,64,3.044169562588762,40.62443438914027,4146,4159,7137,7191,-161.47711305454663,59.76114292827846,-161.47226215201238,59.76231073814782
119,442,22250.18709369091,2.225018709369091,107,5.089470987453087,48.2262443438914,84,111,8055,8101,-161.39464771146447,60.12478095529004,-161.39051546115752,60.127206406557164
1468,442,22250.18709369091,2.225018709369091,83,3.9479074014823006,37.067873303167424,1055,1076,9577,9620,-161.25792412522148,60.03809353037251,-161.25406136949977,60.03997999246916
3896,442,22250.18709369091,2.225018709369091,96,4.566254343883143,65.38461538461539,3500,3527,14797,14855,-160.7890035469111,59.81791645423481,-160.78379331826318,59.820341905501934
710,442,22250.18709369091,2.225018709369091,55,2.6160832178497175,34.78733031674208,523,541,8324,8368,-161.37048303032165,60.0861533980729,-161.36653044307153,60.08777036558432
1669,442,22250.18709369091,2.225018709369091,134,6.37373002167022,68.49773755656109,1224,1245,6195,6261,-161.5617343543107,60.02291200207089,-161.5558054734355,60.02479846416754
1357,441,22199.84730388618,2.219984730388618,83,3.9523809523809526,71.84580498866214,977,1006,4712,4772,-161.69495451094562,60.04438173736135,-161.6895646192409,60.04698685168529
722,441,22199.84730388618,2.219984730388618,72,3.4285714285714284,56.60770975056689,531,553,4907,4964,-161.6774373629053,60.08507541973196,-161.6723169657858,60.08705171335702
4212,441,22199.84730388618,2.219984730388618,30,1.4285714285714286,22.675736961451246,4206,4223,5463,5496,-161.62749103310824,59.7553937104601,-161.62452659267063,59.7569208464431
2751,441,22199.84730388618,2.219984730388618,131,6.238095238095238,56.60770975056689,2126,2144,234,295,-162.09722009517435,59.94215345802854,-162.0917403719412,59.94377042553996
4162,441,22199.84730388618,2.219984730388618,29,1.380952380952381,20.03628117913832,4136,4156,6032,6059,-161.57637689344185,59.7614124228637,-161.57395144217472,59.763209053431936
5003,440,22149.50751408145,2.214950751408145,148,7.055623160417383,137.53636363636363,6606,6623,7341,7447,-161.4587874227506,59.539798042271414,-161.44926528073893,59.54132517825441
4710,440,22149.50751408145,2.214950751408145,47,2.2406370847271417,36.08181818181818,5164,5180,6277,6324,-161.55436816898091,59.66942493776986,-161.55014608714555,59.67086224222445
1062,439,22099.167724276722,2.2099167724276723,82,3.913646471207451,35.0250569476082,767,801,7982,8010,-161.40120541303853,60.06279720068579,-161.398690130243,60.0658514726518
922,439,22099.167724276722,2.2099167724276723,91,4.343193035120463,51.252847380410024,672,703,643,687,-162.06047900005385,60.07160069047017,-162.05652641280372,60.07438546785094
991,439,22099.167724276722,2.2099167724276723,214,10.213662741931639,301.8132118451025,723,779,6143,6269,-161.56640559378812,60.064773494310856,-161.55508682120822,60.06980405990193
3491,439,22099.167724276722,2.2099167724276723,116,5.536377934878833,118.41457858769931,2741,2778,15030,15107,-160.7680728007911,59.885200269015364,-160.76115577310338,59.88852403556661
945,439,22099.167724276722,2.2099167724276723,121,5.775014914830507,80.51025056947609,689,702,2077,2158,-161.9316605883111,60.071690521998576,-161.92438423450974,60.072858331867934
4464,439,22099.167724276722,2.2099167724276723,140,6.681835438646867,108.25512528473804,4589,4606,13937,14029,-160.86625866134537,59.720988235078316,-160.85799416073147,59.72251537106132
2407,439,22099.167724276722,2.2099167724276723,70,3.3409177193234334,29.603644646924828,1840,1870,5745,5772,-161.60215854209608,59.96676729681342,-161.59973309082895,59.96946224266578
1828,439,22099.167724276722,2.2099167724276723,102,4.868194391014146,65.83143507972665,1355,1399,3968,4009,-161.7617891680841,60.00907794669545,-161.75810607541922,60.013030533945575
799,439,22099.167724276722,2.2099167724276723,67,3.1977355313524294,29.603644646924828,590,617,10521,10551,-161.1731231624006,60.079326201913595,-161.17042821654823,60.08175165318072
2354,438,22048.827934471992,2.204882793447199,111,5.303785156499212,70.72146118721462,1795,1829,9334,9388,-161.27975318662558,59.97045038947831,-161.27490228409133,59.973504661444316
4326,438,22048.827934471992,2.204882793447199,55,2.628001654121231,35.10502283105023,4360,4379,5825,5868,-161.5949720198231,59.74137999202783,-161.5911092641014,59.74308679106766
3000,438,22048.827934471992,2.204882793447199,43,2.0546194750402353,23.753424657534246,2330,2347,8938,8972,-161.31532647187672,59.92391765776092,-161.3122721999107,59.92544479374392
3852,438,22048.827934471992,2.204882793447199,48,2.2935287163239835,22.831050228310502,3395,3425,1238,1258,-162.00702924064873,59.827079270132835,-162.0052326100805,59.82977421598519
4770,438,22048.827934471992,2.204882793447199,130,6.211640273377456,161.54337899543378,5429,5445,7279,7396,-161.46435697751213,59.64561958274069,-161.45384668868795,59.64705688719528
1098,437,21998.48814466726,2.199848814466726,49,2.3439878788512054,22.88329519450801,792,811,11169,11200,-161.11491233198964,60.061898885401675,-161.11212755460886,60.063605684441505
305,437,21998.48814466726,2.199848814466726,48,2.296151391527711,24.75057208237986,239,254,7892,7929,-161.4092902505956,60.11193504672713,-161.40596648404437,60.11328251965331
4847,437,21998.48814466726,2.199848814466726,68,3.252881137997591,57.12585812356979,5699,5719,3526,3585,-161.8014947036422,59.62100574395581,-161.7961946434659,59.622802374524056
456,437,21998.48814466726,2.199848814466726,73,3.492063574615061,48.778032036613276,352,369,7281,7337,-161.4641773144553,60.10160442095976,-161.45914674886424,60.10313155694276
4384,437,21998.48814466726,2.199848814466726,30,1.4350946197048196,22.88329519450801,4438,4453,5019,5054,-161.66737623172315,59.73473245892535,-161.66423212822872,59.73607993185153
4233,436,21948.14835486253,2.194814835486253,73,3.4960659410572026,30.862385321100916,4235,4253,3128,3168,-161.83724765195015,59.752698764607736,-161.83365439081368,59.75431573211915
3172,436,21948.14835486253,2.194814835486253,47,2.2508917702697055,24.807339449541285,2467,2491,9152,9180,-161.29610252479654,59.910981917669595,-161.29358724200102,59.913137874351484
3657,436,21948.14835486253,2.194814835486253,82,3.9270877694067203,37.57798165137615,2952,2988,1682,1710,-161.96714404203382,59.86633564804886,-161.9646287592383,59.86956958307169
5268,436,21948.14835486253,2.194814835486253,55,2.634022284358166,44.95412844036697,7572,7593,16080,16129,-160.67374969595855,59.45266145971182,-160.66934795106636,59.45454792180847
1177,436,21948.14835486253,2.194814835486253,48,2.298783084530763,33.027522935779814,844,867,7221,7258,-161.46956720616004,60.056868319810604,-161.46624343960877,60.05893444496408
324,436,21948.14835486253,2.194814835486253,38,1.8198699419201876,27.75229357798165,260,275,4477,4517,-161.71606492012242,60.11004858463048,-161.71247165898595,60.11139605755666
2556,436,21948.14835486253,2.194814835486253,74,3.54395725531826,37.57798165137615,1964,1989,8617,8656,-161.34416239249694,59.956077344932396,-161.34065896288888,59.9583231331427
453,435,21897.8085650578,2.18978085650578,170,8.15087612525153,148.31264367816092,349,421,6106,6161,-161.56972936033935,60.096933181482335,-161.5647886262767,60.103401051527996
3198,435,21897.8085650578,2.18978085650578,186,8.918017407628145,109.25057471264368,2483,2506,10935,11021,-161.13593290963803,59.90963444474342,-161.1282073981946,59.911700569896894
801,435,21897.8085650578,2.18978085650578,69,3.3082967802491505,43.779310344827586,591,634,2608,2634,-161.88396004672435,60.07779906593059,-161.88162442698567,60.081661821652304
1862,435,21897.8085650578,2.18978085650578,123,5.897398608270225,35.34712643678161,1387,1418,13224,13255,-160.93030854110307,60.00737114765562,-160.92752376372232,60.01015592503639
4931,435,21897.8085650578,2.18978085650578,84,4.027491732477227,33.10344827586207,6162,6193,4139,4168,-161.74642797672567,59.57842559948855,-161.74382286240171,59.58121037686932
3608,435,21897.8085650578,2.18978085650578,36,1.726067885347383,26.813793103448276,2880,2902,2957,2989,-161.8526088433086,59.874061159492285,-161.84973423439942,59.87603745311735
1552,435,21897.8085650578,2.18978085650578,61,2.9247261390608434,45.05747126436781,1114,1128,8343,8399,-161.36877623128183,60.03342229089509,-161.36374566569074,60.03467993229285
1453,434,21847.468775253066,2.1847468775253067,64,3.0720983087188434,53.235023041474655,1047,1068,3268,3323,-161.82467123797247,60.038812182599806,-161.81973050390982,60.040698644696455
3700,434,21847.468775253066,2.1847468775253067,66,3.1681013808663074,49.115207373271886,3048,3063,3490,3548,-161.804728638665,59.85959828341796,-161.79951841001713,59.86094575634414
3958,434,21847.468775253066,2.1847468775253067,139,6.672213514248738,115.61290322580645,3735,3786,11017,11078,-161.12856672430826,59.794650088376116,-161.12308700107513,59.79923149632513
2262,434,21847.468775253066,2.1847468775253067,88,4.22413517448841,25.889400921658986,1720,1741,9175,9207,-161.29403639964306,59.97835556397856,-161.2911617907339,59.98024202607521
209,434,21847.468775253066,2.1847468775253067,59,2.832090628350184,38.94009216589862,156,175,4381,4427,-161.72468874684998,60.11903173747168,-161.72055649654303,60.1207385365115
5083,434,21847.468775253066,2.1847468775253067,63,3.0240967726451116,32.08294930875576,6885,6901,9595,9638,-161.25630715771007,59.51482487737289,-161.25244440198833,59.51626218182748
5312,433,21797.128985448337,2.1797128985448335,45,2.1625619909949574,39.030023094688225,7710,7728,3432,3479,-161.80993886731292,59.4405342033762,-161.80571678547756,59.44215117088762
1681,433,21797.128985448337,2.1797128985448335,82,3.9406685169241444,36.66512702078522,1232,1262,4211,4244,-161.73996010668,60.021384866087885,-161.73699566624242,60.02407981194025
170,433,21797.128985448337,2.1797128985448335,57,2.7392451885936127,24.97921478060046,136,156,4757,4789,-161.69091209216708,60.1207385365115,-161.6880374832579,60.12253516707975
2570,433,21797.128985448337,2.1797128985448335,135,6.487685972984871,90.540415704388,1975,2019,9836,9891,-161.23465775936276,59.95338239908004,-161.22971702530012,59.95733498633017
3331,433,21797.128985448337,2.1797128985448335,50,2.4028466566610636,27.9445727482679,2602,2621,5530,5566,-161.62147232070464,59.899303818976044,-161.61823838568182,59.90101061801587
3602,433,21797.128985448337,2.1797128985448335,86,4.132896249457029,69.92147806004618,2876,2898,887,952,-162.03856010712133,59.87442048560593,-162.03272105777455,59.876396779230994
1106,432,21746.789195643607,2.1746789195643608,71,3.415989092705286,53.48148148148148,800,822,6950,7004,-161.49391155035966,60.06091073858914,-161.48906064782543,60.062887032214206
2603,432,21746.789195643607,2.1746789195643608,120,5.773502691896257,59.25925925925926,2014,2047,1126,1173,-162.01709037183088,59.950867116284506,-162.0128682899955,59.9538315567221
1726,432,21746.789195643607,2.1746789195643608,160,7.69800358919501,88.92592592592592,1271,1298,12957,13028,-160.95429355918907,60.01815093106506,-160.9479155206718,60.02057638233218
4015,432,21746.789195643607,2.1746789195643608,52,2.5018511664883785,40.333333333333336,3889,3919,2004,2040,-161.93821828988519,59.78270249509733,-161.93498435486237,59.78539744094969
287,432,21746.789195643607,2.1746789195643608,45,2.1650635094610964,30.083333333333332,226,242,8209,8250,-161.38081365608903,60.11301302506808,-161.37713056342412,60.11445032952267
1257,432,21746.789195643607,2.1746789195643608,23,1.1065880159467827,21.333333333333332,906,926,3169,3197,-161.83356455928526,60.0515682596343,-161.83104927648972,60.053364890202545
5036,432,21746.789195643607,2.1746789195643608,133,6.398965483518352,96.33333333333333,6747,6767,15202,15284,-160.75262177790424,59.52686230218009,-160.74525559257447,59.52865893274833
4567,432,21746.789195643607,2.1746789195643608,57,2.742413778650722,46.675925925925924,4853,4870,5285,5339,-161.64348104516557,59.69727271157756,-161.6386301426313,59.698799847560565
3196,432,21746.789195643607,2.1746789195643608,21,1.0103629710818451,20.453703703703702,2483,2501,7746,7775,-161.42240565374377,59.91008360238548,-161.4198005394198,59.911700569896894
4795,431,21696.449405838877,2.1696449405838876,114,5.491186779793604,70.24593967517401,5522,5541,7397,7465,-161.45375685715953,59.63699575601314,-161.44764831322752,59.63870255505297
3893,431,21696.449405838877,2.1696449405838876,38,1.8303955932645346,32.30626450116009,3490,3507,1649,1691,-161.97010848247143,59.819713084803055,-161.96633555827813,59.82124022078606
4263,431,21696.449405838877,2.1696449405838876,49,2.3602469492095315,34.53364269141532,4269,4283,2873,2920,-161.8601546916952,59.75000381875538,-161.85593260985985,59.751261460153145
2613,431,21696.449405838877,2.1696449405838876,76,3.660791186529069,33.41067285382831,2024,2047,7892,7929,-161.4092902505956,59.950867116284506,-161.40596648404437,59.952933241437975
5237,431,21696.449405838877,2.1696449405838876,119,5.732028305223148,40.42691415313225,7468,7500,6423,6457,-161.54125276583278,59.46101579185413,-161.53819849386676,59.46389040076331
3221,431,21696.449405838877,2.1696449405838876,35,1.6858906780068081,24.13921113689095,2500,2516,5959,5994,-161.5829345950159,59.9087361294593,-161.5797904915215,59.91017343391389
1040,431,21696.449405838877,2.1696449405838876,39,1.8785638983504434,31.220417633410673,758,775,5398,5439,-161.63333008245502,60.06513282042451,-161.62964698979013,60.06665995640751
1864,430,21646.109616034148,2.164610961603415,48,2.3147655464179784,36.92093023255814,1388,1408,6057,6100,-161.57413110523154,60.008269462939744,-161.57026834950983,60.01006609350798
1298,430,21646.109616034148,2.164610961603415,125,6.028035277130152,80.45581395348837,939,964,10094,10162,-161.2114812250325,60.04815466155465,-161.20537268110047,60.05040044976494
2500,430,21646.109616034148,2.164610961603415,65,3.1345783441076787,43.013953488372096,1921,1937,263,315,-162.0946149808504,59.96074858440982,-162.08994374137296,59.96218588886441
2278,430,21646.109616034148,2.164610961603415,95,4.581306810618916,82.19534883720931,1733,1777,9256,9306,-161.2867600458417,59.97512162895573,-161.2822684694211,59.97907421620586
4096,430,21646.109616034148,2.164610961603415,54,2.6041112397202255,30.22325581395349,4029,4052,9314,9348,-161.28154981719382,59.77075490181854,-161.2784955452278,59.77282102697202
3297,430,21646.109616034148,2.164610961603415,76,3.6650454484951323,75.34883720930233,2575,2614,395,446,-162.08275721910002,59.89993263967493,-162.078175811151,59.903436069282996
3205,430,21646.109616034148,2.164610961603415,127,6.124483841564234,143.03255813953487,2487,2533,4223,4301,-161.73888212833907,59.907208993476296,-161.73187526912292,59.91134124378325
2252,430,21646.109616034148,2.164610961603415,48,2.3147655464179784,33.48837209302326,1715,1733,7401,7443,-161.45339753104588,59.97907421620586,-161.44962460685258,59.98069118371727
2617,430,21646.109616034148,2.164610961603415,101,4.870652503921162,45.58139534883721,2027,2047,1485,1535,-161.98484085313098,59.950867116284506,-161.9803492767104,59.95266374685274
359,430,21646.109616034148,2.164610961603415,39,1.8807470064646072,29.172093023255815,288,306,1595,1633,-161.97495938500566,60.107263807249716,-161.97154578692601,60.108880774761126
4255,430,21646.109616034148,2.164610961603415,78,3.7614940129292145,35.75813953488372,4259,4293,15959,15987,-160.68461931089638,59.749105503471256,-160.68210402810087,59.75215977543726
1446,430,21646.109616034148,2.164610961603415,78,3.7614940129292145,93.02325581395348,1042,1100,8783,8825,-161.32925035878057,60.035937573690624,-161.32547743458727,60.041147802338514
2529,429,21595.769826229414,2.1595769826229416,55,2.6554250227189717,37.00699300699301,1949,1964,5202,5250,-161.65093706202376,59.9583231331427,-161.64662514865998,59.959670606068876
236,429,21595.769826229414,2.1595769826229416,77,3.7175950318065603,48.33566433566433,176,206,15877,15919,-160.69198549622618,60.116246960090905,-160.68821257203288,60.11894190594327
3673,429,21595.769826229414,2.1595769826229416,64,3.0899491173457125,32.45687645687646,2978,2997,1595,1635,-161.97495938500566,59.86552716429315,-161.9713661238692,59.86723396333298
4643,428,21545.430036424685,2.1545430036424684,78,3.7702723072780877,40.71028037383178,4998,5017,6383,6430,-161.54484602696925,59.684067476901006,-161.5406239451339,59.68577427594083
3274,428,21545.430036424685,2.1545430036424684,106,5.1237033919420165,79.10280373831776,2545,2562,14455,14530,-160.81972592962796,59.90460387915235,-160.81298856499708,59.90613101513535
4619,428,21545.430036424685,2.1545430036424684,96,4.640335147419185,47.11214953271028,4963,4990,5612,5656,-161.61410613537487,59.68649292816813,-161.61015354812474,59.68891837943525
2413,428,21545.430036424685,2.1545430036424684,125,6.042103056535397,107.0,1843,1884,1636,1702,-161.97127629234078,59.96550965541565,-161.9653474114656,59.969192748080545
4250,428,21545.430036424685,2.1545430036424684,47,2.271830749257309,26.252336448598133,4257,4275,3602,3637,-161.7946675074829,59.75072247098267,-161.79152340398846,59.75233943849409
370,428,21545.430036424685,2.1545430036424684,105,5.075366567489733,80.83177570093459,295,312,8407,8483,-161.36302701346347,60.10672481807924,-161.35619981730414,60.10825195406225
2374,427,21495.090246619955,2.1495090246619957,54,2.613243159877467,28.337236533957846,1818,1835,6792,6830,-161.50810493184875,59.969911400307836,-161.5046913337691,59.97143853629084
2486,427,21495.090246619955,2.1495090246619957,126,6.097567373047424,59.95316159250586,1910,1951,10063,10102,-161.21426600241327,59.95949094301205,-161.2107625728052,59.96317403567694
3871,427,21495.090246619955,2.1495090246619957,46,2.2260960250808055,26.313817330210775,3442,3460,1902,1937,-161.9473811057832,59.823935166638414,-161.9442370022888,59.82555213414983
2290,426,21444.75045681522,2.144475045681522,123,5.959369472271563,66.25352112676056,1739,1767,8849,8905,-161.32332147790538,59.97601994423985,-161.3182909123143,59.97853522703539
270,426,21444.75045681522,2.144475045681522,55,2.6647587071133008,22.544600938967136,204,220,3589,3622,-161.79583531735224,60.11498931869314,-161.79287087691463,60.11642662314773
2711,426,21444.75045681522,2.144475045681522,30,1.4535047493345277,21.633802816901408,2098,2113,4185,4218,-161.74229572641872,59.94493823540932,-161.7393312859811,59.946285708335495
3999,426,21444.75045681522,2.144475045681522,66,3.1977104485359606,38.460093896713616,3854,3878,2135,2175,-161.92645035966322,59.78638558776222,-161.92285709852675,59.78854154444411
3403,426,21444.75045681522,2.144475045681522,71,3.4399612400917152,34.93896713615023,2664,2684,6931,6972,-161.4956183493995,59.89364443268609,-161.4919352567346,59.89544106325433
716,426,21444.75045681522,2.144475045681522,121,5.862469155649261,149.07042253521126,527,556,7297,7394,-161.46274001000072,60.084805925146725,-161.45402635174477,60.08741103947067
164,426,21444.75045681522,2.144475045681522,47,2.277157440624093,25.389671361502348,131,150,7692,7725,-161.427256556278,60.121277525681975,-161.42429211584042,60.122984324721806
4068,426,21444.75045681522,2.144475045681522,35,1.6957555408902822,25.389671361502348,3982,3998,6641,6677,-161.52166949263895,59.775605804352786,-161.51843555761613,59.777043108807376
3519,426,21444.75045681522,2.144475045681522,81,3.924462823203225,64.68544600938966,2770,2797,1204,1260,-162.01008351261476,59.88349346997554,-162.00505294702367,59.88591892124266
3904,425,21394.410667010492,2.1394410667010493,105,5.093248125762992,42.24941176470588,3541,3574,14757,14791,-160.79259680804756,59.81369437239945,-160.78954253608154,59.81665881283705
2228,425,21394.410667010492,2.1394410667010493,95,4.608176875690326,57.26117647058823,1699,1748,5341,5370,-161.6384504795745,59.977726743279675,-161.63584536525056,59.98212848817186
2659,425,21394.410667010492,2.1394410667010493,49,2.376849125356063,27.44470588235294,2054,2070,7584,7622,-161.43695836134648,59.94880099113103,-161.43354476326684,59.95023829558562
4006,425,21394.410667010492,2.1394410667010493,27,1.309692375196198,20.790588235294116,3866,3881,6078,6110,-161.5722446431349,59.786116093176986,-161.5693700342257,59.78746356610316
4155,425,21394.410667010492,2.1394410667010493,91,4.41414837566126,60.23529411764706,4125,4146,7014,7073,-161.4881623325413,59.76231073814782,-161.482862272365,59.76419720024447
2030,425,21394.410667010492,2.1394410667010493,36,1.7462565002615973,23.529411764705884,1531,1550,3077,3108,-161.84182905989917,59.99551338590524,-161.8390442825184,59.99722018494507
4578,425,21394.410667010492,2.1394410667010493,59,2.861920375428729,66.40941176470588,4889,4922,3631,3682,-161.79206239315894,59.692601472100144,-161.78748098520992,59.69556591253774
4568,425,21394.410667010492,2.1394410667010493,46,2.2313277503342634,25.449411764705882,4856,4875,5522,5555,-161.62219097293195,59.6968235539355,-161.61922653249434,59.69853035297533
1965,425,21394.410667010492,2.1394410667010493,79,3.832062875574061,30.578823529411764,1474,1500,9890,9921,-161.22980685682853,60.00000496232584,-161.22702207944775,60.002340582064555
1299,424,21344.070877205762,2.134407087720576,76,3.690886276957604,42.34905660377358,940,972,235,270,-162.09713026364594,60.04743600932735,-162.0939861601515,60.05031061823654
565,424,21344.070877205762,2.134407087720576,152,7.381772553915208,206.64150943396226,419,474,1101,1194,-162.01933616004118,60.092172110476504,-162.01098182789886,60.09711284453916
1494,424,21344.070877205762,2.134407087720576,63,3.059550466425382,30.650943396226417,1071,1085,9111,9154,-161.29978561746145,60.0372850466168,-161.29592286173974,60.038542688014566
340,424,21344.070877205762,2.134407087720576,54,2.6224718283646133,42.34905660377358,273,292,7965,8013,-161.40273254902155,60.10852144864748,-161.39842063565777,60.11022824768731
2187,424,21344.070877205762,2.134407087720576,83,4.030836328782646,48.905660377358494,1666,1699,8161,8200,-161.38512556945278,59.98212848817186,-161.38162213984472,59.985092928609454
307,424,21344.070877205762,2.134407087720576,23,1.1169787417108537,20.839622641509433,240,256,9579,9610,-161.25774446216465,60.11175538367031,-161.25495968478387,60.113192688124904
5361,424,21344.070877205762,2.134407087720576,66,3.2052433457789715,46.22641509433962,7866,7879,14476,14533,-160.81783946753131,59.426969642586,-160.81271907041184,59.42813745245535
1662,424,21344.070877205762,2.134407087720576,100,4.856429311786321,60.37735849056604,1217,1261,10925,10961,-161.13683122492216,60.0214746976163,-161.13359728989934,60.025427284866424
4859,424,21344.070877205762,2.134407087720576,82,3.982272035664783,44.91509433962264,5739,5769,11126,11165,-161.11877508771136,59.616514167535215,-161.1152716581033,59.619209113387576
1582,424,21344.070877205762,2.134407087720576,45,2.185393190303844,24.537735849056602,1140,1165,3408,3434,-161.8120948239948,60.03009852434385,-161.8097592042561,60.032344312554144
1021,423,21293.731087401033,2.1293731087401033,57,2.7714348384599963,27.574468085106382,741,760,10043,10078,-161.2160626329815,60.066480293350686,-161.21291852948707,60.06818709239052
643,423,21293.731087401033,2.1293731087401033,57,2.7714348384599963,41.191489361702125,474,500,6263,6303,-161.55562581037867,60.089836490737795,-161.5520325492422,60.092172110476504
1853,423,21293.731087401033,2.1293731087401033,102,4.959409710928415,36.349881796690305,1379,1408,681,714,-162.0570654019742,60.008269462939744,-162.0541009615366,60.010874577263685
3719,423,21293.731087401033,2.1293731087401033,49,2.3824615277989443,28.60520094562648,3078,3102,2745,2776,-161.87165312733194,59.85609485380989,-161.86886834995116,59.85825081049178
451,423,21293.731087401033,2.1293731087401033,102,4.959409710928415,81.7872340425532,348,371,6589,6659,-161.52634073211638,60.10142475790293,-161.52005252512754,60.10349088305641
4491,423,21293.731087401033,2.1293731087401033,132,6.41805962590736,112.34988179669031,4660,4711,6761,6819,-161.51088970922953,59.71155592459506,-161.50567948058165,59.71613733254407
2736,422,21243.391297596303,2.12433912975963,134,6.523017939050555,59.156398104265406,2115,2134,667,727,-162.05832304337196,59.94305177331266,-162.05293315166725,59.94475857235249
560,422,21243.391297596303,2.12433912975963,73,3.553584399632019,34.12322274881517,417,434,11589,11632,-161.07718309005662,60.095765371612984,-161.0733203343349,60.09729250759599
1288,422,21243.391297596303,2.12433912975963,97,4.721886120058984,94.7867298578199,934,949,4659,4744,-161.69971558195144,60.049502134480825,-161.69207990203643,60.05084960740701
3627,422,21243.391297596303,2.12433912975963,34,1.6550941039382006,26.62559241706161,2907,2921,921,960,-162.03550583515533,59.872354360452455,-162.03200240554727,59.873612001850226
3020,421,21193.05150779157,2.119305150779157,43,2.095691768962891,34.204275534441805,2351,2365,3791,3837,-161.77768934861302,59.9223006902495,-161.77355709830607,59.92355833164727
532,421,21193.05150779157,2.119305150779157,34,1.6570586080171696,26.688836104513065,400,414,6575,6614,-161.52759837351414,60.09756200218122,-161.52409494390608,60.09881964357899
1749,421,21193.05150779157,2.119305150779157,49,2.3881138762600385,34.204275534441805,1291,1304,3733,3780,-161.7828995772609,60.017611941894586,-161.77867749542557,60.01877975176394
2069,421,21193.05150779157,2.119305150779157,89,4.337594591574356,52.02850356294537,1562,1597,4021,4060,-161.7570280970783,59.99129130406988,-161.7535246674702,59.9944354075643
2284,421,21193.05150779157,2.119305150779157,51,2.4855879120257547,26.688836104513065,1737,1758,920,952,-162.03559566668375,59.97682842799556,-162.03272105777455,59.978714890092206
3370,421,21193.05150779157,2.119305150779157,43,2.095691768962891,23.752969121140143,2635,2650,5318,5353,-161.64051660472796,59.896698704652096,-161.63737250123356,59.89804617757827
3375,421,21193.05150779157,2.119305150779157,104,5.068649859817225,45.235154394299286,2640,2671,939,977,-162.03388886764392,59.894812242555446,-162.03047526956425,59.897597019936214
3783,421,21193.05150779157,2.119305150779157,25,1.2184254470714484,21.890736342042754,3217,3232,4724,4757,-161.69387653260466,59.84441675511634,-161.69091209216708,59.84576422804252
4781,421,21193.05150779157,2.119305150779157,31,1.510847554368596,22.81235154394299,5460,5476,2847,2880,-161.8624903114339,59.64283480535992,-161.85952587099632,59.64427210981451
2857,420,21142.71171798684,2.114271171798684,59,2.878905215198173,56.46666666666667,2214,2233,7598,7656,-161.43570071994873,59.93415845199988,-161.43049049130084,59.93586525103971
711,420,21142.71171798684,2.114271171798684,152,7.416840554408853,137.14285714285714,523,545,9000,9098,-161.30975691711518,60.085794071959256,-161.3009534273308,60.08777036558432
62,420,21142.71171798684,2.114271171798684,63,3.0740852297878796,36.60952380952381,35,49,12314,12362,-161.01205523195796,60.130350510051585,-161.00774331859418,60.13160815144935
1969,420,21142.71171798684,2.114271171798684,89,4.342755324620973,28.80952380952381,1481,1505,144,175,-162.10530493273143,59.99955580468378,-162.10252015535065,60.00171176136567
285,419,21092.37192818211,2.109237192818211,88,4.299081324965077,37.89021479713604,224,243,3207,3251,-161.83015096120562,60.112923193539665,-161.8261983739555,60.114629992579495
5245,419,21092.37192818211,2.109237192818211,68,3.3220173874730143,33.23150357995227,7492,7510,3794,3835,-161.77741985402778,59.46011747657001,-161.7737367613629,59.46173444408142
3674,419,21092.37192818211,2.109237192818211,113,5.5204112468301565,61.097852028639615,2982,3024,2061,2099,-161.93309789276572,59.863101713026026,-161.92968429468604,59.866874637219325
4228,419,21092.37192818211,2.109237192818211,76,3.7128429624698396,36.69689737470167,4229,4249,2945,2987,-161.85368682164955,59.75305809072138,-161.84991389745625,59.754854721289625
149,419,21092.37192818211,2.109237192818211,40,1.954127874984126,22.92124105011933,117,134,10211,10243,-161.2009709362083,60.122714830136566,-161.1980963272991,60.12424196611957
1229,419,21092.37192818211,2.109237192818211,56,2.7357790249777767,49.48926014319809,886,905,5729,5782,-161.60359584655066,60.05345472173095,-161.59883477554482,60.05516152077078
611,419,21092.37192818211,2.109237192818211,54,2.63807263122857,28.878281622911693,454,468,10392,10433,-161.18471142956574,60.092711099646976,-161.18102833690085,60.09396874104474
1411,418,21042.032138377377,2.104203213837738,53,2.5923147366359482,32.19138755980861,1020,1047,3368,3399,-161.81568808513128,60.040698644696455,-161.8129033077505,60.04312409596358
315,418,21042.032138377377,2.104203213837738,46,2.2499335450047853,42.95693779904306,249,274,4338,4380,-161.7285515025717,60.1101384161589,-161.7247785783784,60.11238420436919
2346,418,21042.032138377377,2.104203213837738,69,3.3749003175071777,28.94736842105263,1782,1808,5415,5444,-161.63180294647202,59.97233685157496,-161.62919783214807,59.974672471313674
1094,418,21042.032138377377,2.104203213837738,50,2.4455799402225926,22.976076555023923,791,815,3371,3396,-161.81541859054605,60.06153955928803,-161.81317280233574,60.06369551596992
5195,418,21042.032138377377,2.104203213837738,73,3.570546712724985,42.95693779904306,7297,7321,9345,9388,-161.27876503981304,59.477095635439866,-161.27490228409133,59.479251592121756
468,418,21042.032138377377,2.104203213837738,182,8.901910982410238,394.3444976076555,359,437,1198,1323,-162.0106225017852,60.095495877027744,-161.99939356073372,60.10250273624388
4029,418,21042.032138377377,2.104203213837738,44,2.1521103473958814,23.923444976076556,3907,3933,1871,1895,-161.95016588316398,59.78144485369956,-161.9480099264821,59.78378047343827
4825,418,21042.032138377377,2.104203213837738,88,4.304220694791763,97.61722488038278,5623,5643,7479,7560,-161.44639067182973,59.62783294011513,-161.43911431802837,59.62962957068336
4399,417,20991.692348572647,2.0991692348572646,37,1.8118977954352495,27.971223021582734,4471,4487,2393,2431,-161.90327382533295,59.73167818695934,-161.89986022725327,59.73311549141393
882,417,20991.692348572647,2.0991692348572646,92,4.505259383244404,44.354916067146284,646,673,3440,3481,-161.80922021508562,60.074295636322525,-161.80553712242073,60.07672108758965
2818,417,20991.692348572647,2.0991692348572646,28,1.371165899248297,26.94484412470024,2177,2191,5229,5268,-161.64851161075663,59.937931376193184,-161.64500818114857,59.93918901759095
2810,417,20991.692348572647,2.0991692348572646,92,4.505259383244404,32.26858513189448,2173,2208,6526,6549,-161.53200011840633,59.93640424021018,-161.52993399325285,59.9395483437046
1588,417,20991.692348572647,2.0991692348572646,30,1.4691063206231751,23.031175059952037,1145,1163,3263,3294,-161.82512039561453,60.03027818740067,-161.82233561823378,60.031895154912085
2029,417,20991.692348572647,2.0991692348572646,83,4.064527487057451,35.69304556354916,1531,1552,1003,1043,-162.02813964982556,59.99533372284842,-162.02454638868906,59.99722018494507
2652,417,20991.692348572647,2.0991692348572646,117,5.729514650430383,75.98081534772182,2049,2091,13840,13887,-160.8749723196013,59.94691452903438,-160.87075023776595,59.95068745322768
5348,416,20941.352558767918,2.094135255876792,102,5.000961446023693,39.38461538461539,7812,7842,8882,8916,-161.32035703746777,59.43029340913724,-161.31730276550178,59.4329883549896
4722,416,20941.352558767918,2.094135255876792,33,1.6179581148900184,31.240384615384617,5221,5246,3004,3036,-161.84838676147322,59.66349605689467,-161.84551215256405,59.66574184510497
708,416,20941.352558767918,2.094135255876792,41,2.0101903851663865,33.47115384615385,522,540,8811,8852,-161.32673507598503,60.086243229601315,-161.32305198332014,60.08786019711273
783,416,20941.352558767918,2.094135255876792,36,1.7650452162436565,20.346153846153847,576,593,10294,10323,-161.1935149193501,60.081482158595485,-161.19090980502617,60.08300929457849
1260,415,20891.012768963188,2.0891012768963186,39,1.9144347053278825,29.156626506024097,908,930,5608,5641,-161.61446546148852,60.051208933520655,-161.6115010210509,60.05318522714572
463,415,20891.012768963188,2.0891012768963186,61,2.994372231410278,41.9855421686747,355,374,425,472,-162.08006227324765,60.1011552633177,-162.07584019141228,60.102862062357524
3918,415,20891.012768963188,2.0891012768963186,76,3.7306932719210018,32.42409638554217,3598,3624,3658,3690,-161.7896369418918,59.809202795978855,-161.78676233298262,59.811538415717564
1708,415,20891.012768963188,2.0891012768963186,70,3.436164855716712,28.106024096385543,1252,1289,0,17,-162.11824067282274,60.01895941482076,-162.11671353683974,60.022283181372
2872,415,20891.012768963188,2.0891012768963186,30,1.472642081021448,26.06265060240964,2228,2245,4640,4675,-161.7014223809913,59.93308047365894,-161.69827827749685,59.934607609641944
1036,415,20891.012768963188,2.0891012768963186,123,6.037832532187937,60.15421686746988,753,776,8313,8369,-161.37147117713417,60.065042988896096,-161.3664406115431,60.06710911404957
386,414,20840.67297915846,2.084067297915846,129,6.3400041146605775,139.1304347826087,306,341,5364,5449,-161.636384354421,60.104119703755295,-161.628748674506,60.107263807249716
3211,414,20840.67297915846,2.084067297915846,103,5.062173827984802,46.0,2494,2526,7913,7950,-161.40740378849895,59.90783781417518,-161.40408002194772,59.91071242308436
4303,414,20840.67297915846,2.084067297915846,95,4.66899527823841,58.78260869565217,4330,4347,12516,12577,-160.99390926321874,59.74425460093701,-160.98842953998562,59.745781736920016
4138,413,20790.333189353725,2.0790333189353727,88,4.3301969154850815,68.33898305084746,4094,4112,15460,15526,-160.72944524357396,59.765365010113825,-160.72351636269877,59.766981977625235
2787,413,20790.333189353725,2.0790333189353727,129,6.347675023836085,43.4769975786925,2158,2198,5965,5992,-161.58239560584545,59.9373025554943,-161.57997015457832,59.94089581663078
4033,413,20790.333189353725,2.0790333189353727,52,2.558752722786639,24.213075060532688,3911,3930,7159,7190,-161.47513676092157,59.7817143482848,-161.4723519835408,59.783421147324624
2824,413,20790.333189353725,2.0790333189353727,123,6.052434325053012,38.440677966101696,2188,2220,1995,2026,-161.9390267736409,59.935326261869236,-161.93624199626012,59.93820087077842
2434,413,20790.333189353725,2.0790333189353727,53,2.6079595059171514,38.440677966101696,1860,1872,5568,5619,-161.618058722625,59.966587633756596,-161.61347731467598,59.96766561209754
3501,413,20790.333189353725,2.0790333189353727,90,4.428610481746106,75.00242130750605,2753,2777,7889,7953,-161.40955974518084,59.88529010054378,-161.40381052736248,59.88744605722567
654,413,20790.333189353725,2.0790333189353727,106,5.215919011834303,50.20823244552058,480,503,8360,8409,-161.3672490952988,60.089566996152556,-161.36284735040664,60.09163312130603
1534,413,20790.333189353725,2.0790333189353727,105,5.1667122287037905,60.445520581113804,1105,1133,10372,10423,-161.18650806013397,60.03297313325303,-161.18192665218496,60.035488416048565
512,413,20790.333189353725,2.0790333189353727,97,4.773057963659692,55.94188861985472,388,411,421,474,-162.0804215993613,60.09783149676646,-162.07566052835548,60.09989762191993
1183,412,20739.993399548996,2.0739993399548995,130,6.404640308067906,39.76699029126213,852,879,13918,13955,-160.8679654603852,60.05579034146967,-160.86464169383393,60.05821579273679
4355,412,20739.993399548996,2.0739993399548995,106,5.222245174270754,65.28155339805825,4404,4443,4596,4639,-161.70537496824141,59.73563077420947,-161.7015122125197,59.739134203817535
1883,412,20739.993399548996,2.0739993399548995,94,4.631047607372178,57.56310679611651,1401,1421,10706,10763,-161.15650432964438,60.007101653070386,-161.1513839325249,60.00889828363862
4205,412,20739.993399548996,2.0739993399548995,90,4.433981751739319,56.077669902912625,4202,4223,11404,11459,-161.09380192281284,59.7553937104601,-161.08886118875017,59.75728017255675
1001,412,20739.993399548996,2.0739993399548995,80,3.9413171126571727,33.79611650485437,727,760,10766,10792,-161.15111443793967,60.066480293350686,-161.14877881820095,60.06944473378828
1072,412,20739.993399548996,2.0739993399548995,49,2.414056731502518,30.446601941747574,771,789,10311,10349,-161.1919877833671,60.06387517902674,-161.18857418528745,60.065492146538155
1120,412,20739.993399548996,2.0739993399548995,41,2.019925020236801,24.271844660194176,806,821,9981,10016,-161.22163218774304,60.06100057011756,-161.21848808424863,60.062348043043734
2874,412,20739.993399548996,2.0739993399548995,115,5.665643349444686,156.59223300970874,2230,2266,5591,5682,-161.61599259747152,59.93119401156228,-161.60781792838603,59.93442794658512
127,412,20739.993399548996,2.0739993399548995,44,2.167724411961445,24.271844660194176,94,112,1897,1929,-161.94783026342526,60.12469112376163,-161.9449556545161,60.126308091273046
4723,411,20689.653609744266,2.0689653609744267,148,7.300301630271453,221.90754257907543,5222,5271,3968,4070,-161.7617891680841,59.66125026868437,-161.7526263521861,59.665652013576555
3792,411,20689.653609744266,2.0689653609744267,126,6.215121658204075,147.24087591240877,3237,3244,5211,5327,-161.65012857826807,59.8433387767754,-161.63970812097227,59.84396759747428
2672,411,20689.653609744266,2.0689653609744267,160,7.892217978671841,63.85401459854015,2069,2096,8981,9035,-161.311463716155,59.94646537139232,-161.30661281362075,59.94889082265944
3103,411,20689.653609744266,2.0689653609744267,50,2.46631811833495,30.52068126520681,2419,2442,7710,7743,-161.4256395887666,59.91538366256178,-161.42267514832898,59.917449787715256
4650,411,20689.653609744266,2.0689653609744267,117,5.7711843969037835,59.21167883211679,5004,5025,7752,7809,-161.4218666645733,59.68334882467371,-161.4167462674538,59.685235286770364
1958,411,20689.653609744266,2.0689653609744267,35,1.726422682834465,25.313868613138688,1470,1485,9098,9134,-161.3009534273308,60.001352435252024,-161.29771949230798,60.0026999081782
3764,410,20639.313819939533,2.063931381993953,48,2.3705510319590153,22.478048780487804,3174,3192,2729,2759,-161.87309043178652,59.84801001625282,-161.87039548593415,59.84962698376423
2175,410,20639.313819939533,2.063931381993953,58,2.86441583028381,37.50243902439024,1657,1680,16673,16712,-160.62047959961026,59.98383528721169,-160.6169761700022,59.985901412365166
541,410,20639.313819939533,2.063931381993953,33,1.6297538344718228,25.37560975609756,405,422,11009,11043,-161.12928537653556,60.09684334995393,-161.12623110456954,60.09837048593693
1387,410,20639.313819939533,2.063931381993953,60,2.9631887899487688,41.21951219512195,1002,1020,10852,10899,-161.14338892649624,60.04312409596358,-161.13916684466088,60.044741063474994
5044,410,20639.313819939533,2.063931381993953,63,3.1113482294462074,31.697560975609758,6763,6782,10204,10242,-161.20159975690717,59.52551482925391,-161.19818615882753,59.52722162829374
3201,410,20639.313819939533,2.063931381993953,49,2.4199375117914945,23.42439024390244,2485,2500,3997,4031,-161.75918405376015,59.91017343391389,-161.75612978179416,59.91152090684007
3488,410,20639.313819939533,2.063931381993953,73,3.605213027771002,77.27804878048781,2740,2763,3203,3269,-161.83051028731924,59.88654774194155,-161.82458140644405,59.88861386709502
1460,410,20639.313819939533,2.063931381993953,56,2.765642870618851,38.72195121951219,1050,1067,7243,7289,-161.46759091253497,60.03890201412822,-161.46345866222802,60.04042915011122
4426,410,20639.313819939533,2.063931381993953,36,1.7779132739692614,25.37560975609756,4523,4538,4939,4975,-161.6745627539961,59.72709677901033,-161.67132881897328,59.72844425193651
4157,409,20588.974030134803,2.0588974030134803,79,3.906298593829775,49.30073349633252,4129,4146,12964,13018,-160.95366473849018,59.76231073814782,-160.94881383595595,59.76383787413082
2854,409,20588.974030134803,2.0588974030134803,99,4.895234946698072,47.92176039119804,2212,2254,7847,7875,-161.41333266937414,59.93227198990323,-161.4108173865786,59.936044914096534
2664,409,20588.974030134803,2.0588974030134803,77,3.8074049585429455,34.044009779951104,2063,2086,7714,7750,-161.42528026265293,59.94736368667644,-161.4220463276301,59.949429811829916
1863,409,20588.974030134803,2.0588974030134803,75,3.7085113232561158,42.60146699266504,1387,1403,13908,13958,-160.8688637756693,60.0087186205818,-160.86437219924872,60.01015592503639
3134,409,20588.974030134803,2.0588974030134803,93,4.598554040837583,46.562347188264056,2446,2486,233,262,-162.09730992670276,59.911431075311654,-162.0947048123788,59.915024336448134
2019,409,20588.974030134803,2.0588974030134803,47,2.324000429240499,41.32029339853301,1521,1543,1319,1362,-161.99975288684738,59.99614220660413,-161.99589013112566,59.99811850022919
1436,408,20538.634240330073,2.053863424033007,71,3.515023777567194,35.294117647058826,1039,1061,2014,2052,-161.93731997460105,60.03944100329869,-161.9339063765214,60.041417296923754
4557,408,20538.634240330073,2.053863424033007,27,1.3366991830185104,21.65686274509804,4827,4841,3516,3549,-161.80239301892632,59.69987782590151,-161.79942857848872,59.701135467299274
5043,408,20538.634240330073,2.053863424033007,69,3.4160090232695266,67.53921568627452,6761,6784,9204,9264,-161.29143128531913,59.52533516619709,-161.28604139361443,59.527401291350564
4429,408,20538.634240330073,2.053863424033007,101,5.0002450920322055,86.62745098039215,4531,4563,5274,5336,-161.6444691919781,59.72485099080003,-161.63889963721655,59.72772559970922
4611,407,20488.294450525344,2.0488294450525344,45,2.2305671869347434,23.597051597051596,4947,4963,5303,5336,-161.64186407765416,59.68891837943525,-161.63889963721655,59.69035568388984
3399,407,20488.294450525344,2.0488294450525344,23,1.1400676733222022,21.71007371007371,2663,2680,5579,5609,-161.61707057581245,59.89400375879974,-161.6143756299601,59.895530894782745
2844,407,20488.294450525344,2.0488294450525344,83,4.11415725590186,28.65847665847666,2200,2225,16357,16386,-160.64886636258842,59.934877104227176,-160.6462612482645,59.93712289243747
3110,407,20488.294450525344,2.0488294450525344,167,8.277882671513382,187.16461916461915,2423,2469,1720,1812,-161.96373044395418,59.91295821129466,-161.95546594334027,59.91709046160161
2457,407,20488.294450525344,2.0488294450525344,71,3.5193393393859287,66.08353808353809,1884,1899,4779,4846,-161.68893579854202,59.964162182489474,-161.68291708613842,59.96550965541565
2654,407,20488.294450525344,2.0488294450525344,166,8.22831451180372,261.12039312039315,2051,2088,6685,6811,-161.51771690538882,59.94718402361961,-161.50639813280893,59.95050779017085
1897,407,20488.294450525344,2.0488294450525344,46,2.2801353466444043,31.93120393120393,1419,1435,10150,10191,-161.20645065944143,60.00584401167262,-161.20276756677654,60.00728131612721
3541,407,20488.294450525344,2.0488294450525344,106,5.254224929224063,59.793611793611795,2790,2809,746,805,-162.05122635262742,59.882415491634596,-162.04592629245113,59.884122290674426
4735,407,20488.294450525344,2.0488294450525344,122,6.047315484578638,66.08353808353809,5304,5335,5361,5412,-161.63665384900625,59.65550105086601,-161.63207244105726,59.658285828246775
660,407,20488.294450525344,2.0488294450525344,50,2.4784079854830483,24.57002457002457,486,506,5001,5031,-161.66899319923456,60.08929750156732,-161.6662982533822,60.09109413213556
5163,407,20488.294450525344,2.0488294450525344,107,5.303793088933723,58.270270270270274,7163,7183,11942,11999,-161.0454725605272,59.489492386360716,-161.04035216340773,59.49128901692896
700,406,20437.954660720614,2.043795466072061,47,2.332570834831686,32.00985221674877,515,536,4360,4396,-161.72657520894663,60.08660255571496,-161.7233412739238,60.08848901781162
3323,406,20437.954660720614,2.043795466072061,52,2.5807166683244183,33.142857142857146,2594,2609,4993,5036,-161.66971185146187,59.90038179731699,-161.66584909574016,59.901729270243166
4295,405,20387.61487091588,2.038761487091588,89,4.422445555499584,96.8,4318,4358,5837,5896,-161.59389404148217,59.74326645412448,-161.58859398130588,59.74685971526096
2602,405,20387.61487091588,2.038761487091588,110,5.465943944999486,61.6395061728395,2013,2030,8668,8730,-161.33958098454792,59.95239425226751,-161.3340114297864,59.95392138825051
4445,405,20387.61487091588,2.038761487091588,26,1.2919503869998785,22.755555555555556,4557,4576,13139,13168,-160.93794422101809,59.72368318093068,-160.93533910669416,59.7253899799705
5242,405,20387.61487091588,2.038761487091588,39,1.9379255804998177,29.876543209876544,7486,7499,4033,4075,-161.75595011873733,59.461105623382544,-161.75217719454403,59.462273433251895
1367,405,20387.61487091588,2.038761487091588,41,2.037306379499808,25.68888888888889,984,1003,8738,8770,-161.3332927775591,60.04465123194658,-161.3304181686499,60.04635803098641
5388,405,20387.61487091588,2.038761487091588,162,8.049844718999243,234.2320987654321,7950,7991,8681,8794,-161.33841317467858,59.41690851140386,-161.32826221196802,59.42059160406875
44,405,20387.61487091588,2.038761487091588,63,3.1304951684997055,41.72839506172839,15,39,4571,4612,-161.7076207564517,60.1312488253357,-161.7039376637868,60.13340478201759
1834,404,20337.27508111115,2.0337275081111152,45,2.2388336779724756,28.871287128712872,1361,1377,6998,7036,-161.4895996369959,60.01105424032051,-161.48618603891623,60.0124915447751
1982,404,20337.27508111115,2.0337275081111152,114,5.671711984196938,60.23762376237624,1489,1505,605,667,-162.0638925981335,59.99955580468378,-162.05832304337196,60.00099310913837
1008,404,20337.27508111115,2.0337275081111152,99,4.925434091539446,44.445544554455445,734,754,6823,6870,-161.505320154468,60.06701928252116,-161.50109807263263,60.068815913089395
1434,404,20337.27508111115,2.0337275081111152,59,2.9353597111194683,27.81188118811881,1037,1064,4892,4918,-161.67878483583146,60.03917150871345,-161.67644921609275,60.04159695998057
425,404,20337.27508111115,2.0337275081111152,66,3.2836227276929644,36.84158415841584,334,359,4184,4220,-161.74238555794713,60.10250273624388,-161.7391516229243,60.10474852445418
1698,404,20337.27508111115,2.0337275081111152,150,7.462778926574919,61.79207920792079,1244,1277,1658,1704,-161.9692999987157,60.02003739316171,-161.96516774840876,60.0230018335993
2475,404,20337.27508111115,2.0337275081111152,76,3.781141322797959,69.86138613861387,1902,1946,5154,5194,-161.65524897538754,59.95994010065411,-161.65165571425106,59.963892687904234
5164,403,20286.93529130642,2.028693529130642,89,4.433405784341789,44.55583126550869,7164,7180,9979,10030,-161.22181185079987,59.489761880945956,-161.21723044285085,59.491199185400546
2804,403,20286.93529130642,2.028693529130642,55,2.739745147626948,23.831265508684865,2171,2193,8462,8489,-161.3580862794008,59.93775171313636,-161.35566082813367,59.93972800676142
3046,403,20286.93529130642,2.028693529130642,72,3.5865754659843687,71.712158808933,2369,2380,4166,4240,-161.74400252545854,59.92095321732332,-161.73735499235605,59.921941364135854
4175,403,20286.93529130642,2.028693529130642,89,4.433405784341789,99.25558312655087,4159,4174,7017,7102,-161.48789283795608,59.75979545535228,-161.48025715804104,59.76114292827846
2492,403,20286.93529130642,2.028693529130642,67,3.33750772529101,48.635235732009924,1913,1941,1543,1585,-161.9796306244831,59.96038925829617,-161.9758577002898,59.9629045410917
362,403,20286.93529130642,2.028693529130642,28,1.39477934788281,22.86848635235732,291,306,4498,4531,-161.71417845802577,60.107263807249716,-161.7112140175882,60.10861128017589
752,403,20286.93529130642,2.028693529130642,63,3.138253532736323,34.55086848635236,549,568,1877,1917,-161.9496268939935,60.08372794680578,-161.94603363285702,60.08543474584561
5153,402,20236.595501501688,2.023659550150169,94,4.688293879705874,40.756218905472636,7142,7158,5282,5330,-161.6437505397508,59.49173817457102,-161.63943862638703,59.49317547902561
320,402,20236.595501501688,2.023659550150169,34,1.695765871382976,25.880597014925375,253,269,4657,4692,-161.69989524500826,60.110587573800956,-161.69675114151386,60.112024878255546
4122,402,20236.595501501688,2.023659550150169,126,6.284308817478087,157.97014925373134,4070,4084,6854,6966,-161.5025353770872,59.76788029290936,-161.49247424590507,59.769137934307125
3290,402,20236.595501501688,2.023659550150169,32,1.5960149377722126,21.980099502487562,2567,2581,6679,6712,-161.5182558945593,59.902897080112524,-161.51529145412172,59.90415472151029
4660,402,20236.595501501688,2.023659550150169,32,1.5960149377722126,25.880597014925375,5020,5039,6070,6102,-161.5729632953622,59.68209118327594,-161.570088686453,59.68379798231577
3786,402,20236.595501501688,2.023659550150169,26,1.2967621369399227,24.875621890547265,3228,3245,4644,4677,-161.70106305487764,59.843248945246984,-161.69809861444003,59.84477608122999
2937,402,20236.595501501688,2.023659550150169,72,3.5910336099874782,38.24875621890547,2272,2290,1993,2037,-161.9392064366977,59.9290380548804,-161.93525384944758,59.93065502239182
1933,402,20236.595501501688,2.023659550150169,56,2.793026141101372,22.925373134328357,1444,1468,7870,7894,-161.41126654422067,60.00287957123503,-161.40911058753878,60.00503552791691
2370,401,20186.25571169696,2.0186255711696957,112,5.59301309771593,88.13965087281795,1813,1839,13458,13526,-160.9092879634547,59.96955207419419,-160.90317941952267,59.9718876939329
2473,401,20186.25571169696,2.0186255711696957,37,1.8476918269240126,26.972568578553616,1899,1914,9294,9331,-161.28334644776206,59.9628147095633,-161.28002268121082,59.964162182489474
4185,401,20186.25571169696,2.0186255711696957,56,2.796506548857965,32.408977556109726,4168,4197,10452,10480,-161.179321537861,59.757729330198806,-161.1768062550655,59.760334444522755
3705,401,20186.25571169696,2.0186255711696957,76,3.7952588877358093,68.71820448877806,3054,3069,2328,2396,-161.90911287467972,59.85905929424749,-161.9030043307477,59.86040676717367
2300,400,20135.91592189223,2.013591592189223,59,2.95,42.25,1748,1767,327,373,-162.08886576303203,59.97601994423985,-162.08473351272508,59.977726743279675
2371,400,20135.91592189223,2.013591592189223,71,3.55,36.0,1815,1834,1735,1776,-161.962382971028,59.97000123183625,-161.95869987836312,59.97170803087608
3165,400,20135.91592189223,2.013591592189223,96,4.8,60.84,2463,2483,314,372,-162.09003357290138,59.911700569896894,-162.0848233442535,59.91349720046513
2308,400,20135.91592189223,2.013591592189223,103,5.15,88.36,1751,1786,16047,16106,-160.67671413639613,59.97431314520002,-160.67141407621983,59.97745724869444
4480,400,20135.91592189223,2.013591592189223,37,1.85,31.36,4627,4649,2710,2744,-161.87479723082635,59.7171254793566,-161.87174295886035,59.719101772981666
3753,400,20135.91592189223,2.013591592189223,27,1.35,22.09,3154,3170,2622,2653,-161.8827024053266,59.849986309877885,-161.87991762794582,59.851423614332475
4810,400,20135.91592189223,2.013591592189223,81,4.05,30.25,5566,5584,4150,4187,-161.74543982991312,59.63313300029143,-161.7421160633619,59.63474996780285
637,399,20085.5761320875,2.0085576132087497,42,2.1026299321513875,24.07017543859649,470,491,6391,6419,-161.54412737474195,60.0906449744935,-161.5416120919464,60.09253143659015
3785,399,20085.5761320875,2.0085576132087497,40,2.0025046972870357,24.07017543859649,3224,3239,9515,9549,-161.26349367998301,59.843787934417456,-161.260439408017,59.84513540734363
4947,399,20085.5761320875,2.0085576132087497,22,1.1013775835078696,20.30075187969925,6296,6317,3766,3790,-161.77993513682333,59.56728648996547,-161.77777918014144,59.56917295206212
4534,399,20085.5761320875,2.0085576132087497,132,6.608265501047217,72.43107769423558,4774,4806,16364,16417,-160.64823754188956,59.70302192939593,-160.6434764708837,59.70589653830511
3972,399,20085.5761320875,2.0085576132087497,111,5.556950534971524,46.35588972431078,3791,3812,13575,13622,-160.89877767463048,59.79231446863741,-160.89455559279511,59.79420093073406
364,399,20085.5761320875,2.0085576132087497,55,2.753443958769674,33.72431077694235,292,314,7244,7280,-161.46750108100656,60.10654515502242,-161.4642671459837,60.10852144864748
2257,399,20085.5761320875,2.0085576132087497,43,2.152692549583563,30.325814536340854,1718,1734,936,975,-162.03415836222914,59.978984384677446,-162.03065493262108,59.98042168913204
2991,399,20085.5761320875,2.0085576132087497,47,2.3529430193122667,39.78947368421053,2322,2344,6098,6139,-161.57044801256666,59.92418715234616,-161.56676491990177,59.92616344597122
2415,398,20035.23634228277,2.003523634228277,70,3.5087829498195986,38.63316582914573,1845,1867,4269,4309,-161.73474987803212,59.967036791398655,-161.73115661689565,59.96901308502372
4346,398,20035.23634228277,2.003523634228277,95,4.7619197176123125,50.663316582914575,4388,4408,12864,12915,-160.9626478913314,59.73877487770388,-160.95806648338237,59.740571508272126
3621,398,20035.23634228277,2.003523634228277,44,2.205520711315176,27.175879396984925,2898,2913,1728,1765,-161.96301179172687,59.873073012679754,-161.95968802517564,59.87442048560593
398,398,20035.23634228277,2.003523634228277,115,5.764429131846483,142.321608040201,311,341,883,972,-162.03891943323498,60.104119703755295,-162.03092442720632,60.10681464960765
4652,398,20035.23634228277,2.003523634228277,146,7.3183187239094485,130.61306532663318,5006,5063,6562,6619,-161.5287661833835,59.679935226594054,-161.523645786264,59.68505562371354
4649,398,20035.23634228277,2.003523634228277,37,1.8546424163332162,22.201005025125628,5004,5020,4073,4104,-161.75235685760086,59.68379798231577,-161.74957208022008,59.685235286770364
1901,398,20035.23634228277,2.003523634228277,59,2.9574027719908043,32.653266331658294,1422,1440,7974,8013,-161.40192406526583,60.005394854030556,-161.39842063565777,60.00701182154197
3135,398,20035.23634228277,2.003523634228277,84,4.210539539783518,43.778894472361806,2446,2466,3346,3392,-161.81766437875635,59.9132277058799,-161.8135321284494,59.915024336448134
1035,398,20035.23634228277,2.003523634228277,42,2.105269769891759,27.175879396984925,751,768,10694,10729,-161.1575823079853,60.06576164112339,-161.1544382044909,60.06728877710639
420,398,20035.23634228277,2.003523634228277,28,1.4035131799278393,22.201005025125628,327,345,9070,9099,-161.30346871012634,60.10376037764165,-161.30086359580238,60.10537734515306
3016,397,19984.896552478036,1.9984896552478035,98,4.918479009639257,38.730478589420656,2346,2371,16181,16218,-160.66467671158892,59.921761701079035,-160.6613529450377,59.92400748928933
1431,397,19984.896552478036,1.9984896552478035,75,3.764142099213717,27.24433249370277,1032,1060,2452,2476,-161.89797376515662,60.0395308348271,-161.89581780847473,60.04204611762263
2292,397,19984.896552478036,1.9984896552478035,62,3.1116908020166725,32.73551637279597,1740,1762,5851,5886,-161.59263640008442,59.97646910188191,-161.58949229658998,59.978445395506974
526,397,19984.896552478036,1.9984896552478035,63,3.1618793633395224,27.24433249370277,394,410,11557,11593,-161.08005769896582,60.097921328294866,-161.07682376394297,60.099358632749464
4012,397,19984.896552478036,1.9984896552478035,42,2.1079195755596816,35.07304785894207,3884,3911,1965,1997,-161.94172171949324,59.783421147324624,-161.93884711058408,59.785846598591746
5358,397,19984.896552478036,1.9984896552478035,36,1.806788207622584,27.24433249370277,7865,7888,3585,3614,-161.7961946434659,59.42616115883029,-161.79358952914194,59.428227283983766
3538,397,19984.896552478036,1.9984896552478035,93,4.6675362030250085,69.41057934508817,2789,2809,2029,2092,-161.93597250167488,59.882415491634596,-161.93031311538493,59.88421212220283
1734,397,19984.896552478036,1.9984896552478035,128,6.424135849324744,87.14357682619648,1277,1329,1653,1694,-161.96974915635778,60.01536615368428,-161.9660660636929,60.02003739316171
3233,397,19984.896552478036,1.9984896552478035,32,1.606033962331186,24.191435768261965,2512,2528,6243,6276,-161.5574224409469,59.907658151118355,-161.55445800050933,59.909095455572945
1458,397,19984.896552478036,1.9984896552478035,65,3.262256485985221,47.96977329974811,1050,1061,1030,1088,-162.02571419855843,60.03944100329869,-162.02050396991052,60.04042915011122
3078,397,19984.896552478036,1.9984896552478035,48,2.4090509434967786,31.596977329974813,2404,2419,4133,4174,-161.74696696589615,59.917449787715256,-161.74328387323123,59.91879726064143
2008,397,19984.896552478036,1.9984896552478035,43,2.158108136882531,25.188916876574307,1510,1530,0,30,-162.11824067282274,59.997310016473484,-162.11554572697037,59.99910664704172
2835,397,19984.896552478036,1.9984896552478035,79,3.964896344505115,87.14357682619648,2194,2211,7153,7229,-161.47567575009205,59.93613474562494,-161.46884855393273,59.937661881607944
1613,397,19984.896552478036,1.9984896552478035,58,2.9109365567252743,30.478589420654913,1170,1186,5201,5240,-161.65102689355217,60.02821206224719,-161.6475234639441,60.02964936670178
4337,397,19984.896552478036,1.9984896552478035,90,4.516970519056461,50.79093198992443,4377,4392,5490,5546,-161.6250655818411,59.74021218215847,-161.62003501625006,59.74155965508466
1945,397,19984.896552478036,1.9984896552478035,26,1.3049025943940886,26.20654911838791,1455,1475,8639,8670,-161.34218609887188,60.00225075053614,-161.33940132149112,60.00404738110438
549,396,19934.556762673306,1.9934556762673306,36,1.8090680674665818,29.454545454545453,411,431,1934,1968,-161.94450649687403,60.09603486619822,-161.941452224908,60.09783149676646
5062,396,19934.556762673306,1.9934556762673306,53,2.6633502104369122,41.37373737373738,6830,6848,10593,10639,-161.16665529235493,59.51958594837872,-161.16252304204798,59.521202915890136
2906,396,19934.556762673306,1.9934556762673306,44,2.2110831935702664,25.252525252525253,2251,2268,5252,5285,-161.64644548560315,59.931014348505464,-161.64348104516557,59.93254148448847
999,396,19934.556762673306,1.9934556762673306,108,5.4272042023997455,87.36363636363636,727,752,8251,8319,-161.37704073189573,60.067198945577985,-161.37093218796372,60.06944473378828
1478,396,19934.556762673306,1.9934556762673306,56,2.814105882725794,30.555555555555557,1062,1078,7194,7233,-161.47199265742717,60.03791386731569,-161.46848922781908,60.03935117177028
3282,396,19934.556762673306,1.9934556762673306,48,2.412090756622109,31.67676767676768,2558,2570,2634,2678,-161.88162442698567,59.903885226925055,-161.87767183973554,59.90496320526599
3730,396,19934.556762673306,1.9934556762673306,103,5.175944748584942,95.04040404040404,3101,3135,14010,14073,-160.8597009597713,59.8531304133723,-160.85404157348134,59.856184685338306
3789,396,19934.556762673306,1.9934556762673306,30,1.507556722888818,23.272727272727273,3232,3249,4776,4807,-161.68920529312726,59.84288961913334,-161.68642051574648,59.84441675511634
3931,396,19934.556762673306,1.9934556762673306,114,5.728715546977509,76.45454545454545,3631,3648,6127,6197,-161.5678428982427,59.807046839296966,-161.56155469125386,59.80857397527997
1213,395,19884.216972868577,1.9884216972868576,99,4.981230593723613,28.445569620253163,874,895,2167,2199,-161.92357575075403,60.054353037015076,-161.92070114184486,60.056239499111726
2485,395,19884.216972868577,1.9884216972868576,111,5.585016120235567,64.81012658227849,1910,1926,9718,9782,-161.24525787971538,59.96173673122235,-161.23950866189702,59.96317403567694
1527,395,19884.216972868577,1.9884216972868576,33,1.6604101979078711,25.31645569620253,1102,1118,6289,6323,-161.55329019063996,60.03432060617921,-161.55023591867396,60.0357579106338
2544,394,19833.877183063843,1.9833877183063844,163,8.211821366316018,179.58375634517768,1959,1981,2408,2519,-161.90192635240675,59.956795997159695,-161.89195505275302,59.95877229078476
45,394,19833.877183063843,1.9833877183063844,114,5.743237029202613,109.80710659898477,15,31,12275,12363,-161.01555866156602,60.131967477563,-161.00765348706577,60.13340478201759
2110,394,19833.877183063843,1.9833877183063844,127,6.3981675676204555,158.62944162436548,1602,1637,1585,1675,-161.9758577002898,59.9876980429334,-161.96777286273272,59.99084214642782
3713,394,19833.877183063843,1.9833877183063844,54,2.7204806980433434,28.517766497461928,3064,3081,3418,3454,-161.81119650871068,59.85798131590654,-161.80796257368786,59.859508451889546
544,393,19783.537393259114,1.9783537393259114,20,1.0088665446106366,20.610687022900763,407,426,5813,5839,-161.59604999816406,60.096484023840276,-161.59371437842535,60.098190822880106
2143,393,19783.537393259114,1.9783537393259114,106,5.346992686436374,25.44529262086514,1626,1645,12976,13007,-160.95258676014925,59.98697939070611,-160.94980198276846,59.988686189745934
1943,393,19783.537393259114,1.9783537393259114,55,2.7743829976792505,35.43002544529262,1451,1480,4372,4402,-161.72549723060567,60.00180159289408,-161.72280228475333,60.004406707218024
381,393,19783.537393259114,1.9783537393259114,37,1.8664031075296776,27.521628498727736,304,318,7054,7092,-161.48456907140482,60.10618582890877,-161.48115547332517,60.107443470306535
3649,393,19783.537393259114,1.9783537393259114,67,3.3797029244456325,35.43002544529262,2937,2965,594,625,-162.06488074494604,59.86840177320233,-162.06209596756526,59.870917055997865
5176,392,19733.197603454384,1.9733197603454384,176,8.889342392059454,98.0,7225,7265,11982,12040,-161.04187929939073,59.48212620103094,-161.03666907074285,59.48571946216742
266,392,19733.197603454384,1.9733197603454384,74,3.7375644148431797,62.08163265306123,201,224,4271,4326,-161.7345702149753,60.114629992579495,-161.72962948091262,60.116696117732964
683,392,19733.197603454384,1.9733197603454384,93,4.69720933216778,66.94897959183673,502,549,7237,7271,-161.46812990170545,60.08543474584561,-161.46507562973943,60.08965682768097
1555,392,19733.197603454384,1.9733197603454384,31,1.5657364440559267,24.5,1116,1132,9740,9773,-161.24328158609032,60.03306296478144,-161.24031714565274,60.034500269236034
1464,392,19733.197603454384,1.9733197603454384,90,4.545686450484949,52.89795918367347,1053,1091,5129,5163,-161.65749476359784,60.03674605744633,-161.65444049163182,60.04015965552598
2522,392,19733.197603454384,1.9733197603454384,38,1.9192898346492004,21.591836734693878,1942,1958,4759,4789,-161.69073242911026,59.95886212231317,-161.6880374832579,59.96029942676776
3179,392,19733.197603454384,1.9733197603454384,55,2.7779194975185795,47.183673469387756,2472,2488,2515,2567,-161.89231437886667,59.911251412254835,-161.88764313938927,59.912688716709425
374,392,19733.197603454384,1.9733197603454384,205,10.35406358166016,232.66326530612244,299,339,1303,1414,-162.00119019130196,60.10429936681212,-161.99121889164823,60.107892627948594
2786,392,19733.197603454384,1.9733197603454384,36,1.8182745801939793,23.510204081632654,2158,2174,4277,4309,-161.7340312258048,59.93945851217619,-161.73115661689565,59.94089581663078
5057,392,19733.197603454384,1.9733197603454384,119,6.010407640085654,51.43877551020408,6819,6853,9339,9376,-161.27930402898352,59.51913679073666,-161.27598026243228,59.52219106270267
4551,391,19682.857813649654,1.9682857813649655,43,2.1746034709239463,32.08184143222506,4801,4817,5646,5686,-161.61105186340885,59.7020337825834,-161.60745860227237,59.70347108703799
5320,391,19682.857813649654,1.9682857813649655,133,6.726099107741509,159.846547314578,7746,7772,3612,3711,-161.79376919219877,59.43658161612608,-161.78487587088597,59.438917235864785
2183,391,19682.857813649654,1.9682857813649655,106,5.36065041669624,68.78772378516624,1663,1689,4855,4911,-161.6821086023827,59.983026803455985,-161.67707803679164,59.985362423194694
2917,391,19682.857813649654,1.9682857813649655,105,5.310078242953823,51.570332480818415,2259,2278,2541,2593,-161.88997875912796,59.930116033221346,-161.88530751965055,59.93182283226117
3406,391,19682.857813649654,1.9682857813649655,55,2.7814695558329547,50.12787723785166,2668,2690,1859,1907,-161.9512438615049,59.893105443515616,-161.94693194814116,59.89508173714068
5005,391,19682.857813649654,1.9682857813649655,114,5.765227806635579,53.033248081841435,6613,6639,12668,12714,-160.98025487090013,59.53836073781682,-160.97612262059317,59.54069635755553
4629,390,19632.518023844925,1.9632518023844925,48,2.4305744810008,43.333333333333336,4976,4992,2921,2970,-161.85584277833144,59.6863132651113,-161.85144103343924,59.68775056956589
2814,390,19632.518023844925,1.9632518023844925,36,1.8229308607506,22.656410256410258,2176,2192,4349,4380,-161.72756335575914,59.93784154466477,-161.7247785783784,59.93927884911936
1844,390,19632.518023844925,1.9632518023844925,59,2.9875811328968167,53.16923076923077,1372,1405,9609,9648,-161.25504951631228,60.008538957524976,-161.25154608670422,60.01150339796257
3721,390,19632.518023844925,1.9632518023844925,77,3.8990465632721167,44.676923076923075,3082,3099,14320,14369,-160.83185318596358,59.85636434839513,-160.8274514410714,59.857891484378136
250,390,19632.518023844925,1.9632518023844925,101,5.114333803772516,84.93333333333334,187,208,5238,5308,-161.64770312700094,60.116067297034085,-161.6414149200121,60.117953759130735
2531,390,19632.518023844925,1.9632518023844925,113,5.721977424022716,50.256410256410255,1950,1975,12364,12409,-161.00756365553735,59.95733498633017,-161.00352123675881,59.95958077454046
2233,390,19632.518023844925,1.9632518023844925,113,5.721977424022716,74.1025641025641,1705,1717,9786,9859,-161.23914933578337,59.98051152066045,-161.2325916342093,59.981589499001394
143,389,19582.17823404019,1.958217823404019,124,6.287049569386083,111.21850899742931,113,151,9584,9650,-161.2572953045226,60.12118769415356,-161.2513664236474,60.12460129223322
1861,389,19582.17823404019,1.958217823404019,59,2.9914187467240234,25.70694087403599,1386,1412,6853,6877,-161.50262520861563,60.00791013682609,-161.50046925193374,60.01024575656481
2861,389,19582.17823404019,1.958217823404019,82,4.157565037819829,53.30591259640103,2219,2238,527,580,-162.07089945734964,59.93370929435782,-162.0661383863438,59.93541609339765
1917,389,19582.17823404019,1.958217823404019,86,4.360373088445186,57.840616966580974,1435,1459,3560,3611,-161.7984404316762,60.00368805499073,-161.79385902372718,60.00584401167262
3581,389,19582.17823404019,1.958217823404019,35,1.7745704429718783,22.7146529562982,2839,2858,1552,1580,-161.97882214072737,59.87801374674241,-161.97630685793186,59.879720545782234
2368,389,19582.17823404019,1.958217823404019,24,1.2168483037521451,20.822622107969153,1812,1831,2994,3020,-161.84928507675735,59.97027072642148,-161.84694945701864,59.97197752546131
4834,389,19582.17823404019,1.958217823404019,48,2.4336966075042903,28.884318766066837,5654,5675,3468,3500,-161.80670493229007,59.62495833120594,-161.8038303233809,59.626844793302595
1370,389,19582.17823404019,1.958217823404019,70,3.5491408859437565,62.56041131105398,987,1015,7480,7530,-161.44630084030135,60.043573253605636,-161.44180926388074,60.04608853640117
610,388,19531.83844423546,1.953183844423546,61,3.0968058036575385,47.670103092783506,453,464,227,284,-162.09784891587321,60.09307042576062,-162.09272851875374,60.094058572573154
5326,388,19531.83844423546,1.953183844423546,90,4.569057743101286,99.01030927835052,7765,7801,13525,13587,-160.90326925105109,59.43397650180213,-160.89769969628955,59.43721043682496
3504,388,19531.83844423546,1.953183844423546,75,3.807548119251072,32.329896907216494,2758,2776,4101,4139,-161.74984157480532,59.88537993207219,-161.74642797672567,59.88699689958361
5201,388,19531.83844423546,1.953183844423546,88,4.467523126587924,38.36082474226804,7338,7367,9686,9718,-161.24813248862458,59.47296338513292,-161.24525787971538,59.47556849945686
1906,388,19531.83844423546,1.953183844423546,64,3.2491077284275813,21.814432989690722,1426,1445,8765,8792,-161.33086732629198,60.004945696388496,-161.32844187502485,60.00665249542833
4417,388,19531.83844423546,1.953183844423546,43,2.182994255037281,31.185567010309278,4510,4522,4527,4570,-161.71157334370182,59.72853408346492,-161.7077105879801,59.72961206180587
2946,388,19531.83844423546,1.953183844423546,160,8.122769321068953,54.93814432989691,2277,2298,1568,1620,-161.9773848362728,59.9283194026531,-161.9727135967954,59.93020586474975
4473,388,19531.83844423546,1.953183844423546,42,2.1322269467806003,30.061855670103093,4610,4631,3343,3376,-161.8179338733416,59.71874244686802,-161.81496943290398,59.72062890896467
3591,387,19481.498654430732,1.9481498654430731,87,4.422458539645535,153.83979328165375,2853,2896,10482,10561,-161.17662659200866,59.87460014866276,-161.1695299012641,59.87846290438447
5020,387,19481.498654430732,1.9481498654430731,116,5.8966113861940475,49.2093023255814,6696,6714,5841,5892,-161.59353471536852,59.53162337318592,-161.5889533074195,59.53324034069734
1776,387,19481.498654430732,1.9481498654430731,64,3.253302833762233,55.08010335917313,1311,1343,9676,9717,-161.24903080390868,60.01410851228652,-161.2453477112438,60.0169831211957
8,387,19481.498654430732,1.9481498654430731,82,4.1682942557578615,31.266149870801033,0,14,3986,4027,-161.7601722005727,60.133494613546006,-161.7564891079078,60.13475225494377
1551,387,19481.498654430732,1.9481498654430731,48,2.4399771253216747,38.45994832041344,1114,1131,3107,3151,-161.8391341140468,60.03315279630985,-161.83518152679667,60.03467993229285
1686,387,19481.498654430732,1.9481498654430731,39,1.9824814143238607,31.266149870801033,1235,1251,7505,7544,-161.44405505209104,60.02237301290042,-161.44055162248296,60.02381031735501
4577,387,19481.498654430732,1.9481498654430731,59,2.9991385498745586,50.645994832041346,4886,4898,6697,6755,-161.5166389270479,59.694757428782026,-161.5114286984,59.69583540712297
1574,387,19481.498654430732,1.9481498654430731,9,0.457495710997814,19.11111111111111,1137,1156,7493,7517,-161.44513303043198,60.030907008099554,-161.4429770737501,60.03261380713938
493,387,19481.498654430732,1.9481498654430731,108,5.489948531973768,49.2093023255814,374,392,15485,15536,-160.72719945536366,60.09953829580628,-160.72261804741464,60.1011552633177
1678,387,19481.498654430732,1.9481498654430731,60,3.0499714066520935,47.79328165374677,1229,1243,8222,8276,-161.37964584621966,60.023091665127716,-161.37479494368543,60.02434930652548
3061,387,19481.498654430732,1.9481498654430731,49,2.4908099820992096,26.88372093023256,2386,2409,8845,8873,-161.323680804019,59.918348102999374,-161.3211655212235,59.92041422815285
1543,387,19481.498654430732,1.9481498654430731,44,2.236645698211535,26.88372093023256,1111,1130,5278,5310,-161.64410986586446,60.03324262783826,-161.64123525695527,60.03494942687809
857,386,19431.158864626,1.9431158864626,134,6.820420420694454,76.64248704663213,627,653,5810,5870,-161.5963194927493,60.07609226689077,-161.59092960104456,60.07842788662948
401,386,19431.158864626,1.9431158864626,40,2.0359463942371505,23.875647668393782,312,330,3541,3571,-161.80014723071602,60.105107850567826,-161.79745228486365,60.10672481807924
1894,386,19431.158864626,1.9431158864626,108,5.497055264440307,46.51813471502591,1414,1424,14465,14522,-160.81882761434386,60.00683215848515,-160.81370721722436,60.00773047376927
2487,386,19431.158864626,1.9431158864626,109,5.547953924296235,34.86010362694301,1911,1940,2324,2353,-161.90947220079335,59.96047908982458,-161.90686708646942,59.96308420414853
4970,386,19431.158864626,1.9431158864626,171,8.703670835363818,422.83937823834196,6451,6503,9555,9705,-161.25990041884654,59.55057782568085,-161.24642568958475,59.555249065158264
4725,386,19431.158864626,1.9431158864626,83,4.2245887680420875,134.67357512953367,5228,5262,11919,11999,-161.04753868568068,59.662058752440075,-161.04035216340773,59.66511302440608
4201,386,19431.158864626,1.9431158864626,76,3.868298149050586,32.49740932642487,4199,4222,2895,2928,-161.85817839807012,59.75548354198851,-161.85521395763254,59.75754966714198
4031,386,19431.158864626,1.9431158864626,62,3.155716911067583,42.44559585492228,3909,3932,12139,12180,-161.02777574943005,59.781534685227975,-161.02409265676516,59.78360081038145
4627,386,19431.158864626,1.9431158864626,30,1.5269597956778629,25.906735751295336,4974,4990,5045,5079,-161.66504061198444,59.68649292816813,-161.66198634001844,59.68793023262272
2390,385,19380.81907482127,1.938081907482127,108,5.504189667526356,64.84155844155845,1834,1855,898,956,-162.0375719603088,59.9681147697396,-162.0323617316609,59.97000123183625
3605,385,19380.81907482127,1.938081907482127,53,2.7011301146194153,32.58181818181818,2878,2900,3774,3808,-161.77921648459602,59.87424082254911,-161.77616221263003,59.876217116174175
3855,385,19380.81907482127,1.938081907482127,34,1.732800450887927,29.184415584415586,3401,3421,1261,1294,-162.00496311549526,59.82743859624648,-162.00199867505768,59.829235226814724
3400,384,19330.47928501654,1.933047928501654,102,5.205165703414254,78.84375,2664,2680,3177,3248,-161.83284590705796,59.89400375879974,-161.8264678685407,59.89544106325433
5130,384,19330.47928501654,1.933047928501654,99,5.052072594490305,33.84375,7044,7061,16299,16339,-160.65407659123633,59.500451832826975,-160.65048333009986,59.50197896880998
5147,384,19330.47928501654,1.933047928501654,38,1.9391793797033494,27.09375,7125,7143,9395,9428,-161.27427346339243,59.493085647497196,-161.27130902295485,59.49470261500861
520,384,19330.47928501654,1.933047928501654,55,2.8067069969390586,22.041666666666668,393,413,4384,4410,-161.72441925226474,60.097651833709634,-161.72208363252602,60.09944846427787
2558,384,19330.47928501654,1.933047928501654,43,2.194334561243264,30.375,1965,1983,6797,6833,-161.5076557742067,59.95661633410287,-161.50442183918386,59.958233301614285
1154,384,19330.47928501654,1.933047928501654,124,6.327848502189878,130.66666666666666,829,860,9643,9724,-161.2519952443463,60.05749714050949,-161.2447188905449,60.060281917890265
4176,384,19330.47928501654,1.933047928501654,42,2.143303524935281,36.260416666666664,4159,4174,7367,7411,-161.45645180301187,59.75979545535228,-161.45249921576175,59.76114292827846
339,384,19330.47928501654,1.933047928501654,41,2.092272488627298,33.84375,273,299,4004,4035,-161.7585552330613,60.107892627948594,-161.7557704556805,60.11022824768731
5408,384,19330.47928501654,1.933047928501654,58,2.9598001058630072,38.760416666666664,7987,8003,3705,3750,-161.78541486005645,59.415830533062916,-161.7813724412779,59.41726783751751
2425,383,19280.13949521181,1.928013949521181,68,3.4746376860916532,27.1644908616188,1851,1866,4193,4229,-161.7415770741914,59.96712662292707,-161.7383431391686,59.968474095853246
517,383,19280.13949521181,1.928013949521181,50,2.5548806515379803,35.133159268929504,389,400,9611,9658,-161.25486985325546,60.09881964357899,-161.2506477714201,60.09980779039152
4564,383,19280.13949521181,1.928013949521181,75,3.83232097730697,40.146214099216714,4847,4868,2931,2972,-161.8549444630473,59.69745237463439,-161.85126137038242,59.69933883673104
4060,383,19280.13949521181,1.928013949521181,99,5.058663690045201,63.54046997389034,3968,3990,6190,6246,-161.56218351195275,59.77632445658008,-161.5571529463617,59.77830075020514
5009,383,19280.13949521181,1.928013949521181,107,5.467444594291278,117.34725848563968,6622,6668,4692,4752,-161.69675114151386,59.535755623492875,-161.69136124980915,59.53988787379982
2430,383,19280.13949521181,1.928013949521181,105,5.365249368229758,90.3289817232376,1854,1880,9885,9952,-161.2302560144706,59.9658689815293,-161.224237302067,59.96820460126801
3263,383,19280.13949521181,1.928013949521181,35,1.788416456076586,30.45430809399478,2537,2557,6655,6689,-161.5204118512412,59.905053036794406,-161.5173575792752,59.90684966736265
4470,382,19229.79970540708,1.922979970540708,61,3.12103151158957,41.56020942408377,4604,4625,4596,4638,-161.70537496824141,59.71928143603849,-161.70160204404812,59.72116789813514
18,382,19229.79970540708,1.922979970540708,67,3.4280182176475607,34.02094240837696,0,24,5411,5444,-161.63216227258567,60.13259629826188,-161.62919783214807,60.13475225494377
1112,382,19229.79970540708,1.922979970540708,107,5.474596258034164,51.30890052356021,804,832,1890,1932,-161.94845908412415,60.060012423305025,-161.94468615993085,60.06252770610056
2363,382,19229.79970540708,1.922979970540708,56,2.865209256541245,32.83769633507853,1807,1833,1015,1045,-162.0270616714846,59.97009106336466,-162.02436672563223,59.97242668310337
2013,382,19229.79970540708,1.922979970540708,130,6.651378631256461,58.90052356020942,1516,1546,6618,6663,-161.52373561779243,59.995872712018894,-161.5196931990139,59.99856765787125
4333,382,19229.79970540708,1.922979970540708,34,1.739591334328613,27.23560209424084,4371,4388,2612,2646,-161.88360072061073,59.740571508272126,-161.8805464486447,59.74209864425513
1668,382,19229.79970540708,1.922979970540708,28,1.4326046282706224,22.157068062827225,1222,1239,5941,5970,-161.58455156252734,60.02345099124136,-161.58194644820338,60.024978127224365
4186,382,19229.79970540708,1.922979970540708,51,2.6093870014929195,25.141361256544503,4171,4187,9799,9832,-161.23798152591402,59.758627645482925,-161.23501708547641,59.760064949937515
1414,382,19229.79970540708,1.922979970540708,80,4.093156080773206,68.70157068062828,1021,1058,8996,9040,-161.3101162432288,60.039710497883924,-161.30616365597868,60.043034264435164
1404,382,19229.79970540708,1.922979970540708,46,2.3535647464445937,32.83769633507853,1015,1028,6575,6618,-161.52759837351414,60.042405443736286,-161.52373561779243,60.043573253605636
486,382,19229.79970540708,1.922979970540708,42,2.1489069424059335,45.61256544502618,371,399,5228,5266,-161.64860144228504,60.0989094751074,-161.6451878442054,60.10142475790293
3704,381,19179.459915602347,1.9179459915602346,44,2.2541882861456637,28.388451443569554,3053,3070,10173,10208,-161.20438453428795,59.858969462719074,-161.20124043079352,59.86049659870208
253,381,19179.459915602347,1.9179459915602346,50,2.5615775978927995,28.388451443569554,188,205,10188,10223,-161.20303706136175,60.11633679161932,-161.19989295786735,60.11786392760232
244,381,19179.459915602347,1.9179459915602346,91,4.662071228164895,102.89763779527559,181,192,10890,10978,-161.13997532841657,60.117504601488676,-161.13207015391632,60.11849274830121
3120,381,19179.459915602347,1.9179459915602346,100,5.123155195785599,111.38057742782152,2431,2459,7760,7835,-161.42114801234598,59.913856526578776,-161.4144106477151,59.91637180937431
2395,381,19179.459915602347,1.9179459915602346,100,5.123155195785599,109.22834645669292,1836,1863,685,760,-162.05670607586055,59.9673961175123,-162.04996871122964,59.96982156877942
2792,381,19179.459915602347,1.9179459915602346,79,4.0472926046706235,40.356955380577425,2162,2184,16293,16333,-160.6546155804068,59.93856019689207,-160.6510223192703,59.94053649051713
2083,381,19179.459915602347,1.9179459915602346,34,1.7418727665671039,25.20734908136483,1579,1593,4404,4439,-161.7226226216965,59.99165063018353,-161.71947851820207,59.9929082715813
2126,380,19129.120125797617,1.9129120125797616,50,2.5649458802128855,40.463157894736845,1614,1627,3652,3701,-161.7901759310623,59.98859635821752,-161.7857741861701,59.98976416808688
1953,380,19129.120125797617,1.9129120125797616,67,3.4370274794852667,35.410526315789475,1467,1488,8932,8969,-161.31586546104717,60.001082940666784,-161.31254169449593,60.00296940276343
1161,380,19129.120125797617,1.9129120125797616,82,4.206511243549132,33.01052631578948,832,852,6163,6199,-161.56460896321988,60.05821579273679,-161.56137502819703,60.060012423305025
5141,380,19129.120125797617,1.9129120125797616,129,6.617560370949245,95.0,7109,7134,16490,16560,-160.63691876930966,59.4938941312529,-160.63063056232082,59.496139919463204
4685,380,19129.120125797617,1.9129120125797616,37,1.8980599513575351,24.25263157894737,5052,5068,7382,7414,-161.4551043300857,59.679486068951995,-161.45222972117654,59.680923373406586
712,380,19129.120125797617,1.9129120125797616,30,1.5389675281277313,22.273684210526316,524,541,2649,2678,-161.88027695405947,60.0861533980729,-161.87767183973554,60.087680534055906
1400,379,19078.780335992888,1.9078780335992886,45,2.3114947362188136,36.738786279683374,1013,1029,6379,6422,-161.5452053530829,60.04231561220787,-161.5413425973612,60.04375291666246
294,379,19078.780335992888,1.9078780335992886,35,1.7978292392812993,28.53825857519789,229,242,8974,9013,-161.31209253685387,60.11301302506808,-161.3085891072458,60.114180834937436
4234,379,19078.780335992888,1.9078780335992886,83,4.2634236245813675,76.2532981530343,4237,4276,11936,11982,-161.04601154969768,59.75063263945426,-161.04187929939073,59.754136069062326
5372,379,19078.780335992888,1.9078780335992886,77,3.955224326418859,33.0976253298153,7917,7946,7915,7942,-161.40722412544213,59.4209509301824,-161.40479867417503,59.42355604450634
4571,379,19078.780335992888,1.9078780335992886,65,3.3388257300938418,33.0976253298153,4874,4907,2783,2806,-161.86823952925226,59.69394894502632,-161.8661734040988,59.696913385463915
3277,379,19078.780335992888,1.9078780335992886,117,6.009886314168915,127.70448548812665,2552,2585,4263,4340,-161.7352888672026,59.90253775399887,-161.72837183951486,59.905502194436465
1449,378,19028.440546188154,1.9028440546188155,80,4.114755998989118,47.5026455026455,1046,1072,1826,1867,-161.95420830194251,60.03845285648616,-161.95052520927763,60.04078847622487
3885,378,19028.440546188154,1.9028440546188155,135,6.943650748294136,89.56613756613757,3463,3484,13769,13840,-160.88135035811857,59.82177920995653,-160.8749723196013,59.82366567205318
126,378,19028.440546188154,1.9028440546188155,56,2.8803291992923823,38.095238095238095,93,113,4021,4061,-161.7570280970783,60.12460129223322,-161.7534348359418,60.12639792280146
2057,378,19028.440546188154,1.9028440546188155,61,3.137501449229202,25.40740740740741,1551,1572,1113,1141,-162.01825818170025,59.99353709228018,-162.0157428989047,59.995423554376835
5254,378,19028.440546188154,1.9028440546188155,65,3.343239249178658,53.34391534391534,7517,7550,3926,3964,-161.7655620922774,59.45652421543353,-161.76214849419776,59.45948865587113
275,378,19028.440546188154,1.9028440546188155,50,2.5717224993681986,44.70899470899471,208,224,7845,7894,-161.41351233243097,60.114629992579495,-161.40911058753878,60.116067297034085
4496,378,19028.440546188154,1.9028440546188155,131,6.73791294834468,247.71428571428572,4673,4700,3822,3948,-161.77490457123224,59.71254407140759,-161.76358579865234,59.714969522674714
4198,378,19028.440546188154,1.9028440546188155,32,1.645902399595647,23.375661375661377,4196,4214,6867,6896,-161.50136756721787,59.7562021942158,-161.4987624528939,59.75781916172722
1099,378,19028.440546188154,1.9028440546188155,31,1.594467949608283,25.40740740740741,793,813,10327,10356,-161.1905504789125,60.061719222344855,-161.18794536458856,60.06351585291309
2505,378,19028.440546188154,1.9028440546188155,67,3.446108149153386,59.523809523809526,1927,1946,3403,3459,-161.81254398163685,59.95994010065411,-161.8075134160458,59.96164689969394
2285,377,18978.100756383425,1.8978100756383425,90,4.635235823621443,32.09549071618037,1737,1760,3113,3145,-161.83859512487632,59.97664876493874,-161.83572051596715,59.978714890092206
2053,377,18978.100756383425,1.8978100756383425,87,4.480727962834061,36.93368700265252,1549,1563,2441,2486,-161.89896191196917,59.99434557603589,-161.89491949319063,59.995603217433654
3696,377,18978.100756383425,1.8978100756383425,78,4.017204380471917,56.54111405835544,3039,3056,2083,2139,-161.93112159914065,59.860227104116845,-161.92609103354957,59.86175424009985
421,377,18978.100756383425,1.8978100756383425,43,2.2146126712858005,25.47480106100796,327,341,9411,9446,-161.27283615893785,60.104119703755295,-161.26969205544344,60.10537734515306
3711,377,18978.100756383425,1.8978100756383425,92,4.738241064146363,89.80371352785146,3063,3076,967,1046,-162.03137358484838,59.85843047354861,-162.02427689410382,59.85959828341796
5134,377,18978.100756383425,1.8978100756383425,30,1.5450786078738141,22.450928381962864,7081,7097,9825,9855,-161.2356459061753,59.49721789780415,-161.23295096032294,59.49865520225874
5098,376,18927.760966578695,1.8927760966578695,39,2.011271430204647,31.02127659574468,6930,6943,9342,9383,-161.27903453439828,59.51105195317959,-161.2753514417334,59.51221976304894
3722,376,18927.760966578695,1.8927760966578695,59,3.0426926764634405,40.8936170212766,3085,3099,1711,1759,-161.9645389277099,59.85636434839513,-161.96022701434612,59.8576219897929
4009,376,18927.760966578695,1.8927760966578695,147,7.580946160002131,119.53191489361703,3872,3914,13988,14052,-160.86167725339635,59.78315165273939,-160.855928035578,59.78692457693269
3268,376,18927.760966578695,1.8927760966578695,98,5.053964106668087,39.58510638297872,2541,2555,890,937,-162.0382906125361,59.90523269985123,-162.03406853070075,59.906490341249
3899,376,18927.760966578695,1.8927760966578695,88,4.538253483538691,56.691489361702125,3516,3543,12246,12292,-161.01816377588997,59.81647914978022,-161.01403152558302,59.81890460104734
1163,376,18927.760966578695,1.8927760966578695,46,2.3722688663952245,28.76595744680851,835,852,387,422,-162.08347587132732,60.05821579273679,-162.0803317678329,60.05974292871979
1959,376,18927.760966578695,1.8927760966578695,68,3.5068322372798972,35.787234042553195,1471,1490,1163,1202,-162.01376660527964,60.000903277609964,-162.01026317567158,60.00261007664979
1132,376,18927.760966578695,1.8927760966578695,137,7.065235536872734,55.148936170212764,812,831,11020,11073,-161.12829722972302,60.06010225483344,-161.1235361587172,60.06180905387326
1318,376,18927.760966578695,1.8927760966578695,81,4.177256047348113,61.4468085106383,951,972,7490,7545,-161.44540252501722,60.04743600932735,-161.44046179095454,60.049322471424006
621,376,18927.760966578695,1.8927760966578695,75,3.867829673470475,84.26595744680851,460,495,6700,6754,-161.51636943246265,60.090285648379854,-161.51151852992842,60.093429751874275
2630,376,18927.760966578695,1.8927760966578695,118,6.085385352926881,90.04255319148936,2037,2059,3387,3457,-161.81398128609146,59.94978913794356,-161.80769307910262,59.951765431568624
4831,375,18877.421176773965,1.8877421176773965,169,8.727122473454045,94.25066666666666,5643,5701,8476,8512,-161.35682863800304,59.62262271146723,-161.3535947029802,59.62783294011513
1677,375,18877.421176773965,1.8877421176773965,46,2.3754297856738824,25.610666666666667,1229,1249,6644,6673,-161.52139999805374,60.02255267595724,-161.51879488372978,60.02434930652548
718,375,18877.421176773965,1.8877421176773965,25,1.2909944487358056,24.576,528,545,8277,8308,-161.37470511215702,60.085794071959256,-161.37192033477623,60.08732120794226
1111,375,18877.421176773965,1.8877421176773965,48,2.478709341572747,26.666666666666668,803,818,5172,5207,-161.65363200787613,60.061270064702796,-161.6504879043817,60.062617537628974
265,375,18877.421176773965,1.8877421176773965,55,2.8401877872187726,39.690666666666665,201,215,3833,3880,-161.77391642441972,60.1154384763352,-161.76969434258436,60.116696117732964
4374,375,18877.421176773965,1.8877421176773965,69,3.5631446785108234,47.882666666666665,4424,4441,5369,5419,-161.63593519677897,59.73581043726629,-161.63144362035837,59.73733757324929
3989,375,18877.421176773965,1.8877421176773965,100,5.163977794943222,46.464,3827,3852,2079,2120,-161.93148092525428,59.78872120750093,-161.9277978325894,59.79096699571123
3686,375,18877.421176773965,1.8877421176773965,131,6.764810911375622,38.4,2998,3018,15474,15514,-160.72818760217618,59.8636407021965,-160.7245943410397,59.865437332764735
3168,374,18827.081386969236,1.8827081386969235,46,2.378603373977088,21.657754010695186,2464,2478,5000,5031,-161.66908303076298,59.91214972753895,-161.6662982533822,59.91340736893672
5204,374,18827.081386969236,1.8827081386969235,111,5.739673358944713,100.63101604278074,7352,7382,15739,15806,-160.704382247147,59.47161591220674,-160.6983635347434,59.4743108580591
1507,374,18827.081386969236,1.8827081386969235,99,5.11916813095069,68.44919786096257,1085,1116,11119,11168,-161.11940390841025,60.034500269236034,-161.11500216351806,60.0372850466168
1263,374,18827.081386969236,1.8827081386969235,35,1.809806914982567,24.641711229946523,909,927,7606,7636,-161.43498206772142,60.05147842810589,-161.43228712186908,60.053095395617305
4316,374,18827.081386969236,1.8827081386969235,83,4.291827826958659,60.160427807486634,4345,4367,14539,14592,-160.81218008124137,59.742457970368775,-160.80741901023552,59.74443426399384
2631,374,18827.081386969236,1.8827081386969235,45,2.326894604977586,28.919786096256683,2037,2056,8029,8062,-161.39698333120316,59.950058632528794,-161.39401889076558,59.951765431568624
2705,374,18827.081386969236,1.8827081386969235,43,2.2234770669785826,28.919786096256683,2093,2117,6091,6119,-161.57107683326552,59.944578909295664,-161.56856155047,59.946734865977554
1607,374,18827.081386969236,1.8827081386969235,78,4.03328398196115,32.35294117647059,1167,1188,7289,7323,-161.46345866222802,60.02803239919037,-161.460404390262,60.02991886128702
923,374,18827.081386969236,1.8827081386969235,35,1.809806914982567,22.63101604278075,673,688,9764,9795,-161.24112562940843,60.07294816339635,-161.23834085202768,60.074295636322525
445,374,18827.081386969236,1.8827081386969235,65,3.3610699849676244,43.80748663101604,344,364,4109,4153,-161.74912292257804,60.10205357860182,-161.7451703353279,60.103850209170055
947,374,18827.081386969236,1.8827081386969235,99,5.11916813095069,37.22994652406417,690,713,116,152,-162.10782021552694,60.070702375186045,-162.10458628050412,60.07276850033952
2392,374,18827.081386969236,1.8827081386969235,48,2.482020911976092,39.79679144385027,1834,1866,7876,7905,-161.41072755505022,59.96712662292707,-161.40812244072626,59.97000123183625
5077,374,18827.081386969236,1.8827081386969235,49,2.533729680975594,37.22994652406417,6875,6885,4619,4668,-161.70330884308794,59.51626218182748,-161.69890709819575,59.5171604971116
3575,373,18776.741597164502,1.8776741597164501,61,3.158460275778836,65.24396782841823,2829,2847,16139,16199,-160.66844963578225,59.87900189355494,-160.66305974407751,59.88061886106636
1045,373,18776.741597164502,1.8776741597164501,64,3.3137943877023854,28.99731903485255,762,779,2608,2643,-161.88396004672435,60.064773494310856,-161.88081594322995,60.06630063029386
3167,373,18776.741597164502,1.8776741597164501,43,2.22645560423754,22.691689008042896,2464,2482,2835,2863,-161.86356828977486,59.91179040142531,-161.86105300697932,59.91340736893672
3476,373,18776.741597164502,1.8776741597164501,64,3.3137943877023854,39.90348525469169,2726,2745,5523,5565,-161.62210114140353,59.88816470945296,-161.61832821721023,59.88987150849279
3122,373,18776.741597164502,1.8776741597164501,94,4.8671355069378786,84.94369973190348,2433,2450,4412,4484,-161.7219039694692,59.91466501033449,-161.71543609942356,59.91619214631749
2622,373,18776.741597164502,1.8776741597164501,77,3.9869088727044324,37.32975871313673,2030,2052,7074,7111,-161.48277244083658,59.95041795864245,-161.47944867428535,59.95239425226751
2830,373,18776.741597164502,1.8776741597164501,72,3.7280186861651834,46.71313672922252,2191,2216,3650,3691,-161.79035559411912,59.93568558798288,-161.78667250145423,59.937931376193184
4991,373,18776.741597164502,1.8776741597164501,76,3.9351308353965826,75.66756032171581,6573,6582,12832,12907,-160.96552250024055,59.5434811349363,-160.95878513560967,59.544289618692005
184,373,18776.741597164502,1.8776741597164501,47,2.4335677534689393,25.74798927613941,143,157,10119,10154,-161.20923543682218,60.1206487049831,-161.20609133332778,60.12190634638086
800,373,18776.741597164502,1.8776741597164501,51,2.6406799027003385,27.89276139410188,590,606,11292,11327,-161.10386305399498,60.08031434872613,-161.10071895050055,60.08175165318072
4110,373,18776.741597164502,1.8776741597164501,67,3.469128499625935,55.59249329758713,4054,4082,14114,14158,-160.85035848081645,59.76805995596618,-160.84640589356633,59.770575238761715
5373,372,18726.401807359773,1.8726401807359772,45,2.333141313143457,25.817204301075268,7919,7937,3387,3418,-161.81398128609146,59.421759413938105,-161.81119650871068,59.42337638144952
2642,372,18726.401807359773,1.8726401807359772,42,2.177598558933893,33.72043010752688,2042,2054,5899,5943,-161.58832448672064,59.95023829558562,-161.5843718994705,59.951316273926565
985,372,18726.401807359773,1.8726401807359772,66,3.4219405926104036,44.043010752688176,716,729,11211,11262,-161.11113940779634,60.069265070731454,-161.10655799984733,60.07043288060081
2629,372,18726.401807359773,1.8726401807359772,64,3.318245423137361,22.752688172043012,2036,2053,7149,7178,-161.4760350762057,59.950328127114034,-161.47342996188175,59.95185526309704
2733,372,18726.401807359773,1.8726401807359772,115,5.962472244699946,87.09677419354838,2114,2152,6124,6176,-161.56811239282794,59.94143480580125,-161.5634411533505,59.944848403880904
4237,372,18726.401807359773,1.8726401807359772,30,1.5554275420956378,22.752688172043012,4239,4254,6151,6182,-161.5656869415608,59.75260893307932,-161.56290216418006,59.75395640600551
2325,372,18726.401807359773,1.8726401807359772,91,4.718130211023435,89.04301075268818,1769,1808,574,626,-162.06667737551427,59.97233685157496,-162.06200613603684,59.975840281183025
3742,372,18726.401807359773,1.8726401807359772,101,5.236606058388648,45.43010752688172,3128,3144,14374,14423,-160.82700228342932,59.85232192961659,-160.82260053853716,59.853759234071184
188,372,18726.401807359773,1.8726401807359772,92,4.7699777957599565,123.10752688172043,145,204,1087,1135,-162.02059380143893,60.11642662314773,-162.01628188807518,60.121726683324034
3759,371,18676.062017555043,1.8676062017555044,76,3.945723400548854,26.954177897574123,3168,3188,2507,2537,-161.89303303109398,59.84836934236647,-161.8903380852416,59.850165972934704
2288,371,18676.062017555043,1.8676062017555044,107,5.555163208667466,36.26954177897574,1739,1762,1590,1625,-161.97540854264773,59.97646910188191,-161.97226443915332,59.97853522703539
839,371,18676.062017555043,1.8676062017555044,76,3.945723400548854,31.439353099730457,611,638,11288,11315,-161.1042223801086,60.077439739816946,-161.1017969288415,60.07986519108407
5310,371,18676.062017555043,1.8676062017555044,101,5.243658729676766,44.16172506738545,7708,7733,9569,9608,-161.25864277744876,59.44008504573414,-161.2551393478407,59.442330833944446
1170,371,18676.062017555043,1.8676062017555044,83,4.309145292704669,97.30458221024259,838,866,7019,7086,-161.48771317489926,60.05695815133902,-161.48169446249565,60.05947343413455
2910,371,18676.062017555043,1.8676062017555044,83,4.309145292704669,54.350404312668466,2253,2281,6615,6658,-161.52400511237767,59.929846538636106,-161.52014235665595,59.93236182143164
5295,371,18676.062017555043,1.8676062017555044,134,6.956933364125611,157.8544474393531,7634,7700,4017,4072,-161.75738742319191,59.44304948617174,-161.75244668912927,59.44897836704693
4550,371,18676.062017555043,1.8676062017555044,38,1.972861700274427,26.954177897574123,4800,4814,3253,3289,-161.82601871089867,59.70230327716863,-161.82278477587582,59.7035609185664
2503,371,18676.062017555043,1.8676062017555044,78,4.049558226879087,81.60646900269542,1923,1948,12384,12446,-161.00576702496912,59.95976043759729,-161.00019747020758,59.962006225807585
5285,371,18676.062017555043,1.8676062017555044,58,3.011209963576757,41.44474393530997,7607,7627,16022,16064,-160.67895992460643,59.44960718774581,-160.67518700041313,59.45140381831405
2349,371,18676.062017555043,1.8676062017555044,58,3.011209963576757,38.81401617250674,1784,1796,8225,8273,-161.37937635163442,59.9734148299159,-161.37506443827067,59.97449280825685
1061,371,18676.062017555043,1.8676062017555044,73,3.7899711610535043,42.79245283018868,767,802,7336,7364,-161.45923658039266,60.06270736915739,-161.4567212975971,60.0658514726518
1903,371,18676.062017555043,1.8676062017555044,100,5.19174131651165,89.28301886792453,1424,1450,5549,5614,-161.61976552166482,60.00449653874644,-161.61392647231804,60.00683215848515
4980,370,18625.72222775031,1.862572222775031,78,4.055026910298284,57.61081081081081,6493,6513,4523,4576,-161.71193266981547,59.54967951039673,-161.70717159880965,59.551476140964965
2680,370,18625.72222775031,1.862572222775031,23,1.1957130632930837,22.875675675675677,2073,2088,3182,3213,-161.8323967494159,59.94718402361961,-161.82961197203514,59.94853149654579
2478,370,18625.72222775031,1.862572222775031,41,2.1314885041311493,24.90810810810811,1903,1920,9409,9440,-161.27301582199468,59.962275720392824,-161.27023104461392,59.96380285637583
850,370,18625.72222775031,1.862572222775031,39,2.027513455149142,28.11891891891892,620,638,10557,10590,-161.16988922737775,60.077439739816946,-161.16692478694017,60.07905670732836
4673,370,18625.72222775031,1.862572222775031,93,4.834839777663339,45.67567567567568,5035,5064,15686,15722,-160.70914331815285,59.67984539506564,-160.70590938313003,59.68245050938959
3245,370,18625.72222775031,1.862572222775031,29,1.5076382102391055,24.90810810810811,2522,2538,8530,8562,-161.35197773546878,59.90675983583424,-161.3491031265596,59.90819714028883
2089,370,18625.72222775031,1.862572222775031,87,4.522914630717317,35.12432432432433,1581,1602,2300,2336,-161.91162815747523,59.99084214642782,-161.90839422245242,59.99272860852447
5303,369,18575.38243794558,1.857538243794558,100,5.2057920629535355,80.17344173441734,7676,7696,9169,9235,-161.29457538881354,59.443408812285384,-161.28864650793835,59.44520544285363
1871,369,18575.38243794558,1.857538243794558,69,3.5919965234379396,64.2710027100271,1392,1411,2140,2198,-161.92600120202115,60.007999968354504,-161.92079097337327,60.009706767394334
3528,369,18575.38243794558,1.857538243794558,30,1.5617376188860608,23.94579945799458,2779,2793,8799,8832,-161.32781305432596,59.88385279608919,-161.32484861388838,59.88511043748696
3842,369,18575.38243794558,1.857538243794558,74,3.8522861265856165,31.609756097560975,3363,3379,3426,3464,-161.8104778564834,59.83121152043979,-161.80706425840373,59.83264882489438
3917,369,18575.38243794558,1.857538243794558,82,4.268749491621899,40.33604336043361,3593,3615,10622,10661,-161.16405017803098,59.81001127973456,-161.16054674842292,59.81198757335962
4933,369,18575.38243794558,1.857538243794558,44,2.2905485076995555,26.02710027100271,6181,6195,3555,3590,-161.79888958931824,59.57824593643173,-161.79574548582383,59.57950357782949
2198,368,18525.04264814085,1.852504264814085,73,3.8053880565416147,53.26086956521739,1673,1694,8635,8684,-161.34254542498553,59.982577645813926,-161.33814368009334,59.984464107910576
4593,368,18525.04264814085,1.852504264814085,66,3.440487831941734,28.27173913043478,4915,4940,4756,4782,-161.6910019236955,59.69098450458873,-161.68866630395678,59.69323029279902
5323,368,18525.04264814085,1.852504264814085,51,2.6585587792277035,43.141304347826086,7748,7761,7587,7637,-161.43668886676124,59.43756976293861,-161.43219729034067,59.438737572807966
1885,368,18525.04264814085,1.852504264814085,63,3.284102021398928,73.08695652173913,1406,1442,9928,9974,-161.22639325874889,60.005215190973736,-161.22226100844193,60.00844912599656
2931,368,18525.04264814085,1.852504264814085,106,5.525631972512482,106.53260869565217,2269,2301,3814,3881,-161.77562322345955,59.92804990806787,-161.76960451105595,59.93092451697705
576,368,18525.04264814085,1.852504264814085,141,7.350133095511886,192.27173913043478,430,478,75,160,-162.11150330819183,60.09181278436286,-162.10386762827682,60.09612469772663
3368,368,18525.04264814085,1.852504264814085,56,2.919201796799047,31.695652173913043,2634,2657,2701,2732,-161.87560571458206,59.89606988395321,-161.87282093720128,59.898136009106686
3429,368,18525.04264814085,1.852504264814085,31,1.6159867089423297,22.01086956521739,2685,2705,6015,6040,-161.57790402942484,59.89175797058944,-161.57565824121454,59.89355460115768
4014,367,18474.70285833612,1.847470285833612,34,1.774785553304394,21.100817438692097,3888,3906,7286,7312,-161.46372815681326,59.78387030496668,-161.46139253707454,59.7854872724781
3955,367,18474.70285833612,1.847470285833612,120,6.263949011662567,39.237057220708444,3728,3749,13710,13749,-160.88665041829486,59.79797385492736,-160.8831469886868,59.79986031702401
3138,367,18474.70285833612,1.847470285833612,26,1.3571889525268894,22.070844686648503,2448,2462,5013,5044,-161.66791522089363,59.91358703199354,-161.66513044351285,59.91484467339131
705,367,18474.70285833612,1.847470285833612,83,4.332564733066609,69.75476839237058,518,553,5432,5477,-161.63027581048902,60.08507541973196,-161.62623339171049,60.08821952322638
1095,367,18474.70285833612,1.847470285833612,64,3.3407728062200355,36.664850136239785,792,817,981,1014,-162.03011594345062,60.0613598962312,-162.02715150301302,60.063605684441505
1437,367,18474.70285833612,1.847470285833612,83,4.332564733066609,31.78201634877384,1039,1060,7628,7661,-161.43300577409636,60.0395308348271,-161.43004133365878,60.041417296923754
2460,366,18424.36306853139,1.842436306853139,67,3.5021461023784215,38.04371584699454,1887,1914,8343,8375,-161.36877623128183,59.9628147095633,-161.36590162237263,59.96524016083042
667,366,18424.36306853139,1.842436306853139,33,1.724937632514745,26.240437158469945,492,508,8903,8936,-161.31847057537112,60.0891178385105,-161.31550613493354,60.09055514296509
2745,366,18424.36306853139,1.842436306853139,37,1.9340209819104717,28.42622950819672,2121,2136,5265,5301,-161.6452776757338,59.94287211025584,-161.642043740711,59.94421958318202
61,366,18424.36306853139,1.842436306853139,95,4.965729548148508,170.76502732240436,35,88,5588,5660,-161.61626209205676,60.12684708044352,-161.6097942220111,60.13160815144935
3125,366,18424.36306853139,1.842436306853139,100,5.227083734893167,29.55191256830601,2434,2462,16041,16065,-160.6772531255666,59.91358703199354,-160.67509716888472,59.91610231478908
4300,365,18374.023278726658,1.8374023278726657,99,5.181896833643116,130.2027397260274,4329,4351,14435,14522,-160.8215225601962,59.743895274823366,-160.81370721722436,59.74587156844843
3295,365,18374.023278726658,1.8374023278726657,50,2.6171196129510688,26.312328767123287,2574,2593,6922,6952,-161.4964268331552,59.90181910177158,-161.49373188730286,59.9035259008114
638,365,18374.023278726658,1.8374023278726657,32,1.674956552288684,22.19178082191781,471,485,3249,3280,-161.8263780370123,60.09118396366397,-161.82359325963154,60.092441605061744
672,364,18323.683488921928,1.832368348892193,137,7.180751131545141,87.04395604395604,496,506,9704,9783,-161.24651552111314,60.08929750156732,-161.2394188303686,60.09019581685144
4200,364,18323.683488921928,1.832368348892193,111,5.817980843806647,58.56043956043956,4198,4213,5000,5058,-161.66908303076298,59.756292025744216,-161.6638728021151,59.75763949867039
5165,364,18323.683488921928,1.832368348892193,99,5.189009941773496,107.7032967032967,7167,7184,10825,10907,-161.14581437776334,59.4894025548323,-161.13844819243357,59.49092969081531
2743,364,18323.683488921928,1.832368348892193,113,5.922809327478839,60.175824175824175,2120,2139,871,926,-162.03999741157594,59.9426026156706,-162.03505667751327,59.94430941471043
2399,364,18323.683488921928,1.832368348892193,127,6.656608713184181,97.0989010989011,1837,1852,3597,3676,-161.79511666512494,59.96838426432483,-161.7880199743804,59.96973173725102
4314,364,18323.683488921928,1.832368348892193,54,2.8303690591491795,32.043956043956044,4342,4356,6490,6530,-161.53523405342918,59.74344611718131,-161.53164079229268,59.74470375857907
955,364,18323.683488921928,1.832368348892193,65,3.406925719346235,23.252747252747252,695,718,11031,11054,-161.1273090829105,60.070253217543986,-161.12524295775702,60.07231934269746
521,363,18273.3436991172,1.82733436991172,48,2.5193466291910944,27.548209366391184,393,416,5198,5225,-161.6512963881374,60.0973823391244,-161.64887093687028,60.09944846427787
4973,363,18273.3436991172,1.82733436991172,117,6.140907408653293,50.95316804407714,6462,6486,15073,15117,-160.76421004506938,59.55210496166385,-160.76025745781925,59.55426091834573
4154,363,18273.3436991172,1.82733436991172,44,2.309401076758503,21.333333333333332,4122,4139,6229,6256,-161.5586800823447,59.7629395588467,-161.55625463107756,59.7644666948297
2490,363,18273.3436991172,1.82733436991172,95,4.9862068702740405,48.0,1912,1938,9469,9509,-161.26762593028997,59.96065875288141,-161.2640326691535,59.962994372620116
3283,363,18273.3436991172,1.82733436991172,106,5.563557139463667,53.99449035812672,2558,2592,14528,14564,-160.81316822805388,59.90190893329999,-160.80993429303106,59.90496320526599
3345,363,18273.3436991172,1.82733436991172,110,5.773502691896258,58.72176308539945,2613,2646,14035,14075,-160.85745517156099,59.89705803076574,-160.8538619104245,59.900022471203336
824,363,18273.3436991172,1.82733436991172,158,8.292849321087353,271.6143250688705,601,666,1416,1508,-161.9910392285914,60.07492445702141,-161.9827747279775,60.080763506368186
3539,362,18223.003909312465,1.8223003909312465,50,2.6279416561381836,27.624309392265193,2789,2808,3144,3175,-161.83581034749557,59.88250532316301,-161.83302557011478,59.88421212220283
3566,362,18223.003909312465,1.8223003909312465,27,1.4190884943146191,19.49171270718232,2818,2834,3192,3218,-161.8314984341318,59.8801697034243,-161.82916281439307,59.88160700787889
4309,362,18223.003909312465,1.8223003909312465,65,3.4163241529796387,34.651933701657455,4338,4362,5250,5282,-161.64662514865998,59.742907128010835,-161.6437505397508,59.745063084692724
769,362,18223.003909312465,1.8223003909312465,75,3.9419124842072755,48.13259668508287,560,575,5315,5366,-161.6407860993132,60.083099126106895,-161.6362046913642,60.08444659903308
4457,362,18223.003909312465,1.8223003909312465,61,3.206088820488584,43.85635359116022,4578,4588,2336,2389,-161.90839422245242,59.72260520258973,-161.90363315144657,59.72350351787385
332,362,18223.003909312465,1.8223003909312465,108,5.676353977258477,67.22651933701657,267,281,12393,12457,-161.00495854121343,60.10950959546001,-160.99920932339504,60.110767236857775
2016,362,18223.003909312465,1.8223003909312465,74,3.889353651084512,51.0939226519337,1519,1535,176,228,-162.10243032382223,59.996860858831425,-162.0977590843448,59.998298163286016
3664,362,18223.003909312465,1.8223003909312465,77,4.047030150452803,52.607734806629836,2968,2991,14440,14486,-160.82107340255413,59.86606615346362,-160.8169411522472,59.8681322786171
5143,362,18223.003909312465,1.8223003909312465,90,4.730294981048731,43.85635359116022,7114,7140,10523,10560,-161.17294349934377,59.49335514208243,-161.1696197327925,59.495690761821145
5179,362,18223.003909312465,1.8223003909312465,97,5.098206812908076,63.8232044198895,7231,7246,7817,7878,-161.4160276152265,59.48383300007077,-161.4105478919934,59.485180472996944
4717,362,18223.003909312465,1.8223003909312465,135,7.0954424715730955,126.50828729281768,5202,5235,3227,3301,-161.82835433063735,59.664484203707204,-161.8217067975349,59.6674486441448
2756,362,18223.003909312465,1.8223003909312465,88,4.625177314803203,77.96685082872928,2131,2147,5132,5200,-161.6572252690126,59.94188396344331,-161.65111672508058,59.9433212678979
1526,362,18223.003909312465,1.8223003909312465,59,3.100971154243057,33.425414364640886,1102,1117,1387,1427,-161.99364434291536,60.03441043770762,-161.9900510817789,60.0357579106338
2836,361,18172.664119507735,1.8172664119507735,64,3.3684210526315788,43.97783933518006,2196,2212,3358,3405,-161.8165864004154,59.936044914096534,-161.81236431858005,59.937482218551125
4226,361,18172.664119507735,1.8172664119507735,20,1.0526315789473684,22.437673130193907,4226,4241,5227,5257,-161.64869127381345,59.75377674294868,-161.64599632796111,59.75512421587486
1983,361,18172.664119507735,1.8172664119507735,62,3.263157894736842,42.59279778393352,1490,1511,1225,1266,-162.0081970505181,59.99901681551331,-162.0045139578532,60.000903277609964
1238,361,18172.664119507735,1.8172664119507735,66,3.473684210526316,34.74792243767313,894,909,57,98,-162.11312027570327,60.053095395617305,-162.10943718303835,60.05444286854348
3848,361,18172.664119507735,1.8172664119507735,170,8.947368421052632,379.22437673130196,3379,3410,6746,6900,-161.5122371821557,59.82842674305901,-161.49840312678026,59.83121152043979
4986,361,18172.664119507735,1.8172664119507735,72,3.789473684210526,57.4404432132964,6545,6559,4237,4295,-161.7376244869413,59.545547260089776,-161.7324142582934,59.54680490148754
4634,360,18122.324329703006,1.8122324329703006,79,4.163665585888366,90.0,4984,5009,16163,16228,-160.66629367910036,59.6847861291283,-160.6604546297536,59.6870319173386
4065,360,18122.324329703006,1.8122324329703006,36,1.8973665961010275,30.044444444444444,3979,3993,4312,4350,-161.7308871223104,59.776054961994845,-161.72747352423073,59.77731260339261
3058,360,18122.324329703006,1.8122324329703006,39,2.0554804791094465,30.044444444444444,2383,2397,2809,2847,-161.86590390951358,59.91942608134032,-161.8624903114339,59.92068372273809
1097,360,18122.324329703006,1.8122324329703006,49,2.5825267558041762,28.9,792,807,10522,10558,-161.1730333308722,60.06225821151533,-161.16979939584934,60.063605684441505
2509,360,18122.324329703006,1.8122324329703006,31,1.6338434577536627,22.5,1929,1943,2889,2920,-161.8587173872406,59.96020959523935,-161.85593260985985,59.96146723663711
2218,360,18122.324329703006,1.8122324329703006,64,3.3730961708462712,31.211111111111112,1690,1709,16503,16537,-160.6357509594403,59.98123017288774,-160.6326966874743,59.98293697192757
1628,360,18122.324329703006,1.8122324329703006,65,3.4258007985157444,48.4,1185,1200,1937,1988,-161.9442370022888,60.02695442084943,-161.93965559433977,60.028301893775605
4510,360,18122.324329703006,1.8122324329703006,120,6.324555320336758,49.87777777777778,4706,4725,16437,16485,-160.64167984031548,59.7102982831973,-160.6373679269517,59.71200508223712
737,360,18122.324329703006,1.8122324329703006,92,4.8488257455915145,38.67777777777778,538,566,11219,11250,-161.11042075556904,60.08390760986261,-161.10763597818828,60.08642289265814
5336,360,18122.324329703006,1.8122324329703006,115,6.061032181989393,72.9,7789,7803,15362,15429,-160.73824873335832,59.43379683874531,-160.73223002095472,59.43505448014307
1884,359,18071.984539898276,1.8071984539898276,80,4.222238511754076,57.760445682451255,1403,1436,7426,7465,-161.45115174283558,60.00575418014421,-161.44764831322752,60.0087186205818
4361,359,18071.984539898276,1.8071984539898276,68,3.588902734990965,86.2841225626741,4408,4433,15597,15660,-160.71713832418152,59.73652908949359,-160.71147893789157,59.73877487770388
1747,359,18071.984539898276,1.8071984539898276,95,5.013908232707966,109.2033426183844,1290,1322,9467,9534,-161.2678055933468,60.01599497438317,-161.2617868809432,60.01886958329235
2738,359,18071.984539898276,1.8071984539898276,41,2.163897237273964,30.128133704735376,2116,2131,1414,1451,-161.99121889164823,59.9433212678979,-161.987895125097,59.94466874082408
1277,358,18021.644750093546,1.8021644750093546,43,2.272620617101267,24.681564245810055,923,937,7074,7107,-161.48277244083658,60.05058011282177,-161.479808000399,60.05183775421954
538,358,18021.644750093546,1.8021644750093546,67,3.5410600312973224,38.89385474860335,404,425,9715,9753,-161.24552737430062,60.09657385536869,-161.24211377622098,60.09846031746534
2646,358,18021.644750093546,1.8021644750093546,29,1.5326976254869007,25.743016759776538,2045,2060,8868,8901,-161.32161467886556,59.94969930641515,-161.31865023842795,59.951046779341326
4656,358,18021.644750093546,1.8021644750093546,67,3.5410600312973224,41.57541899441341,5011,5030,5421,5463,-161.63126395730154,59.68289966703165,-161.62749103310824,59.68460646607148
2571,358,18021.644750093546,1.8021644750093546,101,5.338015868075068,98.72625698324022,1978,2017,7342,7397,-161.45869759122218,59.95356206213686,-161.45375685715953,59.95706549174493
2042,358,18021.644750093546,1.8021644750093546,76,4.016724811620843,33.798882681564244,1540,1560,1177,1212,-162.01250896388186,59.99461507062112,-162.00936486038745,59.996411701189366
3483,358,18021.644750093546,1.8021644750093546,35,1.8498074790359147,25.743016759776538,2737,2758,1914,1941,-161.94630312744226,59.88699689958361,-161.94387767617513,59.88888336168026
3161,358,18021.644750093546,1.8021644750093546,79,4.175279738395351,47.20670391061452,2461,2485,7149,7190,-161.4760350762057,59.91152090684007,-161.4723519835408,59.91367686352196
2532,357,17971.304960288813,1.7971304960288814,57,3.0167599069422897,40.33613445378151,1952,1977,6988,7023,-161.49049795228,59.95715532327334,-161.4873538487856,59.959401111483636
3296,357,17971.304960288813,1.7971304960288814,123,6.509850325507046,40.33613445378151,2574,2596,16041,16079,-160.6772531255666,59.90154960718634,-160.67383952748696,59.9035259008114
4277,357,17971.304960288813,1.7971304960288814,92,4.869156341029661,79.05882352941177,4287,4309,14105,14167,-160.85116696457214,59.747668199016665,-160.8455974098106,59.74964449264173
5156,357,17971.304960288813,1.7971304960288814,67,3.546016030967253,47.338935574229694,7151,7172,10532,10576,-161.17213501558805,59.49048053317325,-161.16818242833793,59.4923669952699
1873,357,17971.304960288813,1.7971304960288814,41,2.169950108502349,33.89355742296919,1394,1408,4296,4337,-161.732324426765,60.008269462939744,-161.7286413341001,60.00952710433751
99,356,17920.965170484084,1.7920965170484084,39,2.066995866012402,28.089887640449437,66,85,4057,4088,-161.75379416205544,60.12711657502875,-161.7510093846747,60.12882337406858
4535,356,17920.965170484084,1.7920965170484084,33,1.748996502010494,23.775280898876403,4777,4793,6142,6172,-161.56649542531653,59.70418973926528,-161.56380047946416,59.70562704371987
4607,356,17920.965170484084,1.7920965170484084,90,4.7699904600286205,48.943820224719104,4939,4964,14755,14796,-160.7927764711044,59.68882854790684,-160.7890933784395,59.69107433611714
4050,356,17920.965170484084,1.7920965170484084,38,2.013995972012084,28.089887640449437,3944,3956,7011,7049,-161.48843182712653,59.779378728546085,-161.4850182290469,59.78045670688703
3857,356,17920.965170484084,1.7920965170484084,93,4.9289901420295745,68.35955056179775,3406,3445,12482,12521,-160.99696353518476,59.82528263956459,-160.99346010557667,59.82878606917266
846,356,17920.965170484084,1.7920965170484084,95,5.034989930030211,83.10112359550561,617,639,4945,5009,-161.67402376482562,60.07734990828853,-161.66827454700726,60.079326201913595
2586,355,17870.625380679354,1.7870625380679355,97,5.14822545661247,63.38028169014085,1997,2024,4271,4319,-161.7345702149753,59.952933241437975,-161.7302583016115,59.955358692705104
4707,355,17870.625380679354,1.7870625380679355,37,1.9637561020068184,30.467605633802815,5153,5169,13093,13129,-160.94207647132504,59.67041308458239,-160.93884253630222,59.67185038903698
440,355,17870.625380679354,1.7870625380679355,59,3.131394865362224,34.08450704225352,342,368,5762,5791,-161.60063140611308,60.10169425248817,-161.59802629178913,60.10402987222688
1119,355,17870.625380679354,1.7870625380679355,56,2.972171397631941,34.08450704225352,806,820,9529,9570,-161.26223603858526,60.06109040164597,-161.25855294592034,60.062348043043734
915,355,17870.625380679354,1.7870625380679355,84,4.458257096447912,52.10140845070423,666,689,9936,9981,-161.22567460652158,60.072858331867934,-161.22163218774304,60.07492445702141
3665,355,17870.625380679354,1.7870625380679355,63,3.343692822335934,34.08450704225352,2969,2984,1315,1355,-162.00011221296103,59.866694974162506,-161.99651895182456,59.86804244708868
1819,355,17870.625380679354,1.7870625380679355,132,7.005832580132433,65.08169014084507,1347,1384,9685,9724,-161.248222320153,60.010425419621626,-161.2447188905449,60.01374918617287
5329,355,17870.625380679354,1.7870625380679355,84,4.458257096447912,40.563380281690144,7773,7789,9022,9066,-161.30778062349012,59.43505448014307,-161.30382803624,59.43649178459766
4552,355,17870.625380679354,1.7870625380679355,95,5.042076478125614,34.08450704225352,4802,4826,15542,15573,-160.72207905824416,59.70122529882769,-160.7192942808634,59.703381255509576
1486,355,17870.625380679354,1.7870625380679355,67,3.555990779309644,44.72112676056338,1067,1091,6007,6046,-161.57862268165215,60.03674605744633,-161.57511925204406,60.03890201412822
349,354,17820.28559087462,1.782028559087462,34,1.8070796117392953,24.96045197740113,278,297,9199,9227,-161.2918804429612,60.10807229100542,-161.28936516016566,60.109779090045244
3247,354,17820.28559087462,1.782028559087462,110,5.846434037980073,55.367231638418076,2524,2542,5624,5676,-161.6130281570339,59.90640050972059,-161.6083569175565,59.908017477232
2773,354,17820.28559087462,1.782028559087462,108,5.740135237289526,91.52542372881356,2145,2181,3757,3811,-161.78074362057905,59.9388296914773,-161.7758927180448,59.94206362650013
2389,354,17820.28559087462,1.782028559087462,70,3.720458024169137,35.43502824858757,1833,1855,3718,3752,-161.7842470501871,59.9681147697396,-161.78119277822108,59.97009106336466
961,354,17820.28559087462,1.782028559087462,71,3.7736074245144104,35.43502824858757,700,721,6617,6652,-161.52382544932084,60.06998372295875,-161.52068134582643,60.0718701850554
1039,354,17820.28559087462,1.782028559087462,75,3.9862050258955044,34.18079096045198,756,780,14205,14236,-160.84218381173096,60.06468366278245,-160.83939903435018,60.06683961946433
35,354,17820.28559087462,1.782028559087462,70,3.720458024169137,63.559322033898304,8,39,4151,4195,-161.7453499983847,60.1312488253357,-161.74139741113459,60.13403360271647
1516,354,17820.28559087462,1.782028559087462,54,2.870067618644763,27.129943502824858,1094,1108,799,834,-162.04646528162158,60.035218921463326,-162.04332117812717,60.0364765628611
4370,353,17769.94580106989,1.776994580106989,25,1.3306157385308737,25.03116147308782,4418,4435,4898,4928,-161.67824584666099,59.73634942643676,-161.67555090080864,59.737876562419764
4950,353,17769.94580106989,1.776994580106989,174,9.26108554017488,200.44192634560906,6327,6356,10178,10282,-161.2039353766459,59.5637830603574,-161.19459289769105,59.56638817468135
211,353,17769.94580106989,1.776994580106989,22,1.1709418499071689,22.946175637393768,156,172,8483,8512,-161.35619981730414,60.11930123205691,-161.3535947029802,60.1207385365115
2074,353,17769.94580106989,1.776994580106989,34,1.8096374044019883,28.328611898016998,1564,1577,3104,3141,-161.83940360863204,59.99308793463812,-161.8360798420808,59.99425574450748
26,353,17769.94580106989,1.776994580106989,85,4.5240935110049705,67.1841359773371,0,18,9817,9876,-161.2363645584026,60.13313528743235,-161.2310644982263,60.13475225494377
1128,353,17769.94580106989,1.776994580106989,109,5.801484619994609,49.359773371104815,811,838,2827,2866,-161.86428694200214,60.05947343413455,-161.86078351239408,60.061898885401675
4665,352,17719.60601126516,1.771960601126516,111,5.916319878868189,58.90909090909091,5023,5064,16080,16111,-160.67374969595855,59.67984539506564,-160.67096491857777,59.683528487730534
2834,352,17719.60601126516,1.771960601126516,129,6.875723102468436,70.92045454545455,2194,2214,4846,4905,-161.68291708613842,59.93586525103971,-161.67761702596212,59.937661881607944
3964,352,17719.60601126516,1.771960601126516,59,3.1447105662452537,62.22727272727273,3767,3780,1837,1898,-161.95322015512997,59.79518907754659,-161.94774043189685,59.796356887415946
1134,352,17719.60601126516,1.771960601126516,93,4.956916655267943,35.63636363636363,813,836,2028,2061,-161.9360623332033,60.05965309719138,-161.93309789276572,60.061719222344855
3814,352,17719.60601126516,1.771960601126516,64,3.4112114616897666,42.28409090909091,3275,3287,4693,4742,-161.69666130998544,59.839476021053684,-161.69225956509325,59.84055399939463
3626,352,17719.60601126516,1.771960601126516,70,3.7310125362231825,30.727272727272727,2906,2924,6256,6290,-161.55625463107756,59.87208486586722,-161.55320035911157,59.87370183337864
1162,352,17719.60601126516,1.771960601126516,47,2.5051084171784224,43.68181818181818,834,848,5038,5086,-161.66566943268333,60.058575118850435,-161.66135751931955,60.0598327602482
2966,352,17719.60601126516,1.771960601126516,23,1.22590411904476,20.045454545454547,2300,2315,6053,6080,-161.5744904313452,59.9267922666701,-161.57206498007807,59.92813973959628
2186,351,17669.26622146043,1.7669266221460431,133,7.099014818692197,43.806267806267805,1665,1682,12683,12728,-160.97890739797396,59.98365562415486,-160.97486497919542,59.98518276013787
905,351,17669.26622146043,1.7669266221460431,31,1.654657589319234,25.173789173789174,660,676,10077,10108,-161.21300836101548,60.07402614173729,-161.21022358363473,60.07546344619188
4513,351,17669.26622146043,1.7669266221460431,127,6.778758511082023,76.62678062678063,4711,4726,4855,4922,-161.6821086023827,59.71020845166888,-161.6760898899791,59.71155592459506
5175,351,17669.26622146043,1.7669266221460431,82,4.376836204005715,39.66951566951567,7224,7244,4841,4880,-161.68336624378048,59.48401266312759,-161.67986281417242,59.48580929369583
3033,351,17669.26622146043,1.7669266221460431,76,4.056579896395541,46.67806267806268,2362,2386,1676,1716,-161.9676830312043,59.92041422815285,-161.96408977006783,59.92257018483474
820,351,17669.26622146043,1.7669266221460431,67,3.5761954349802796,33.23076923076923,599,620,2175,2208,-161.92285709852675,60.07905670732836,-161.91989265808914,60.08094316942501
3645,351,17669.26622146043,1.7669266221460431,54,2.8823067684915684,28.49002849002849,2933,2958,1412,1437,-161.99139855470506,59.869030593901215,-161.98915276649475,59.87127638211152
4364,351,17669.26622146043,1.7669266221460431,103,5.4977332806413255,135.3960113960114,4410,4433,4208,4294,-161.74022960126524,59.73652908949359,-161.73250408982182,59.73859521464706
4044,351,17669.26622146043,1.7669266221460431,39,2.081665999466133,29.641025641025642,3935,3951,6242,6277,-161.55751227247532,59.779827886188144,-161.55436816898091,59.781265190642735
1766,351,17669.26622146043,1.7669266221460431,33,1.7614096918559585,23.076923076923077,1302,1318,3594,3623,-161.79538615971018,60.016354300496815,-161.79278104538622,60.017791604951405
4876,350,17618.926431655702,1.7618926431655701,89,4.757250106041154,56.0,5849,5876,4487,4530,-161.71516660483832,59.60690219399514,-161.7113038491166,59.60932764526226
4348,350,17618.926431655702,1.7618926431655701,92,4.917606851188609,49.78285714285714,4394,4424,6347,6383,-161.54807996199207,59.73733757324929,-161.54484602696925,59.74003251910165
293,350,17618.926431655702,1.7618926431655701,42,2.244994432064365,25.245714285714286,229,248,4740,4768,-161.69243922815008,60.112474035897606,-161.68992394535454,60.114180834937436
755,350,17618.926431655702,1.7618926431655701,31,1.657019699857031,25.245714285714286,549,565,10991,11022,-161.13090234404697,60.08399744139102,-161.1281175666662,60.08543474584561
1006,350,17618.926431655702,1.7618926431655701,59,3.1536826545666075,33.325714285714284,732,753,11411,11444,-161.09317310211395,60.06710911404957,-161.09020866167634,60.06899557614622
5208,350,17618.926431655702,1.7618926431655701,84,4.48998886412873,64.28571428571429,7368,7385,16142,16200,-160.668180141197,59.471346417621504,-160.6629699125491,59.47287355360451
4504,350,17618.926431655702,1.7618926431655701,106,5.665938328543397,64.28571428571429,4688,4706,5723,5780,-161.60413483572114,59.71200508223712,-161.59901443860164,59.71362204974854
762,350,17618.926431655702,1.7618926431655701,100,5.3452248382484875,133.30285714285714,556,588,8021,8097,-161.39770198343047,60.081931316237544,-161.39087478727117,60.084805925146725
1270,350,17618.926431655702,1.7618926431655701,61,3.260587151331577,42.52571428571429,915,949,2502,2529,-161.89348218873604,60.049502134480825,-161.89105673746892,60.05255640644683
1663,350,17618.926431655702,1.7618926431655701,48,2.565707922359274,33.325714285714284,1218,1240,6820,6852,-161.50558964905323,60.02336115971295,-161.50271504014404,60.02533745333801
3558,350,17618.926431655702,1.7618926431655701,50,2.6726124191242437,26.33142857142857,2809,2824,5372,5405,-161.63566570219373,59.88106801870842,-161.63270126175613,59.882415491634596
4281,349,17568.58664185097,1.756858664185097,66,3.532899001976449,94.91117478510029,4293,4331,14532,14585,-160.81280890194026,59.7456919053916,-160.8080478309344,59.749105503471256
3373,349,17568.58664185097,1.756858664185097,102,5.45993482123633,49.92550143266476,2636,2652,13359,13409,-160.91818128476746,59.896519041595276,-160.91368970834688,59.89795634604987
4476,349,17568.58664185097,1.756858664185097,56,2.9976112744042593,46.94555873925501,4618,4635,2453,2500,-161.8978839336282,59.718383120754375,-161.89366185179284,59.71991025673737
5328,349,17568.58664185097,1.756858664185097,33,1.7664495009882244,28.653295128939828,7772,7791,14672,14703,-160.80023248796257,59.43487481708625,-160.7974477105818,59.43658161612608
941,349,17568.58664185097,1.756858664185097,98,5.2458197302074545,69.73065902578797,685,706,3325,3382,-161.819550840853,60.07133119588493,-161.81443044373353,60.07321765798158
1429,349,17568.58664185097,1.756858664185097,113,6.048751321565738,73.35243553008596,1031,1080,9719,9750,-161.24516804818697,60.03773420425886,-161.24238327080622,60.042135949151046
2456,349,17568.58664185097,1.756858664185097,47,2.5158523195892895,32.19484240687679,1880,1893,5975,6015,-161.58149729056132,59.96470117165995,-161.57790402942484,59.9658689815293
4001,349,17568.58664185097,1.756858664185097,44,2.3552660013176325,38.55587392550143,3856,3880,2440,2474,-161.89905174349758,59.78620592470539,-161.89599747153156,59.78836188138728
4709,349,17568.58664185097,1.756858664185097,29,1.5523344099593488,26.406876790830946,5156,5172,5868,5900,-161.5911092641014,59.67014358999715,-161.58823465519222,59.67158089445174
789,348,17518.24685204624,1.751824685204624,38,2.03701381619181,29.896551724137932,581,605,4608,4635,-161.70429698990046,60.08040418025454,-161.70187153863333,60.08256013693642
2020,347,17467.90706224151,1.746790706224151,45,2.4157265719275856,29.98270893371758,1521,1543,3644,3673,-161.79089458328957,59.99614220660413,-161.78828946896564,59.99811850022919
3212,347,17467.90706224151,1.746790706224151,81,4.348307829469654,59.757925072046106,2495,2551,276,292,-162.09344717098105,59.90559202596488,-162.09200986652644,59.91062259155595
3761,347,17467.90706224151,1.746790706224151,44,2.3620437592180834,42.893371757925074,3169,3187,13915,13958,-160.86823495497043,59.84845917389488,-160.86437219924872,59.85007614140629
2025,347,17467.90706224151,1.746790706224151,56,3.006237511732106,38.778097982708935,1526,1557,5075,5102,-161.66234566613207,59.99488456520636,-161.65992021486497,59.99766934258713
3603,347,17467.90706224151,1.746790706224151,51,2.7378234481845967,32.38040345821326,2876,2896,6160,6193,-161.56487845780512,59.87460014866276,-161.5619140173675,59.876396779230994
3387,347,17467.90706224151,1.746790706224151,53,2.8451890736036005,41.4985590778098,2649,2664,6754,6799,-161.51151852992842,59.89544106325433,-161.50747611114988,59.89678853618051
758,347,17467.90706224151,1.746790706224151,84,4.509356267598159,131.97694524495677,553,579,6523,6604,-161.53226961299157,60.08273979999325,-161.5249932591902,60.08507541973196
2219,347,17467.90706224151,1.746790706224151,89,4.7777703311456685,119.93083573487031,1691,1719,3533,3607,-161.8008658829433,59.98033185760362,-161.79421834984083,59.98284714039916
1353,347,17467.90706224151,1.746790706224151,32,1.7178500067040607,23.34293948126801,975,990,5499,5529,-161.62425709808542,60.04581904181594,-161.62156215223305,60.047166514742116
1740,347,17467.90706224151,1.746790706224151,41,2.200995321089578,24.391930835734872,1279,1298,7664,7691,-161.42977183907354,60.01815093106506,-161.4273463878064,60.01985773010488
4692,347,17467.90706224151,1.746790706224151,48,2.576775010056091,32.38040345821326,5075,5108,3972,3992,-161.76142984197045,59.675892807815515,-161.75963321140222,59.67885724825311
1837,347,17467.90706224151,1.746790706224151,69,3.704114076955631,85.25648414985591,1363,1401,1560,1608,-161.9781034885001,60.00889828363862,-161.97379157513632,60.012311881718276
5404,346,17417.567272436776,1.7417567272436776,88,4.730909309020139,45.884393063583815,7979,8003,8110,8149,-161.3897069774018,59.415830533062916,-161.38620354779374,59.417986489744806
5392,346,17417.567272436776,1.7417567272436776,78,4.1933059784496685,70.33526011560694,7960,7985,8054,8107,-161.39473754299289,59.41744750057433,-161.38997647198704,59.41969328878463
751,346,17417.567272436776,1.7417567272436776,164,8.816694621355714,169.2601156069364,549,581,1320,1409,-161.99966305531896,60.08256013693642,-161.9916680492903,60.08543474584561
327,346,17417.567272436776,1.7417567272436776,54,2.90305798508054,33.71098265895954,261,274,3842,3883,-161.773107940664,60.1101384161589,-161.76942484799912,60.11130622602825
2572,346,17417.567272436776,1.7417567272436776,154,8.279091290785242,213.82658959537574,1980,2026,459,549,-162.07700800128165,59.952753578381156,-162.06892316372458,59.95688582868811
4523,346,17417.567272436776,1.7417567272436776,47,2.5267356536812104,30.069364161849713,4737,4751,6407,6444,-161.54269007028736,59.70796266345859,-161.53936630373613,59.70922030485635
1374,345,17367.227482632046,1.7367227482632046,88,4.737760738111857,53.61159420289855,990,1032,10536,10562,-161.1717756894744,60.04204611762263,-161.16944006973569,60.04581904181594
4501,345,17367.227482632046,1.7367227482632046,67,3.607158743789709,33.80869565217391,4684,4707,4953,4984,-161.67330511259834,59.711915250708714,-161.67052033521756,59.71398137586218
2813,345,17367.227482632046,1.7367227482632046,71,3.8225115046129754,43.142028985507245,2175,2198,6364,6402,-161.54655282600908,59.9373025554943,-161.54313922792943,59.939368680647775
1091,345,17367.227482632046,1.7367227482632046,137,7.375832058196868,100.27826086956522,787,808,6966,7038,-161.49247424590507,60.062168379986915,-161.4860063758594,60.064054842083564
4249,345,17367.227482632046,1.7367227482632046,103,5.545333591199105,127.82608695652173,4257,4275,3367,3454,-161.8157779166597,59.75072247098267,-161.80796257368786,59.75233943849409
5352,345,17367.227482632046,1.7367227482632046,84,4.522407977288591,58.446376811594206,7823,7849,5076,5121,-161.66225583460366,59.42966458843836,-161.65821341582512,59.432000208177065
4350,345,17367.227482632046,1.7367227482632046,79,4.253217026259508,66.96811594202899,4396,4429,14370,14413,-160.82736160954298,59.73688841560723,-160.82349885382126,59.73985285604483
2429,345,17367.227482632046,1.7367227482632046,64,3.4456441731722594,41.73913043478261,1852,1871,8007,8048,-161.39895962482822,59.96667746528501,-161.39527653216334,59.96838426432483
4391,345,17367.227482632046,1.7367227482632046,21,1.1306019943221477,19.48985507246377,4454,4470,3449,3474,-161.80841173132993,59.73320532294235,-161.80616594311962,59.73464262739694
4108,345,17367.227482632046,1.7367227482632046,90,4.845437118523489,65.21739130434783,4054,4078,4322,4373,-161.72998880702627,59.768419282079826,-161.72540739907726,59.770575238761715
3690,345,17367.227482632046,1.7367227482632046,108,5.814524542228187,111.35072463768115,3010,3057,4912,4963,-161.67698820526323,59.86013727258843,-161.6724067973142,59.8643593544238
1956,345,17367.227482632046,1.7367227482632046,41,2.2073657984384787,32.56811594202899,1468,1490,8051,8082,-161.3950070375781,60.000903277609964,-161.39222226019734,60.00287957123503
3486,345,17367.227482632046,1.7367227482632046,104,5.599171781404921,85.75072463768116,2738,2769,10305,10360,-161.19252677253758,59.886008752771076,-161.1875860384749,59.888793530151844
1911,344,17316.887692827317,1.7316887692827316,88,4.74464202095129,61.96511627906977,1430,1459,14405,14449,-160.82421750604857,60.00368805499073,-160.82026491879844,60.00629316931468
1476,344,17316.887692827317,1.7316887692827316,72,3.881979835323783,56.97674418604651,1062,1079,2724,2777,-161.8735395894286,60.037824035787274,-161.86877851842274,60.03935117177028
387,344,17316.887692827317,1.7316887692827316,164,8.84228740268195,173.06976744186048,306,323,5615,5720,-161.61383664078963,60.10573667126671,-161.60440433030638,60.107263807249716
4213,344,17316.887692827317,1.7316887692827316,126,6.79346471181662,125.76744186046511,4207,4219,10321,10413,-161.19108946808296,59.75575303657374,-161.1828249674691,59.75683101491469
2516,344,17316.887692827317,1.7316887692827316,98,5.283805886968482,82.04651162790698,1937,1964,8547,8604,-161.35045059948578,59.9583231331427,-161.3453302023663,59.96074858440982
4765,344,17316.887692827317,1.7316887692827316,149,8.033541603656161,164.6627906976744,5416,5446,4895,4984,-161.67851534124623,59.64552975121228,-161.67052033521756,59.648224697064634
3335,344,17316.887692827317,1.7316887692827316,70,3.7741470621203446,36.46511627906977,2605,2615,793,839,-162.04700427079206,59.899842808146516,-162.0428720204851,59.900741123430635
3153,344,17316.887692827317,1.7316887692827316,129,6.955213871621778,178.7906976744186,2454,2482,9515,9611,-161.26349367998301,59.91179040142531,-161.25486985325546,59.91430568422084
1768,344,17316.887692827317,1.7316887692827316,53,2.857568489891118,26.790697674418606,1303,1325,2623,2649,-161.88261257379818,60.015725479797936,-161.88027695405947,60.017701773423
794,344,17316.887692827317,1.7316887692827316,52,2.803652103289399,31.441860465116278,585,606,9880,9911,-161.23070517211264,60.08031434872613,-161.22792039473188,60.082200810822776
5266,344,17316.887692827317,1.7316887692827316,49,2.641902943484241,26.790697674418606,7566,7586,4998,5026,-161.6692626938198,59.4532902804107,-161.66674741102426,59.45508691097894
177,344,17316.887692827317,1.7316887692827316,62,3.342815969306591,44.69767441860465,141,163,2437,2477,-161.89932123808282,60.120109715812625,-161.89572797694632,60.12208600943769
3141,343,17266.547903022587,1.7266547903022587,31,1.6738426661837205,25.760932944606413,2450,2465,6217,6249,-161.55975806068562,59.91331753740831,-161.55688345177646,59.91466501033449
5052,343,17266.547903022587,1.7266547903022587,49,2.6457513110645903,46.285714285714285,6782,6800,10722,10767,-161.1550670251898,59.5238978617425,-161.15102460641126,59.52551482925391
4282,343,17266.547903022587,1.7266547903022587,36,1.9438172897617398,23.61516034985423,4294,4312,3425,3452,-161.8105676880118,59.74739870443143,-161.8081422367447,59.74901567194285
2985,343,17266.547903022587,1.7266547903022587,48,2.5917563863489863,24.676384839650147,2314,2330,5351,5381,-161.63755216429038,59.92544479374392,-161.63485721843801,59.92688209819851
2691,343,17266.547903022587,1.7266547903022587,51,2.753741160495798,28.0,2081,2102,8260,8288,-161.37623224814,59.94592638222185,-161.37371696534447,59.9478128443185
497,343,17266.547903022587,1.7266547903022587,58,3.1317056335050255,39.23032069970846,376,390,10799,10843,-161.14814999750206,60.09971795886311,-161.14419741025193,60.100975600260874
334,343,17266.547903022587,1.7266547903022587,30,1.6198477414681165,28.0,268,285,8591,8623,-161.34649801223566,60.109150269346365,-161.34362340332646,60.11067740532937
323,342,17216.208113217857,1.7216208113217857,60,3.244428422615251,40.71345029239766,257,274,387,429,-162.08347587132732,60.1101384161589,-162.079702947134,60.1116655521419
1427,342,17216.208113217857,1.7216208113217857,39,2.108878474699913,43.52046783625731,1030,1050,6369,6410,-161.546103668367,60.04042915011122,-161.54242057570212,60.04222578067946
935,342,17216.208113217857,1.7216208113217857,42,2.2710998958306754,44.95906432748538,681,704,6890,6929,-161.4993014420644,60.07151085894176,-161.49579801245633,60.07357698409523
3869,342,17216.208113217857,1.7216208113217857,76,4.109609335312651,65.78947368421052,3440,3455,3188,3248,-161.83185776024544,59.82438432428047,-161.8264678685407,59.82573179720666
3667,342,17216.208113217857,1.7216208113217857,29,1.568140404264038,22.64327485380117,2971,2984,9318,9349,-161.28119049108017,59.866694974162506,-161.27840571369939,59.86786278403186
754,342,17216.208113217857,1.7216208113217857,55,2.9740593873973133,46.421052631578945,549,564,5561,5609,-161.61868754332386,60.084087272919426,-161.6143756299601,60.08543474584561
5220,342,17216.208113217857,1.7216208113217857,55,2.9740593873973133,28.08187134502924,7414,7431,9821,9853,-161.23600523228896,59.46721416731455,-161.23313062337976,59.468741303297556
2229,342,17216.208113217857,1.7216208113217857,65,3.5147974578331884,32.853801169590646,1699,1718,5818,5852,-161.595600840522,59.98042168913204,-161.592546568556,59.98212848817186
1999,342,17216.208113217857,1.7216208113217857,43,2.325173702874263,30.42105263157895,1502,1516,6264,6301,-161.55553597885026,59.99856765787125,-161.55221221229903,59.99982529926902
1784,342,17216.208113217857,1.7216208113217857,92,4.974790248010051,67.55555555555556,1317,1349,10234,10278,-161.19890481105483,60.01356952311605,-161.1949522238047,60.01644413202523
1369,342,17216.208113217857,1.7216208113217857,145,7.8407020213201895,138.95906432748538,986,1010,11218,11303,-161.11051058709745,60.044022411247695,-161.10287490718244,60.046178367929585
3244,342,17216.208113217857,1.7216208113217857,97,5.245159283227989,171.23976608187135,2520,2550,3883,3974,-161.76942484799912,59.90568185749329,-161.76125017891363,59.908376803345654
743,341,17165.868323413124,1.7165868323413125,40,2.166121444295529,30.51026392961877,543,558,5758,5794,-161.6009907322267,60.0846262620899,-161.59775679720389,60.08597373501608
484,341,17165.868323413124,1.7165868323413125,32,1.7328971554364234,22.70967741935484,369,386,8442,8469,-161.35988290996903,60.100077284976756,-161.3574574587019,60.10160442095976
2316,341,17165.868323413124,1.7165868323413125,80,4.332242888591058,57.47800586510264,1763,1775,14979,15037,-160.7726542087401,59.97530129201255,-160.76744398009222,59.9763792703535
3798,341,17165.868323413124,1.7165868323413125,57,3.0867230581211293,42.22873900293255,3248,3265,4409,4452,-161.72217346405444,59.84145231467875,-161.71831070833272,59.84297945066175
4807,341,17165.868323413124,1.7165868323413125,41,2.2202744804029177,23.75366568914956,5549,5564,4299,4329,-161.73205493217975,59.634929630859666,-161.7293599863274,59.63627710378585
2258,340,17115.528533608394,1.7115528533608395,16,0.8677218312746247,20.75294117647059,1719,1734,3851,3878,-161.7722994569083,59.978984384677446,-161.76987400564119,59.98033185760362
66,340,17115.528533608394,1.7115528533608395,54,2.9285611805518585,30.6,39,59,9436,9467,-161.27059037072755,60.12945219476747,-161.2678055933468,60.1312488253357
1245,340,17115.528533608394,1.7115528533608395,33,1.7896762770039134,24.894117647058824,899,916,7521,7550,-161.44261774763643,60.05246657491842,-161.4400126333125,60.05399371090142
946,340,17115.528533608394,1.7115528533608395,34,1.8439088914585775,28.24705882352941,689,703,9273,9308,-161.2852329098587,60.07160069047017,-161.2820888063643,60.072858331867934
15,340,17115.528533608394,1.7115528533608395,98,5.314796216557077,85.0,0,8,4893,4970,-161.67869500430305,60.13403360271647,-161.67177797661535,60.13475225494377
4761,340,17115.528533608394,1.7115528533608395,53,2.8743285660971942,51.247058823529414,5410,5427,3675,3724,-161.78810980590882,59.6472365502521,-161.78370806101663,59.64876368623511
5207,340,17115.528533608394,1.7115528533608395,57,3.0912590239158506,39.576470588235296,7368,7378,15588,15636,-160.71794680793724,59.47197523832039,-160.71363489457346,59.47287355360451
1601,340,17115.528533608394,1.7115528533608395,55,2.9827937950065224,27.105882352941176,1157,1172,9561,9594,-161.25936142967606,60.02946970364496,-161.25639698923845,60.03081717657114
2121,339,17065.188743803665,1.7065188743803665,64,3.476002858198838,33.14454277286136,1611,1627,2250,2287,-161.91611973389584,59.98859635821752,-161.9127959673446,59.99003366267212
3408,339,17065.188743803665,1.7065188743803665,62,3.3673777688801243,27.1858407079646,2669,2686,6445,6476,-161.53927647220772,59.89346476962927,-161.53649169482694,59.89499190561227
3059,339,17065.188743803665,1.7065188743803665,71,3.856190670814336,45.35693215339233,2384,2404,615,657,-162.0629942828494,59.91879726064143,-162.0592213586561,59.92059389120968
2685,339,17065.188743803665,1.7065188743803665,30,1.6293763397807053,27.1858407079646,2079,2098,7169,7198,-161.47423844563744,59.946285708335495,-161.4716333313135,59.94799250737532
4693,339,17065.188743803665,1.7065188743803665,116,6.300255180485394,79.33923303834808,5076,5102,4867,4923,-161.68103062404177,59.67643179698599,-161.67600005845068,59.6787674167247
2919,339,17065.188743803665,1.7065188743803665,77,4.182065938770477,34.4070796460177,2259,2276,6745,6782,-161.51232701368411,59.930295696278165,-161.50900324713288,59.93182283226117
4479,339,17065.188743803665,1.7065188743803665,57,3.09581504558334,33.14454277286136,4626,4642,3380,3417,-161.81461010679033,59.71775430005549,-161.8112863402391,59.71919160451008
1335,339,17065.188743803665,1.7065188743803665,72,3.910503215473693,34.4070796460177,961,980,8340,8375,-161.36904572586707,60.04671735710006,-161.36590162237263,60.04842415613988
4454,338,17014.84895399893,1.7014848953998931,87,4.732176151017664,66.5680473372781,4572,4592,5123,5178,-161.65803375276832,59.72224587647609,-161.65309301870565,59.724042507044324
2882,338,17014.84895399893,1.7014848953998931,87,4.732176151017664,66.5680473372781,2239,2254,1661,1721,-161.96903050413047,59.93227198990323,-161.96364061242576,59.93361946282941
3585,338,17014.84895399893,1.7014848953998931,27,1.4686063916951373,27.266272189349113,2847,2861,9054,9088,-161.30490601458092,59.87774425215717,-161.30185174261493,59.87900189355494
4224,338,17014.84895399893,1.7014848953998931,33,1.79496336762739,27.266272189349113,4223,4238,4447,4480,-161.7187598659748,59.75404623753391,-161.71579542553718,59.7553937104601
5339,338,17014.84895399893,1.7014848953998931,106,5.765639908136465,156.50887573964496,7795,7807,9006,9109,-161.3092179279447,59.433437512631656,-161.29996528051825,59.4345154909726
1050,338,17014.84895399893,1.7014848953998931,46,2.5020701488139374,25.041420118343197,763,787,5243,5265,-161.64725396935887,60.064054842083564,-161.6452776757338,60.066210798765454
3208,338,17014.84895399893,1.7014848953998931,115,6.255175372034843,123.12426035502959,2490,2518,10733,10807,-161.15407887837725,59.90855646640247,-161.14743134527478,59.91107174919801
276,338,17014.84895399893,1.7014848953998931,45,2.4476773194918953,33.24260355029586,208,227,10221,10255,-161.20007262092417,60.114360497994255,-161.19701834895815,60.116067297034085
3623,338,17014.84895399893,1.7014848953998931,32,1.7405705383053478,25.041420118343197,2899,2917,5809,5837,-161.59640932427772,59.87271368656611,-161.59389404148217,59.87433065407752
5120,337,16964.5091641942,1.6964509164194201,53,2.8870939667250695,39.92878338278932,6999,7017,4874,4914,-161.68040180334287,59.5044044200771,-161.6768085422064,59.50602138758852
3189,337,16964.5091641942,1.6964509164194201,35,1.9065714874599515,25.115727002967358,2478,2490,6539,6573,-161.530832308537,59.91107174919801,-161.52777803657096,59.91214972753895
1799,337,16964.5091641942,1.6964509164194201,93,5.066032809536443,44.166172106824924,1332,1357,10709,10745,-161.15623483505914,60.01285087088875,-161.15300090003632,60.01509665909905
784,337,16964.5091641942,1.6964509164194201,119,6.482343057363836,68.55786350148368,577,602,5023,5074,-161.6670169056095,60.08067367483977,-161.66243549766048,60.082919463050075
316,337,16964.5091641942,1.6964509164194201,40,2.178938842811373,28.498516320474778,249,267,8503,8534,-161.3544031867359,60.110767236857775,-161.35161840935513,60.11238420436919
687,337,16964.5091641942,1.6964509164194201,78,4.248930743482178,107.12166172106825,505,533,5660,5727,-161.6097942220111,60.0868720503002,-161.6037755096075,60.089387333095736
1567,337,16964.5091641942,1.6964509164194201,44,2.3968327270925105,24.03560830860534,1131,1147,6449,6478,-161.53891714609406,60.03171549185526,-161.5363120317701,60.03315279630985
3738,337,16964.5091641942,1.6964509164194201,36,1.9610449585302359,27.347181008902076,3122,3133,2822,2859,-161.8647360996442,59.853310076429125,-161.86141233309297,59.854298223241656
4091,337,16964.5091641942,1.6964509164194201,40,2.178938842811373,26.219584569732937,4022,4043,1987,2013,-161.93974542586818,59.77156338557425,-161.93740980612947,59.773449847670896
313,337,16964.5091641942,1.6964509164194201,33,1.7976245453193829,25.115727002967358,247,260,11759,11792,-161.0619117302266,60.11139605755666,-161.058947289789,60.11256386742602
5108,337,16964.5091641942,1.6964509164194201,83,4.5212980988336,37.22255192878338,6961,6981,12760,12796,-160.97199037028622,59.507638355099935,-160.9687564352634,59.50943498566817
4659,336,16914.169374389472,1.6914169374389472,57,3.1096049358628917,37.333333333333336,5019,5036,6442,6481,-161.53954596679293,59.682360677861176,-161.53604253718487,59.68388781384418
460,336,16914.169374389472,1.6914169374389472,40,2.182178902359924,30.964285714285715,353,365,10109,10148,-161.21013375210632,60.101963747073405,-161.20663032249826,60.10304172541435
2420,336,16914.169374389472,1.6914169374389472,77,4.200694387042853,107.44047619047619,1848,1883,16425,16485,-160.64275781865643,59.965599486944065,-160.6373679269517,59.968743590438486
4730,336,16914.169374389472,1.6914169374389472,75,4.091585441924857,76.19047619047619,5259,5290,2943,2992,-161.85386648470637,59.65954346964454,-161.84946473981418,59.662328247025314
3445,336,16914.169374389472,1.6914169374389472,32,1.7457431218879391,34.714285714285715,2706,2726,6348,6382,-161.54799013046366,59.88987150849279,-161.54493585849767,59.891668139061025
655,336,16914.169374389472,1.6914169374389472,49,2.673169155390907,22.011904761904763,481,502,67,89,-162.11222196041913,60.08965682768097,-162.11024566679407,60.09154328977762
224,336,16914.169374389472,1.6914169374389472,28,1.5275252316519468,25.19047619047619,169,185,4245,4275,-161.736905834714,60.11813342218756,-161.73421088886164,60.11957072664215
4257,336,16914.169374389472,1.6914169374389472,98,5.346338310781814,74.29761904761905,4260,4271,12300,12368,-161.01331287335572,59.75108179709632,-161.0072043294237,59.75206994390885
3564,335,16863.829584584742,1.6863829584584742,106,5.7913986659064225,72.64477611940299,2816,2841,6290,6343,-161.55320035911157,59.879540882725415,-161.54843928810573,59.88178667093571
4699,335,16863.829584584742,1.6863829584584742,90,4.917225282373377,72.64477611940299,5101,5132,3524,3571,-161.80167436669902,59.67373685113363,-161.79745228486365,59.6765216285144
3870,335,16863.829584584742,1.6863829584584742,104,5.6821269929647915,90.37611940298507,3440,3459,12878,12946,-160.96139024993363,59.82402499816683,-160.9552817060016,59.82573179720666
3304,335,16863.829584584742,1.6863829584584742,93,5.081132791785824,41.56417910447761,2577,2589,15693,15740,-160.70851449745396,59.902178427885225,-160.7042924156186,59.90325640622617
2609,335,16863.829584584742,1.6863829584584742,35,1.9122542764785357,29.850746268656717,2019,2037,3422,3454,-161.81083718259703,59.951765431568624,-161.80796257368786,59.95338239908004
3716,335,16863.829584584742,1.6863829584584742,48,2.6225201505991347,40.167164179104475,3073,3096,1149,1184,-162.0150242466774,59.856633842980365,-162.011880143183,59.85869996813384
664,335,16863.829584584742,1.6863829584584742,130,7.10265874120599,103.27164179104477,489,500,9444,9526,-161.26987171850027,60.089836490737795,-161.26250553317047,60.09082463755033
2421,335,16863.829584584742,1.6863829584584742,53,2.8956993329532112,27.51044776119403,1849,1869,8545,8573,-161.3506302625426,59.96685712834183,-161.34811497974707,59.96865375891007
3793,334,16813.489794780013,1.6813489794780012,55,3.009466103405205,32.383233532934135,3240,3260,5365,5397,-161.63629452289263,59.84190147232081,-161.63341991398343,59.84369810288904
3681,334,16813.489794780013,1.6813489794780012,73,3.994382282701454,63.82035928143713,2991,3013,16132,16183,-160.66907845648112,59.86408985983856,-160.66449704853213,59.86606615346362
1164,334,16813.489794780013,1.6813489794780012,91,4.979298461997703,67.36526946107784,835,866,1077,1121,-162.02149211672307,60.05695815133902,-162.01753952947294,60.05974292871979
4845,334,16813.489794780013,1.6813489794780012,62,3.392489062020413,37.55688622754491,5691,5705,4299,4341,-161.73205493217975,59.622263385353584,-161.72828200798645,59.62352102675135
418,334,16813.489794780013,1.6813489794780012,97,5.307603855096453,58.68263473053892,326,346,12352,12402,-161.0086416338783,60.103670546113236,-161.0041500574577,60.10546717668147
2896,334,16813.489794780013,1.6813489794780012,38,2.0792674896254146,27.592814371257486,2247,2260,8446,8481,-161.35952358385538,59.931733000732756,-161.35637948036097,59.93290081060211
2922,334,16813.489794780013,1.6813489794780012,38,2.0792674896254146,28.75449101796407,2260,2272,4820,4857,-161.68525270587713,59.93065502239182,-161.68192893932587,59.931733000732756
221,334,16813.489794780013,1.6813489794780012,60,3.2830539309874966,31.149700598802394,164,184,1062,1093,-162.02283958964924,60.11822325371597,-162.02005481226848,60.12001988428421
5292,334,16813.489794780013,1.6813489794780012,131,7.168001082656034,76.64670658682634,7629,7658,16273,16324,-160.65641221097505,59.44682241036504,-160.65183080302603,59.449427524688986
4946,334,16813.489794780013,1.6813489794780012,73,3.994382282701454,40.287425149700596,6287,6307,14816,14854,-160.78729674787127,59.56818480524959,-160.7838831497916,59.56998143581783
5160,334,16813.489794780013,1.6813489794780012,60,3.2830539309874966,28.75449101796407,7156,7175,4628,4658,-161.70250035933222,59.490211038588015,-161.69980541347985,59.49191783762784
4172,334,16813.489794780013,1.6813489794780012,38,2.0792674896254146,24.251497005988025,4157,4171,6051,6082,-161.57467009440202,59.760064949937515,-161.57188531702124,59.761322591335286
2227,334,16813.489794780013,1.6813489794780012,43,2.352855317207706,25.34131736526946,1699,1718,1752,1779,-161.960855835045,59.98042168913204,-161.95843038377788,59.98212848817186
2480,334,16813.489794780013,1.6813489794780012,44,2.407572882724164,24.251497005988025,1906,1930,4365,4386,-161.72612605130456,59.9613774051087,-161.7242395892079,59.96353336179059
3909,334,16813.489794780013,1.6813489794780012,128,7.003848386106659,88.57485029940119,3558,3576,9514,9582,-161.26358351151143,59.81351470934263,-161.2574749675794,59.815131676854044
78,334,16813.489794780013,1.6813489794780012,58,3.1736187999545797,47.532934131736525,49,71,2933,2974,-161.85476479999048,60.12837421642652,-161.8510817073256,60.130350510051585
3096,333,16763.15000497528,1.676315000497528,96,5.260767593771433,71.21921921921921,2414,2443,1231,1279,-162.00765806134763,59.915293831033374,-162.00334614798385,59.917898945357315
2330,333,16763.15000497528,1.676315000497528,106,5.808764218122624,106.13813813813813,1773,1805,659,721,-162.05904169559926,59.9726063461602,-162.05347214083773,59.97548095506938
2340,333,16763.15000497528,1.676315000497528,84,4.603171644550004,106.13813813813813,1777,1808,13469,13532,-160.90829981664214,59.97233685157496,-160.9026404303522,59.97512162895573
4148,333,16763.15000497528,1.676315000497528,33,1.8083888603589302,28.84084084084084,4113,4129,10074,10107,-161.21327785560072,59.76383787413082,-161.21031341516314,59.76527517858541
5071,333,16763.15000497528,1.676315000497528,101,5.534765905947029,35.027027027027025,6860,6882,9924,9956,-161.2267525848625,59.51653167641272,-161.22387797595334,59.51850797003778
1430,333,16763.15000497528,1.676315000497528,55,3.0139814339315505,44.6966966966967,1032,1058,1457,1492,-161.98735613592652,60.039710497883924,-161.9842120324321,60.04204611762263
2764,333,16763.15000497528,1.676315000497528,34,1.8631885227940492,26.534534534534533,2139,2157,8096,8125,-161.39096461879956,59.94098564815919,-161.38835950447563,59.9426026156706
5306,333,16763.15000497528,1.676315000497528,51,2.794782784191074,35.027027027027025,7696,7709,3519,3560,-161.80212352434108,59.44224100241603,-161.7984404316762,59.443408812285384
1330,333,16763.15000497528,1.676315000497528,71,3.8907760328934557,32.48048048048048,959,976,4144,4179,-161.7459788190836,60.0470766832137,-161.7428347155892,60.04860381919671
1046,332,16712.81021517055,1.671281021517055,82,4.500334659577304,40.53012048192771,762,779,10268,10309,-161.1958505390888,60.064773494310856,-161.19216744642392,60.06630063029386
4169,332,16712.81021517055,1.671281021517055,23,1.262288989881439,22.27710843373494,4150,4166,6324,6351,-161.55014608714555,59.760514107579574,-161.54772063587842,59.76195141203417
125,332,16712.81021517055,1.671281021517055,58,3.18316353970102,44.83132530120482,93,107,711,758,-162.05437045612183,60.12514028140369,-162.05014837428647,60.12639792280146
3166,332,16712.81021517055,1.671281021517055,25,1.3720532498711293,22.27710843373494,2463,2477,4307,4336,-161.73133627995247,59.912239559067366,-161.72873116562852,59.91349720046513
2853,332,16712.81021517055,1.671281021517055,51,2.798988629737104,25.49397590361446,2212,2230,6433,6461,-161.54035445054865,59.93442794658512,-161.5378391677531,59.936044914096534
2992,332,16712.81021517055,1.671281021517055,45,2.4696958497680326,30.120481927710845,2325,2337,9499,9537,-161.2649309844376,59.924815973045035,-161.26151738635795,59.92589395138598
3305,332,16712.81021517055,1.671281021517055,152,8.342083759216466,185.25301204819277,2578,2608,11542,11636,-161.081405171892,59.9004716288454,-161.07296100822126,59.90316657469776
2151,332,16712.81021517055,1.671281021517055,78,4.2808061395979236,43.373493975903614,1634,1667,10849,10876,-161.14365842108145,59.98500309708105,-161.14123296981435,59.98796753751864
4910,331,16662.47042536582,1.666247042536582,38,2.088668897731388,27.842900302114803,6033,6044,4884,4921,-161.67950348805877,59.59181049722193,-161.6761797215075,59.59279864403446
348,331,16662.47042536582,1.666247042536582,31,1.7039141007808694,25.570996978851962,276,290,11960,11992,-161.0438555930158,60.108701111704306,-161.0409809841066,60.10995875310207
379,331,16662.47042536582,1.666247042536582,15,0.8244745648939691,21.317220543806645,303,324,8515,8536,-161.35332520839498,60.1056468397383,-161.3514387462983,60.10753330183495
872,331,16662.47042536582,1.666247042536582,67,3.6826530565263953,57.53474320241692,639,649,7790,7849,-161.41845306649364,60.076451593004414,-161.41315300631732,60.07734990828853
1073,331,16662.47042536582,1.666247042536582,112,6.156076751208302,79.2870090634441,771,801,11081,11132,-161.1228175064899,60.06279720068579,-161.11823609854088,60.065492146538155
3576,331,16662.47042536582,1.666247042536582,50,2.7482485496465636,24.47129909365559,2831,2846,6105,6135,-161.56981919186777,59.879091725083356,-161.5671242460154,59.88043919800953
3740,331,16662.47042536582,1.666247042536582,44,2.418458723688976,24.47129909365559,3125,3147,3973,3996,-161.76134001044204,59.852052435031354,-161.75927388528856,59.85402872865642
2879,330,16612.130635561087,1.6612130635561086,47,2.5872648480469476,35.345454545454544,2235,2250,6349,6388,-161.54790029893525,59.93263131601688,-161.5443968693272,59.93397878894306
4982,330,16612.130635561087,1.6612130635561086,106,5.835107955169711,126.10909090909091,6507,6540,7085,7154,-161.48178429402407,59.5472540591296,-161.47558591856364,59.550218499567194
4285,330,16612.130635561087,1.6612130635561086,43,2.3670720950216753,26.775757575757577,4297,4311,15739,15772,-160.704382247147,59.747488535959846,-160.70141780670943,59.74874617735761
1071,330,16612.130635561087,1.6612130635561086,106,5.835107955169711,40.775757575757574,771,793,6526,6562,-161.53200011840633,60.06351585291309,-161.5287661833835,60.065492146538155
134,330,16612.130635561087,1.6612130635561086,34,1.871638400714813,22.412121212121214,99,118,4562,4586,-161.7084292402074,60.12415213459116,-161.70627328352552,60.12585893363099
274,330,16612.130635561087,1.6612130635561086,45,2.4771684715343114,34.04848484848485,207,222,10047,10085,-161.21570330686785,60.114809655636314,-161.2122897087882,60.1161571285625
298,329,16561.790845756357,1.6561790845756357,43,2.3706667396058765,29.19148936170213,232,253,9101,9129,-161.30068393274556,60.112024878255546,-161.29816864995001,60.113911340352196
3879,329,16561.790845756357,1.6561790845756357,86,4.741333479211753,75.87841945288754,3456,3473,3143,3205,-161.83590017902398,59.82276735676906,-161.83033062426242,59.82429449275206
1672,329,16561.790845756357,1.6561790845756357,57,3.1425117245938363,49.79939209726444,1227,1244,5606,5653,-161.61464512454532,60.0230018335993,-161.61042304270998,60.024528969582306
175,329,16561.790845756357,1.6561790845756357,51,2.8117210167418536,43.76899696048632,139,162,5058,5095,-161.6638728021151,60.12019954734103,-161.66054903556383,60.12226567249451
1590,329,16561.790845756357,1.6561790845756357,47,2.591193878173865,28.012158054711247,1145,1160,6127,6160,-161.5678428982427,60.03054768198591,-161.56487845780512,60.031895154912085
230,329,16561.790845756357,1.6561790845756357,64,3.528434217087816,75.87841945288754,173,190,2793,2855,-161.86734121396816,60.117684264545495,-161.86177165920662,60.1192114005285
2005,329,16561.790845756357,1.6561790845756357,67,3.6938295710138074,61.2887537993921,1507,1521,6383,6440,-161.54484602696925,59.99811850022919,-161.53972562984976,59.99937614162696
542,329,16561.790845756357,1.6561790845756357,99,5.458046679557715,147.11246200607903,407,433,1306,1390,-162.00092069671672,60.0958552031414,-161.99337484833012,60.098190822880106
3882,329,16561.790845756357,1.6561790845756357,117,6.450418803113664,114.3951367781155,3457,3503,12184,12235,-161.0237333306515,59.8200724109167,-161.0191519227025,59.82420466122365
459,329,16561.790845756357,1.6561790845756357,30,1.6539535392599138,26.857142857142858,353,371,6516,6545,-161.53289843369046,60.10142475790293,-161.5302933193665,60.10304172541435
4747,328,16511.451055951627,1.6511451055951627,66,3.6442403604699356,90.1951219512195,5355,5391,6548,6598,-161.53002382478127,59.65047048527494,-161.52553224836066,59.653704420297764
2739,328,16511.451055951627,1.6511451055951627,36,1.9877674693472376,28.097560975609756,2116,2134,8969,8999,-161.31254169449593,59.94305177331266,-161.30984674864357,59.94466874082408
1426,328,16511.451055951627,1.6511451055951627,61,3.3681615452828195,35.5609756097561,1029,1044,10570,10609,-161.1687214175084,60.040968139281695,-161.16521798790035,60.04231561220787
1972,328,16511.451055951627,1.6511451055951627,32,1.7669044171975445,26.9390243902439,1483,1497,8993,9026,-161.31038573781404,60.00027445691108,-161.30742129737646,60.00153209830884
3057,328,16511.451055951627,1.6511451055951627,78,4.306829516919015,29.28048780487805,2383,2406,2351,2377,-161.90704674952624,59.918617597584614,-161.90471112978753,59.92068372273809
3105,328,16511.451055951627,1.6511451055951627,46,2.5399250997214704,53.1219512195122,2421,2436,696,747,-162.05571792904803,59.91592265173225,-162.051136521099,59.91727012465844
2095,328,16511.451055951627,1.6511451055951627,79,4.362045279956438,56.390243902439025,1585,1614,13942,13981,-160.8658095037033,59.98976416808688,-160.86230607409524,59.99236928241083
2504,328,16511.451055951627,1.6511451055951627,52,2.87121967794601,32.97560975609756,1927,1951,234,262,-162.09722009517435,59.95949094301205,-162.0947048123788,59.96164689969394
1602,327,16461.111266146898,1.6461111266146897,51,2.8203064444075885,59.9388379204893,1158,1182,3637,3683,-161.79152340398846,60.028571388360845,-161.7873911536815,60.03072734504273
2165,327,16461.111266146898,1.6461111266146897,30,1.659003790827993,24.770642201834864,1649,1669,10391,10416,-161.18480126109415,59.98482343402422,-161.18255547288385,59.98662006459246
2326,327,16461.111266146898,1.6461111266146897,69,3.8157087189043843,61.66360856269113,1771,1789,5256,5309,-161.64608615948953,59.97404365061479,-161.64132508848368,59.975660618126206
2658,327,16461.111266146898,1.6461111266146897,34,1.8802042962717256,28.18348623853211,2053,2070,6946,6977,-161.4942708764733,59.94880099113103,-161.49148609909255,59.950328127114034
2444,327,16461.111266146898,1.6461111266146897,33,1.8249041699107924,27.021406727828747,1868,1879,4426,4462,-161.72064632807144,59.96595881305771,-161.71741239304862,59.96694695987024
341,327,16461.111266146898,1.6461111266146897,83,4.5899104879574475,78.2874617737003,274,292,3333,3395,-161.8188321886257,60.10852144864748,-161.81326263386416,60.1101384161589
4195,327,16461.111266146898,1.6461111266146897,26,1.4378032853842606,24.770642201834864,4192,4205,6296,6328,-161.5526613699411,59.75701067797151,-161.5497867610319,59.758178487840866
723,327,16461.111266146898,1.6461111266146897,88,4.866411119762113,65.18654434250764,531,543,12459,12520,-160.99902966033824,60.08597373501608,-160.9935499371051,60.08705171335702
2734,327,16461.111266146898,1.6461111266146897,74,4.09220935070905,30.581039755351682,2114,2140,6429,6453,-161.5407137766623,59.942512784142195,-161.5385578199804,59.944848403880904
4863,327,16461.111266146898,1.6461111266146897,52,2.875606570768521,27.021406727828747,5776,5793,4435,4465,-161.71983784431572,59.61435821085333,-161.71714289846338,59.615885346836336
4190,327,16461.111266146898,1.6461111266146897,97,5.364112257010511,78.2874617737003,4176,4198,6107,6165,-161.56963952881094,59.75763949867039,-161.56442930016306,59.759615792295456
5210,327,16461.111266146898,1.6461111266146897,33,1.8249041699107924,27.021406727828747,7388,7403,9741,9773,-161.2431917545619,59.46972945011009,-161.24031714565274,59.471076923036264
3018,327,16461.111266146898,1.6461111266146897,52,2.875606570768521,28.18348623853211,2347,2366,4345,4374,-161.7279226818728,59.922210858721094,-161.72531756754887,59.92391765776092
3817,327,16461.111266146898,1.6461111266146897,148,8.1844187014181,264.3302752293578,3295,3315,5981,6108,-161.58095830139084,59.83696073825815,-161.56954969728253,59.838757368826386
1237,326,16410.771476342168,1.6410771476342167,96,5.316948245968429,31.914110429447852,893,911,10279,10312,-161.1948623922763,60.05291573256048,-161.19189795183868,60.054532700071896
4740,326,16410.771476342168,1.6410771476342167,59,3.2677077761680966,70.87116564417178,5324,5367,8522,8555,-161.35269638769608,59.65262644195682,-161.34973194725848,59.65648919767854
5368,326,16410.771476342168,1.6410771476342167,92,5.095408735719744,25.96319018404908,7900,7919,16798,16825,-160.60925065855875,59.42337638144952,-160.60682520729165,59.425083180489345
3784,326,16410.771476342168,1.6410771476342167,28,1.5507765717407915,25.96319018404908,3222,3239,5133,5162,-161.6571354374842,59.843787934417456,-161.65453032316023,59.84531507040046
4672,326,16410.771476342168,1.6410771476342167,85,4.707714592784546,61.852760736196316,5031,5059,4434,4477,-161.71992767584413,59.68029455270771,-161.71606492012242,59.682809835503235
4880,326,16410.771476342168,1.6410771476342167,44,2.43693461273553,31.914110429447852,5861,5874,3457,3495,-161.80769307910262,59.607081857051966,-161.80427948102297,59.60824966692132
3694,326,16410.771476342168,1.6410771476342167,57,3.1569380210437545,39.86503067484663,3026,3048,2989,3024,-161.84973423439942,59.86094575634414,-161.84659013090499,59.8629220499692
2681,326,16410.771476342168,1.6410771476342167,92,5.095408735719744,42.71165644171779,2073,2096,4230,4266,-161.73825330764018,59.94646537139232,-161.73501937261736,59.94853149654579
2970,326,16410.771476342168,1.6410771476342167,72,3.9877111844763213,48.69938650306749,2302,2322,6632,6675,-161.52247797639467,59.92616344597122,-161.51861522067296,59.927960076539456
3394,326,16410.771476342168,1.6410771476342167,80,4.4307902049736905,28.26993865030675,2657,2682,11486,11509,-161.08643573748304,59.893824095742914,-161.08436961232957,59.89606988395321
166,326,16410.771476342168,1.6410771476342167,27,1.4953916941786205,22.687116564417177,132,146,10186,10215,-161.20321672441858,60.12163685179563,-161.20061161009465,60.12289449319339
4799,326,16410.771476342168,1.6410771476342167,36,1.9938555922381607,20.625766871165645,5535,5549,6323,6350,-161.55023591867396,59.63627710378585,-161.54781046740683,59.637534745183615
1092,325,16360.431686537435,1.6360431686537436,92,5.103241805272108,47.31076923076923,788,813,81,118,-162.11096431902138,60.061719222344855,-162.10764055247012,60.06396501055515
1067,324,16310.091896732705,1.6310091896732706,94,5.222222222222222,69.44444444444444,770,800,9014,9059,-161.3084992757174,60.062887032214206,-161.30445685693886,60.06558197806657
746,324,16310.091896732705,1.6310091896732706,99,5.5,89.19753086419753,544,555,9512,9586,-161.26376317456825,60.08489575667514,-161.25711564146576,60.08588390348767
4938,324,16310.091896732705,1.6310091896732706,63,3.5,37.34567901234568,6197,6219,4105,4138,-161.74948224869166,59.57608997974984,-161.74651780825408,59.5780662733749
3320,324,16310.091896732705,1.6310091896732706,69,3.8333333333333335,55.41975308641975,2591,2609,9832,9881,-161.23501708547641,59.90038179731699,-161.23061534058425,59.9019987648284
3260,324,16310.091896732705,1.6310091896732706,22,1.2222222222222223,22.82716049382716,2535,2551,5211,5238,-161.65012857826807,59.90559202596488,-161.64770312700094,59.90702933041947
714,323,16259.752106927976,1.6259752106927976,53,2.9489988855956835,41.6594427244582,526,543,1529,1570,-161.98088826588085,60.08597373501608,-161.97720517321596,60.08750087099909
4903,323,16259.752106927976,1.6259752106927976,40,2.225659536298629,26.204334365325078,5999,6014,3434,3465,-161.8097592042561,59.59450544307429,-161.8069744268753,59.59585291600047
2125,323,16259.752106927976,1.6259752106927976,101,5.619790329154038,52.3219814241486,1614,1651,2907,2935,-161.8571004197292,59.98644040153564,-161.85458513693365,59.98976416808688
663,323,16259.752106927976,1.6259752106927976,36,2.003093582668766,30.959752321981423,489,502,9082,9119,-161.30239073178538,60.08965682768097,-161.29906696523415,60.09082463755033
2442,323,16259.752106927976,1.6259752106927976,45,2.5038669783359575,29.73374613003096,1867,1877,5939,5978,-161.58473122558416,59.96613847611454,-161.58122779597608,59.967036791398655
3054,323,16259.752106927976,1.6259752106927976,121,6.732620097303353,181.312693498452,2380,2409,9250,9342,-161.28729903501218,59.918348102999374,-161.27903453439828,59.92095321732332
2129,323,16259.752106927976,1.6259752106927976,56,3.1159233508180804,26.204334365325078,1615,1637,6458,6482,-161.53810866233835,59.9876980429334,-161.53595270565646,59.989674336558465
3795,323,16259.752106927976,1.6259752106927976,34,1.8918106058538346,25.077399380804952,3243,3260,5526,5554,-161.6218316468183,59.84190147232081,-161.61931636402275,59.84342860830381
2091,323,16259.752106927976,1.6259752106927976,40,2.225659536298629,26.204334365325078,1583,1608,3184,3205,-161.8322170863591,59.99030315725735,-161.83033062426242,59.99254894546765
383,323,16259.752106927976,1.6259752106927976,39,2.1700180478911633,25.077399380804952,305,323,6120,6147,-161.5684717189416,60.10573667126671,-161.56604626767447,60.10735363877812
2353,323,16259.752106927976,1.6259752106927976,90,5.007733956671915,33.48606811145511,1795,1812,7085,7120,-161.48178429402407,59.97197752546131,-161.47864019052963,59.973504661444316
4704,323,16259.752106927976,1.6259752106927976,42,2.33694251311356,28.53250773993808,5119,5135,6846,6878,-161.50325402931452,59.67346735654839,-161.50037942040532,59.674904661002984
4088,323,16259.752106927976,1.6259752106927976,75,4.173111630559929,75.343653250774,4020,4035,3713,3776,-161.78469620782917,59.772282037801546,-161.7790368215392,59.77362951072772
5270,323,16259.752106927976,1.6259752106927976,68,3.7836212117076693,29.73374613003096,7580,7597,4896,4928,-161.6784255097178,59.45230213359817,-161.67555090080864,59.45382926958117
178,322,16209.412317123244,1.6209412317123244,106,5.907149053298739,161.44099378881987,142,181,217,292,-162.09874723115735,60.11849274830121,-162.09200986652644,60.121996177909274
5238,322,16209.412317123244,1.6209412317123244,88,4.904048270663105,49.30434782608695,7470,7487,3554,3600,-161.79897942084665,59.46218360172348,-161.7948471705397,59.463710737706485
5410,322,16209.412317123244,1.6209412317123244,56,3.1207579904219758,44.72049689440994,7991,8003,3765,3813,-161.78002496835174,59.415830533062916,-161.77571305498796,59.41690851140386
2426,322,16209.412317123244,1.6209412317123244,42,2.3405684928164816,22.96894409937888,1851,1867,9752,9779,-161.2422036077494,59.967036791398655,-161.23977815648226,59.968474095853246
1907,322,16209.412317123244,1.6209412317123244,48,2.6749354203616935,31.055900621118013,1427,1443,9168,9202,-161.29466522034195,60.00512535944532,-161.29161094837596,60.00656266389991
13,321,16159.072527318513,1.6159072527318512,49,2.734913303711143,41.9190031152648,0,22,4806,4842,-161.6865103472749,60.13277596131871,-161.68327641225207,60.13475225494377
4145,321,16159.072527318513,1.6159072527318512,59,3.2930588758970907,27.526479750778815,4101,4122,5702,5728,-161.6060212978178,59.7644666948297,-161.60368567807907,59.76635315692636
622,321,16159.072527318513,1.6159072527318512,100,5.581455721859476,51.0404984423676,461,477,1972,2020,-161.94109289879438,60.09190261589127,-161.9367809854306,60.09333992034586
3962,321,16159.072527318513,1.6159072527318512,30,1.6744367165578427,25.233644859813083,3763,3777,8099,8130,-161.39069512421435,59.79545857213183,-161.38791034683356,59.79671621352959
1758,321,16159.072527318513,1.6159072527318512,36,2.009324059869411,23.0404984423676,1298,1316,6061,6086,-161.5737717791179,60.01653396355364,-161.5715259909076,60.01815093106506
4608,321,16159.072527318513,1.6159072527318512,57,3.1814297614599014,51.0404984423676,4941,4967,6336,6374,-161.54906810880462,59.688559053321605,-161.54565451072494,59.69089467306031
966,321,16159.072527318513,1.6159072527318512,93,5.190753821329313,83.78816199376946,703,717,10521,10589,-161.1731231624006,60.0703430490724,-161.16701461846858,60.07160069047017
4720,321,16159.072527318513,1.6159072527318512,43,2.400025960399575,26.36760124610592,5212,5230,2675,2703,-161.87794133432075,59.66493336134926,-161.87542605152524,59.66655032886067
3109,321,16159.072527318513,1.6159072527318512,79,4.409350020268986,52.64797507788162,2423,2439,1602,1651,-161.9743305643068,59.91565315714702,-161.9699288194146,59.91709046160161
1538,320,16108.732737513783,1.6108732737513782,52,2.9068883707497264,25.3125,1107,1124,8058,8086,-161.39437821687923,60.033781617008735,-161.3918629340837,60.03530875299174
874,320,16108.732737513783,1.6108732737513782,74,4.13672575837461,27.6125,640,659,7895,7923,-161.40902075601036,60.075553277720296,-161.40650547321485,60.07726007676012
2663,320,16108.732737513783,1.6108732737513782,98,5.4783665448744845,92.45,2060,2074,1768,1840,-161.9594185305904,59.948441665017384,-161.95295066054476,59.94969930641515
2301,320,16108.732737513783,1.6108732737513782,133,7.4349260251868,266.45,1748,1801,1011,1104,-162.02742099759826,59.972965672273844,-162.01906666545594,59.977726743279675
4850,320,16108.732737513783,1.6108732737513782,24,1.3416407864998738,22.05,5707,5721,3797,3825,-161.77715035944254,59.62082608089899,-161.77463507664703,59.62208372229676
2120,320,16108.732737513783,1.6108732737513782,60,3.3541019662496843,37.8125,1609,1636,6839,6867,-161.50388285001338,59.987787874461816,-161.50136756721787,59.99021332572894
5333,320,16108.732737513783,1.6108732737513782,55,3.0745934690622105,30.0125,7776,7794,14731,14762,-160.79493242778628,59.434605322501014,-160.7921476504055,59.43622229001243
3593,320,16108.732737513783,1.6108732737513782,43,2.403773075812274,23.1125,2861,2878,1728,1754,-161.96301179172687,59.876217116174175,-161.96067617198818,59.87774425215717
1579,320,16108.732737513783,1.6108732737513782,73,4.080824058937116,74.1125,1139,1171,4008,4053,-161.75819590694763,60.02955953517338,-161.7541534881691,60.03243414408256
2080,320,16108.732737513783,1.6108732737513782,23,1.285739087062379,22.05,1572,1592,7857,7879,-161.41243435409004,59.99174046171194,-161.41045806046498,59.99353709228018
4135,320,16108.732737513783,1.6108732737513782,79,4.416234255562085,110.45,4090,4127,14723,14780,-160.79565108001356,59.76401753718764,-160.7905306828941,59.76734130373889
2940,320,16108.732737513783,1.6108732737513782,72,4.024922359499621,33.8,2275,2291,6296,6332,-161.5526613699411,59.92894822335199,-161.54942743491824,59.93038552780658
5272,319,16058.392947709053,1.6058392947709053,104,5.822882113940885,157.29153605015674,7585,7610,4371,4458,-161.72558706213408,59.451134323728816,-161.71777171916224,59.45338011193911
314,319,16058.392947709053,1.6058392947709053,100,5.598925109558543,143.56112852664577,248,269,865,951,-162.0405364007464,60.110587573800956,-162.03281088930297,60.112474035897606
182,319,16058.392947709053,1.6058392947709053,101,5.654914360654129,70.53291536050156,142,168,7936,7985,-161.40533766334548,60.119660558170565,-161.40093591845329,60.121996177909274
3372,319,16058.392947709053,1.6058392947709053,35,1.9596237883454901,26.53291536050157,2635,2646,8232,8267,-161.37874753093556,59.89705803076574,-161.37560342744112,59.89804617757827
3703,319,16058.392947709053,1.6058392947709053,83,4.647107840933591,65.00313479623824,3053,3080,3682,3727,-161.78748098520992,59.858071147434956,-161.78343856643139,59.86049659870208
3762,319,16058.392947709053,1.6058392947709053,113,6.326785373801154,90.59561128526646,3171,3200,15694,15750,-160.70842466592555,59.84729136402552,-160.7033941003345,59.84989647834947
2337,318,16008.053157904322,1.6008053157904323,87,4.878717740600785,26.61635220125786,1776,1795,12235,12262,-161.0191519227025,59.973504661444316,-161.0167264714354,59.97521146048414
559,318,16008.053157904322,1.6008053157904323,33,1.8505481085037463,25.471698113207548,417,429,4590,4623,-161.70591395741187,60.09621452925504,-161.7029495169743,60.09729250759599
3193,318,16008.053157904322,1.6008053157904323,30,1.6823164622761329,26.61635220125786,2482,2498,2874,2904,-161.86006486016677,59.91035309697072,-161.85736991431443,59.91179040142531
2682,318,16008.053157904322,1.6008053157904323,27,1.5140848160485196,24.352201257861637,2074,2090,908,936,-162.03667364502468,59.94700436056279,-162.03415836222914,59.948441665017384
4668,318,16008.053157904322,1.6008053157904323,83,4.6544088789639675,74.57861635220125,5026,5033,15824,15894,-160.696746567232,59.682630172446416,-160.69045836024316,59.6832589931453
1563,318,16008.053157904322,1.6008053157904323,65,3.645019001598288,35.333333333333336,1128,1158,5200,5223,-161.65111672508058,60.03072734504273,-161.6490505999271,60.03342229089509
1109,318,16008.053157904322,1.6008053157904323,47,2.6356291242326084,24.352201257861637,803,820,194,221,-162.10081335631082,60.06109040164597,-162.0983879050437,60.062617537628974
4681,318,16008.053157904322,1.6008053157904323,56,3.140324062915448,40.867924528301884,5046,5063,2679,2719,-161.87758200820713,59.679935226594054,-161.87398874707063,59.68146236257706
1241,318,16008.053157904322,1.6008053157904323,79,4.43010001732715,40.867924528301884,894,910,10375,10416,-161.18623856554873,60.05300556408889,-161.18255547288385,60.05444286854348
545,318,16008.053157904322,1.6008053157904323,102,5.719875971738852,160.61635220125785,408,446,12073,12148,-161.03370463030524,60.09468739327204,-161.02696726567433,60.09810099135169
2742,318,16008.053157904322,1.6008053157904323,116,6.504956987467714,196.54088050314465,2119,2136,8087,8195,-161.39177310255528,59.94287211025584,-161.3820712974868,59.944399246238845
3475,318,16008.053157904322,1.6008053157904323,81,4.542254448145559,38.0503144654088,2725,2746,1733,1767,-161.96256263408483,59.88807487792455,-161.9595083621188,59.8899613400212
81,318,16008.053157904322,1.6008053157904323,52,2.9160152012786305,49.924528301886795,51,74,3913,3953,-161.76672990214678,60.12810472184128,-161.76313664101028,60.13017084699476
2037,318,16008.053157904322,1.6008053157904323,43,2.4113202625957904,36.679245283018865,1537,1556,62,97,-162.1126711180612,59.994974396734776,-162.10952701456677,59.9966811957746
1545,317,15957.71336809959,1.595771336809959,75,4.212419672262978,86.92744479495268,1112,1127,491,559,-162.07413339237246,60.0335121224235,-162.06802484844044,60.03485959534968
3650,317,15957.71336809959,1.595771336809959,59,3.3137701421802093,31.545741324921135,2937,2957,1891,1921,-161.94836925259574,59.86912042542963,-161.94567430674337,59.870917055997865
3144,317,15957.71336809959,1.595771336809959,36,2.0219614426862296,23.331230283911673,2451,2467,2289,2316,-161.91261630428778,59.913137874351484,-161.91019085302065,59.914575178806075
3776,317,15957.71336809959,1.595771336809959,42,2.358955016467268,46.95268138801262,3196,3220,5595,5632,-161.61563327135786,59.845494733457286,-161.61230950480663,59.84765069013917
2265,317,15957.71336809959,1.595771336809959,99,5.560393967387131,109.13564668769716,1724,1755,739,801,-162.05185517332632,59.977097922580796,-162.04628561856475,59.979882699961564
4674,317,15957.71336809959,1.595771336809959,78,4.3809164591534975,48.504731861198735,5039,5065,15925,15961,-160.6876735828624,59.679755563537235,-160.68443964783955,59.68209118327594
4890,317,15957.71336809959,1.595771336809959,104,5.841221945537996,43.92429022082019,5898,5922,16197,16232,-160.66323940713434,59.60276994368819,-160.66009530363993,59.60492590037008
2481,317,15957.71336809959,1.595771336809959,110,6.178215519319035,118.72555205047318,1908,1932,4181,4254,-161.74265505253237,59.96119774205188,-161.7360973509583,59.96335369873376
4383,316,15907.37357829486,1.590737357829486,36,2.025158221666843,26.78481012658228,4437,4449,4914,4948,-161.6768085422064,59.735091785038996,-161.6737542702404,59.73616976337994
2245,316,15907.37357829486,1.590737357829486,37,2.0814126167131444,31.645569620253166,1711,1725,4729,4765,-161.69342737496262,59.97979286843315,-161.69019343993978,59.98105050983092
4221,316,15907.37357829486,1.590737357829486,92,5.17540434425971,77.0126582278481,4220,4235,14782,14845,-160.79035101983726,59.75431573211915,-160.7846916335473,59.75566320504533
629,316,15907.37357829486,1.590737357829486,78,4.387842813611494,41.12658227848101,464,486,2136,2171,-161.9263605281348,60.09109413213556,-161.9232164246404,60.09307042576062
1117,316,15907.37357829486,1.590737357829486,39,2.193921406805747,27.962025316455698,805,830,4997,5019,-161.66935252534822,60.06019208636185,-161.66737623172315,60.06243787457215
5065,316,15907.37357829486,1.590737357829486,36,2.025158221666843,26.78481012658228,6843,6857,10006,10038,-161.21938639953274,59.518777464623014,-161.21651179062357,59.52003510602078
1041,316,15907.37357829486,1.590737357829486,50,2.81271975231506,34.22784810126582,758,772,11586,11624,-161.07745258464186,60.06540231500974,-161.07403898656221,60.06665995640751
1011,316,15907.37357829486,1.590737357829486,57,3.206500517639168,41.12658227848101,736,752,4581,4622,-161.70672244116759,60.067198945577985,-161.7030393485027,60.068636250032576
303,316,15907.37357829486,1.590737357829486,35,1.9689038266205419,26.78481012658228,239,259,3983,4009,-161.76044169515794,60.111485889085074,-161.75810607541922,60.11328251965331
4574,316,15907.37357829486,1.590737357829486,37,2.0814126167131444,24.50632911392405,4881,4894,5036,5067,-161.66584909574016,59.69511675489568,-161.66306431835937,59.69628456476503
2446,316,15907.37357829486,1.590737357829486,27,1.5188686662501323,25.632911392405063,1869,1884,5710,5740,-161.60530264559048,59.96550965541565,-161.60260769973814,59.96685712834183
5200,316,15907.37357829486,1.590737357829486,85,4.781623578935601,83.0506329113924,7336,7368,12616,12665,-160.98492611037756,59.47287355360451,-160.98052436548537,59.47574816251369
5174,316,15907.37357829486,1.590737357829486,37,2.0814126167131444,25.632911392405063,7194,7213,9406,9432,-161.27328531657992,59.48679744050836,-161.2709496968412,59.488504239548185
2593,315,15857.033788490131,1.5857033788490131,48,2.704493615131253,39.82222222222222,2004,2018,5839,5881,-161.59371437842535,59.95347223060845,-161.58994145423205,59.95472987200622
2147,315,15857.033788490131,1.5857033788490131,17,0.9578414886923188,23.479365079365078,1630,1647,4610,4636,-161.70411732684363,59.986799727649284,-161.7017817071049,59.98832686363229
4420,315,15857.033788490131,1.5857033788490131,42,2.3664319132398464,33.02857142857143,4512,4524,5529,5568,-161.62156215223305,59.728354420408095,-161.618058722625,59.72943239874904
1754,315,15857.033788490131,1.5857033788490131,78,4.394802124588286,87.47936507936508,1295,1319,9604,9663,-161.25549867395435,60.0162644689684,-161.25019861377805,60.01842042565029
3294,315,15857.033788490131,1.5857033788490131,35,1.9720265943665385,26.86984126984127,2573,2588,8509,8540,-161.35386419756543,59.90226825941364,-161.35107942018467,59.903615732339816
3082,315,15857.033788490131,1.5857033788490131,79,4.451145741570187,89.6,2405,2418,4531,4602,-161.7112140175882,59.91753961924367,-161.70483597907094,59.91870742911303
3118,315,15857.033788490131,1.5857033788490131,47,2.6481499981493517,30.488888888888887,2429,2443,8843,8878,-161.32386046707583,59.915293831033374,-161.32071636358143,59.91655147243114
1666,315,15857.033788490131,1.5857033788490131,74,4.169427656660681,52.01269841269841,1221,1232,7297,7350,-161.46274001000072,60.02407981194025,-161.4579789389949,60.02506795875278
4654,315,15857.033788490131,1.5857033788490131,78,4.394802124588286,35.66984126984127,5009,5037,3498,3523,-161.80400998643773,59.68227084633277,-161.80176419822743,59.6847861291283
3123,315,15857.033788490131,1.5857033788490131,75,4.225771273642582,64.01269841269841,2433,2443,6862,6923,-161.5018167248599,59.915293831033374,-161.49633700162678,59.91619214631749
2895,315,15857.033788490131,1.5857033788490131,101,5.6907053151720115,53.65079365079365,2247,2269,3691,3734,-161.78667250145423,59.93092451697705,-161.7828097457325,59.93290081060211
3498,314,15806.6939986854,1.58066939986854,70,3.9503285358817024,53.82165605095541,2749,2760,968,1022,-162.03128375331997,59.88681723652678,-162.0264328507857,59.88780538333931
1467,314,15806.6939986854,1.58066939986854,58,3.2731293583019823,60.64968152866242,1055,1093,3497,3528,-161.80409981796615,60.0365663943895,-161.80131504058537,60.03997999246916
4049,314,15806.6939986854,1.58066939986854,26,1.467264884756061,24.662420382165607,3943,3961,1866,1892,-161.95061504080604,59.778929570904026,-161.94827942106733,59.78054653841544
2900,314,15806.6939986854,1.58066939986854,67,3.7810287414867725,48.968152866242036,2250,2262,1547,1597,-161.97927129836944,59.931553337675936,-161.97477972194883,59.93263131601688
3151,314,15806.6939986854,1.58066939986854,22,1.2415318255628207,21.414012738853504,2454,2468,4423,4450,-161.72091582265668,59.91304804282307,-161.71849037138955,59.91430568422084
836,314,15806.6939986854,1.58066939986854,97,5.4740266854360735,159.79617834394904,609,634,2408,2495,-161.90192635240675,60.07779906593059,-161.8941110094349,60.080044854140894
5181,314,15806.6939986854,1.58066939986854,65,3.6681622118901522,41.388535031847134,7246,7264,13352,13391,-160.91881010546635,59.48221603255935,-160.9153066758583,59.48383300007077
3459,314,15806.6939986854,1.58066939986854,89,5.022560567049593,67.88535031847134,2718,2743,3398,3446,-161.81299313927892,59.888344372509785,-161.80868122591514,59.89059016072009
109,314,15806.6939986854,1.58066939986854,33,1.8622977383442312,22.471337579617835,72,87,4115,4142,-161.74858393340756,60.12693691197193,-161.74615848214043,60.12828438489811
3029,314,15806.6939986854,1.58066939986854,64,3.611728947091842,52.17834394904459,2357,2369,7600,7652,-161.4355210568919,59.921941364135854,-161.43084981741447,59.9230193424768
2843,314,15806.6939986854,1.58066939986854,36,2.0315975327391613,28.14012738853503,2200,2217,14868,14898,-160.78262550839383,59.935595756454475,-160.77993056254147,59.93712289243747
495,314,15806.6939986854,1.58066939986854,34,1.9187310031425413,22.471337579617835,375,391,11864,11890,-161.05247941974335,60.0996281273347,-161.05014380000463,60.10106543178929
4749,314,15806.6939986854,1.58066939986854,58,3.2731293583019823,44.34394904458599,5374,5386,16621,16668,-160.62515083908767,59.650919642916996,-160.62092875725233,59.65199762125794
1660,314,15806.6939986854,1.58066939986854,34,1.9187310031425413,28.14012738853503,1215,1229,8319,8352,-161.37093218796372,60.02434930652548,-161.3679677475261,60.02560694792325
1368,314,15806.6939986854,1.58066939986854,42,2.3701971215290216,35.78343949044586,986,1005,956,990,-162.0323617316609,60.044471568889755,-162.0293074596949,60.046178367929585
431,314,15806.6939986854,1.58066939986854,51,2.878096504713812,37.146496815286625,337,367,6328,6352,-161.5497867610319,60.101784084016586,-161.54763080435,60.10447902986894
3307,314,15806.6939986854,1.58066939986854,74,4.176061595074943,55.49044585987261,2581,2614,7362,7395,-161.45690096065394,59.89993263967493,-161.45393652021636,59.902897080112524
437,314,15806.6939986854,1.58066939986854,46,2.5959301807222617,29.35031847133758,341,354,9219,9254,-161.29008381239294,60.10295189388594,-161.28693970889853,60.104119703755295
2553,313,15756.354208880668,1.5756354208880667,43,2.4305037014601525,38.65814696485623,1963,1981,8258,8295,-161.37641191119684,59.956795997159695,-161.3730881446456,59.958412964671105
4413,313,15756.354208880668,1.5756354208880667,37,2.0913636500936197,25.878594249201278,4503,4517,4194,4225,-161.741487242663,59.72898324110698,-161.73870246528224,59.73024088250475
1081,313,15756.354208880668,1.5756354208880667,52,2.9392137785099517,24.74121405750799,778,793,2198,2227,-161.92079097337327,60.06351585291309,-161.91818585904932,60.06486332583927
103,313,15756.354208880668,1.5756354208880667,64,3.6174938812430177,27.04153354632588,68,85,10443,10472,-161.18013002161672,60.12711657502875,-161.17752490729276,60.128643711011755
3499,313,15756.354208880668,1.5756354208880667,56,3.1653071460876405,38.65814696485623,2750,2773,6580,6612,-161.5271492158721,59.88564942665742,-161.5242746069629,59.8877155518109
4718,313,15756.354208880668,1.5756354208880667,97,5.482764163758949,30.68370607028754,5203,5226,13343,13369,-160.91961858922207,59.66529268746291,-160.91728296948335,59.667358812616385
3600,313,15756.354208880668,1.5756354208880667,38,2.1478869919880417,24.74121405750799,2871,2886,8902,8931,-161.31856040689954,59.875498463946876,-161.31595529257558,59.87684593687305
1967,313,15756.354208880668,1.5756354208880667,67,3.787063906926284,38.65814696485623,1478,1494,179,218,-162.102160829237,60.00054395149631,-162.09865739962893,60.0019812559509
5379,313,15756.354208880668,1.5756354208880667,34,1.921793624410353,27.04153354632588,7932,7944,3263,3297,-161.82512039561453,59.42113059323922,-161.82206612364854,59.422208571580164
5231,313,15756.354208880668,1.5756354208880667,57,3.2218304879820625,34.55591054313099,7450,7472,3567,3597,-161.7978116109773,59.463531074649666,-161.79511666512494,59.46550736827473
4570,313,15756.354208880668,1.5756354208880667,70,3.9566339326095505,85.9297124600639,4869,4897,2963,3017,-161.8520698541381,59.69484726031044,-161.84721895160388,59.697362543105974
2402,313,15756.354208880668,1.5756354208880667,65,3.6740172231374397,41.52076677316294,1839,1853,2220,2263,-161.9188146797482,59.96829443279642,-161.9149519240265,59.96955207419419
3826,312,15706.014419075938,1.5706014419075938,37,2.0947125131675017,29.53846153846154,3313,3327,10165,10199,-161.20510318651523,59.835882759917205,-161.20204891454924,59.837140401314976
603,312,15706.014419075938,1.5706014419075938,47,2.6608510302397996,44.62820512820513,446,460,5318,5363,-161.64051660472796,60.093429751874275,-161.63647418594942,60.09468739327204
3183,312,15706.014419075938,1.5706014419075938,35,1.9814848097530424,30.78205128205128,2475,2489,2953,2988,-161.85296816942224,59.91116158072642,-161.84982406592783,59.912419222124186
556,312,15706.014419075938,1.5706014419075938,42,2.377781771703651,36.01282051282051,416,426,3310,3353,-161.82089831377917,60.096484023840276,-161.81703555805746,60.0973823391244
3930,312,15706.014419075938,1.5706014419075938,136,7.69948383218325,97.03846153846153,3629,3650,5601,5667,-161.61509428218739,59.80686717624015,-161.6091654013122,59.808753638336796
4985,312,15706.014419075938,1.5706014419075938,54,3.057147992190408,47.705128205128204,6534,6550,4207,4252,-161.74031943279365,59.54635574384548,-161.73627701401512,59.54779304830007
1866,312,15706.014419075938,1.5706014419075938,62,3.5100588058482463,33.34615384615385,1389,1409,16201,16232,-160.6628800810207,60.00817963141133,-160.66009530363993,60.00997626197957
2598,312,15706.014419075938,1.5706014419075938,58,3.283603399019327,29.53846153846154,2012,2040,227,247,-162.09784891587321,59.951495936983385,-162.09605228530498,59.95401121977892
3639,312,15706.014419075938,1.5706014419075938,29,1.6418016995096636,27.128205128205128,2924,2937,5905,5938,-161.58778549755016,59.870917055997865,-161.58482105711258,59.87208486586722
4093,312,15706.014419075938,1.5706014419075938,29,1.6418016995096636,22.615384615384617,4023,4039,7258,7284,-161.46624343960877,59.77192271168789,-161.4639078198701,59.77336001614248
2072,312,15706.014419075938,1.5706014419075938,38,2.151326364874732,32.05128205128205,1563,1578,3264,3299,-161.82503056408612,59.99299810310971,-161.8218864605917,59.99434557603589
3807,312,15706.014419075938,1.5706014419075938,67,3.7931280643843954,40.205128205128204,3265,3286,3310,3345,-161.82089831377917,59.8395658525821,-161.81775421028476,59.84145231467875
3412,312,15706.014419075938,1.5706014419075938,91,5.15186050535791,78.0,2673,2691,707,767,-162.05472978223548,59.89301561198721,-162.04933989053077,59.89463257949862
5079,311,15655.674629271209,1.5655674629271208,62,3.515697458167205,30.881028938906752,6883,6899,10563,10596,-161.16935023820727,59.515004540429715,-161.1663857977697,59.516441844884305
2612,311,15655.674629271209,1.5655674629271208,41,2.3248967062073453,32.154340836012864,2024,2035,2937,2976,-161.85440547387682,59.951945094625444,-161.85090204426876,59.952933241437975
1078,311,15655.674629271209,1.5655674629271208,122,6.917985320909661,133.81350482315113,775,818,4594,4653,-161.70555463129824,60.061270064702796,-161.70025457112192,60.06513282042451
3204,311,15655.674629271209,1.5655674629271208,93,5.273546187250807,80.27009646302251,2487,2497,2191,2260,-161.92141979407214,59.91044292849912,-161.91522141861174,59.91134124378325
2728,311,15655.674629271209,1.5655674629271208,82,4.649793412414691,44.77170418006431,2112,2133,860,898,-162.04098555838846,59.943141604841074,-162.0375719603088,59.945028066937724
3804,311,15655.674629271209,1.5655674629271208,83,4.706498210127065,95.12540192926045,3261,3269,14852,14930,-160.78406281284842,59.8410929885651,-160.7770559536323,59.84181164079239
1634,311,15655.674629271209,1.5655674629271208,38,2.154782313070222,32.154340836012864,1190,1204,7228,7264,-161.46893838546114,60.02659509473578,-161.46570445043832,60.027852736133546
793,311,15655.674629271209,1.5655674629271208,66,3.742516649016702,37.5048231511254,584,607,7040,7071,-161.4858267128026,60.08022451719771,-161.48304193542182,60.08229064235119
2887,311,15655.674629271209,1.5655674629271208,33,1.871258324508351,26.04501607717042,2242,2258,8507,8536,-161.35404386062226,59.93191266378958,-161.3514387462983,59.93334996824417
2367,311,15655.674629271209,1.5655674629271208,33,1.871258324508351,22.688102893890676,1811,1827,9524,9550,-161.2626851962273,59.970630052535135,-161.26034957648858,59.972067356989726
3678,310,15605.334839466477,1.5605334839466478,72,4.089325206578867,65.04516129032258,2990,3004,3493,3550,-161.8044591440798,59.86489834359426,-161.7993387469603,59.866155984992034
1692,310,15605.334839466477,1.5605334839466478,27,1.533496952467075,22.761290322580646,1241,1254,8318,8347,-161.37102201949213,60.022103518315184,-161.36841690516817,60.023271328184535
5103,310,15605.334839466477,1.5605334839466478,58,3.294178638632976,51.21290322580645,6951,6963,10213,10264,-161.20079127315148,59.509255322611345,-161.19620986520246,59.51033330095229
959,310,15605.334839466477,1.5605334839466478,86,4.884471774524758,59.66451612903226,699,722,291,336,-162.09209969805485,60.06989389143034,-162.0880572792763,60.071960016583816
3192,310,15605.334839466477,1.5605334839466478,33,1.874274053015314,24.980645161290322,2480,2495,8547,8576,-161.35045059948578,59.91062259155595,-161.34784548516183,59.91197006448213
4870,310,15605.334839466477,1.5605334839466478,88,4.99806414137417,57.92258064516129,5801,5814,13126,13180,-160.93911203088746,59.61247174875668,-160.9342611283532,59.61363955862603
994,310,15605.334839466477,1.5605334839466478,32,1.8174778695906073,24.980645161290322,725,735,8943,8977,-161.31487731423465,60.06872608156098,-161.31182304226863,60.06962439684511
4097,310,15605.334839466477,1.5605334839466478,89,5.054860324798876,59.66451612903226,4030,4047,11897,11948,-161.04951497930574,59.7712040594606,-161.04493357135672,59.772731195443605
4338,310,15605.334839466477,1.5605334839466478,27,1.533496952467075,23.858064516129033,4378,4394,4206,4233,-161.74040926432207,59.74003251910165,-161.73798381305494,59.741469823556244
937,310,15605.334839466477,1.5605334839466478,29,1.647089319316488,26.129032258064516,682,696,7660,7691,-161.4301311651872,60.07222951116905,-161.4273463878064,60.07348715256682
5183,310,15605.334839466477,1.5605334839466478,73,4.146121390003573,37.6258064516129,7253,7286,9921,9942,-161.22702207944775,59.48023973893429,-161.2251356173511,59.48320417937188
5023,310,15605.334839466477,1.5605334839466478,54,3.06699390493415,27.303225806451614,6706,6723,5618,5647,-161.6135671462044,59.53081488943022,-161.61096203188043,59.53234202541322
1246,310,15605.334839466477,1.5605334839466478,71,4.03252902315416,97.66451612903226,900,926,6753,6814,-161.51160836145684,60.0515682596343,-161.5061286382237,60.05390387937301
5398,309,15554.995049661746,1.5554995049661746,120,6.826561487862891,80.78964401294499,7973,8003,4713,4762,-161.6948646794172,59.415830533062916,-161.69046293452502,59.41852547891528
3580,309,15554.995049661746,1.5554995049661746,78,4.437264967110879,63.43042071197411,2838,2858,3798,3848,-161.77706052791413,59.87801374674241,-161.77256895149355,59.87981037731065
3916,309,15554.995049661746,1.5554995049661746,77,4.3803769547120215,59.85760517799353,3591,3617,4684,4726,-161.69746979374116,59.80983161667774,-161.69369686954786,59.81216723641645
1380,309,15554.995049661746,1.5554995049661746,55,3.128840681937158,48.16828478964401,996,1014,3896,3939,-161.76825703812978,60.04366308513405,-161.76439428240806,60.04528005264547
73,309,15554.995049661746,1.5554995049661746,54,3.071952669538301,36.362459546925564,46,61,11986,12024,-161.04151997327708,60.12927253171064,-161.03810637519743,60.13062000463682
3356,308,15504.655259857016,1.5504655259857016,54,3.0769355644102245,61.83116883116883,2623,2638,2975,3029,-161.85099187579718,59.89777668299304,-161.84614097326292,59.89912415591922
561,308,15504.655259857016,1.5504655259857016,56,3.1908961408698624,46.753246753246756,418,437,5486,5527,-161.62542490795477,60.095495877027744,-161.62174181528988,60.097202676067575
2033,308,15504.655259857016,1.5504655259857016,22,1.2535663410560174,24.01298701298701,1533,1547,7932,7961,-161.40569698945913,59.99578288049048,-161.40309187513517,59.997040521888245
2935,308,15504.655259857016,1.5504655259857016,47,2.6780735468014916,49.922077922077925,2271,2290,3846,3889,-161.77274861455038,59.9290380548804,-161.76888585882867,59.930744853920224
1546,308,15504.655259857016,1.5504655259857016,44,2.5071326821120348,56.57142857142857,1112,1136,6071,6113,-161.5728734638338,60.03270363866779,-161.56910053964046,60.03485959534968
290,308,15504.655259857016,1.5504655259857016,38,2.1652509527331207,25.142857142857142,227,240,8125,8156,-161.38835950447563,60.113192688124904,-161.38557472709485,60.114360497994255
1690,308,15504.655259857016,1.5504655259857016,50,2.8490144114909484,22.90909090909091,1239,1256,8464,8489,-161.35790661634397,60.02192385525836,-161.35566082813367,60.02345099124136
2639,307,15454.315470052286,1.5454315470052287,69,3.938038004193912,56.755700325732896,2041,2073,14406,14440,-160.82412767452016,59.94853149654579,-160.82107340255413,59.95140610545498
2440,307,15454.315470052286,1.5454315470052287,12,0.6848761746424196,20.846905537459282,1864,1881,3288,3311,-161.82287460740423,59.96577915000089,-161.82080848225075,59.96730628598389
4742,307,15454.315470052286,1.5454315470052287,66,3.7668189605333073,89.75895765472313,5334,5350,8655,8722,-161.3407487944173,59.65415357793982,-161.3347300820137,59.655590882394414
2828,307,15454.315470052286,1.5454315470052287,80,4.565841164282797,33.88925081433225,2190,2213,4058,4086,-161.75370433052703,59.93595508256812,-161.7511890477315,59.9380212077216
785,307,15454.315470052286,1.5454315470052287,54,3.0819427858908877,39.413680781758956,578,597,1320,1356,-161.99966305531896,60.08112283248183,-161.99642912029614,60.08282963152166
1597,307,15454.315470052286,1.5454315470052287,47,2.682431684016143,39.413680781758956,1154,1168,8120,8161,-161.3888086621177,60.02982902975861,-161.38512556945278,60.03108667115638
1562,307,15454.315470052286,1.5454315470052287,68,3.8809649896403773,63.843648208469055,1125,1149,1195,1241,-162.01089199637045,60.03153582879844,-162.0067597460635,60.03369178548032
2493,307,15454.315470052286,1.5454315470052287,46,2.6253586694626083,55.04885993485342,1913,1934,7651,7695,-161.43093964894288,59.96101807899505,-161.42698706169276,59.9629045410917
2698,307,15454.315470052286,1.5454315470052287,113,6.44925064454945,154.8013029315961,2085,2111,5017,5100,-161.66755589477998,59.94511789846614,-161.66009987792177,59.94745351820485
3136,307,15454.315470052286,1.5454315470052287,28,1.5980444074989788,25.224755700325733,2447,2461,6167,6197,-161.56424963710623,59.91367686352196,-161.56155469125386,59.91493450491972
4541,307,15454.315470052286,1.5454315470052287,62,3.5385269023191674,33.88925081433225,4789,4807,5086,5119,-161.66135751931955,59.70293209786752,-161.65839307888194,59.704549065378934
4461,307,15454.315470052286,1.5454315470052287,50,2.8536507276767478,50.08469055374593,4586,4600,5567,5615,-161.6181485541534,59.72152722424879,-161.61383664078963,59.72278486564656
2334,307,15454.315470052286,1.5454315470052287,89,5.079498295264611,35.23127035830619,1775,1797,580,610,-162.0661383863438,59.97332499838749,-162.06344344049145,59.97530129201255
513,306,15403.975680247555,1.5403975680247555,41,2.343813996947621,24.169934640522875,388,402,1351,1380,-161.99687827793818,60.098639980522165,-161.99427316361425,60.09989762191993
3867,306,15403.975680247555,1.5403975680247555,63,3.6014702879926856,56.94117647058823,3438,3450,1939,1993,-161.94405733923196,59.82483348192253,-161.9392064366977,59.82591146026348
812,306,15403.975680247555,1.5403975680247555,57,3.258473117707668,39.54248366013072,595,621,5878,5907,-161.5902109488173,60.07896687579995,-161.58760583449333,60.08130249553866
4801,306,15403.975680247555,1.5403975680247555,85,4.859126579037751,55.22875816993464,5537,5557,14477,14522,-160.8177496360029,59.63555845155855,-160.81370721722436,59.63735508212679
3847,306,15403.975680247555,1.5403975680247555,90,5.1449575542752655,108.2483660130719,3379,3394,1534,1610,-161.9804391082388,59.8298640475136,-161.9736119120795,59.83121152043979
4857,306,15403.975680247555,1.5403975680247555,47,2.6868111672326385,38.11764705882353,5737,5748,4310,4353,-161.73106678536723,59.61840062963187,-161.72720402964552,59.6193887764444
703,306,15403.975680247555,1.5403975680247555,36,2.0579830217101063,25.30718954248366,518,539,3950,3973,-161.76340613559552,60.08633306112973,-161.76134001044204,60.08821952322638
523,306,15403.975680247555,1.5403975680247555,51,2.9154759474226504,34.0,393,404,7912,7952,-161.40749362002737,60.09846031746534,-161.4039003588909,60.09944846427787
4057,306,15403.975680247555,1.5403975680247555,89,5.087791359227762,58.6797385620915,3960,3986,15460,15501,-160.72944524357396,59.77668378269373,-160.72576215090908,59.77901940243244
1192,306,15403.975680247555,1.5403975680247555,67,3.8301350681826976,60.44444444444444,858,877,173,222,-162.10269981840747,60.055970004526486,-162.09829807351528,60.057676803566316
4276,306,15403.975680247555,1.5403975680247555,51,2.9154759474226504,65.89542483660131,4287,4302,6842,6898,-161.50361335542817,59.74829701971555,-161.4985827898371,59.74964449264173
988,305,15353.635890442823,1.5353635890442823,41,2.34765317068686,32.78688524590164,719,731,3230,3268,-161.82808483605214,60.069085407674635,-161.82467123797247,60.07016338601558
4192,305,15353.635890442823,1.5353635890442823,30,1.717795002941605,27.750819672131147,4182,4196,4215,4247,-161.73960078056635,59.75781916172722,-161.73672617165718,59.759076803124984
4756,305,15353.635890442823,1.5353635890442823,83,4.752566174805106,31.488524590163934,5399,5417,14474,14505,-160.81801913058814,59.64813486553623,-160.81523435320736,59.64975183304764
1261,305,15353.635890442823,1.5353635890442823,66,3.7791490064715307,35.46229508196721,909,926,286,321,-162.09254885569692,60.0515682596343,-162.0894047522025,60.053095395617305
3966,305,15353.635890442823,1.5353635890442823,103,5.897762843432843,35.46229508196721,3768,3789,13560,13591,-160.90012514755668,59.79438059379088,-160.8973403701759,59.79626705588753
4618,305,15353.635890442823,1.5353635890442823,89,5.096125175393428,106.22950819672131,4961,4984,6082,6149,-161.57188531702124,59.6870319173386,-161.56586660461764,59.68909804249208
2723,305,15353.635890442823,1.5353635890442823,41,2.34765317068686,28.970491803278687,2110,2121,3930,3966,-161.76520276616375,59.94421958318202,-161.76196883114093,59.94520772999455
144,305,15353.635890442823,1.5353635890442823,32,1.8323146698043784,24.249180327868853,113,129,12041,12068,-161.03657923921443,60.123163987778625,-161.0341537879473,60.12460129223322
3540,304,15303.296100638094,1.5303296100638093,49,2.810342739914381,52.223684210526315,2789,2805,16024,16071,-160.6787802615496,59.88277481774824,-160.67455817971424,59.88421212220283
1528,304,15303.296100638094,1.5303296100638093,29,1.6632640705615727,25.473684210526315,1104,1122,1352,1378,-161.99678844640977,60.03396128006556,-161.99445282667108,60.03557824757697
3472,304,15303.296100638094,1.5303296100638093,41,2.351511272173258,25.473684210526315,2723,2745,6007,6029,-161.57862268165215,59.88816470945296,-161.5766463880271,59.89014100307802
4131,304,15303.296100638094,1.5303296100638093,81,4.645668610878875,116.26315789473684,4082,4110,7211,7277,-161.47046552144414,59.765544673170645,-161.46453664056895,59.76805995596618
3552,304,15303.296100638094,1.5303296100638093,95,5.448623679425841,113.80263157894737,2803,2828,4611,4679,-161.70402749531522,59.880708692594766,-161.6979189513832,59.88295448080507
4040,304,15303.296100638094,1.5303296100638093,38,2.1794494717703365,32.89473684210526,3928,3940,5207,5245,-161.6504879043817,59.780816033000676,-161.64707430630204,59.78189401134162
3902,304,15303.296100638094,1.5303296100638093,134,7.685427084663819,186.32894736842104,3534,3550,4515,4618,-161.71265132204277,59.81585032908134,-161.70339867461635,59.81728763353593
496,304,15303.296100638094,1.5303296100638093,34,1.9500337378997747,29.06578947368421,376,389,3356,3390,-161.81676606347222,60.09980779039152,-161.81371179150622,60.100975600260874
4934,304,15303.296100638094,1.5303296100638093,55,3.154466340720224,42.75,6182,6197,3905,3947,-161.76744855437406,59.5780662733749,-161.76367563018076,59.57941374630108
575,304,15303.296100638094,1.5303296100638093,32,1.835325870964494,25.473684210526315,429,440,10466,10499,-161.17806389646324,60.09522638244251,-161.17509945602566,60.09621452925504
1802,304,15303.296100638094,1.5303296100638093,52,2.9824045403173027,42.75,1334,1354,4653,4690,-161.70025457112192,60.01312036547399,-161.69693080457068,60.014916996042224
508,304,15303.296100638094,1.5303296100638093,44,2.523573072576179,24.32894736842105,386,398,10067,10098,-161.21390667629962,60.09899930663581,-161.21112189891883,60.100077284976756
699,303,15252.956310833364,1.5252956310833363,35,2.0106974636749912,30.415841584158414,514,527,11349,11384,-161.0987426568755,60.08741103947067,-161.09559855338108,60.088578849340024
2,303,15252.956310833364,1.5252956310833363,64,3.6767039335771265,45.95379537953795,0,27,1015,1047,-162.0270616714846,60.13232680367665,-162.02418706257544,60.13475225494377
89,303,15252.956310833364,1.5252956310833363,61,3.5043584366906986,64.68646864686468,58,78,3369,3419,-161.81559825360287,60.127745395727636,-161.81110667718227,60.12954202629588
533,303,15252.956310833364,1.5252956310833363,51,2.929873447069273,34.336633663366335,400,416,9125,9160,-161.29852797606367,60.0973823391244,-161.29538387256926,60.09881964357899
3386,303,15252.956310833364,1.5252956310833363,41,2.3553884574478468,25.557755775577558,2649,2665,4874,4902,-161.68040180334287,59.89535123172592,-161.67788652054736,59.89678853618051
2088,303,15252.956310833364,1.5252956310833363,60,3.4469099377285564,29.16171617161716,1580,1603,6822,6846,-161.5054099859964,59.99075231489941,-161.50325402931452,59.992818440052886
2620,303,15252.956310833364,1.5252956310833363,42,2.4128369564099894,29.16171617161716,2029,2042,8933,8967,-161.31577562951875,59.951316273926565,-161.31272135755276,59.952484083795916
3273,303,15252.956310833364,1.5252956310833363,49,2.8149764491449876,26.73267326732673,2543,2555,4184,4217,-161.74238555794713,59.90523269985123,-161.73942111750952,59.90631067819218
2865,303,15252.956310833364,1.5252956310833363,34,1.9532489647128486,26.73267326732673,2222,2234,7577,7610,-161.43758718204538,59.93406862047147,-161.43462274160777,59.93514659881241
1529,303,15252.956310833364,1.5252956310833363,32,1.8383519667885633,26.73267326732673,1104,1118,4492,4523,-161.71471744719625,60.03432060617921,-161.71193266981547,60.03557824757697
3132,303,15252.956310833364,1.5252956310833363,71,4.078843426312125,80.31683168316832,2445,2466,8121,8178,-161.38871883058928,59.9132277058799,-161.38359843346979,59.91511416797655
3175,303,15252.956310833364,1.5252956310833363,26,1.4936609730157078,22.191419141914192,2470,2481,4119,4149,-161.7482246072939,59.91188023295371,-161.74552966144154,59.912868379766245
4418,303,15252.956310833364,1.5252956310833363,81,4.653328415933551,106.93069306930693,4510,4533,14061,14128,-160.85511955182227,59.72754593665239,-160.84910083941867,59.72961206180587
2725,303,15252.956310833364,1.5252956310833363,41,2.3553884574478468,31.696369636963695,2110,2122,8217,8254,-161.38009500386173,59.944129751653605,-161.3767712373105,59.94520772999455
598,303,15252.956310833364,1.5252956310833363,26,1.4936609730157078,24.40924092409241,443,462,1279,1303,-162.00334614798385,60.09325008881745,-162.00119019130196,60.09495688785727
5127,303,15252.956310833364,1.5252956310833363,29,1.6660064699021355,26.73267326732673,7029,7045,9644,9673,-161.25190541281788,59.501889137281566,-161.24930029849392,59.50332644173616
95,303,15252.956310833364,1.5252956310833363,98,5.629952898289975,84.48844884488449,63,79,14194,14258,-160.84317195854348,60.12765556419922,-160.83742274072512,60.129092868653814
5068,302,15202.616521028633,1.5202616521028633,79,4.545939167422644,43.033112582781456,6854,6871,4453,4493,-161.7182208768043,59.51751982322525,-161.71462761566784,59.51904695920825
5218,302,15202.616521028633,1.5202616521028633,113,6.502419315427327,49.28476821192053,7410,7435,4285,4321,-161.73331257357754,59.466854841200906,-161.7300786385547,59.4691006294112
1603,302,15202.616521028633,1.5202616521028633,38,2.186654283064057,26.821192052980134,1164,1186,7862,7885,-161.41198519644797,60.02821206224719,-161.4099190712945,60.030188355872255
3330,302,15202.616521028633,1.5202616521028633,70,4.028047363539052,43.033112582781456,2602,2620,5318,5357,-161.64051660472796,59.89939365050446,-161.6370131751199,59.90101061801587
1326,302,15202.616521028633,1.5202616521028633,49,2.8196331544773363,40.06622516556291,955,970,8449,8489,-161.35925408927017,60.047615672384175,-161.35566082813367,60.04896314531035
507,302,15202.616521028633,1.5202616521028633,42,2.416828418123431,21.192052980132452,386,403,6338,6361,-161.5488884457478,60.09855014899375,-161.54682232059432,60.100077284976756
3691,302,15202.616521028633,1.5202616521028633,33,1.898936614239839,29.258278145695364,3017,3029,2168,2203,-161.9234859192256,59.86265255538397,-161.9203418157312,59.86373053372491
1759,302,15202.616521028633,1.5202616521028633,43,2.474371951888275,28.026490066225165,1299,1321,2464,2488,-161.8968957868157,60.01608480591158,-161.8947398301338,60.018061099536645
1012,301,15152.276731223901,1.5152276731223902,64,3.688898673307104,33.222591362126245,736,756,5872,5902,-161.59074993798777,60.06683961946433,-161.5880549921354,60.068636250032576
3341,301,15152.276731223901,1.5152276731223902,36,2.075005503735246,28.119601328903656,2610,2625,4920,4951,-161.67626955303592,59.8989444928624,-161.67348477565517,59.900291965788576
1977,301,15152.276731223901,1.5152276731223902,50,2.881952088521175,33.222591362126245,1486,1501,6944,6979,-161.49445053953013,59.99991513079743,-161.49130643603573,60.00126260372361
1135,301,15152.276731223901,1.5152276731223902,31,1.7868102948831284,24.571428571428573,814,826,9352,9383,-161.27813621911417,60.0605514124755,-161.2753514417334,60.06162939081644
4657,301,15152.276731223901,1.5152276731223902,61,3.515981547995833,49.4485049833887,5012,5031,5341,5383,-161.6384504795745,59.682809835503235,-161.6346775553812,59.684516634543066
248,301,15152.276731223901,1.5152276731223902,94,5.4180699264198084,102.91029900332227,185,230,300,343,-162.09129121429916,60.11409100340902,-162.08742845857745,60.11813342218756
395,301,15152.276731223901,1.5152276731223902,91,5.245152801108539,44.70431893687708,307,327,11028,11066,-161.12757857749574,60.10537734515306,-161.12416497941607,60.1071739757213
998,300,15101.936941419171,1.5101936941419172,76,4.387862045841155,38.88,727,742,3935,3974,-161.76475360852172,60.0680972608621,-161.76125017891363,60.06944473378828
4633,300,15101.936941419171,1.5101936941419172,122,7.043673284113433,152.65333333333334,4983,4997,5467,5560,-161.6271317069946,59.68586410746924,-161.61877737485227,59.687121748867014
3374,300,15101.936941419171,1.5101936941419172,55,3.1754264805429413,20.28,2639,2653,6430,6455,-161.5406239451339,59.89642921006686,-161.53837815692359,59.89768685146463
1197,300,15101.936941419171,1.5101936941419172,62,3.5795716689756794,46.413333333333334,861,881,10959,10998,-161.13377695295614,60.05561067841284,-161.13027352334808,60.05740730898108
268,300,15101.936941419171,1.5101936941419172,26,1.5011106998930268,22.413333333333334,202,219,10309,10333,-161.19216744642392,60.115079150221554,-161.19001148974203,60.11660628620456
1763,300,15101.936941419171,1.5101936941419172,23,1.3279056191361391,21.333333333333332,1300,1318,5895,5917,-161.5886838128343,60.016354300496815,-161.58670751920923,60.01797126800823
4758,300,15101.936941419171,1.5101936941419172,31,1.7897858344878397,27.0,5402,5415,4090,4122,-161.75082972161786,59.64831452859305,-161.74795511270867,59.649482338462406
3219,300,15101.936941419171,1.5101936941419172,21,1.212435565298214,21.333333333333332,2500,2515,5323,5348,-161.64006744708593,59.90882596098771,-161.63782165887562,59.91017343391389
254,300,15101.936941419171,1.5101936941419172,28,1.616580753730952,29.453333333333333,189,205,9437,9468,-161.27050053919913,60.11633679161932,-161.26771576181838,60.11777409607391
3712,300,15101.936941419171,1.5101936941419172,66,3.8105117766515297,65.33333333333333,3063,3081,2516,2568,-161.89222454733826,59.85798131590654,-161.88755330786086,59.85959828341796
367,300,15101.936941419171,1.5101936941419172,85,4.907477288111819,46.413333333333334,294,308,16280,16325,-160.65578339027616,60.10708414419289,-160.65174097149762,60.10834178559065
5264,300,15101.936941419171,1.5101936941419172,107,6.177647880328995,33.333333333333336,7552,7573,6400,6429,-161.54331889098626,59.454458090280056,-161.5407137766623,59.456344552376706
2722,299,15051.597151614442,1.5051597151614442,79,4.568687962533298,144.69565217391303,2108,2138,6939,7013,-161.4948996971722,59.942692447199015,-161.4882521640697,59.94538739305138
3285,299,15051.597151614442,1.5051597151614442,91,5.262665880892786,71.29096989966555,2560,2598,9312,9347,-161.28172948025065,59.90136994412952,-161.2785853767562,59.904783542209174
5232,299,15051.597151614442,1.5051597151614442,70,4.0482045237636815,40.468227424749166,7451,7465,3807,3848,-161.77625204415844,59.464159895348544,-161.77256895149355,59.465417536746315
1254,299,15051.597151614442,1.5051597151614442,67,3.8747100441738094,61.85953177257525,905,943,7739,7769,-161.42303447444263,60.0500411236513,-161.4203395285903,60.05345472173095
5332,299,15051.597151614442,1.5051597151614442,48,2.775911673437953,33.44481605351171,7776,7794,3386,3418,-161.81407111761987,59.434605322501014,-161.81119650871068,59.43622229001243
1816,299,15051.597151614442,1.5051597151614442,105,6.072306785645522,89.95317725752508,1343,1358,6186,6253,-161.5625428380664,60.01276103936034,-161.5565241256628,60.01410851228652
4436,299,15051.597151614442,1.5051597151614442,33,1.9084392754885928,21.40468227424749,4540,4555,5590,5615,-161.61608242899993,59.72556964302733,-161.61383664078963,59.726917115953505
2856,299,15051.597151614442,1.5051597151614442,51,2.9494061530278253,33.44481605351171,2213,2226,1841,1878,-161.95286082901634,59.93478727269876,-161.94953706246508,59.93595508256812
151,299,15051.597151614442,1.5051597151614442,76,4.395193482943426,61.85953177257525,120,157,13746,13777,-160.88341648327204,60.1206487049831,-160.88063170589126,60.12397247153434
671,299,15051.597151614442,1.5051597151614442,45,2.602417193848081,30.82274247491639,495,513,5273,5303,-161.6445590235065,60.08866868086844,-161.64186407765416,60.090285648379854
3005,299,15051.597151614442,1.5051597151614442,52,3.007237646224449,49.779264214046826,2334,2344,1935,1986,-161.9444166653456,59.92418715234616,-161.9398352573966,59.925085467630275
1069,299,15051.597151614442,1.5051597151614442,61,3.5277210849940652,58.274247491638796,771,785,1012,1064,-162.02733116606984,60.06423450514039,-162.0226599265924,60.065492146538155
1030,299,15051.597151614442,1.5051597151614442,34,1.9662707686852168,32.12040133779264,747,760,10609,10645,-161.16521798790035,60.066480293350686,-161.1619840528775,60.067648103220044
2741,298,15001.25736180971,1.500125736180971,76,4.402561792362541,34.91275167785235,2117,2135,16576,16609,-160.6291932578662,59.942961941784255,-160.62622881742863,59.944578909295664
4653,298,15001.25736180971,1.500125736180971,41,2.3750662300903183,23.677852348993287,5007,5027,3826,3848,-161.77454524511862,59.68316916161689,-161.77256895149355,59.684965792185125
4312,298,15001.25736180971,1.500125736180971,37,2.143352451544921,29.651006711409394,4341,4353,12348,12383,-161.00900095999197,59.74371561176654,-161.00585685649753,59.744793590107484
1773,298,15001.25736180971,1.500125736180971,27,1.564068005181429,22.563758389261746,1310,1324,4421,4448,-161.7210954857135,60.01581531132634,-161.71867003444638,60.017072952724114
1808,298,15001.25736180971,1.500125736180971,77,4.460490236998891,33.557046979865774,1337,1357,14393,14423,-160.8252954843895,60.01285087088875,-160.82260053853716,60.01464750145699
1325,298,15001.25736180971,1.500125736180971,55,3.186064454999207,58.46979865771812,955,974,3309,3356,-161.82098814530758,60.04725634627053,-161.81676606347222,60.04896314531035
4256,298,15001.25736180971,1.500125736180971,49,2.838493787181112,27.181208053691275,4260,4277,6480,6508,-161.53613236871328,59.750542807925854,-161.53361708591774,59.75206994390885
963,298,15001.25736180971,1.500125736180971,27,1.564068005181429,19.38255033557047,701,717,9879,9901,-161.23079500364105,60.0703430490724,-161.228818710016,60.07178035352699
5380,297,14950.917572004979,1.4950917572004978,30,1.7407765595569784,31.03030303030303,7934,7947,3335,3370,-161.81865252556887,59.42086109865399,-161.81550842207446,59.422028908523345
4846,297,14950.917572004979,1.4950917572004978,80,4.642070825485276,79.85185185185185,5697,5710,4653,4717,-161.70025457112192,59.621814227711525,-161.69450535330355,59.622982037580876
2306,297,14950.917572004979,1.4950917572004978,32,1.8568283301941102,26.074074074074073,1751,1767,2653,2681,-161.87991762794582,59.97601994423985,-161.8774023451503,59.97745724869444
3851,297,14950.917572004979,1.4950917572004978,25,1.4506471329641486,24.902356902356903,3394,3408,1572,1601,-161.97702551015914,59.82860640611584,-161.9744203958352,59.8298640475136
1920,297,14950.917572004979,1.4950917572004978,53,3.075371921883995,45.30639730639731,1437,1472,15967,15990,-160.6839006586691,60.002520245121374,-160.68183453351563,60.005664348615795
4677,297,14950.917572004979,1.4950917572004978,33,1.9148542155126762,24.902356902356903,5041,5056,6145,6173,-161.5662259307313,59.68056404729294,-161.56371064793575,59.68191152021912
4083,297,14950.917572004979,1.4950917572004978,98,5.686536761219463,46.88215488215488,4008,4039,3529,3557,-161.80122520905695,59.77192271168789,-161.7987099262614,59.77470748906867
3111,297,14950.917572004979,1.4950917572004978,92,5.338381449308067,32.33670033670034,2424,2442,16181,16212,-160.66467671158892,59.91538366256178,-160.66189193420817,59.9170006300732
3592,297,14950.917572004979,1.4950917572004978,85,4.932200252078106,77.79124579124579,2856,2876,2450,2506,-161.89815342821345,59.876396779230994,-161.8931228626224,59.87819340979924
4545,297,14950.917572004979,1.4950917572004978,83,4.816148481440973,113.993265993266,4793,4839,3893,3939,-161.76852653271501,59.700057488958336,-161.76439428240806,59.70418973926528
748,297,14950.917572004979,1.4950917572004978,62,3.597604889751089,65.993265993266,545,562,8139,8192,-161.38710186307785,60.08426693597625,-161.38234079207203,60.085794071959256
675,297,14950.917572004979,1.4950917572004978,30,1.7407765595569784,22.63973063973064,497,511,11238,11265,-161.10871395652921,60.088848343925264,-161.10628850526209,60.09010598532303
4372,296,14900.57778220025,1.4900577782200248,62,3.603676801058398,32.445945945945944,4418,4447,15307,15327,-160.743189467421,59.735271448095816,-160.74139283685275,59.737876562419764
3480,296,14900.57778220025,1.4900577782200248,27,1.5693431230415602,22.716216216216218,2730,2744,9513,9540,-161.26367334303984,59.88825454098137,-161.2612478917727,59.88951218237914
2127,296,14900.57778220025,1.4900577782200248,42,2.441200413620205,36.54054054054054,1614,1629,8738,8775,-161.3332927775591,59.9884166951607,-161.32996901100785,59.98976416808688
1585,296,14900.57778220025,1.4900577782200248,41,2.3830765942482954,29.85135135135135,1144,1162,36,65,-162.11500673779992,60.03036801892908,-162.11240162347596,60.0319849864405
4124,296,14900.57778220025,1.4900577782200248,89,5.173019924099958,135.13513513513513,4071,4109,5268,5330,-161.64500818114857,59.76563450469906,-161.63943862638703,59.76904810277871
1979,296,14900.57778220025,1.4900577782200248,29,1.6855907617853796,26.16216216216216,1487,1500,6357,6388,-161.54718164670797,60.00000496232584,-161.5443968693272,60.0011727721952
706,296,14900.57778220025,1.4900577782200248,47,2.731819510479753,35.148648648648646,521,553,390,409,-162.08320637674208,60.08507541973196,-162.08149957770226,60.087950028641146
3653,296,14900.57778220025,1.4900577782200248,31,1.801838400529199,27.364864864864863,2941,2951,5804,5839,-161.59685848191975,59.8696594146001,-161.59371437842535,59.87055772988422
422,296,14900.57778220025,1.4900577782200248,31,1.801838400529199,24.986486486486488,331,343,11882,11913,-161.0508624522319,60.10394004069847,-161.04807767485116,60.10501801903941
1782,296,14900.57778220025,1.4900577782200248,62,3.603676801058398,60.66216216216216,1314,1335,16001,16047,-160.68084638670308,60.01482716451381,-160.67671413639613,60.01671362661047
130,296,14900.57778220025,1.4900577782200248,26,1.5112193036696506,20.554054054054053,96,108,4500,4527,-161.71399879496894,60.12505044987528,-161.71157334370182,60.12612842821622
1926,296,14900.57778220025,1.4900577782200248,34,1.9762098586449277,32.445945945945944,1440,1456,4068,4101,-161.75280601524292,60.003957549575965,-161.74984157480532,60.005394854030556
4105,296,14900.57778220025,1.4900577782200248,89,5.173019924099958,50.28378378378378,4049,4076,7765,7799,-161.42069885470391,59.76859894513665,-161.41764458273792,59.771024396403774
1860,296,14900.57778220025,1.4900577782200248,36,2.092457497388747,33.78378378378378,1381,1392,7815,7854,-161.41620727828334,60.009706767394334,-161.41270384867528,60.010694914206866
1877,295,14850.23799239552,1.4850237992395519,25,1.455556274348955,20.62372881355932,1397,1412,6351,6375,-161.54772063587842,60.00791013682609,-161.54556467919653,60.009257609752275
3939,295,14850.23799239552,1.4850237992395519,88,5.123558085708321,132.89491525423728,3673,3718,14495,14549,-160.8161326684915,59.80075863230813,-160.81128176595723,59.80480105108667
4415,295,14850.23799239552,1.4850237992395519,77,4.483113324994782,82.49491525423728,4505,4515,14522,14590,-160.81370721722436,59.72916290416381,-160.80759867329235,59.730061219447926
1657,295,14850.23799239552,1.4850237992395519,52,3.0275570506458265,35.26779661016949,1213,1230,1868,1902,-161.95043537774922,60.024259474997066,-161.9473811057832,60.02578661098007
4487,295,14850.23799239552,1.4850237992395519,107,6.229780854213527,192.0135593220339,4642,4671,3214,3304,-161.82952214050673,59.71514918573154,-161.82143730294965,59.71775430005549
3863,295,14850.23799239552,1.4850237992395519,128,7.45244812466665,176.21694915254238,3426,3454,5157,5243,-161.6549794808023,59.824474155808886,-161.64725396935887,59.82698943860442
5402,295,14850.23799239552,1.4850237992395519,33,1.9213342821406207,27.45762711864407,7977,7989,3403,3436,-161.81254398163685,59.41708817446069,-161.80957954119927,59.418166152801625
4935,295,14850.23799239552,1.4850237992395519,97,5.6475583444739454,47.2,6182,6198,12150,12193,-161.02678760261753,59.57797644184649,-161.0229248468958,59.57941374630108
562,295,14850.23799239552,1.4850237992395519,74,4.308446572072907,48.813559322033896,418,435,9044,9087,-161.30580432986505,60.09567554008457,-161.3019415741433,60.097202676067575
1656,295,14850.23799239552,1.4850237992395519,81,4.716002328890615,64.55593220338983,1213,1232,1811,1861,-161.95555577486869,60.02407981194025,-161.95106419844808,60.02578661098007
3284,295,14850.23799239552,1.4850237992395519,74,4.308446572072907,59.06440677966102,2560,2572,2972,3026,-161.85126137038242,59.90370556386823,-161.84641046784816,59.904783542209174
1271,295,14850.23799239552,1.4850237992395519,36,2.0960010350624954,25.071186440677966,915,928,6952,6982,-161.49373188730286,60.051388596577475,-161.4910369414505,60.05255640644683
3250,295,14850.23799239552,1.4850237992395519,72,4.192002070124991,32.55593220338983,2525,2543,626,657,-162.06200613603684,59.90631067819218,-162.0592213586561,59.90792764570359
3659,295,14850.23799239552,1.4850237992395519,32,1.8631120311666625,28.691525423728812,2958,2971,2659,2692,-161.87937863877536,59.86786278403186,-161.87641419833776,59.869030593901215
115,295,14850.23799239552,1.4850237992395519,52,3.0275570506458265,35.26779661016949,77,102,4466,4492,-161.71705306693497,60.125589439045754,-161.71471744719625,60.12783522725605
3532,294,14799.898202590788,1.4799898202590789,63,3.674234614174767,76.53061224489795,2782,2796,3622,3683,-161.79287087691463,59.883583301503954,-161.7873911536815,59.88484094290172
286,294,14799.898202590788,1.4799898202590789,44,2.5661321114871387,22.87074829931973,224,238,12156,12183,-161.02624861344705,60.113372351181724,-161.02382316217992,60.114629992579495
613,294,14799.898202590788,1.4799898202590789,32,1.8662778992633737,24.0,455,469,5187,5215,-161.65228453494993,60.09262126811856,-161.6497692521544,60.093878909516334
1910,294,14799.898202590788,1.4799898202590789,91,5.307227776030219,98.29931972789116,1428,1443,11396,11466,-161.09452057504012,60.00512535944532,-161.08823236805128,60.0064728323715
399,294,14799.898202590788,1.4799898202590789,116,6.76525738482973,70.53061224489795,311,321,5564,5626,-161.61841804873865,60.10591633432353,-161.61284849397708,60.10681464960765
4028,294,14799.898202590788,1.4799898202590789,29,1.6913143462074325,24.0,3905,3918,6002,6031,-161.5790718392942,59.78279232662574,-161.57646672497026,59.7839601364951
470,294,14799.898202590788,1.4799898202590789,24,1.3997084244475302,21.768707482993197,359,372,10033,10060,-161.2169609482656,60.10133492637453,-161.2145354969985,60.10250273624388
564,294,14799.898202590788,1.4799898202590789,95,5.5405125134381406,36.7891156462585,418,441,14889,14918,-160.78073904629719,60.0951365509141,-160.77813393197323,60.097202676067575
3333,294,14799.898202590788,1.4799898202590789,94,5.48219132908616,70.53061224489795,2602,2627,15352,15399,-160.73914704864245,59.89876482980557,-160.73492496680709,59.90101061801587
475,294,14799.898202590788,1.4799898202590789,53,3.0910227706549627,41.156462585034014,363,376,3475,3517,-161.8060761115912,60.100975600260874,-161.8023031873979,60.10214341013023
3808,294,14799.898202590788,1.4799898202590789,65,3.7908769828787277,57.48299319727891,3265,3290,4163,4203,-161.74427202004378,59.839206526468445,-161.7406787589073,59.84145231467875
2199,294,14799.898202590788,1.4799898202590789,29,1.6913143462074325,24.0,1674,1691,6585,6610,-161.52670005823003,59.98284714039916,-161.52445427001973,59.98437427638216
3676,294,14799.898202590788,1.4799898202590789,90,5.248906591678239,62.91156462585034,2988,2999,13099,13156,-160.9415374821546,59.86534750123633,-160.9364170850351,59.86633564804886
2379,293,14749.558412786057,1.4749558412786057,82,4.790491150263285,136.51877133105802,1820,1839,3409,3490,-161.8120049924664,59.96955207419419,-161.804728638665,59.971258873234014
1308,293,14749.558412786057,1.4749558412786057,60,3.5052374270219158,54.184300341296925,945,962,4,50,-162.11788134670908,60.048334324611474,-162.11374909640213,60.04986146059448
1051,293,14749.558412786057,1.4749558412786057,60,3.5052374270219158,52.477815699658706,764,780,3681,3727,-161.78757081673834,60.06468366278245,-161.78343856643139,60.06612096723704
3507,293,14749.558412786057,1.4749558412786057,60,3.5052374270219158,91.79522184300342,2759,2792,16456,16505,-160.63997304127565,59.8839426276176,-160.63557129638346,59.886907068055194
2546,293,14749.558412786057,1.4749558412786057,83,4.848911774046984,32.77815699658703,1960,1981,10451,10479,-161.1794113693894,59.956795997159695,-161.1768960865939,59.958682459256345
4816,293,14749.558412786057,1.4749558412786057,78,4.55680865512849,38.3481228668942,5582,5612,4345,4368,-161.7279226818728,59.630617717495895,-161.72585655671932,59.633312663348256
461,293,14749.558412786057,1.4749558412786057,79,4.61522927891219,128.4505119453925,353,383,12464,12531,-160.99858050269617,60.100346779561995,-160.99256179029257,60.10304172541435
1199,293,14749.558412786057,1.4749558412786057,42,2.453666198915341,27.64505119453925,864,876,5749,5782,-161.60179921598242,60.0560598360549,-161.59883477554482,60.057137814395844
3050,293,14749.558412786057,1.4749558412786057,69,4.031023041075203,96.32764505119454,2376,2402,634,692,-162.06128748380956,59.91897692369826,-162.05607725516165,59.92131254343697
3768,293,14749.558412786057,1.4749558412786057,59,3.4468168032382174,30.156996587030715,3187,3203,14506,14537,-160.81514452167895,59.84702186944029,-160.8123597442982,59.84845917389488
111,293,14749.558412786057,1.4749558412786057,91,5.316276764316573,113.05119453924915,73,95,3748,3817,-161.78155210433474,60.12621825974463,-161.7753537288743,60.128194553369696
5343,293,14749.558412786057,1.4749558412786057,77,4.498388031344792,91.79522184300342,7804,7831,11999,12054,-161.04035216340773,59.431281555949774,-161.03541142934506,59.433707007216896
4612,293,14749.558412786057,1.4749558412786057,28,1.6357774659435607,19.713310580204777,4947,4960,5489,5514,-161.62515541336953,59.68918787402049,-161.62290962515922,59.69035568388984
5170,293,14749.558412786057,1.4749558412786057,70,4.089443664858902,55.918088737201366,7173,7182,16509,16564,-160.6352119702698,59.48958221788913,-160.63027123620716,59.490390701644834
5307,293,14749.558412786057,1.4749558412786057,53,3.0962930605360257,57.67918088737201,7697,7723,14667,14706,-160.80068164560464,59.44098336101826,-160.79717821599658,59.44331898075698
780,292,14699.218622981327,1.4699218622981327,43,2.5163846647168073,37.04109589041096,571,586,1938,1975,-161.94414717076037,60.08211097929436,-161.94082340420914,60.08345845222055
296,292,14699.218622981327,1.4699218622981327,122,7.139509978963965,231.5068493150685,231,309,280,332,-162.0930878448674,60.106994312664476,-162.08841660538997,60.11400117188061
385,292,14699.218622981327,1.4699218622981327,67,3.920878431070374,27.73972602739726,305,321,11277,11306,-161.10521052692116,60.10591633432353,-161.1026054125972,60.10735363877812
2291,292,14699.218622981327,1.4699218622981327,87,5.09128990303168,108.5068493150685,1739,1762,8969,9035,-161.31254169449593,59.97646910188191,-161.30661281362075,59.97853522703539
3860,292,14699.218622981327,1.4699218622981327,100,5.852057359806529,126.24657534246575,3415,3435,3581,3657,-161.79655396957955,59.82618095484872,-161.78972677342023,59.82797758541695
2148,292,14699.218622981327,1.4699218622981327,47,2.7504669591090685,28.986301369863014,1631,1646,8591,8622,-161.34649801223566,59.9868895591777,-161.34371323485487,59.988237032103875
1049,292,14699.218622981327,1.4699218622981327,89,5.208331050227811,47.68493150684932,763,792,1943,1973,-161.9436980131183,60.063605684441505,-161.94100306726597,60.066210798765454
1333,291,14648.878833176597,1.4648878833176597,76,4.455198901380174,108.87972508591065,960,989,6675,6735,-161.51861522067296,60.04590887334435,-161.51322532896825,60.048513987668294
5318,291,14648.878833176597,1.4648878833176597,30,1.7586311452816477,25.415807560137456,7743,7756,14663,14693,-160.8010409717183,59.43801892058067,-160.79834602586592,59.439186730450025
1966,291,14648.878833176597,1.4648878833176597,52,3.048293985154856,43.106529209621996,1476,1493,1838,1877,-161.95313032360156,60.000633783024725,-161.9496268939935,60.00216091900773
5213,291,14648.878833176597,1.4648878833176597,31,1.8172521834577027,26.611683848797252,7396,7411,15504,15533,-160.72549265632384,59.469010797882795,-160.72288754199988,59.47035827080897
2864,291,14648.878833176597,1.4648878833176597,57,3.3413991760351305,47.84879725085911,2222,2235,7468,7514,-161.44737881864228,59.93397878894306,-161.44324656833533,59.93514659881241
5267,291,14648.878833176597,1.4648878833176597,63,3.69312540509146,41.580756013745706,7569,7591,16193,16226,-160.663598733248,59.45284112276864,-160.6606342928104,59.4548174163937
5075,291,14648.878833176597,1.4648878833176597,29,1.7000101071055926,29.085910652920962,6874,6887,10393,10426,-161.18462159803732,59.51608251877065,-161.18165715759972,59.51725032864001
3194,291,14648.878833176597,1.4648878833176597,31,1.8172521834577027,27.835051546391753,2482,2495,6619,6651,-161.523645786264,59.91062259155595,-161.52077117735485,59.91179040142531
2124,290,14598.539043371866,1.4598539043371865,37,2.172714812204403,40.220689655172414,1613,1631,7458,7494,-161.4482771339264,59.988237032103875,-161.44504319890356,59.98985399961529
5150,290,14598.539043371866,1.4598539043371865,46,2.7012130097676357,43.255172413793105,7140,7151,5333,5378,-161.6391691318018,59.4923669952699,-161.63512671302325,59.49335514208243
191,290,14598.539043371866,1.4598539043371865,69,4.051819514651454,69.53103448275863,147,172,1078,1124,-162.02140228519465,60.11930123205691,-162.0172700348877,60.121547020267215
141,290,14598.539043371866,1.4598539043371865,41,2.407602900010284,27.93103448275862,110,124,12333,12364,-161.01034843291814,60.12361314542069,-161.00756365553735,60.124870786818455
694,290,14598.539043371866,1.4598539043371865,51,2.9948231195249875,30.46896551724138,510,529,9647,9675,-161.25163591823264,60.08723137641385,-161.2491206354371,60.08893817545368
2713,290,14598.539043371866,1.4598539043371865,79,4.639039734166158,149.18620689655174,2100,2162,5771,5813,-161.59982292235736,59.94053649051713,-161.59604999816406,59.94610604527867
3437,290,14598.539043371866,1.4598539043371865,32,1.879104702447051,30.46896551724138,2692,2712,4932,4959,-161.675191574695,59.89112914989055,-161.67276612342786,59.892925780458796
927,290,14598.539043371866,1.4598539043371865,54,3.1709891853793986,40.220689655172414,676,704,7040,7066,-161.4858267128026,60.07151085894176,-161.4834910930639,60.07402614173729
1767,290,14598.539043371866,1.4598539043371865,58,3.40587727318528,44.813793103448276,1302,1320,5185,5224,-161.65246419800675,60.016174637439995,-161.6489607683987,60.017791604951405
4408,290,14598.539043371866,1.4598539043371865,87,5.1088159097779196,63.779310344827586,4483,4493,15808,15866,-160.6981838716866,59.73113919778887,-160.6929736430387,59.73203751307299
1032,290,14598.539043371866,1.4598539043371865,47,2.759935031719106,34.48275862068966,749,762,9045,9082,-161.30571449833664,60.06630063029386,-161.30239073178538,60.06746844016322
5129,289,14548.199253567134,1.4548199253567133,82,4.823529411764706,49.826989619377166,7041,7076,8204,8229,-161.38126281373107,59.4991043599008,-161.3790170255208,59.50224846339521
4495,289,14548.199253567134,1.4548199253567133,36,2.1176470588235294,30.57439446366782,4669,4680,2468,2504,-161.89653646070204,59.714340701975836,-161.89330252567922,59.71532884878837
5096,289,14548.199253567134,1.4548199253567133,66,3.8823529411764706,60.29065743944636,6924,6940,10344,10394,-161.18902334292952,59.51132144776482,-161.1845317665089,59.51275875221941
5046,289,14548.199253567134,1.4548199253567133,85,5.0,60.29065743944636,6769,6781,8988,9042,-161.3108348954561,59.52560466078232,-161.30598399292185,59.526682639123266
2904,289,14548.199253567134,1.4548199253567133,58,3.411764705882353,26.79584775086505,2251,2270,650,675,-162.05985017935498,59.93083468544864,-162.05760439114468,59.93254148448847
400,289,14548.199253567134,1.4548199253567133,83,4.882352941176471,51.50173010380623,311,332,14511,14551,-160.8146953640369,60.104928187511,-160.8111021029004,60.10681464960765
591,289,14548.199253567134,1.4548199253567133,68,4.0,40.3598615916955,438,464,2166,2194,-161.92366558228244,60.09307042576062,-161.92115029948692,60.09540604549934
2280,289,14548.199253567134,1.4548199253567133,77,4.529411764705882,48.17993079584775,1735,1745,1990,2039,-161.93947593128294,59.977996237864915,-161.93507418639078,59.97889455314903
3279,289,14548.199253567134,1.4548199253567133,44,2.588235294117647,29.28719723183391,2554,2568,9434,9466,-161.27077003378437,59.904064889981875,-161.2678954248752,59.905322531379646
616,289,14548.199253567134,1.4548199253567133,47,2.764705882352941,36.0,456,474,8821,8854,-161.3258367607009,60.092172110476504,-161.32287232026331,60.09378907798792
1457,288,14497.859463762405,1.4497859463762404,39,2.29809703885628,34.72222222222222,1049,1061,1224,1262,-162.00828688204652,60.03944100329869,-162.00487328396684,60.04051898163963
939,288,14497.859463762405,1.4497859463762404,49,2.8873526898450694,51.68055555555556,684,696,3133,3182,-161.83679849430808,60.07222951116905,-161.8323967494159,60.07330748950999
3419,288,14497.859463762405,1.4497859463762404,27,1.5909902576697321,24.5,2676,2697,6824,6845,-161.50523032293958,59.89247662281674,-161.50334386084293,59.89436308491339
879,288,14497.859463762405,1.4497859463762404,49,2.8873526898450694,29.38888888888889,645,668,6135,6158,-161.5671242460154,60.074744793964584,-161.56505812086195,60.07681091911806
2826,288,14497.859463762405,1.4497859463762404,83,4.890821903206954,80.22222222222223,2189,2207,5092,5150,-161.66081853014907,59.93649407173859,-161.6556083015012,59.93811103925
4489,288,14497.859463762405,1.4497859463762404,25,1.473139127471974,23.34722222222222,4651,4666,7281,7307,-161.4641773144553,59.7155983433736,-161.4618416947166,59.71694581629978
950,288,14497.859463762405,1.4497859463762404,79,4.655119642811438,34.72222222222222,693,712,2214,2245,-161.91935366891866,60.07079220671446,-161.9165688915379,60.07249900575429
781,288,14497.859463762405,1.4497859463762404,33,1.9445436482630059,29.38888888888889,572,585,10700,10733,-161.15704331881486,60.082200810822776,-161.15407887837725,60.083368620692134
4854,288,14497.859463762405,1.4497859463762404,74,4.360491817317043,51.68055555555556,5729,5743,14286,14333,-160.83490745792957,59.61884978727393,-160.83068537609424,59.620107428671695
1492,288,14497.859463762405,1.4497859463762404,45,2.6516504294495533,25.680555555555557,1070,1085,2815,2843,-161.8653649203431,60.0372850466168,-161.86284963754755,60.03863251954298
3232,288,14497.859463762405,1.4497859463762404,37,2.1802459086585215,32.0,2511,2522,15411,15448,-160.73384698846615,59.90819714028883,-160.7305232219149,59.90918528710136
5405,288,14497.859463762405,1.4497859463762404,64,3.771236166328254,53.388888888888886,7979,8003,9275,9313,-161.28505324680188,59.415830533062916,-161.28163964872223,59.417986489744806
321,287,14447.519673957675,1.4447519673957674,35,2.0659846763533434,25.770034843205575,255,272,9468,9494,-161.26771576181838,60.110318079215716,-161.26538014207966,60.11184521519872
2801,287,14447.519673957675,1.4447519673957674,70,4.131969352706687,51.86062717770035,2170,2200,5848,5879,-161.59290589466963,59.93712289243747,-161.59012111728887,59.939817838289834
1068,287,14447.519673957675,1.4447519673957674,38,2.24306907718363,25.770034843205575,770,786,9145,9172,-161.29673134549543,60.06414467361198,-161.2943058942283,60.06558197806657
3624,287,14447.519673957675,1.4447519673957674,72,4.250025619926878,39.149825783972126,2900,2916,3826,3863,-161.77454524511862,59.872803518094514,-161.77122147856736,59.87424082254911
2521,287,14447.519673957675,1.4447519673957674,66,3.8958568182663047,39.149825783972126,1941,1973,6459,6480,-161.53801883080993,59.95751464938699,-161.53613236871328,59.96038925829617
492,287,14447.519673957675,1.4447519673957674,67,3.9548849518764,58.88501742160279,374,389,7588,7638,-161.43659903523283,60.09980779039152,-161.43210745881225,60.1011552633177
3299,287,14447.519673957675,1.4447519673957674,94,5.54864455934898,68.29268292682927,2575,2586,11809,11868,-161.057420153806,59.902447922470465,-161.0521200936297,59.903436069282996
3522,287,14447.519673957675,1.4447519673957674,70,4.131969352706687,89.19860627177701,2773,2805,2928,2976,-161.85521395763254,59.88277481774824,-161.85090204426876,59.88564942665742
2188,287,14447.519673957675,1.4447519673957674,17,1.003478271371624,21.198606271777003,1668,1681,4252,4278,-161.73627701401512,59.98374545568328,-161.7339413942764,59.984913265552635
1847,287,14447.519673957675,1.4447519673957674,42,2.479181611624012,32.11149825783972,1375,1390,5941,5974,-161.58455156252734,60.009886430451154,-161.58158712208973,60.01123390337734
767,287,14447.519673957675,1.4447519673957674,59,3.482659882995636,29.49128919860627,559,582,2481,2504,-161.8953686508327,60.082470305408016,-161.89330252567922,60.084536430561485
2721,287,14447.519673957675,1.4447519673957674,55,3.246547348555254,45.282229965156795,2108,2118,6869,6916,-161.50118790416104,59.94448907776726,-161.49696582232568,59.94538739305138
5206,287,14447.519673957675,1.4447519673957674,103,6.079897761839839,48.51567944250871,7361,7385,14640,14675,-160.80310709687177,59.471346417621504,-160.79996299337733,59.47350237430339
3646,287,14447.519673957675,1.4447519673957674,31,1.8298721419129613,32.11149825783972,2933,2953,9006,9034,-161.3092179279447,59.869479751543274,-161.30670264514916,59.87127638211152
4788,287,14447.519673957675,1.4447519673957674,83,4.899335089637929,37.68641114982579,5485,5503,6734,6768,-161.51331516049666,59.640409354092796,-161.51026088853064,59.64202632160421
5300,286,14397.179884152943,1.4397179884152944,122,7.214011231066808,208.16783216783216,7653,7695,10210,10290,-161.2010607677367,59.4434986438138,-161.19387424546375,59.4472715680071
2254,286,14397.179884152943,1.4397179884152944,51,3.015693219544321,32.22377622377623,1717,1734,8137,8168,-161.38728152613467,59.978984384677446,-161.38449674875392,59.98051152066045
3755,286,14397.179884152943,1.4397179884152944,72,4.257449251121395,68.53146853146853,3160,3187,1725,1768,-161.9632812863121,59.84845917389488,-161.9594185305904,59.850884625162
1520,286,14397.179884152943,1.4397179884152944,37,2.1878558651596056,34.96503496503497,1096,1116,27,57,-162.1158152215556,60.034500269236034,-162.11312027570327,60.03629689980427
2443,286,14397.179884152943,1.4397179884152944,82,4.848761647110478,40.78321678321678,1868,1897,1098,1123,-162.01960565462642,59.96434184554629,-162.01735986641611,59.96694695987024
5022,286,14397.179884152943,1.4397179884152944,72,4.257449251121395,43.86013986013986,6699,6730,12597,12622,-160.98663290941738,59.53018606873133,-160.98438712120708,59.5329708461121
2338,286,14397.179884152943,1.4397179884152944,41,2.424380823555239,33.58041958041958,1776,1796,14130,14159,-160.84892117636184,59.9734148299159,-160.8463160620379,59.97521146048414
390,286,14397.179884152943,1.4397179884152944,27,1.5965434691705231,23.51048951048951,306,324,9225,9248,-161.28954482322249,60.1056468397383,-161.287478698069,60.107263807249716
3780,286,14397.179884152943,1.4397179884152944,55,3.2522181779399544,40.78321678321678,3207,3226,2733,2768,-161.87273110567287,59.844955744286814,-161.86958700217846,59.84666254332664
3765,286,14397.179884152943,1.4397179884152944,51,3.015693219544321,34.96503496503497,3175,3188,12653,12690,-160.9816023438263,59.84836934236647,-160.97827857727506,59.84953715223582
1640,286,14397.179884152943,1.4397179884152944,50,2.956561979945413,36.37762237762238,1194,1204,16029,16070,-160.67833110390757,60.02659509473578,-160.67464801124265,60.0274934100199
4406,286,14397.179884152943,1.4397179884152944,45,2.6609057819508717,22.377622377622377,4481,4494,13731,13758,-160.8847639561982,59.73104936626046,-160.8823385049311,59.732217176129815
3698,286,14397.179884152943,1.4397179884152944,28,1.6556747087694312,24.67132867132867,3043,3056,1510,1539,-161.9825950649207,59.860227104116845,-161.97998995059675,59.8613949139862
1345,286,14397.179884152943,1.4397179884152944,70,4.139186771923578,47.04895104895105,968,988,4832,4870,-161.68417472753617,60.04599870487276,-161.68076112945653,60.047795335441
2549,285,14346.840094348212,1.4346840094348212,35,2.073221072156823,27.171929824561403,1961,1977,5316,5344,-161.6406962677848,59.95715532327334,-161.63818098498928,59.95859262772793
4494,285,14346.840094348212,1.4346840094348212,83,4.916495685400466,96.68771929824561,4665,4699,5694,5743,-161.60673995004507,59.712633902936005,-161.6023382051529,59.71568817490201
5308,285,14346.840094348212,1.4346840094348212,53,3.1394490521231893,31.003508771929823,7699,7717,4181,4210,-161.74265505253237,59.441522350188734,-161.74004993820841,59.44313931770015
3086,285,14346.840094348212,1.4346840094348212,59,3.4948583787786447,42.45614035087719,2407,2425,699,736,-162.0554484344628,59.916910798544784,-162.05212466791153,59.9185277660562
11,285,14346.840094348212,1.4346840094348212,94,5.568079450935468,124.0140350877193,0,19,4677,4752,-161.69809861444003,60.13304545590394,-161.69136124980915,60.13475225494377
1499,285,14346.840094348212,1.4346840094348212,40,2.369395511036369,28.42105263157895,1076,1092,2851,2880,-161.86213098532025,60.036656225917916,-161.85952587099632,60.03809353037251
1856,285,14346.840094348212,1.4346840094348212,34,2.0139861843809137,23.59298245614035,1379,1391,3587,3616,-161.79601498040907,60.00979659892275,-161.7934098660851,60.010874577263685
835,285,14346.840094348212,1.4346840094348212,44,2.606335062140006,40.92631578947368,608,619,1380,1423,-161.99427316361425,60.07914653885677,-161.99041040789254,60.0801346856693
4394,285,14346.840094348212,1.4346840094348212,36,2.132455959932732,25.950877192982457,4461,4473,4920,4951,-161.67626955303592,59.73293582835711,-161.67348477565517,59.73401380669805
4268,285,14346.840094348212,1.4346840094348212,66,3.9095025932100094,48.85614035087719,4275,4292,3606,3648,-161.79430818136925,59.74919533499967,-161.79053525717595,59.75072247098267
3932,285,14346.840094348212,1.4346840094348212,69,4.087207256537737,45.6,3634,3655,16454,16490,-160.64015270433248,59.80641801859809,-160.63691876930966,59.80830448069474
859,284,14296.500304543482,1.4296500304543482,101,5.993247373878959,97.02816901408451,627,638,8711,8783,-161.3357182288262,60.077439739816946,-161.32925035878057,60.07842788662948
2576,284,14296.500304543482,1.4296500304543482,69,4.094396720768794,41.070422535211264,1982,2009,9694,9721,-161.24741383639727,59.95428071436416,-161.24498838513014,59.95670616563128
1890,284,14296.500304543482,1.4296500304543482,48,2.8482759796652477,33.816901408450704,1411,1434,6295,6321,-161.5527512014695,60.00593384320103,-161.5504155817308,60.007999968354504
5395,284,14296.500304543482,1.4296500304543482,70,4.153735803678487,45.76056338028169,7965,7982,4559,4599,-161.70869873479265,59.417716995159566,-161.70510547365618,59.41924413114257
5188,284,14296.500304543482,1.4296500304543482,38,2.254885150568321,22.535211267605632,7277,7292,9240,9265,-161.2881973502963,59.479700749763815,-161.285951562086,59.48104822268999
3661,284,14296.500304543482,1.4296500304543482,30,1.7801724872907798,24.845070422535212,2961,2974,1778,1807,-161.9585202153063,59.867593289446624,-161.95591510098234,59.86876109931598
2309,284,14296.500304543482,1.4296500304543482,101,5.993247373878959,97.02816901408451,1753,1779,14330,14387,-160.83095487067945,59.97494196589891,-160.82583447355998,59.977277585637616
890,284,14296.500304543482,1.4296500304543482,78,4.628448466956028,35.2112676056338,655,676,3607,3636,-161.79421834984083,60.07402614173729,-161.79161323551688,60.07591260383394
5390,284,14296.500304543482,1.4296500304543482,62,3.679023140400945,32.45070422535211,7955,7969,16059,16093,-160.6756361580552,59.418884805028924,-160.67258188608918,59.42014244642669
231,284,14296.500304543482,1.4296500304543482,40,2.3735633163877066,24.845070422535212,173,188,4165,4192,-161.74409235698695,60.11786392760232,-161.74166690571982,60.1192114005285
131,284,14296.500304543482,1.4296500304543482,69,4.094396720768794,44.16901408450704,97,111,8989,9031,-161.3107450639277,60.12478095529004,-161.3069721397344,60.12603859668781
736,284,14296.500304543482,1.4296500304543482,53,3.144971394213711,38.08450704225352,538,563,7300,7327,-161.46247051541548,60.08417710444784,-161.46004506414837,60.08642289265814
786,283,14246.160514738753,1.4246160514738753,54,3.2099668106999255,49.20141342756184,579,602,17,53,-162.11671353683974,60.08067367483977,-162.1134796018169,60.08273979999325
4697,283,14246.160514738753,1.4246160514738753,78,4.636618726566559,117.04593639575971,5085,5112,8562,8626,-161.3491031265596,59.67553348170187,-161.34335390874125,59.67795893296899
1375,283,14246.160514738753,1.4246160514738753,36,2.1399778737999506,19.34982332155477,992,1009,6636,6656,-161.52211865028102,60.04411224277611,-161.52032201971278,60.04563937875911
3064,283,14246.160514738753,1.4246160514738753,32,1.9022025544888448,27.363957597173144,2390,2403,8390,8421,-161.36455414944646,59.91888709216985,-161.36176937206568,59.920054902039205
4170,283,14246.160514738753,1.4246160514738753,55,3.269410640527702,59.71731448763251,4153,4162,6697,6753,-161.5166389270479,59.76087343369323,-161.51160836145684,59.76168191744893
3806,283,14246.160514738753,1.4246160514738753,37,2.199421703627727,29.908127208480565,3262,3271,4740,4777,-161.69243922815008,59.840913325508275,-161.68911546159885,59.84172180926398
1765,283,14246.160514738753,1.4246160514738753,47,2.793860001905491,33.936395759717314,1301,1319,5801,5832,-161.597127976505,60.0162644689684,-161.59434319912424,60.01788143647982
5101,283,14246.160514738753,1.4246160514738753,50,2.97219149138882,27.363957597173144,6940,6953,4646,4677,-161.7008833918208,59.51015363789546,-161.69809861444003,59.51132144776482
3949,283,14246.160514738753,1.4246160514738753,121,7.192703409160945,190.19081272084804,3701,3727,9459,9549,-161.26852424557407,59.799950148552426,-161.260439408017,59.802285768291135
3570,283,14246.160514738753,1.4246160514738753,68,4.042180428288796,39.70318021201413,2820,2833,4311,4351,-161.73097695383882,59.88025953495271,-161.72738369270235,59.881427344822065
3731,283,14246.160514738753,1.4246160514738753,95,5.647163833638758,71.25088339222614,3104,3119,14454,14510,-160.81981576115638,59.85456771782689,-160.81478519556532,59.85591519075307
2251,283,14246.160514738753,1.4246160514738753,67,3.982736598461019,69.25795053003533,1714,1734,9046,9096,-161.30562466680823,59.978984384677446,-161.30113309038762,59.98078101524568
899,282,14195.820724934021,1.419582072493402,69,4.108890205810354,47.716312056737586,658,674,7509,7551,-161.4436957259774,60.07420580479411,-161.4399228017841,60.0756431092487
4475,282,14195.820724934021,1.419582072493402,127,7.562739944027753,247.14893617021278,4611,4626,13284,13401,-160.92491864939836,59.71919160451008,-160.91440836057416,59.72053907743626
1592,282,14195.820724934021,1.419582072493402,85,5.061676340491016,41.361702127659576,1149,1170,11058,11091,-161.12488363164337,60.02964936670178,-161.12191919120576,60.03153582879844
3171,282,14195.820724934021,1.419582072493402,72,4.287537606062979,54.52482269503546,2467,2483,2081,2127,-161.93130126219745,59.911700569896894,-161.92716901189053,59.913137874351484
5219,282,14195.820724934021,1.419582072493402,68,4.049341072392813,42.90780141843972,7412,7425,14633,14675,-160.80373591757063,59.467753156485024,-160.79996299337733,59.46892096635438
4328,282,14195.820724934021,1.419582072493402,83,4.942578073655934,77.67375886524823,4361,4394,6538,6579,-161.5309221400654,59.74003251910165,-161.5272390474005,59.74299695953925
2342,282,14195.820724934021,1.419582072493402,63,3.7515954053051064,42.90780141843972,1779,1791,8179,8222,-161.38350860194137,59.97386398755796,-161.37964584621966,59.97494196589891
2768,282,14195.820724934021,1.419582072493402,54,3.215653204547234,47.716312056737586,2143,2171,1508,1538,-161.9827747279775,59.93972800676142,-161.98007978212516,59.942243289556956
1905,282,14195.820724934021,1.419582072493402,10,0.5954913341754137,23.843971631205672,1426,1445,5993,6015,-161.5798803230499,60.004945696388496,-161.57790402942484,60.00665249542833
756,282,14195.820724934021,1.419582072493402,86,5.121225473908558,107.36170212765957,552,585,2247,2301,-161.91638922848108,60.082200810822776,-161.91153832594682,60.08516525126037
3130,282,14195.820724934021,1.419582072493402,22,1.3100809351859102,22.69503546099291,2443,2458,6323,6348,-161.55023591867396,59.91394635810719,-161.54799013046366,59.915293831033374
1187,282,14195.820724934021,1.419582072493402,48,2.8583584040419856,54.52482269503546,854,866,11711,11761,-161.06622364359038,60.05695815133902,-161.06173206716977,60.05803612967996
3951,282,14195.820724934021,1.419582072493402,118,7.026797743269881,204.25531914893617,3713,3728,10460,10565,-161.17860288563372,59.79986031702401,-161.16917057515047,59.80120778995019
2453,282,14195.820724934021,1.419582072493402,53,3.1561040711296924,28.72340425531915,1877,1889,1063,1096,-162.02274975812082,59.96506049777359,-162.01978531768324,59.96613847611454
5313,282,14195.820724934021,1.419582072493402,73,4.3470867394805195,32.680851063829785,7712,7729,7932,7963,-161.40569698945913,59.44044437184779,-161.40291221207835,59.44197150783079
5228,282,14195.820724934021,1.419582072493402,36,2.1437688030314894,28.72340425531915,7435,7452,4751,4779,-161.69145108133756,59.4653277052179,-161.68893579854202,59.466854841200906
3527,281,14145.48093512929,1.4145480935129289,48,2.863439934105089,22.775800711743774,2779,2798,6080,6101,-161.57206498007807,59.88340363844713,-161.57017851798142,59.88511043748696
4149,281,14145.48093512929,1.4145480935129289,35,2.0879249519516274,23.9288256227758,4115,4127,9783,9812,-161.2394188303686,59.76401753718764,-161.23681371604465,59.765095515528586
657,281,14145.48093512929,1.4145480935129289,29,1.7299949601884914,22.775800711743774,483,495,4313,4341,-161.730797290782,60.090285648379854,-161.72828200798645,60.0913636267208
1827,281,14145.48093512929,1.4145480935129289,46,2.7441299368507104,28.82562277580071,1354,1375,4389,4413,-161.72397009462267,60.01123390337734,-161.72181413794078,60.01312036547399
2894,281,14145.48093512929,1.4145480935129289,78,4.65308989292077,54.718861209964416,2246,2265,9065,9108,-161.30391786776838,59.9312838430907,-161.30005511204666,59.93299064213053
235,281,14145.48093512929,1.4145480935129289,73,4.354814899784823,20.555160142348754,175,193,9071,9091,-161.30337887859793,60.11741476996026,-161.3015822480297,60.11903173747168
810,281,14145.48093512929,1.4145480935129289,47,2.8037849354779,43.06049822064057,594,616,4908,4941,-161.67734753137688,60.07941603344201,-161.67438309093927,60.08139232706707
1047,281,14145.48093512929,1.4145480935129289,129,7.695494822907427,65.8220640569395,762,790,14024,14064,-160.85844331837353,60.063785347498325,-160.85485005723703,60.06630063029386
4080,281,14145.48093512929,1.4145480935129289,34,2.028269953324438,44.64056939501779,4002,4020,1979,2017,-161.9404640780955,59.77362951072772,-161.93705048001584,59.77524647823914
1748,281,14145.48093512929,1.4145480935129289,41,2.4458549437147634,25.110320284697508,1290,1304,10119,10147,-161.20923543682218,60.017611941894586,-161.20672015402667,60.01886958329235
4000,281,14145.48093512929,1.4145480935129289,94,5.6075698709558,169.12455516014234,3854,3873,3059,3149,-161.84344602741058,59.78683474540428,-161.8353611898535,59.78854154444411
1131,281,14145.48093512929,1.4145480935129289,58,3.459989920376983,47.88612099644128,812,825,8355,8400,-161.36769825294087,60.06064124400391,-161.36365583416233,60.06180905387326
2256,281,14145.48093512929,1.4145480935129289,41,2.4458549437147634,46.2491103202847,1718,1743,345,377,-162.08724879552062,59.978175900921734,-162.08437418661143,59.98042168913204
4682,281,14145.48093512929,1.4145480935129289,86,5.130329881938285,63.90035587188612,5047,5059,14047,14102,-160.85637719322006,59.68029455270771,-160.85143645915738,59.681372531048645
4971,281,14145.48093512929,1.4145480935129289,100,5.965499862718936,201.58007117437722,6453,6476,10115,10211,-161.20959476293584,59.55300327694797,-161.2009709362083,59.555069402101445
5236,281,14145.48093512929,1.4145480935129289,84,5.011019884683906,75.85765124555161,7468,7488,4392,4445,-161.72370060003743,59.462093770195075,-161.71893952903162,59.46389040076331
4625,281,14145.48093512929,1.4145480935129289,26,1.5510299643069232,26.320284697508896,4968,4982,12848,12877,-160.96408519578597,59.68721158039543,-160.96148008146204,59.68846922179319
3416,281,14145.48093512929,1.4145480935129289,88,5.249639879192664,54.718861209964416,2675,2696,7467,7508,-161.4474686501707,59.89256645434515,-161.4437855575058,59.8944529164418
5118,280,14095.14114532456,1.409514114532456,66,3.944254410803499,54.91428571428571,6995,7010,14697,14744,-160.79798669975227,59.50503324077599,-160.7937646179169,59.506380713702164
4010,280,14095.14114532456,1.409514114532456,51,3.0478329538027036,31.557142857142857,3877,3901,2617,2640,-161.88315156296866,59.78431946260874,-161.8810854378152,59.78647541929063
1459,280,14095.14114532456,1.409514114532456,52,3.1075943842694236,31.557142857142857,1050,1066,2741,2772,-161.87201245344556,60.03899184565663,-161.8692276760648,60.04042915011122
1359,280,14095.14114532456,1.409514114532456,51,3.0478329538027036,40.128571428571426,977,989,7221,7262,-161.46956720616004,60.04590887334435,-161.46588411349515,60.04698685168529
3767,280,14095.14114532456,1.409514114532456,88,5.259005881071332,64.12857142857143,3187,3201,5294,5347,-161.64267256140985,59.84720153249711,-161.63791149040404,59.84845917389488
5369,280,14095.14114532456,1.409514114532456,56,3.3466401061363023,38.628571428571426,7904,7928,8020,8048,-161.39779181495888,59.42256789769381,-161.39527653216334,59.4247238543757
4579,280,14095.14114532456,1.409514114532456,76,4.541868715470696,30.228571428571428,4891,4911,5713,5739,-161.60503315100524,59.693589618912675,-161.60269753126656,59.69538624948091
3668,280,14095.14114532456,1.409514114532456,68,4.063777271736939,60.357142857142854,2972,2987,5794,5844,-161.59775679720389,59.866425479577266,-161.59326522078328,59.86777295250345
911,280,14095.14114532456,1.409514114532456,20,1.1952286093343936,20.62857142857143,663,675,9701,9727,-161.24678501569838,60.074115973265705,-161.2444493959597,60.07519395160664
569,280,14095.14114532456,1.409514114532456,53,3.167355814736143,35.714285714285715,421,440,5864,5895,-161.59146859021504,60.09522638244251,-161.5886838128343,60.096933181482335
2869,280,14095.14114532456,1.409514114532456,55,3.2868786756695823,38.628571428571426,2227,2241,3370,3408,-161.81550842207446,59.933439799772586,-161.8120948239948,59.93469744117035
1207,280,14095.14114532456,1.409514114532456,70,4.183300132670378,98.41428571428571,869,892,4479,4539,-161.7158852570656,60.05462253160031,-161.71049536536088,60.056688656753785
5042,280,14095.14114532456,1.409514114532456,32,1.9123657749350298,30.228571428571428,6757,6770,10401,10434,-161.18390294581002,59.52659280759485,-161.18093850537244,59.52776061746421
942,279,14044.80135551983,1.4044801355519831,56,3.3526323044997977,38.76702508960574,686,708,52,82,-162.1135694333453,60.07115153282811,-162.11087448749296,60.073127826453174
1450,279,14044.80135551983,1.4044801355519831,44,2.6342110963926983,24.100358422939067,1046,1060,3997,4024,-161.75918405376015,60.0395308348271,-161.75675860249305,60.04078847622487
3361,279,14044.80135551983,1.4044801355519831,23,1.3769739822052742,21.806451612903224,2625,2639,1678,1703,-161.96750336814748,59.89768685146463,-161.96525757993717,59.8989444928624
735,279,14044.80135551983,1.4044801355519831,35,2.0953951903123738,21.806451612903224,538,557,1921,1941,-161.94567430674337,60.08471609361831,-161.94387767617513,60.08642289265814
5138,279,14044.80135551983,1.4044801355519831,35,2.0953951903123738,34.422939068100355,7098,7111,15804,15840,-160.69854319780023,59.49596025640638,-160.6953092627774,59.497128066275735
256,279,14044.80135551983,1.4044801355519831,75,4.490132550669372,49.90681003584229,190,211,7926,7964,-161.4062359786296,60.115797802448846,-161.40282238054996,60.117684264545495
3801,279,14044.80135551983,1.4044801355519831,100,5.9868434008924964,56.903225806451616,3254,3265,1472,1524,-161.98600866300035,59.84145231467875,-161.98133742352292,59.84244046149128
2805,279,14044.80135551983,1.4044801355519831,51,3.053290134455173,33.03225806451613,2172,2188,732,764,-162.05248399402518,59.93820087077842,-162.049609385116,59.93963817523301
2827,279,14044.80135551983,1.4044801355519831,18,1.0776318121606494,20.70250896057348,2189,2202,6607,6632,-161.52472376460497,59.93694322938065,-161.52247797639467,59.93811103925
5322,279,14044.80135551983,1.4044801355519831,75,4.490132550669372,33.03225806451613,7747,7773,6549,6571,-161.52993399325285,59.43649178459766,-161.5279576996278,59.43882740433638
32,279,14044.80135551983,1.4044801355519831,53,3.173027002473023,48.229390681003586,7,25,14126,14166,-160.8492805024755,60.132506466733474,-160.84568724133902,60.134123434244884
5169,279,14044.80135551983,1.4044801355519831,36,2.155263624321299,26.508960573476703,7173,7186,4923,4953,-161.67600005845068,59.48922289177548,-161.67330511259834,59.490390701644834
180,279,14044.80135551983,1.4044801355519831,24,1.436842416214199,21.806451612903224,142,158,3850,3873,-161.77238928843673,60.120558873454684,-161.77032316328325,60.121996177909274
4596,278,13994.461565715099,1.39944615657151,36,2.159136518054642,24.18705035971223,4919,4931,6084,6113,-161.57170565396441,59.69179298834443,-161.56910053964046,59.692870966685376
557,278,13994.461565715099,1.39944615657151,35,2.099160503664235,26.60431654676259,416,432,5267,5294,-161.64509801267698,60.0959450346698,-161.64267256140985,60.0973823391244
1718,278,13994.461565715099,1.39944615657151,55,3.2986807914723695,60.79136690647482,1262,1280,1059,1106,-162.02310908423448,60.01976789857647,-162.0188870023991,60.021384866087885
5209,278,13994.461565715099,1.39944615657151,74,4.438225064890097,41.9568345323741,7369,7385,4325,4363,-161.72971931244103,59.471346417621504,-161.7263057143614,59.472783722076095
4670,278,13994.461565715099,1.39944615657151,58,3.4786088346435897,25.381294964028775,5030,5048,3544,3568,-161.79987773613078,59.68128269952024,-161.7977217794489,59.68289966703165
1440,278,13994.461565715099,1.39944615657151,58,3.4786088346435897,34.54676258992806,1040,1058,7934,7965,-161.4055173264023,60.039710497883924,-161.40273254902155,60.04132746539534
1691,278,13994.461565715099,1.39944615657151,83,4.978009194403758,43.52517985611511,1240,1273,2078,2100,-161.9315707567827,60.020396719275354,-161.92959446315763,60.02336115971295
3572,278,13994.461565715099,1.39944615657151,72,4.318273036109284,57.10791366906475,2824,2833,4005,4059,-161.75846540153287,59.88025953495271,-161.75361449899862,59.88106801870842
101,278,13994.461565715099,1.39944615657151,31,1.8592564461026084,27.85611510791367,67,81,12336,12366,-161.0100789383329,60.127475901142404,-161.00738399248053,60.12873354254017
4546,278,13994.461565715099,1.39944615657151,95,5.697721367088638,87.53956834532374,4793,4804,8306,8373,-161.37209999783306,59.70320159245275,-161.36608128542946,59.70418973926528
1549,278,13994.461565715099,1.39944615657151,34,2.0391844892738287,24.18705035971223,1113,1125,9230,9259,-161.28909566558042,60.03369178548032,-161.28649055125646,60.03476976382127
4469,278,13994.461565715099,1.39944615657151,25,1.499400359760168,23.02158273381295,4603,4616,13049,13076,-160.94602905857516,59.7200899197942,-160.94360360730806,59.721257729663556
4766,277,13944.121775910367,1.3944121775910368,54,3.244545547880992,39.04693140794224,5418,5429,16355,16396,-160.64904602564525,59.64705688719528,-160.64536293298036,59.648045034007815
4099,277,13944.121775910367,1.3944121775910368,33,1.9827778348161618,27.95667870036101,4032,4043,10172,10205,-161.20447436581637,59.77156338557425,-161.20150992537876,59.77255153238678
2506,277,13944.121775910367,1.3944121775910368,35,2.1029461884413836,25.47292418772563,1928,1947,3217,3240,-161.82925264592149,59.9598502691257,-161.827186520768,59.961557068165526
1715,277,13944.121775910367,1.3944121775910368,41,2.4634512493170497,33.27075812274368,1258,1278,7498,7526,-161.4446838727899,60.019947561633295,-161.4421685899944,60.02174419220153
2026,277,13944.121775910367,1.3944121775910368,28,1.682356950753107,23.104693140794225,1528,1542,4323,4349,-161.72989897549786,59.99623203813254,-161.72756335575914,59.997489679530304
5385,277,13944.121775910367,1.3944121775910368,35,2.1029461884413836,31.898916967509024,7943,7954,8108,8144,-161.38988664045863,59.4202322779551,-161.3866527054358,59.42122042476763
2305,277,13944.121775910367,1.3944121775910368,16,0.9613468290017755,20.85198555956679,1750,1764,4476,4500,-161.71615475165083,59.976289438825084,-161.71399879496894,59.977547080222855
502,277,13944.121775910367,1.3944121775910368,73,4.386144907320601,59.148014440433215,381,399,11526,11572,-161.08284247634657,60.0989094751074,-161.07871022603962,60.100526442618815
2208,277,13944.121775910367,1.3944121775910368,98,5.888249327635875,101.89169675090253,1680,1695,3013,3082,-161.84757827771753,59.98248781428551,-161.8413799022571,59.98383528721169
128,277,13944.121775910367,1.3944121775910368,87,5.227323382697154,83.40794223826715,95,108,6133,6196,-161.56730390907222,60.12505044987528,-161.56164452278227,60.12621825974463
2981,277,13944.121775910367,1.3944121775910368,78,4.686565791383655,79.07581227436823,2311,2328,5431,5488,-161.63036564201744,59.92562445680075,-161.62524524489794,59.92715159278375
3362,277,13944.121775910367,1.3944121775910368,19,1.1415993594396083,20.85198555956679,2625,2639,6472,6496,-161.5368510209406,59.89768685146463,-161.5346950642587,59.8989444928624
1451,277,13944.121775910367,1.3944121775910368,41,2.4634512493170497,23.104693140794225,1046,1059,8678,8705,-161.33868266926382,60.03962066635551,-161.3362572179967,60.04078847622487
1027,276,13893.781986105638,1.3893781986105638,77,4.634855343802114,73.05797101449275,744,774,3959,4000,-161.76259765183983,60.06522265195292,-161.75891455917494,60.06791759780528
439,276,13893.781986105638,1.3893781986105638,66,3.9727331518303837,28.057971014492754,341,363,9635,9657,-161.25271389657357,60.10214341013023,-161.2507376029485,60.104119703755295
3586,276,13893.781986105638,1.3893781986105638,67,4.0329260783732686,42.26086956521739,2848,2870,1388,1420,-161.99355451138695,59.87693576840147,-161.99067990247775,59.87891206202653
2006,276,13893.781986105638,1.3893781986105638,65,3.9125402252874992,53.927536231884055,1507,1532,8830,8866,-161.3250282769452,59.99713035341666,-161.32179434192236,59.99937614162696
1235,276,13893.781986105638,1.3893781986105638,83,4.996012903059422,34.79710144927536,891,913,14273,14300,-160.83607526779895,60.05273606950366,-160.83364981653182,60.05471236312872
441,276,13893.781986105638,1.3893781986105638,50,3.00964632714423,67.01449275362319,342,359,7161,7212,-161.47495709786475,60.10250273624388,-161.47037568991573,60.10402987222688
2997,276,13893.781986105638,1.3893781986105638,82,4.935819976516537,77.23188405797102,2329,2343,2557,2616,-161.88854145467337,59.92427698387456,-161.88324139449708,59.925534625272334
4117,276,13893.781986105638,1.3893781986105638,75,4.514469490716345,104.71014492753623,4066,4096,3218,3273,-161.82916281439307,59.766802314568416,-161.82422208033043,59.76949726042077
27,276,13893.781986105638,1.3893781986105638,31,1.8659807228294225,25.565217391304348,0,15,9889,9916,-161.22989668835694,60.13340478201759,-161.22747123708982,60.13475225494377
54,276,13893.781986105638,1.3893781986105638,97,5.838713874659806,150.7826086956522,21,32,11630,11721,-161.07349999739174,60.13187764603459,-161.06532532830624,60.13286579284712
5086,275,13843.442196300908,1.3843442196300908,33,1.9899748742132397,42.414545454545454,6894,6917,10139,10170,-161.20743880625395,59.5133875729183,-161.2046540288732,59.515453698071774
1944,275,13843.442196300908,1.3843442196300908,55,3.3166247903553994,71.27272727272727,1453,1495,9152,9180,-161.29610252479654,60.0004541199679,-161.29358724200102,60.004227044161205
4691,275,13843.442196300908,1.3843442196300908,68,4.100554286257585,54.123636363636365,5074,5086,8609,8658,-161.34488104472425,59.67786910144058,-161.34047929983205,59.67894707978152
3693,275,13843.442196300908,1.3843442196300908,25,1.507556722888818,23.272727272727273,3023,3040,2130,2153,-161.9268995173053,59.861664408571436,-161.9248333921518,59.86319154455444
4700,275,13843.442196300908,1.3843442196300908,34,2.0502771431287923,30.778181818181817,5103,5113,6585,6621,-161.52670005823003,59.675443650173456,-161.5234661232072,59.67634196545758
3618,275,13843.442196300908,1.3843442196300908,72,4.341763361919796,59.57818181818182,2892,2922,11760,11794,-161.06182189869818,59.87226452892405,-161.05876762673216,59.874959474776404
5102,275,13843.442196300908,1.3843442196300908,96,5.789017815893061,107.57818181818182,6942,6953,12175,12250,-161.02454181440723,59.51015363789546,-161.01780444977632,59.511141784707995
3496,275,13843.442196300908,1.3843442196300908,35,2.1105794120443453,25.658181818181816,2748,2762,2555,2583,-161.8887211177302,59.886637573469955,-161.88620583493466,59.887895214867726
5309,275,13843.442196300908,1.3843442196300908,74,4.462367899750901,65.29454545454546,7701,7723,7961,8006,-161.40309187513517,59.44098336101826,-161.39904945635664,59.442959654643325
3615,275,13843.442196300908,1.3843442196300908,63,3.7990429416798213,39.33090909090909,2887,2903,2888,2924,-161.85880721876902,59.87397132796387,-161.8555732837462,59.87540863241846
1082,275,13843.442196300908,1.3843442196300908,121,7.296574538781879,172.81454545454545,778,804,10651,10734,-161.16144506370702,60.06252770610056,-161.15398904684884,60.06486332583927
4035,275,13843.442196300908,1.3843442196300908,72,4.341763361919796,93.0909090909091,3917,3941,10196,10252,-161.20231840913448,59.78072620147227,-161.1972878435434,59.78288215815415
4016,275,13843.442196300908,1.3843442196300908,55,3.3166247903553994,47.25818181818182,3890,3903,5061,5105,-161.66360330752985,59.78413979955192,-161.65965072027973,59.785307609421274
2172,275,13843.442196300908,1.3843442196300908,69,4.160856555173138,50.63272727272727,1656,1674,6699,6740,-161.51645926399107,59.98437427638216,-161.51277617132618,59.98599124389358
3236,275,13843.442196300908,1.3843442196300908,64,3.859345210595374,39.33090909090909,2515,2534,722,755,-162.0533823093093,59.90711916194788,-162.0504178688717,59.90882596098771
1113,275,13843.442196300908,1.3843442196300908,50,3.015113445777636,30.778181818181817,804,818,3694,3726,-161.786403006869,60.061270064702796,-161.7835283979598,60.06252770610056
2484,275,13843.442196300908,1.3843442196300908,27,1.6281612607199234,24.45090909090909,1909,1922,9811,9839,-161.23690354757306,59.962096057336,-161.23438826477755,59.963263867205356
525,275,13843.442196300908,1.3843442196300908,18,1.085440840479949,19.912727272727274,394,407,9827,9851,-161.23546624311848,60.098190822880106,-161.2333102864366,60.099358632749464
3656,274,13793.102406496177,1.3793102406496176,28,1.6915418613244955,23.357664233576642,2947,2960,1317,1344,-161.9999325499042,59.86885093084439,-161.99750709863707,59.870018740713746
1232,274,13793.102406496177,1.3793102406496176,48,2.8997860479848496,33.63503649635037,890,916,5346,5368,-161.63800132193245,60.05246657491842,-161.6360250283074,60.054802194657135
3349,274,13793.102406496177,1.3793102406496176,70,4.228854653311239,57.941605839416056,2618,2639,5934,5976,-161.5851803832262,59.89768685146463,-161.5814074590329,59.89957331356128
4694,274,13793.102406496177,1.3793102406496176,104,6.28286977063384,42.56934306569343,5079,5097,4050,4086,-161.75442298275433,59.67688095462805,-161.7511890477315,59.678497922139464
2482,274,13793.102406496177,1.3793102406496176,19,1.1478319773273362,19.985401459854014,1908,1922,8139,8162,-161.38710186307785,59.962096057336,-161.38503573792437,59.96335369873376
1455,274,13793.102406496177,1.3793102406496176,24,1.4498930239924248,21.080291970802918,1048,1063,6109,6132,-161.5694598657541,60.039261340241865,-161.56739374060064,60.04060881316804
4862,274,13793.102406496177,1.3793102406496176,84,5.074625583973487,63.59124087591241,5764,5788,3365,3407,-161.81595757971652,59.61480736849539,-161.81218465552323,59.61696332517728
152,274,13793.102406496177,1.3793102406496176,28,1.6915418613244955,21.080291970802918,121,139,9149,9169,-161.29637201938178,60.12226567249451,-161.29457538881354,60.123882640005924
1625,274,13793.102406496177,1.3793102406496176,62,3.7455569786470972,67.5036496350365,1182,1194,2376,2432,-161.90480096131594,60.0274934100199,-161.89977039572486,60.028571388360845
1280,274,13793.102406496177,1.3793102406496176,93,5.618335467970645,131.75182481751824,924,934,16421,16506,-160.64311714477006,60.05084960740701,-160.63548146485505,60.05174792269113
84,274,13793.102406496177,1.3793102406496176,38,2.2956639546546724,32.24817518248175,53,76,2478,2502,-161.8956381454179,60.12792505878446,-161.89348218873604,60.12999118393794
1925,273,13742.762616691445,1.3742762616691444,78,4.720774754816659,61.904761904761905,1439,1468,14102,14138,-160.85143645915738,60.00287957123503,-160.84820252413456,60.00548468555897
5142,273,13742.762616691445,1.3742762616691444,50,3.0261376633440125,47.604395604395606,7110,7118,9509,9558,-161.2640326691535,59.49533143570749,-161.2596309242613,59.49605008793479
4993,273,13742.762616691445,1.3742762616691444,59,3.5708424427459344,47.604395604395606,6579,6597,4619,4658,-161.70330884308794,59.54213366201012,-161.69980541347985,59.54375062952154
1252,273,13742.762616691445,1.3742762616691444,88,5.326002287485462,86.87179487179488,902,918,10318,10379,-161.1913589626682,60.0522869118616,-161.18587923943508,60.05372421631619
4460,273,13742.762616691445,1.3742762616691444,38,2.2998646241414495,25.846153846153847,4583,4597,11781,11809,-161.05993543660153,59.72179671883403,-161.057420153806,59.72305436023179
2623,273,13742.762616691445,1.3742762616691444,50,3.0261376633440125,35.17948717948718,2031,2053,1619,1646,-161.97280342832377,59.950328127114034,-161.97037797705667,59.9523044207391
3991,273,13742.762616691445,1.3742762616691444,81,4.9023430146173,129.46520146520146,3833,3848,14419,14498,-160.8229598646508,59.78908053361458,-160.81586317390625,59.79042800654076
4163,273,13742.762616691445,1.3742762616691444,28,1.694637091472647,24.63003663003663,4137,4149,4729,4758,-161.69342737496262,59.76204124356258,-161.69082226063867,59.76311922190352
940,273,13742.762616691445,1.3742762616691444,106,6.415411846289306,214.5201465201465,684,700,11910,12015,-161.0483471694364,60.0718701850554,-161.03891485895312,60.07330748950999
2220,273,13742.762616691445,1.3742762616691444,36,2.1788191176076888,27.09157509157509,1691,1703,5641,5672,-161.6115010210509,59.981769162058214,-161.60871624367013,59.98284714039916
4793,273,13742.762616691445,1.3742762616691444,49,2.9656149100771323,22.285714285714285,5516,5532,3017,3040,-161.84721895160388,59.63780423976885,-161.8451528264504,59.639241544223445
1558,273,13742.762616691445,1.3742762616691444,32,1.9367281045401679,22.285714285714285,1119,1133,6631,6656,-161.52256780792308,60.03297313325303,-161.52032201971278,60.034230774650794
3787,273,13742.762616691445,1.3742762616691444,61,3.691887949279695,51.00366300366301,3229,3248,15786,15826,-160.70016016531167,59.84297945066175,-160.69656690417517,59.844686249701574
1295,273,13742.762616691445,1.3742762616691444,52,3.147183169877773,22.285714285714285,939,951,1363,1390,-161.99580029959725,60.049322471424006,-161.99337484833012,60.05040044976494
3968,273,13742.762616691445,1.3742762616691444,35,2.1182963643408086,27.09157509157509,3780,3792,2160,2191,-161.92420457145292,59.79411109920565,-161.92141979407214,59.79518907754659
240,273,13742.762616691445,1.3742762616691444,21,1.270977818604485,20.05860805860806,180,196,5805,5826,-161.59676865039137,60.11714527537503,-161.5948821882947,60.11858257982962
2043,273,13742.762616691445,1.3742762616691444,30,1.8156825980064075,25.846153846153847,1540,1551,4961,4992,-161.67258646037104,59.995423554376835,-161.66980168299028,59.996411701189366
725,272,13692.422826886715,1.3692422826886717,71,4.305007344394911,28.470588235294116,533,548,1304,1333,-162.00110035977355,60.08552457737402,-161.99849524544962,60.0868720503002
5366,272,13692.422826886715,1.3692422826886717,56,3.395498750508662,60.23529411764706,7892,7905,9277,9328,-161.28487358374505,59.424634022847286,-161.28029217579603,59.425801832716644
2041,272,13692.422826886715,1.3692422826886717,59,3.5774004692859114,60.23529411764706,1539,1556,8140,8187,-161.38701203154943,59.994974396734776,-161.3827899497141,59.99650153271777
2815,272,13692.422826886715,1.3692422826886717,88,5.335783750799325,141.23529411764707,2176,2192,10734,10816,-161.15398904684884,59.93784154466477,-161.14662286151906,59.93927884911936
2816,272,13692.422826886715,1.3692422826886717,66,4.001837813099494,24.720588235294116,2176,2195,16705,16727,-160.61760499070107,59.93757205007954,-160.615628697076,59.93927884911936
4768,272,13692.422826886715,1.3692422826886717,108,6.5484618759809905,153.0,5424,5445,4811,4892,-161.68606118963282,59.64561958274069,-161.67878483583146,59.64750604483734
4398,272,13692.422826886715,1.3692422826886717,31,1.8796510940315805,24.720588235294116,4468,4477,11520,11552,-161.08338146551705,59.73257650224346,-161.08050685660785,59.733384985999166
608,272,13692.422826886715,1.3692422826886717,22,1.3339459376998313,21.235294117647058,450,465,9014,9037,-161.3084992757174,60.09298059423221,-161.30643315056392,60.09432806715839
3454,272,13692.422826886715,1.3692422826886717,41,2.485990156622413,38.25,2714,2728,5969,6006,-161.5820362797318,59.88969184543596,-161.57871251318056,59.89094948683373
1652,271,13642.083037081986,1.3642083037081987,93,5.649347674846319,54.92250922509225,1207,1224,11440,11484,-161.09056798779,60.02479846416754,-161.08661540053987,60.02632560015054
4666,271,13642.083037081986,1.3642083037081987,22,1.3364048263077313,19.129151291512915,5024,5039,3942,3963,-161.76412478782282,59.68209118327594,-161.76223832572617,59.68343865620212
4414,271,13642.083037081986,1.3642083037081987,90,5.467110653077082,101.68265682656826,4503,4518,4450,4518,-161.71849037138955,59.72889340957857,-161.71238182745753,59.73024088250475
2753,271,13642.083037081986,1.3642083037081987,83,5.041890935615531,60.457564575645755,2128,2141,1544,1595,-161.97954079295468,59.94242295261378,-161.97495938500566,59.94359076248313
4525,271,13642.083037081986,1.3642083037081987,84,5.10263660953861,46.28782287822878,4742,4758,4526,4566,-161.71166317523023,59.7073338427597,-161.70806991409376,59.70877114721429
76,271,13642.083037081986,1.3642083037081987,53,3.219520717923171,28.575645756457565,48,69,9681,9704,-161.24858164626662,60.12855387948335,-161.24651552111314,60.13044034158
3182,271,13642.083037081986,1.3642083037081987,62,3.766231783230879,76.51660516605166,2474,2496,4744,4794,-161.69207990203643,59.910532760027536,-161.68758832561585,59.9125090536526
2489,271,13642.083037081986,1.3642083037081987,59,3.5839947614616428,39.91143911439114,1912,1929,485,520,-162.07467238154294,59.96146723663711,-162.07152827804853,59.962994372620116
2893,271,13642.083037081986,1.3642083037081987,101,6.135313066230948,60.457564575645755,2246,2264,8121,8167,-161.38871883058928,59.93137367461911,-161.38458658028233,59.93299064213053
4137,271,13642.083037081986,1.3642083037081987,71,4.3129428485385874,72.32472324723247,4092,4107,3193,3248,-161.83140860260337,59.765814167755885,-161.8264678685407,59.76716164068206
4046,271,13642.083037081986,1.3642083037081987,51,3.0980293700770134,41.46125461254613,3940,3953,14662,14702,-160.8011308032467,59.779648223131325,-160.7975375421102,59.780816033000676
4311,271,13642.083037081986,1.3642083037081987,88,5.345619305230925,109.1660516605166,4338,4360,11844,11908,-161.05427605031159,59.74308679106766,-161.04852683249322,59.745063084692724
4349,271,13642.083037081986,1.3642083037081987,50,3.037283696153935,54.92250922509225,4395,4410,5966,6012,-161.58230577431704,59.73859521464706,-161.57817352401008,59.73994268757324
866,271,13642.083037081986,1.3642083037081987,68,4.1307058267693515,38.391143911439116,633,656,1839,1867,-161.95304049207314,60.07582277230553,-161.95052520927763,60.077888897459005
2517,271,13642.083037081986,1.3642083037081987,24,1.4578961741538887,23.616236162361623,1938,1954,4989,5013,-161.6700711775755,59.95922144842682,-161.66791522089363,59.96065875288141
2710,270,13591.743247277254,1.3591743247277255,64,3.8949159644811813,43.2,2098,2120,3021,3053,-161.84685962549023,59.94430941471043,-161.84398501658106,59.946285708335495
1129,270,13591.743247277254,1.3591743247277255,45,2.7386127875258306,40.05925925925926,811,823,4189,4229,-161.74193640030506,60.06082090706073,-161.7383431391686,60.061898885401675
936,270,13591.743247277254,1.3591743247277255,58,3.5297675928110706,34.13333333333333,682,702,6128,6156,-161.5677530667143,60.071690521998576,-161.56523778391875,60.07348715256682
4923,270,13591.743247277254,1.3591743247277255,65,3.9557740264262,44.81481481481482,6106,6122,3966,4005,-161.76196883114093,59.5848036380058,-161.75846540153287,59.58624094246039
4780,270,13591.743247277254,1.3591743247277255,61,3.712341778646126,48.13333333333333,5458,5467,14473,14521,-160.81810896211655,59.64364328911563,-160.81379704875278,59.644451772871335
4641,270,13591.743247277254,1.3591743247277255,44,2.677754725580812,26.133333333333333,4993,5014,13870,13891,-160.87227737374897,59.68433697148624,-160.87039091165232,59.686223433582896
972,270,13591.743247277254,1.3591743247277255,33,2.008316044185609,22.533333333333335,708,722,9933,9958,-161.22594410110682,60.06989389143034,-161.22369831289652,60.07115153282811
1204,270,13591.743247277254,1.3591743247277255,65,3.9557740264262,64.53333333333333,868,892,16120,16162,-160.67015643482208,60.05462253160031,-160.66638351062878,60.0567784882822
891,270,13591.743247277254,1.3591743247277255,53,3.2254772830859784,31.348148148148148,655,670,4748,4779,-161.6917205759228,60.074565130907764,-161.68893579854202,60.07591260383394
3536,270,13591.743247277254,1.3591743247277255,82,4.990361079491514,90.13333333333334,2787,2798,3963,4030,-161.76223832572617,59.88340363844713,-161.75621961332257,59.88439178525966
2454,270,13591.743247277254,1.3591743247277255,52,3.16461922114096,43.2,1877,1887,9041,9085,-161.30607382445027,59.96524016083042,-161.30212123720014,59.96613847611454
2998,270,13591.743247277254,1.3591743247277255,81,4.929503017546495,62.592592592592595,2329,2353,6517,6558,-161.53280860216205,59.923378668590445,-161.52912550949716,59.925534625272334
4056,270,13591.743247277254,1.3591743247277255,72,4.3817804600413295,53.333333333333336,3959,3976,6061,6104,-161.5737717791179,59.77758209797785,-161.56990902339618,59.77910923396085
2173,270,13591.743247277254,1.3591743247277255,49,2.9820450353059047,22.533333333333335,1657,1672,1761,1785,-161.9600473512893,59.98455393943899,-161.9578913946074,59.985901412365166
5337,270,13591.743247277254,1.3591743247277255,52,3.16461922114096,24.903703703703705,7792,7806,15438,15465,-160.73142153719903,59.43352734416007,-160.7289960859319,59.43478498555784
4644,270,13591.743247277254,1.3591743247277255,39,2.37346441585572,32.72592592592593,4999,5014,2670,2702,-161.87839049196282,59.68433697148624,-161.87551588305365,59.68568444441242
201,270,13591.743247277254,1.3591743247277255,55,3.3471934069760154,34.13333333333333,151,168,9124,9155,-161.29861780759208,60.119660558170565,-161.29583303021133,60.12118769415356
1470,270,13591.743247277254,1.3591743247277255,40,2.4343224778007384,46.45925925925926,1057,1077,8134,8170,-161.3875510207199,60.0380036988441,-161.3843170856971,60.03980032941234
917,270,13591.743247277254,1.3591743247277255,54,3.286335345030997,64.53333333333333,667,676,2817,2874,-161.86518525728627,60.07402614173729,-161.86006486016677,60.074834625493
1521,270,13591.743247277254,1.3591743247277255,51,3.1037611591959413,30.0,1098,1122,5183,5204,-161.65264386106358,60.03396128006556,-161.65075739896693,60.036117236747444
802,270,13591.743247277254,1.3591743247277255,77,4.686070769766421,37.03703703703704,591,609,4976,5008,-161.67123898744487,60.080044854140894,-161.66836437853567,60.081661821652304
444,270,13591.743247277254,1.3591743247277255,63,3.8340579025361627,35.57037037037037,342,356,14530,14565,-160.81298856499708,60.10277223082912,-160.80984446150265,60.10402987222688
4471,270,13591.743247277254,1.3591743247277255,106,6.450954566171957,120.0,4604,4634,12484,12544,-160.99678387212793,59.71847295228278,-160.9913939804232,59.72116789813514
1139,270,13591.743247277254,1.3591743247277255,53,3.2254772830859784,38.53333333333333,815,833,9506,9539,-161.2643021637387,60.05992259177661,-161.26133772330112,60.06153955928803
4581,269,13541.403457472523,1.3541403457472523,82,4.999628238967477,48.312267657992564,4893,4920,4706,4736,-161.6954935001161,59.69278113515696,-161.69279855426373,59.695206586424085
2783,269,13541.403457472523,1.3541403457472523,85,5.182541467222385,128.6096654275093,2153,2161,7445,7530,-161.44944494379575,59.94062632204554,-161.44180926388074,59.94134497427284
1406,269,13541.403457472523,1.3541403457472523,48,2.926611652078523,35.70260223048327,1017,1034,3301,3333,-161.8217067975349,60.04186645456581,-161.8188321886257,60.04339359054882
4688,269,13541.403457472523,1.3541403457472523,73,4.450888554202754,120.4460966542751,5063,5087,7467,7533,-161.4474686501707,59.67777926991217,-161.4415397692955,59.679935226594054
2297,269,13541.403457472523,1.3541403457472523,20,1.2194215216993847,23.79182156133829,1745,1760,9141,9166,-161.29709067160908,59.97664876493874,-161.29484488339878,59.977996237864915
3821,269,13541.403457472523,1.3541403457472523,46,2.804669499908585,37.174721189591075,3304,3322,3414,3446,-161.81155583482433,59.836331917559264,-161.80868122591514,59.83794888507068
4839,269,13541.403457472523,1.3541403457472523,94,5.731281151987107,139.91078066914497,5667,5681,7669,7752,-161.42932268143147,59.624419342035466,-161.4218666645733,59.62567698343324
2018,269,13541.403457472523,1.3541403457472523,35,2.133987662973923,21.472118959107807,1520,1535,7274,7297,-161.4648061351542,59.996860858831425,-161.46274001000072,59.9982083317576
4658,269,13541.403457472523,1.3541403457472523,35,2.133987662973923,31.46468401486989,5016,5031,4036,4067,-161.7556806241521,59.682809835503235,-161.75289584677134,59.68415730842942
4498,269,13541.403457472523,1.3541403457472523,64,3.902148869438031,57.15985130111524,4676,4687,2639,2690,-161.8811752693436,59.71371188127695,-161.87659386139458,59.71470002808948
3781,269,13541.403457472523,1.3541403457472523,63,3.8411777933530615,50.02230483271376,3212,3240,4187,4217,-161.7421160633619,59.84369810288904,-161.73942111750952,59.84621338568458
2319,269,13541.403457472523,1.3541403457472523,67,4.085062097692939,88.1635687732342,1764,1781,6730,6790,-161.51367448661028,59.97476230284208,-161.50828459490558,59.976289438825084
3112,268,13491.063667667793,1.3491063667667793,29,1.7714569431664255,25.08955223880597,2426,2442,2890,2915,-161.8586275557122,59.91538366256178,-161.8563817675019,59.91682096701637
4433,268,13491.063667667793,1.3491063667667793,63,3.848337497223614,41.92537313432836,4539,4555,3169,3206,-161.83356455928526,59.72556964302733,-161.83024079273403,59.72700694748192
5279,268,13491.063667667793,1.3491063667667793,34,2.0768805540571886,31.582089552238806,7591,7600,3976,4013,-161.7610705158568,59.452032639012934,-161.75774674930557,59.45284112276864
361,268,13491.063667667793,1.3491063667667793,50,3.0542361089076304,43.52238805970149,290,306,4310,4348,-161.73106678536723,60.107263807249716,-161.72765318728756,60.108701111704306
3293,268,13491.063667667793,1.3491063667667793,34,2.0768805540571886,59.23880597014925,2573,2603,556,589,-162.06829434302568,59.90092078648746,-162.0653299025881,59.903615732339816
63,268,13491.063667667793,1.3491063667667793,58,3.542913886332851,63.059701492537314,37,50,2600,2652,-161.88467869895166,60.13026067852317,-161.88000745947423,60.13142848839253
2719,268,13491.063667667793,1.3491063667667793,67,4.092676385936225,41.92537313432836,2107,2123,15866,15903,-160.6929736430387,59.94403992012519,-160.68964987648747,59.94547722457979
3609,268,13491.063667667793,1.3491063667667793,68,4.153761108114377,59.23880597014925,2881,2892,1876,1928,-161.9497167255219,59.874959474776404,-161.9450454860445,59.875947621588935
2717,268,13491.063667667793,1.3491063667667793,60,3.6650833306891566,45.149253731343286,2107,2123,368,407,-162.08518267036715,59.94403992012519,-162.08167924075906,59.94547722457979
2179,268,13491.063667667793,1.3491063667667793,37,2.2601347205916467,28.895522388059703,1660,1680,4101,4125,-161.74984157480532,59.98383528721169,-161.74768561812343,59.985631917779926
4217,268,13491.063667667793,1.3491063667667793,66,4.031591663758072,26.328358208955223,4213,4231,2837,2861,-161.86338862671803,59.7546750582328,-161.86123267003615,59.756292025744216
4077,268,13491.063667667793,1.3491063667667793,36,2.199049998413494,27.597014925373134,3997,4010,5983,6013,-161.58077863833404,59.77452782601184,-161.57808369248167,59.7756956358812
5235,268,13491.063667667793,1.3491063667667793,31,1.8936263875227308,26.328358208955223,7468,7480,3785,3815,-161.7782283377835,59.46281242242237,-161.77553339193113,59.46389040076331
3449,268,13491.063667667793,1.3491063667667793,46,2.80989722019502,34.38805970149254,2708,2730,6985,7011,-161.49076744686525,59.88951218237914,-161.48843182712653,59.891488476004206
1578,268,13491.063667667793,1.3491063667667793,38,2.321219442769799,35.83582089552239,1138,1154,1378,1411,-161.99445282667108,60.03108667115638,-161.99148838623347,60.03252397561097
5037,268,13491.063667667793,1.3491063667667793,45,2.7488124980168673,25.08955223880597,6748,6765,5576,5600,-161.6173400703977,59.52704196523691,-161.6151841137158,59.528569101219915
3994,267,13440.723877863064,1.3440723877863063,42,2.5703582577208395,34.51685393258427,3844,3859,2751,2784,-161.87111413816146,59.78809238680205,-161.86814969772385,59.789439859728226
3066,267,13440.723877863064,1.3440723877863063,32,1.9583681963587347,23.970037453183522,2393,2406,5646,5673,-161.61105186340885,59.918617597584614,-161.60862641214175,59.919785407453965
5038,267,13440.723877863064,1.3440723877863063,106,6.4870946504383085,126.80149812734082,6748,6766,6413,6487,-161.54215108111688,59.5269521337085,-161.5355035480144,59.528569101219915
2890,267,13440.723877863064,1.3440723877863063,63,3.855537386581259,48.674157303370784,2245,2255,4809,4856,-161.68624085268965,59.932182158374815,-161.68201877085428,59.93308047365894
1501,267,13440.723877863064,1.3440723877863063,37,2.264363227039787,31.700374531835205,1080,1091,4942,4977,-161.67429325941086,60.03674605744633,-161.67114915591645,60.03773420425886
424,267,13440.723877863064,1.3440723877863063,77,4.7123234724882055,43.68539325842696,333,367,4592,4612,-161.70573429435504,60.101784084016586,-161.7039376637868,60.10483835598259
2113,267,13440.723877863064,1.3440723877863063,42,2.5703582577208395,45.3183520599251,1603,1617,4108,4149,-161.74921275410642,59.989494673501646,-161.74552966144154,59.99075231489941
3950,267,13440.723877863064,1.3440723877863063,54,3.3047463313553647,75.52059925093633,3706,3738,14581,14620,-160.80840715704807,59.798962001739895,-160.80490372744,59.801836610649076
1407,267,13440.723877863064,1.3440723877863063,28,1.7135721718138928,27.700374531835205,1017,1030,7322,7352,-161.4604942217904,60.04222578067946,-161.45779927593807,60.04339359054882
962,267,13440.723877863064,1.3440723877863063,91,5.5691095583951515,53.93258426966292,701,719,1811,1853,-161.95555577486869,60.07016338601558,-161.9517828506754,60.07178035352699
510,267,13440.723877863064,1.3440723877863063,73,4.467527447943364,38.96629213483146,387,402,9865,9901,-161.23205264503883,60.098639980522165,-161.228818710016,60.09998745344834
4038,266,13390.384088058332,1.3390384088058331,38,2.32992949004287,27.804511278195488,3924,3938,11686,11715,-161.06846943180065,59.7809956960575,-161.06586431747672,59.782253337455266
2923,266,13390.384088058332,1.3390384088058331,76,4.65985898008574,27.804511278195488,2260,2282,16705,16726,-160.61760499070107,59.92975670710769,-160.61571852860442,59.931733000732756
4601,266,13390.384088058332,1.3390384088058331,33,2.0233598203003873,27.804511278195488,4932,4959,3062,3078,-161.84317653282534,59.689277705548896,-161.84173922837076,59.69170315681602
1412,266,13390.384088058332,1.3390384088058331,26,1.5941622826609112,26.526315789473685,1020,1039,7103,7126,-161.48016732651263,60.041417296923754,-161.47810120135915,60.04312409596358
3044,266,13390.384088058332,1.3390384088058331,62,3.801463904806788,75.80451127819549,2368,2380,5803,5862,-161.59694831344817,59.92095321732332,-161.59164825327187,59.92203119566427
2448,266,13390.384088058332,1.3390384088058331,99,6.0700794609011615,98.66165413533835,1871,1893,9962,10021,-161.22333898678286,59.96470117165995,-161.21803892660657,59.96667746528501
1987,266,13390.384088058332,1.3390384088058331,84,5.150370451673713,106.10526315789474,1493,1504,11209,11282,-161.11131907085317,59.99964563621219,-161.1047613692791,60.000633783024725
4811,266,13390.384088058332,1.3390384088058331,84,5.150370451673713,69.53383458646617,5568,5611,5516,5541,-161.6227299621024,59.63070754902431,-161.62048417389212,59.63457030474602
2829,266,13390.384088058332,1.3390384088058331,98,6.008765526952665,108.64661654135338,2190,2230,6113,6158,-161.56910053964046,59.93442794658512,-161.56505812086195,59.9380212077216
4296,266,13390.384088058332,1.3390384088058331,32,1.9620458863518906,31.81954887218045,4318,4332,6441,6473,-161.53963579832134,59.745602073863196,-161.53676118941218,59.74685971526096
1167,266,13390.384088058332,1.3390384088058331,84,5.150370451673713,150.37593984962405,837,860,2151,2228,-161.92501305520864,60.05749714050949,-161.9180960275209,60.059563265662966
150,266,13390.384088058332,1.3390384088058331,40,2.452557357939863,31.81954887218045,118,133,988,1019,-162.02948712275173,60.12280466166498,-162.02670234537095,60.12415213459116
3278,266,13390.384088058332,1.3390384088058331,99,6.0700794609011615,89.15789473684211,2554,2575,4330,4386,-161.729270154799,59.903436069282996,-161.7242395892079,59.905322531379646
4003,266,13390.384088058332,1.3390384088058331,17,1.042336877124442,22.872180451127818,3860,3875,5999,6023,-161.57934133387943,59.78665508234746,-161.57718537719754,59.788002555273636
3571,266,13390.384088058332,1.3390384088058331,100,6.131393394849659,93.84962406015038,2824,2854,2401,2450,-161.90255517310564,59.87837307285606,-161.89815342821345,59.88106801870842
2170,265,13340.0442982536,1.3340044298253602,54,3.3171936309033363,36.241509433962264,1654,1673,6474,6504,-161.53667135788376,59.984464107910576,-161.5339764120314,59.9861709069504
2726,265,13340.0442982536,1.3340044298253602,49,3.010046072486361,39.260377358490565,2111,2127,8179,8214,-161.38350860194137,59.943680594011546,-161.38036449844697,59.94511789846614
5132,265,13340.0442982536,1.3340044298253602,83,5.098649469721795,33.343396226415095,7065,7088,7720,7744,-161.42474127348245,59.49802638155985,-161.4225853168006,59.50009250671333
4252,265,13340.0442982536,1.3340044298253602,85,5.221508493088585,119.56226415094339,4258,4287,2488,2548,-161.8947398301338,59.74964449264173,-161.8893499384291,59.75224960696568
278,265,13340.0442982536,1.3340044298253602,44,2.702898514069385,31.939622641509434,210,240,7826,7842,-161.4152191314708,60.113192688124904,-161.4137818270162,60.11588763397726
3223,265,13340.0442982536,1.3340044298253602,48,2.9486165608029657,49.04150943396226,2502,2512,5752,5799,-161.60152972139718,59.909095455572945,-161.59730763956182,59.909993770857064
3140,265,13340.0442982536,1.3340044298253602,37,2.2728919322856194,34.77735849056604,2450,2462,4379,4415,-161.7248684099068,59.91358703199354,-161.72163447488396,59.91466501033449
3525,265,13340.0442982536,1.3340044298253602,71,4.361495329521054,114.24905660377358,2774,2812,12448,12497,-161.00001780715075,59.88214599704936,-160.99561606225856,59.88555959512902
2332,265,13340.0442982536,1.3340044298253602,87,5.3443675164553754,37.735849056603776,1773,1788,12709,12744,-160.97657177823524,59.9741334821432,-160.9734276747408,59.97548095506938
2076,265,13340.0442982536,1.3340044298253602,54,3.3171936309033363,40.81509433962264,1569,1585,9583,9619,-161.257385136051,59.99236928241083,-161.25415120102818,59.99380658686542
4159,265,13340.0442982536,1.3340044298253602,106,6.511528238439882,185.97735849056605,4132,4160,14058,14141,-160.8553890464075,59.76105309675005,-160.84793302954932,59.76356837954558
3055,265,13340.0442982536,1.3340044298253602,56,3.4400526542701266,40.81509433962264,2382,2396,1541,1579,-161.97981028753992,59.91951591286873,-161.97639668946027,59.920773554266496
587,265,13340.0442982536,1.3340044298253602,59,3.624341189320312,65.75094339622642,436,449,9730,9783,-161.24417990137445,60.09441789868681,-161.2394188303686,60.09558570855616
489,265,13340.0442982536,1.3340044298253602,77,4.730072399621424,63.77358490566038,372,393,3076,3120,-161.84191889142758,60.09944846427787,-161.83796630417746,60.10133492637453
494,265,13340.0442982536,1.3340044298253602,103,6.327239703389697,185.97735849056605,375,406,3758,3838,-161.78065378905063,60.09828065440852,-161.77346726677766,60.10106543178929
2447,264,13289.704508448871,1.3289704508448872,64,3.938927711338647,60.13636363636363,1871,1890,6526,6570,-161.53200011840633,59.96497066624518,-161.5280475311562,59.96667746528501
2754,264,13289.704508448871,1.3289704508448872,39,2.400284074096988,20.742424242424242,2128,2142,5445,5468,-161.62910800061965,59.94233312108537,-161.62704187546618,59.94359076248313
4526,264,13289.704508448871,1.3289704508448872,85,5.2313883666216405,92.18181818181819,4743,4766,4869,4924,-161.68085096098494,59.7066151905324,-161.6759102269223,59.70868131568588
1525,264,13289.704508448871,1.3289704508448872,27,1.6617351282209918,25.46969696969697,1100,1111,6153,6183,-161.565507278504,60.03494942687809,-161.56281233265165,60.035937573690624
3202,264,13289.704508448871,1.3289704508448872,36,2.215646837627989,28.015151515151516,2485,2498,6138,6168,-161.56685475143018,59.91035309697072,-161.56415980557782,59.91152090684007
246,264,13289.704508448871,1.3289704508448872,28,1.7232808737106582,29.333333333333332,182,196,9729,9759,-161.24426973290286,60.11714527537503,-161.2415747870505,60.118402916772794
3723,264,13289.704508448871,1.3289704508448872,54,3.3234702564419836,56.378787878787875,3086,3101,2450,2496,-161.89815342821345,59.856184685338306,-161.8940211779065,59.85753215826448
1684,264,13289.704508448871,1.3289704508448872,31,1.9079181101796572,29.333333333333332,1233,1244,9576,9609,-161.2580139567499,60.0230018335993,-161.25504951631228,60.023989980411834
5363,264,13289.704508448871,1.3289704508448872,65,4.000473456828313,25.46969696969697,7876,7894,3222,3245,-161.82880348827942,59.42562216965982,-161.82673736312594,59.427239137171235
5364,264,13289.704508448871,1.3289704508448872,119,7.323943713270297,167.04545454545453,7878,7926,8608,8665,-161.34497087625266,59.422747560750636,-161.33985047913316,59.42705947411441
2513,264,13289.704508448871,1.3289704508448872,65,4.000473456828313,52.74242424242424,1936,1951,544,588,-162.06937232136664,59.95949094301205,-162.06541973411652,59.960838415938234
2274,264,13289.704508448871,1.3289704508448872,68,4.185110693297313,33.46969696969697,1730,1748,1699,1728,-161.96561690605083,59.977726743279675,-161.96301179172687,59.97934371079109
4435,264,13289.704508448871,1.3289704508448872,73,4.492839420745645,52.74242424242424,4539,4561,5745,5782,-161.60215854209608,59.725030653856855,-161.59883477554482,59.72700694748192
3710,264,13289.704508448871,1.3289704508448872,21,1.2924606552829936,21.87878787878788,3062,3079,2316,2337,-161.91019085302065,59.85816097896337,-161.908304390924,59.85968811494637
5015,264,13289.704508448871,1.3289704508448872,61,3.754290474869648,30.681818181818183,6659,6678,4185,4211,-161.74229572641872,59.53485730820876,-161.73996010668,59.53656410724858
577,264,13289.704508448871,1.3289704508448872,65,4.000473456828313,54.54545454545455,430,439,563,614,-162.06766552232682,60.095316213970925,-162.0630841143778,60.09612469772663
2463,263,13239.364718644141,1.3239364718644142,93,5.734625668597329,47.6958174904943,1892,1914,3426,3460,-161.8104778564834,59.9628147095633,-161.80742358451738,59.96479100318836
2555,263,13239.364718644141,1.3239364718644142,38,2.343180380717188,29.44486692015209,1964,1981,4517,4544,-161.71247165898595,59.956795997159695,-161.71004620771882,59.9583231331427
41,263,13239.364718644141,1.3239364718644142,55,3.3914452878801407,39.55893536121673,11,34,10561,10589,-161.1695299012641,60.13169798297776,-161.16701461846858,60.13376410813124
3497,263,13239.364718644141,1.3239364718644142,74,4.563035478238735,33.59695817490494,2748,2762,3420,3453,-161.81101684565385,59.886637573469955,-161.80805240521627,59.887895214867726
3401,263,13239.364718644141,1.3239364718644142,101,6.227926801379894,137.26235741444867,2664,2688,3824,3895,-161.77472490817544,59.89328510657244,-161.7683468696582,59.89544106325433
3460,263,13239.364718644141,1.3239364718644142,79,4.871348686227838,92.53231939163499,2718,2731,4043,4108,-161.75505180345323,59.88942235085073,-161.74921275410642,59.89059016072009
3714,263,13239.364718644141,1.3239364718644142,41,2.52816830551065,38.02281368821293,3066,3076,2889,2929,-161.8587173872406,59.85843047354861,-161.85512412610413,59.85932878883273
1461,263,13239.364718644141,1.3239364718644142,91,5.611300385401687,49.41444866920152,1050,1070,10242,10279,-161.19818615882753,60.03863251954298,-161.1948623922763,60.04042915011122
4531,263,13239.364718644141,1.3239364718644142,55,3.3914452878801407,81.04942965779468,4760,4809,12084,12108,-161.03271648349272,59.70275243481069,-161.03056052681083,59.707154179702876
1587,263,13239.364718644141,1.3239364718644142,72,4.4397101950430935,64.25855513307985,1144,1162,3587,3634,-161.79601498040907,60.03036801892908,-161.7917928985737,60.0319849864405
3350,263,13239.364718644141,1.3239364718644142,19,1.171590190358594,23.133079847908746,2620,2632,4145,4172,-161.7458889875552,59.89831567216351,-161.74346353628806,59.89939365050446
3796,263,13239.364718644141,1.3239364718644142,28,1.7265539647389807,28.121673003802282,3245,3259,1757,1786,-161.96040667740294,59.84199130384922,-161.957801563079,59.843248945246984
3114,263,13239.364718644141,1.3239364718644142,77,4.748023403032197,87.84790874524715,2427,2436,5258,5325,-161.6459064964327,59.91592265173225,-161.6398877840291,59.916731135487964
2118,263,13239.364718644141,1.3239364718644142,32,1.9732045311302635,29.44486692015209,1606,1618,6733,6765,-161.51340499202507,59.98940484197323,-161.51053038311588,59.99048282031418
2298,263,13239.364718644141,1.3239364718644142,68,4.1930596286518105,47.6958174904943,1746,1765,1551,1588,-161.9789119722558,59.97619960729667,-161.97558820570455,59.9779064063365
847,262,13189.02492883941,1.318902492883941,27,1.6680655706810816,23.221374045801525,619,630,7627,7655,-161.43309560562477,60.07815839204424,-161.43058032282923,60.07914653885677
2913,262,13189.02492883941,1.318902492883941,61,3.768592585612814,46.18320610687023,2255,2274,16385,16421,-160.6463510797929,59.93047535933499,-160.64311714477006,59.932182158374815
806,262,13189.02492883941,1.318902492883941,67,4.139273823541943,64.50381679389314,593,610,6430,6478,-161.5406239451339,60.07995502261248,-161.5363120317701,60.081482158595485
883,262,13189.02492883941,1.318902492883941,81,5.004196712043245,46.18320610687023,647,673,14300,14329,-160.83364981653182,60.074295636322525,-160.83104470220786,60.07663125606123
1126,262,13189.02492883941,1.318902492883941,69,4.262834236184986,41.282442748091604,810,842,1170,1190,-162.01313778458075,60.05911410802091,-162.0113411540125,60.06198871693009
203,262,13189.02492883941,1.318902492883941,42,2.5947686655039046,33.725190839694655,152,168,9254,9285,-161.28693970889853,60.119660558170565,-161.28415493151775,60.121097862625156
2445,262,13189.02492883941,1.318902492883941,74,4.571735267792594,88.18320610687023,1868,1887,6067,6124,-161.5732327899474,59.96524016083042,-161.56811239282794,59.96694695987024
2495,262,13189.02492883941,1.318902492883941,30,1.8534061896456462,20.900763358778626,1914,1926,8528,8553,-161.3521573985256,59.96173673122235,-161.3499116103153,59.9628147095633
435,262,13189.02492883941,1.318902492883941,60,3.7068123792912924,58.68702290076336,338,350,361,411,-162.085811491066,60.10331121999959,-162.08131991464543,60.10438919834053
4883,262,13189.02492883941,1.318902492883941,92,5.683778981579982,54.961832061068705,5871,5897,16005,16039,-160.68048706058943,59.60501573189849,-160.67743278862343,59.6073513516372
2969,262,13189.02492883941,1.318902492883941,42,2.5947686655039046,38.16793893129771,2301,2315,7501,7537,-161.44441437820467,59.9267922666701,-161.44118044318185,59.92804990806787
2605,262,13189.02492883941,1.318902492883941,60,3.7068123792912924,85.87786259541984,2014,2027,8056,8118,-161.39455787993606,59.95266374685274,-161.3889883251745,59.9538315567221
1083,261,13138.685139034678,1.3138685139034678,85,5.26136791501647,75.09578544061303,781,792,4438,4497,-161.71956834973048,60.063605684441505,-161.71426828955418,60.06459383125404
1158,261,13138.685139034678,1.3138685139034678,82,5.075672576839418,55.172413793103445,831,844,4325,4372,-161.72971931244103,60.05893444496408,-161.72549723060567,60.06010225483344
5275,261,13138.685139034678,1.3138685139034678,48,2.97112541083283,39.86206896551724,7588,7599,16015,16055,-160.67958874530532,59.45212247054135,-160.67599548416885,59.45311061735388
3206,261,13138.685139034678,1.3138685139034678,54,3.342516087186934,39.86206896551724,2487,2502,15838,15874,-160.69548892583424,59.909993770857064,-160.69225499081142,59.91134124378325
2669,261,13138.685139034678,1.3138685139034678,41,2.537836288419709,39.86206896551724,2066,2079,6313,6351,-161.5511342339581,59.94799250737532,-161.54772063587842,59.949160317244676
4956,261,13138.685139034678,1.3138685139034678,67,4.147195885954159,51.55555555555556,6373,6408,12481,12504,-160.99705336671317,59.55911182087998,-160.9949872415597,59.5622559243744
4115,261,13138.685139034678,1.3138685139034678,39,2.4140393963016744,33.8544061302682,4061,4070,6153,6191,-161.565507278504,59.769137934307125,-161.56209368042434,59.76994641806283
4906,261,13138.685139034678,1.3138685139034678,120,7.427813527082075,150.20689655172413,6020,6040,13249,13328,-160.92806275289277,59.59216982333558,-160.92096606214824,59.59396645390382
717,261,13138.685139034678,1.3138685139034678,67,4.147195885954159,36.79693486590038,527,541,8143,8178,-161.38674253696422,60.0861533980729,-161.38359843346979,60.08741103947067
566,261,13138.685139034678,1.3138685139034678,85,5.26136791501647,116.0,420,449,6158,6216,-161.56505812086195,60.09441789868681,-161.55984789221404,60.09702301301075
4804,261,13138.685139034678,1.3138685139034678,26,1.6093595975344497,20.980842911877396,5542,5556,7117,7140,-161.47890968511487,59.635648283086965,-161.4768435599614,59.63690592448473
1383,261,13138.685139034678,1.3138685139034678,59,3.6520083174820206,57.02681992337165,997,1011,2705,2752,-161.8752463884684,60.04393257971929,-161.87102430663305,60.04519022111705
1671,261,13138.685139034678,1.3138685139034678,28,1.7331564896524843,28.337164750957854,1226,1236,884,917,-162.03882960170657,60.023720485826594,-162.035865161269,60.02461880111072
366,261,13138.685139034678,1.3138685139034678,49,3.0330238568918473,23.310344827586206,294,308,3899,3924,-161.76798754354454,60.10708414419289,-161.76574175533423,60.10834178559065
3028,260,13088.345349229949,1.3088345349229948,39,2.418677324489565,44.86153846153846,2357,2371,2011,2051,-161.9375894691863,59.921761701079035,-161.93399620804982,59.9230193424768
1996,260,13088.345349229949,1.3088345349229948,79,4.899372016273734,69.06153846153846,1500,1514,5781,5834,-161.59892460707323,59.998747320928075,-161.5941635360674,60.00000496232584
1439,260,13088.345349229949,1.3088345349229948,39,2.418677324489565,32.55384615384615,1040,1058,4518,4546,-161.71238182745753,60.039710497883924,-161.709866544662,60.04132746539534
4392,260,13088.345349229949,1.3088345349229948,31,1.9225383861327312,27.138461538461538,4456,4467,5137,5168,-161.65677611137053,59.73347481752758,-161.65399133398978,59.73446296434011
579,260,13088.345349229949,1.3088345349229948,38,2.3566599571949607,32.55384615384615,432,444,10302,10336,-161.19279626712282,60.094867056328866,-161.1897419951568,60.0959450346698
943,260,13088.345349229949,1.3088345349229948,28,1.7364862842489186,29.784615384615385,686,697,6737,6770,-161.51304566591142,60.07213967964064,-161.5100812254738,60.073127826453174
2677,260,13088.345349229949,1.3088345349229948,77,4.775337281684526,57.246153846153845,2072,2085,610,658,-162.06344344049145,59.94745351820485,-162.05913152712768,59.9486213280742
2273,260,13088.345349229949,1.3088345349229948,56,3.472972568497837,55.38461538461539,1728,1742,6728,6774,-161.5138541496671,59.97826573245015,-161.50972189936016,59.97952337384792
2206,260,13088.345349229949,1.3088345349229948,26,1.61245154965971,25.861538461538462,1678,1690,8116,8145,-161.38916798823132,59.98293697192757,-161.3865628739074,59.98401495026852
2093,260,13088.345349229949,1.3088345349229948,61,3.7830594049708584,81.98461538461538,1583,1623,13656,13689,-160.89150132082912,59.988955684331174,-160.8885368803915,59.99254894546765
3415,260,13088.345349229949,1.3088345349229948,27,1.6744689169543143,24.615384615384617,2675,2688,3601,3628,-161.79475733901128,59.89328510657244,-161.79233188774418,59.8944529164418
1809,260,13088.345349229949,1.3088345349229948,36,2.232625222605752,31.153846153846153,1338,1355,8790,8818,-161.32862153808168,60.013030533945575,-161.32610625528613,60.01455766992858
3340,260,13088.345349229949,1.3088345349229948,28,1.7364862842489186,28.446153846153845,2609,2624,7810,7838,-161.4166564359254,59.899034324390804,-161.41414115312986,59.90038179731699
2575,259,13038.005559425219,1.3038005559425219,31,1.92624627460372,21.142857142857142,1982,1993,9332,9358,-161.2799328496824,59.95571801881875,-161.2775972299437,59.95670616563128
4517,259,13038.005559425219,1.3038005559425219,32,1.9883832512038402,24.71042471042471,4724,4737,6807,6834,-161.50675745892258,59.70922030485635,-161.50433200765545,59.71038811472571
1978,259,13038.005559425219,1.3038005559425219,58,3.6039446428069604,29.8996138996139,1487,1506,678,703,-162.05733489655944,59.99946597315537,-162.05508910834914,60.0011727721952
4637,259,13038.005559425219,1.3038005559425219,34,2.1126572044040803,25.961389961389962,4989,4999,6437,6468,-161.539995124435,59.68568444441242,-161.53721034705424,59.68658275969654
3542,259,13038.005559425219,1.3038005559425219,22,1.36701348520264,21.142857142857142,2790,2803,2086,2110,-161.9308521045554,59.88295448080507,-161.92869614787352,59.884122290674426
1964,259,13038.005559425219,1.3038005559425219,102,6.337971613212241,218.7027027027027,1474,1512,9774,9855,-161.24022731412433,59.9989269839849,-161.23295096032294,60.002340582064555
3380,259,13038.005559425219,1.3038005559425219,28,1.73983534480336,25.961389961389962,2645,2656,8060,8090,-161.3941985538224,59.89615971548162,-161.39150360797004,59.897147862294155
5190,259,13038.005559425219,1.3038005559425219,53,3.2932597598063604,46.71814671814672,7280,7298,10968,11005,-161.13296846920045,59.47916176059334,-161.12964470264922,59.48077872810476
3160,259,13038.005559425219,1.3038005559425219,25,1.553424415003,24.71042471042471,2460,2473,8467,8494,-161.35763712175873,59.91259888518101,-161.35521167049163,59.91376669505037
353,258,12987.665769620487,1.2987665769620487,33,2.0544902610034783,30.015503875968992,281,292,1417,1450,-161.990949397063,60.10852144864748,-161.9879849566254,60.10950959546001
476,258,12987.665769620487,1.2987665769620487,32,1.9922329803670091,32.8062015503876,363,375,4939,4973,-161.6745627539961,60.10106543178929,-161.6715084820301,60.10214341013023
4262,258,12987.665769620487,1.2987665769620487,49,3.0506067511869825,63.50387596899225,4268,4279,5170,5223,-161.65381167093295,59.75036314486903,-161.6490505999271,59.75135129168156
588,258,12987.665769620487,1.2987665769620487,27,1.680946577184664,23.58139534883721,436,446,11534,11563,-161.0821238241193,60.09468739327204,-161.07951870979534,60.09558570855616
877,258,12987.665769620487,1.2987665769620487,79,4.9183251702810535,41.92248062015504,645,660,2025,2062,-161.93633182778854,60.07546344619188,-161.9330080612373,60.07681091911806
2462,258,12987.665769620487,1.2987665769620487,49,3.0506067511869825,48.62015503875969,1889,1920,8203,8228,-161.38135264525948,59.962275720392824,-161.37910685704918,59.96506049777359
2634,258,12987.665769620487,1.2987665769620487,98,6.101213502373965,106.8062015503876,2040,2053,631,701,-162.0615569783948,59.950328127114034,-162.05526877140596,59.951495936983385
4022,258,12987.665769620487,1.2987665769620487,44,2.7393203480046378,32.8062015503876,3899,3916,6067,6096,-161.5732327899474,59.782971989682565,-161.57062767562348,59.78449912566557
3919,258,12987.665769620487,1.2987665769620487,36,2.241262102912885,40.325581395348834,3600,3622,1866,1895,-161.95061504080604,59.80938245903568,-161.9480099264821,59.811358752660745
3442,258,12987.665769620487,1.2987665769620487,38,2.365776664185823,27.348837209302324,2696,2711,5662,5689,-161.60961455895426,59.891218981418966,-161.60718910768713,59.89256645434515
59,258,12987.665769620487,1.2987665769620487,27,1.680946577184664,23.58139534883721,31,44,9352,9378,-161.27813621911417,60.130799667693644,-161.27580059937546,60.131967477563
823,258,12987.665769620487,1.2987665769620487,46,2.8638349092775757,57.689922480620154,601,616,1010,1056,-162.02751082912667,60.07941603344201,-162.02337857881972,60.080763506368186
124,258,12987.665769620487,1.2987665769620487,30,1.867718419094071,40.325581395348834,91,109,3914,3947,-161.76664007061837,60.12496061834687,-161.76367563018076,60.126577585858286
5116,258,12987.665769620487,1.2987665769620487,73,4.54478148646224,50.372093023255815,6992,7018,8182,8213,-161.38323910735613,59.50431458854869,-161.38045432997538,59.506650208287404
214,258,12987.665769620487,1.2987665769620487,40,2.4902912254587615,28.666666666666668,157,170,8738,8768,-161.3332927775591,60.11948089511374,-161.33059783170674,60.1206487049831
2727,257,12937.325979815756,1.2937325979815757,101,6.300206901673233,80.68482490272373,2111,2128,11360,11415,-161.09775451006297,59.94359076248313,-161.0928137760003,59.94511789846614
1304,257,12937.325979815756,1.2937325979815757,49,3.056536021603846,61.77431906614786,941,966,8697,8735,-161.336975870224,60.04797499849782,-161.33356227214432,60.050220786708124
380,257,12937.325979815756,1.2937325979815757,37,2.3079965877416795,34.38132295719844,303,325,8837,8862,-161.3243994562463,60.105557008209885,-161.322153668036,60.10753330183495
3565,257,12937.325979815756,1.2937325979815757,64,3.992210313931554,40.48249027237354,2817,2835,16344,16377,-160.6500341724578,59.88007987189589,-160.64706973202019,59.8816968394073
5004,257,12937.325979815756,1.2937325979815757,56,3.49318402469011,34.38132295719844,6607,6623,4386,4417,-161.7242395892079,59.539798042271414,-161.72145481182713,59.541235346726005
2653,257,12937.325979815756,1.2937325979815757,68,4.241723458552276,48.809338521400775,2050,2081,6127,6152,-161.5678428982427,59.9478128443185,-161.5655971100324,59.950597621699266
4214,257,12937.325979815756,1.2937325979815757,23,1.4347005815691523,20.171206225680933,4209,4222,5582,5605,-161.6168010812272,59.75548354198851,-161.61473495607373,59.75665135185786
3088,257,12937.325979815756,1.2937325979815757,48,2.9941577354486655,42.08560311284047,2408,2426,1633,1667,-161.97154578692601,59.91682096701637,-161.96849151496002,59.91843793452779
876,257,12937.325979815756,1.2937325979815757,41,2.557509732362402,32.93385214007782,643,657,3166,3198,-161.8338340538705,60.075732940777115,-161.8309594449613,60.076990582174886
2976,257,12937.325979815756,1.2937325979815757,68,4.241723458552276,50.568093385214006,2308,2318,2429,2476,-161.9000398903101,59.926522772084866,-161.89581780847473,59.927421087368984
551,257,12937.325979815756,1.2937325979815757,97,6.050693757052511,174.87937743190662,411,441,15660,15736,-160.71147893789157,60.0951365509141,-160.70465174173225,60.09783149676646
568,257,12937.325979815756,1.2937325979815757,44,2.744644590827943,43.719844357976655,421,437,1573,1610,-161.97693567863072,60.095495877027744,-161.9736119120795,60.096933181482335
2046,256,12886.986190011026,1.2886986190011027,54,3.375,30.25,1542,1553,9294,9327,-161.28334644776206,59.99524389132001,-161.28038200732445,59.99623203813254
1484,256,12886.986190011026,1.2886986190011027,25,1.5625,22.5625,1066,1082,4903,4925,-161.67779668901895,60.037554541202034,-161.67582039539388,60.03899184565663
4156,256,12886.986190011026,1.2886986190011027,69,4.3125,60.0625,4129,4149,12084,12126,-161.03271648349272,59.76204124356258,-161.0289435592994,59.76383787413082
670,256,12886.986190011026,1.2886986190011027,100,6.25,92.640625,495,514,1310,1368,-162.00056137060307,60.088578849340024,-161.99535114195518,60.090285648379854
2108,256,12886.986190011026,1.2886986190011027,66,4.125,45.5625,1600,1622,7811,7843,-161.416566604397,59.98904551585959,-161.4136919954878,59.99102180948465
1815,256,12886.986190011026,1.2886986190011027,18,1.125,23.765625,1343,1359,6002,6025,-161.5790718392942,60.01267120783193,-161.5770057141407,60.01410851228652
1791,256,12886.986190011026,1.2886986190011027,103,6.4375,210.25,1323,1337,3679,3781,-161.78775047979516,60.01464750145699,-161.77858766389716,60.015905142854756
1801,256,12886.986190011026,1.2886986190011027,40,2.5,36.0,1334,1349,3927,3960,-161.765472260749,60.01356952311605,-161.7625078203114,60.014916996042224
4609,256,12886.986190011026,1.2886986190011027,30,1.875,26.265625,4944,4954,2770,2801,-161.86940733912164,59.689726863190955,-161.86662256174085,59.69062517847508
5024,256,12886.986190011026,1.2886986190011027,54,3.375,42.25,6706,6719,9142,9181,-161.29700084008067,59.531174215543864,-161.2934974104726,59.53234202541322
2282,256,12886.986190011026,1.2886986190011027,28,1.75,31.640625,1736,1754,5085,5112,-161.66144735084796,59.9771877541092,-161.65902189958084,59.97880472162062
4680,256,12886.986190011026,1.2886986190011027,35,2.1875,27.5625,5045,5058,7486,7515,-161.44576185113087,59.68038438423611,-161.4431567368069,59.68155219410547
2687,256,12886.986190011026,1.2886986190011027,92,5.75,50.765625,2081,2107,119,150,-162.1075507209417,59.94547722457979,-162.10476594356095,59.9478128443185
140,256,12886.986190011026,1.2886986190011027,30,1.875,26.265625,110,120,11800,11831,-161.0582286375617,60.12397247153434,-161.05544386018093,60.124870786818455
4932,256,12886.986190011026,1.2886986190011027,86,5.375,33.0625,6178,6201,11651,11674,-161.07161353529509,59.577706947261255,-161.0695474101416,59.57977307241473
3614,255,12836.646400206297,1.2836646400206297,84,5.260284045115256,52.76862745098039,2887,2905,2596,2636,-161.8850380250653,59.873791664907046,-161.88144476392884,59.87540863241846
3831,255,12836.646400206297,1.2836646400206297,36,2.254407447906538,26.36862745098039,3327,3337,1202,1233,-162.01026317567158,59.834984444633086,-162.0074783982908,59.835882759917205
86,255,12836.646400206297,1.2836646400206297,39,2.442274735232083,31.764705882352942,53,65,11171,11204,-161.11473266893282,60.128913205596994,-161.11176822849524,60.12999118393794
979,255,12836.646400206297,1.2836646400206297,79,4.947171899572681,33.1921568627451,714,733,2002,2029,-161.938397952942,60.06890574461781,-161.93597250167488,60.07061254365764
3587,255,12836.646400206297,1.2836646400206297,73,4.571437324921591,81.31764705882352,2849,2885,4442,4478,-161.71920902361686,59.87558829547529,-161.715975088594,59.878822230498116
2692,255,12836.646400206297,1.2836646400206297,47,2.9432541681002027,33.1921568627451,2083,2107,2619,2641,-161.88297189991184,59.94547722457979,-161.88099560628677,59.94763318126167
1331,255,12836.646400206297,1.2836646400206297,76,4.759304612247137,68.32941176470588,960,976,2730,2780,-161.8730006002581,60.0470766832137,-161.8685090238375,60.048513987668294
3937,255,12836.646400206297,1.2836646400206297,56,3.5068560300768374,36.141176470588235,3650,3669,2449,2478,-161.89824325974186,59.805160377200316,-161.8956381454179,59.80686717624015
1892,255,12836.646400206297,1.2836646400206297,39,2.442274735232083,29.00392156862745,1411,1425,15076,15105,-160.76394055048414,60.00674232695674,-160.7613354361602,60.007999968354504
174,255,12836.646400206297,1.2836646400206297,68,4.258325179379017,34.65098039215686,139,156,171,201,-162.1028794814643,60.1207385365115,-162.10018453561193,60.12226567249451
3474,255,12836.646400206297,1.2836646400206297,74,4.6340597540301065,97.89803921568627,2725,2741,428,491,-162.0797927786624,59.88852403556661,-162.07413339237246,59.8899613400212
3729,255,12836.646400206297,1.2836646400206297,60,3.757345746510897,64.25098039215686,3100,3117,2660,2707,-161.87928880724695,59.854747380883715,-161.87506672541159,59.85627451686672
2116,255,12836.646400206297,1.2836646400206297,45,2.818009309883173,26.36862745098039,1604,1617,5538,5566,-161.62075366847733,59.989494673501646,-161.61823838568182,59.990662483371
1919,255,12836.646400206297,1.2836646400206297,93,5.82388590709189,47.450980392156865,1437,1460,5535,5567,-161.62102316306257,60.00359822346232,-161.6181485541534,60.005664348615795
4662,255,12836.646400206297,1.2836646400206297,70,4.383570037596047,66.27450980392157,5021,5048,3684,3722,-161.7873013221531,59.68128269952024,-161.78388772407345,59.68370815078736
4695,255,12836.646400206297,1.2836646400206297,42,2.630142022557628,25.098039215686274,5081,5094,6252,6279,-161.55661395719122,59.677150449213286,-161.5541885059241,59.678318259082644
2650,255,12836.646400206297,1.2836646400206297,72,4.508814895813076,76.86274509803921,2047,2096,1254,1275,-162.00559193619415,59.94646537139232,-162.0037054740975,59.950867116284506
1038,255,12836.646400206297,1.2836646400206297,30,1.8786728732554485,33.1921568627451,756,768,6688,6722,-161.5174474108036,60.06576164112339,-161.5143931388376,60.06683961946433
3354,255,12836.646400206297,1.2836646400206297,49,3.0684990263172325,22.650980392156864,2622,2639,5829,5850,-161.59461269370948,59.89768685146463,-161.59272623161283,59.89921398744763
2901,254,12786.306610401565,1.2786306610401565,78,4.894155280077636,68.5984251968504,2250,2264,3894,3946,-161.7684367011866,59.93137367461911,-161.76376546170917,59.93263131601688
417,254,12786.306610401565,1.2786306610401565,61,3.827480411342767,77.16535433070867,326,336,3204,3264,-161.83042045579083,60.104568861397354,-161.82503056408612,60.10546717668147
3750,254,12786.306610401565,1.2786306610401565,94,5.898084568298691,37.811023622047244,3151,3168,15066,15098,-160.76483886576827,59.850165972934704,-160.76196425685907,59.85169310891771
355,254,12786.306610401565,1.2786306610401565,39,2.447077640038818,33.32283464566929,286,301,5449,5480,-161.628748674506,60.107712964891775,-161.62596389712525,60.10906043781795
3610,254,12786.306610401565,1.2786306610401565,50,3.1372790256907925,37.811023622047244,2882,2905,696,722,-162.05571792904803,59.873791664907046,-162.0533823093093,59.87585779006052
5401,254,12786.306610401565,1.2786306610401565,42,2.6353143815802658,45.92125984251968,7977,7990,3325,3366,-161.819550840853,59.416998342932274,-161.8158677481881,59.418166152801625
120,254,12786.306610401565,1.2786306610401565,57,3.5764980892875036,29.118110236220474,84,97,11886,11916,-161.0505031261183,60.12603859668781,-161.04780818026592,60.127206406557164
3873,254,12786.306610401565,1.2786306610401565,84,5.2706287631605315,42.58267716535433,3443,3457,12731,12769,-160.97459548461018,59.82420466122365,-160.97118188653053,59.82546230262142
396,254,12786.306610401565,1.2786306610401565,85,5.333374343674348,62.503937007874015,308,324,9727,9774,-161.2444493959597,60.1056468397383,-161.24022731412433,60.10708414419289
930,254,12786.306610401565,1.2786306610401565,32,2.0078585764421075,23.95275590551181,679,695,10051,10074,-161.2153439807542,60.07231934269746,-161.21327785560072,60.07375664715205
4127,254,12786.306610401565,1.2786306610401565,36,2.258840898497371,31.88976377952756,4077,4087,4135,4170,-161.74678730283932,59.76761079832412,-161.7436431993449,59.76850911360824
4351,254,12786.306610401565,1.2786306610401565,34,2.133349737469739,25.19685039370079,4397,4414,4326,4349,-161.72962948091262,59.73823588853341,-161.72756335575914,59.739763024516414
3197,253,12735.966820596834,1.2735966820596833,62,3.897906603463975,44.41106719367589,2483,2501,9040,9075,-161.30616365597868,59.91008360238548,-161.30301955248427,59.911700569896894
4041,253,12735.966820596834,1.2735966820596833,35,2.20043114711676,24.047430830039527,3930,3942,5422,5449,-161.63117412577313,59.780636369943856,-161.628748674506,59.7817143482848
546,253,12735.966820596834,1.2735966820596833,66,4.149384448848748,47.82608695652174,409,427,1850,1887,-161.95205234526063,60.09639419231187,-161.9487285787094,60.09801115982328
2272,253,12735.966820596834,1.2735966820596833,58,3.6464287580792027,41.12252964426877,1727,1746,12832,12864,-160.96552250024055,59.9779064063365,-160.9626478913314,59.97961320537633
1371,253,12735.966820596834,1.2735966820596833,36,2.2633006084629534,27.889328063241106,988,1001,6360,6389,-161.54691215212273,60.04483089500341,-161.54430703779877,60.04599870487276
5002,253,12735.966820596834,1.2735966820596833,50,3.1434730673096576,41.12252964426877,6605,6623,6859,6892,-161.50208621944515,59.539798042271414,-161.49912177900757,59.541415009782824
2351,253,12735.966820596834,1.2735966820596833,42,2.6405173765401124,26.57707509881423,1787,1800,12209,12237,-161.0214875424412,59.97305550380226,-161.01897225964566,59.97422331367161
632,253,12735.966820596834,1.2735966820596833,38,2.3890395311553396,36.426877470355734,465,478,4406,4441,-161.72244295863968,60.09181278436286,-161.71929885514527,60.09298059423221
3451,253,12735.966820596834,1.2735966820596833,35,2.20043114711676,30.608695652173914,2711,2724,15801,15832,-160.69881269238547,59.890051171549615,-160.69602791500472,59.891218981418966
2079,253,12735.966820596834,1.2735966820596833,34,2.1375616857705673,32.015810276679844,1571,1587,3207,3236,-161.83015096120562,59.992189619354,-161.82754584688166,59.99362692380859
5359,253,12735.966820596834,1.2735966820596833,66,4.149384448848748,73.10671936758894,7865,7873,9185,9245,-161.29313808435896,59.42750863175647,-161.28774819265425,59.428227283983766
1328,253,12735.966820596834,1.2735966820596833,81,5.092426369041645,108.91699604743083,958,971,4642,4712,-161.70124271793446,60.04752584085576,-161.69495451094562,60.04869365072512
1510,253,12735.966820596834,1.2735966820596833,70,4.40086229423352,42.75098814229249,1088,1106,2113,2147,-161.92842665328828,60.03539858452015,-161.92537238132226,60.03701555203157
1000,252,12685.627030792104,1.2685627030792104,74,4.6615618337804685,96.57142857142857,727,754,8346,8397,-161.3685067366966,60.06701928252116,-161.36392532874757,60.06944473378828
5168,252,12685.627030792104,1.2685627030792104,57,3.5906624935876583,33.58730158730159,7170,7184,16565,16597,-160.63018140467875,59.4894025548323,-160.62730679576956,59.490660196230074
1951,252,12685.627030792104,1.2685627030792104,41,2.5827572322297194,19.444444444444443,1467,1484,3274,3292,-161.82413224880202,60.00144226678043,-161.82251528129058,60.00296940276343
3036,252,12685.627030792104,1.2685627030792104,27,1.7008401285415224,25.396825396825395,2365,2383,4760,4782,-161.69064259758184,59.92068372273809,-161.68866630395678,59.9223006902495
5399,252,12685.627030792104,1.2685627030792104,59,3.716650651257401,67.06349206349206,7974,7987,3775,3827,-161.7791266530676,59.41726783751751,-161.7744554135902,59.418435647386865
1149,252,12685.627030792104,1.2685627030792104,82,5.165514464459439,106.73015873015873,825,847,10607,10667,-161.16539765095715,60.05866495037885,-161.16000775925244,60.06064124400391
4518,252,12685.627030792104,1.2685627030792104,33,2.0788046015507495,26.682539682539684,4726,4738,6619,6648,-161.523645786264,59.70913047332794,-161.52104067194009,59.71020845166888
4829,252,12685.627030792104,1.2685627030792104,25,1.57485197087178,26.682539682539684,5640,5651,5539,5569,-161.62066383694892,59.62711428788783,-161.61796889109658,59.62810243470036
1993,252,12685.627030792104,1.2685627030792104,40,2.519763153394848,24.142857142857142,1497,1511,1329,1354,-161.99885457156324,59.99901681551331,-161.99660878335294,60.00027445691108
1645,252,12685.627030792104,1.2685627030792104,65,4.094615124266628,96.57142857142857,1200,1225,4838,4891,-161.68363573836572,60.024708632639125,-161.67887466735988,60.02695442084943
2645,252,12685.627030792104,1.2685627030792104,22,1.3858697343671664,21.73015873015873,2045,2056,6228,6254,-161.5587699138731,59.950058632528794,-161.5564342941344,59.951046779341326
2689,252,12685.627030792104,1.2685627030792104,31,1.9528164438810072,22.92063492063492,2081,2095,3051,3075,-161.84416467963786,59.94655520292073,-161.842008722956,59.9478128443185
1865,252,12685.627030792104,1.2685627030792104,106,6.677372356496347,272.3968253968254,1389,1429,6672,6763,-161.5188847152582,60.00638300084309,-161.5107100461727,60.00997626197957
1571,252,12685.627030792104,1.2685627030792104,47,2.9607217052389463,32.142857142857146,1136,1153,1535,1563,-161.9803492767104,60.03117650268479,-161.97783399391486,60.03270363866779
693,252,12685.627030792104,1.2685627030792104,31,1.9528164438810072,29.349206349206348,508,522,4139,4168,-161.74642797672567,60.08786019711273,-161.74382286240171,60.0891178385105
5105,251,12635.287240987374,1.2635287240987374,66,4.165883060445501,73.68924302788845,6952,6980,8472,8512,-161.3571879641167,59.50772818662834,-161.3535947029802,59.51024346942388
4240,251,12635.287240987374,1.2635287240987374,27,1.7042248883640685,26.788844621513945,4243,4255,4434,4463,-161.71992767584413,59.75251910155092,-161.7173225615202,59.753597079891854
2683,251,12635.287240987374,1.2635287240987374,20,1.2623888061956063,19.52191235059761,2076,2089,2588,2610,-161.8857566772926,59.9470941920912,-161.88378038366753,59.94826200196056
3473,251,12635.287240987374,1.2635287240987374,34,2.1460609705325306,21.816733067729082,2723,2741,6207,6226,-161.56065637596976,59.88852403556661,-161.55894957692993,59.89014100307802
4802,251,12635.287240987374,1.2635287240987374,51,3.219091455798796,43.091633466135455,5539,5562,4025,4054,-161.75666877096464,59.63510929391649,-161.75406365664068,59.63717541906997
2242,251,12635.287240987374,1.2635287240987374,23,1.4517471271249474,20.653386454183266,1710,1723,6919,6942,-161.49669632774044,59.97997253148998,-161.49463020258696,59.98114034135933
88,251,12635.287240987374,1.2635287240987374,60,3.787166418586819,36.71713147410359,57,81,9644,9668,-161.25190541281788,60.127475901142404,-161.249749456136,60.129631857824286
745,251,12635.287240987374,1.2635287240987374,36,2.2722998511520913,26.788844621513945,544,554,6166,6197,-161.56433946863464,60.08498558820355,-161.56155469125386,60.08588390348767
2678,251,12635.287240987374,1.2635287240987374,26,1.6411054480542884,23.01195219123506,2072,2084,6271,6297,-161.5549071581514,59.94754334973326,-161.55257153841268,59.9486213280742
1182,251,12635.287240987374,1.2635287240987374,68,4.292121941065061,112.44621513944223,852,868,2230,2298,-161.91791636446408,60.0567784882822,-161.91180782053206,60.05821579273679
4984,251,12635.287240987374,1.2635287240987374,75,4.733958023233524,146.86852589641435,6518,6540,4168,4242,-161.74382286240171,59.5472540591296,-161.73717532929925,59.54923035275466
4345,251,12635.287240987374,1.2635287240987374,35,2.209180410842311,35.20318725099602,4388,4401,12562,12596,-160.9897770129118,59.73940369840277,-160.9867227409458,59.740571508272126
4287,251,12635.287240987374,1.2635287240987374,112,7.069377314695395,265.195219123506,4304,4322,6829,6940,-161.50478116529752,59.746500389147315,-161.4948098656438,59.748117356658724
2878,250,12584.947451182643,1.2584947451182642,41,2.5930676813380713,33.856,2233,2245,8811,8845,-161.32673507598503,59.93308047365894,-161.323680804019,59.93415845199988
3239,250,12584.947451182643,1.2584947451182642,50,3.1622776601683795,33.856,2516,2533,4909,4938,-161.67725769984847,59.907208993476296,-161.6746525855245,59.9087361294593
2960,250,12584.947451182643,1.2584947451182642,55,3.4785054261852175,46.656,2294,2307,1423,1464,-161.99041040789254,59.9275109188974,-161.98672731522763,59.928678728766755
1495,250,12584.947451182643,1.2584947451182642,57,3.6049965325919526,51.984,1072,1090,2349,2388,-161.90722641258307,60.03683588897474,-161.90372298297498,60.03845285648616
674,250,12584.947451182643,1.2584947451182642,89,5.628854235099715,73.984,497,534,6163,6194,-161.56460896321988,60.08678221877179,-161.5618241858391,60.09010598532303
1738,250,12584.947451182643,1.2584947451182642,31,1.9606121493043953,33.856,1279,1295,1437,1467,-161.98915276649475,60.01842042565029,-161.9864578206424,60.01985773010488
3455,250,12584.947451182643,1.2584947451182642,68,4.300697617828996,85.264,2714,2720,15298,15365,-160.74399795117668,59.89041049766326,-160.73797923877308,59.89094948683373
4800,250,12584.947451182643,1.2584947451182642,27,1.7076299364909249,25.6,5537,5548,4233,4262,-161.73798381305494,59.63636693531426,-161.73537869873098,59.63735508212679
1180,250,12584.947451182643,1.2584947451182642,81,5.122889809472775,97.344,846,874,9085,9135,-161.30212123720014,60.056239499111726,-161.29762966077956,60.05875478190726
989,250,12584.947451182643,1.2584947451182642,85,5.375872022286245,80.656,719,727,4058,4121,-161.75370433052703,60.06944473378828,-161.74804494423708,60.07016338601558
2270,250,12584.947451182643,1.2584947451182642,42,2.6563132345414386,28.224,1725,1744,6939,6962,-161.4948996971722,59.97808606939333,-161.49283357201872,59.97979286843315
3209,250,12584.947451182643,1.2584947451182642,21,1.3281566172707193,25.6,2493,2507,4811,4837,-161.68606118963282,59.909544613215004,-161.68372556989414,59.910802254612776
4838,250,12584.947451182643,1.2584947451182642,40,2.5298221281347035,35.344,5666,5679,4193,4227,-161.7415770741914,59.62459900509229,-161.73852280222542,59.62576681496165
681,250,12584.947451182643,1.2584947451182642,51,3.225523213371747,23.104,500,515,10475,10498,-161.17725541270752,60.08848901781162,-161.17518928755408,60.089836490737795
1093,250,12584.947451182643,1.2584947451182642,119,7.526220831200743,222.784,789,816,4171,4262,-161.74355336781647,60.061449727759616,-161.73537869873098,60.06387517902674
5282,250,12584.947451182643,1.2584947451182642,45,2.8460498941515415,40.0,7596,7610,3901,3937,-161.7678078804877,59.451134323728816,-161.7645739454649,59.45239196512658
4090,249,12534.607661377911,1.2534607661377912,31,1.9645451766258817,20.819277108433734,4021,4034,6650,6673,-161.52086100888326,59.77237186932995,-161.51879488372978,59.77353967919931
312,249,12534.607661377911,1.2534607661377912,53,3.358738527779733,63.75903614457831,247,257,4156,4209,-161.74490084074267,60.1116655521419,-161.74013976973683,60.11256386742602
2450,249,12534.607661377911,1.2534607661377912,122,7.7314358563986305,177.10843373493975,1872,1889,7765,7853,-161.42069885470391,59.96506049777359,-161.41279368020366,59.966587633756596
4963,249,12534.607661377911,1.2534607661377912,64,4.055835203356659,54.04016064257028,6433,6452,9245,9284,-161.28774819265425,59.55515923362985,-161.28424476304616,59.55686603266968
3256,249,12534.607661377911,1.2534607661377912,28,1.7744279014685382,27.004016064257026,2530,2542,15201,15230,-160.75271160943265,59.90640050972059,-160.7501064951087,59.90747848806153
1475,249,12534.607661377911,1.2534607661377912,25,1.5843106263111948,19.67871485943775,1060,1074,7148,7169,-161.4761249077341,60.03827319342933,-161.47423844563744,60.0395308348271
1513,249,12534.607661377911,1.2534607661377912,85,5.386656129458062,102.81124497991968,1092,1105,3263,3330,-161.82512039561453,60.035488416048565,-161.81910168321093,60.036656225917916
1807,249,12534.607661377911,1.2534607661377912,26,1.6476830513636427,25.70281124497992,1337,1353,8915,8939,-161.3173925970302,60.0132101970024,-161.3152366403483,60.01464750145699
4776,249,12534.607661377911,1.2534607661377912,106,6.717477055559466,148.04819277108433,5455,5502,15503,15552,-160.72558248785225,59.64049918562121,-160.72118074296006,59.64472126745657
2267,249,12534.607661377911,1.2534607661377912,48,3.0418764025174942,32.53012048192771,1724,1739,5832,5862,-161.59434319912424,59.97853522703539,-161.59164825327187,59.979882699961564
2051,249,12534.607661377911,1.2534607661377912,70,4.436069753671346,78.714859437751,1548,1567,11213,11264,-161.11095974473952,59.993986249922244,-161.1063783367905,59.99569304896207
1297,249,12534.607661377911,1.2534607661377912,80,5.069794004195823,108.0160642570281,939,959,4568,4630,-161.70789025103693,60.04860381919671,-161.7023206962754,60.05040044976494
5317,249,12534.607661377911,1.2534607661377912,42,2.6616418522028074,37.01204819277108,7731,7745,4729,4763,-161.69342737496262,59.4390070673932,-161.6903731029966,59.44026470879097
2626,249,12534.607661377911,1.2534607661377912,38,2.4081521519930162,40.16064257028113,2033,2046,8215,8252,-161.38027466691855,59.95095694781291,-161.37695090036732,59.95212475768227
2161,249,12534.607661377911,1.2534607661377912,83,5.259911279353167,40.16064257028113,1644,1656,2452,2490,-161.89797376515662,59.98599124389358,-161.89456016707697,59.98706922223452
2580,249,12534.607661377911,1.2534607661377912,81,5.133166429248272,45.12449799196787,1992,2009,8639,8675,-161.34218609887188,59.95428071436416,-161.33895216384906,59.95580785034716
4782,249,12534.607661377911,1.2534607661377912,98,6.210497655139884,180.49799196787149,5468,5493,5534,5615,-161.621112994591,59.641307669376914,-161.61383664078963,59.64355345758722
1609,249,12534.607661377911,1.2534607661377912,36,2.2814073018881205,29.70281124497992,1168,1187,5557,5581,-161.6190468694375,60.028122230718786,-161.61689091275562,60.02982902975861
4274,249,12534.607661377911,1.2534607661377912,40,2.5348970020979116,37.01204819277108,4283,4295,6067,6103,-161.5732327899474,59.74892584041444,-161.5699988549246,59.75000381875538
5325,248,12484.267871573182,1.2484267871573183,26,1.6510016510024765,22.080645161290324,7758,7772,14636,14659,-160.8034664229854,59.43658161612608,-160.80140029783192,59.43783925752385
5113,248,12484.267871573182,1.2484267871573183,61,3.8735038735058103,58.064516129032256,6975,6990,11855,11900,-161.05328790349904,59.50682987134422,-161.0492454847205,59.5081773442704
773,248,12484.267871573182,1.2484267871573183,34,2.1590021590032387,27.112903225806452,562,585,7192,7210,-161.47217232048396,60.082200810822776,-161.47055535297255,60.08426693597625
2070,248,12484.267871573182,1.2484267871573183,109,6.921506921510383,41.95161290322581,1562,1589,10453,10477,-161.1792317063326,59.99200995629718,-161.17707574965073,59.9944354075643
4299,248,12484.267871573182,1.2484267871573183,128,8.128008128012192,244.01612903225808,4328,4347,6658,6762,-161.52014235665595,59.74425460093701,-161.51079987770112,59.74596139997684
932,248,12484.267871573182,1.2484267871573183,74,4.699004699007048,95.62903225806451,680,688,2240,2309,-161.91701804917997,60.07294816339635,-161.91081967371954,60.07366681562364
3946,248,12484.267871573182,1.2484267871573183,75,4.7625047625071435,52.403225806451616,3693,3705,1828,1873,-161.9540286388857,59.80192644217749,-161.94998622010715,59.803004420518434
7,248,12484.267871573182,1.2484267871573183,36,2.286002286003429,29.822580645161292,0,10,3916,3949,-161.76646040756154,60.13385393965965,-161.76349596712393,60.13475225494377
1247,248,12484.267871573182,1.2484267871573183,30,1.9050019050028575,24.532258064516128,901,918,1321,1343,-161.99957322379055,60.0522869118616,-161.99759693016549,60.053814047844604
4210,248,12484.267871573182,1.2484267871573183,87,5.524505524508287,76.79032258064517,4205,4229,6427,6472,-161.54089343971913,59.754854721289625,-161.5368510209406,59.75701067797151
4152,248,12484.267871573182,1.2484267871573183,43,2.730502730504096,28.451612903225808,4120,4132,2093,2123,-161.93022328385652,59.76356837954558,-161.92752833800415,59.76464635788653
4744,247,12433.928081768452,1.2433928081768453,26,1.654340383737022,22.170040485829958,5338,5350,6735,6760,-161.51322532896825,59.65415357793982,-161.51097954075794,59.65523155628077
3042,247,12433.928081768452,1.2433928081768453,60,3.8177085778546664,48.987854251012145,2367,2386,4010,4046,-161.7580162438908,59.92041422815285,-161.754782308868,59.92212102719268
363,247,12433.928081768452,1.2433928081768453,63,4.0085940067473995,27.222672064777328,291,305,4983,5010,-161.67061016674597,60.10735363877812,-161.66818471547884,60.10861128017589
4485,247,12433.928081768452,1.2433928081768453,74,4.708507246020756,58.29959514170041,4640,4657,12536,12579,-160.9921126326505,59.71640682712931,-160.9882498769288,59.71793396311231
438,247,12433.928081768452,1.2433928081768453,29,1.8452258126297554,27.222672064777328,341,353,9287,9316,-161.28397526846095,60.10304172541435,-161.281370154137,60.104119703755295
2412,247,12433.928081768452,1.2433928081768453,66,4.199479435640133,50.78542510121458,1842,1856,8399,8441,-161.36374566569074,59.96802493821119,-161.35997274149744,59.96928257960895
1340,247,12433.928081768452,1.2433928081768453,78,4.963021151211066,96.01619433198381,963,980,12204,12264,-161.02193670008327,60.04671735710006,-161.01654680837856,60.04824449308306
589,247,12433.928081768452,1.2433928081768453,34,2.1633681941176444,34.26720647773279,437,448,4458,4493,-161.71777171916224,60.09450773021521,-161.71462761566784,60.095495877027744
4958,247,12433.928081768452,1.2433928081768453,54,3.4359377200692,54.477732793522264,6381,6397,9321,9363,-161.28092099649493,59.56009996769251,-161.27714807230163,59.561537272147106
2959,247,12433.928081768452,1.2433928081768453,126,8.017188013494799,88.68016194331983,2293,2314,10063,10116,-161.21426600241327,59.92688209819851,-161.20950493140742,59.92876856029516
2961,247,12433.928081768452,1.2433928081768453,46,2.9269099096885776,47.22267206477733,2296,2309,5918,5959,-161.5866176876808,59.92733125584057,-161.5829345950159,59.92849906570993
804,247,12433.928081768452,1.2433928081768453,79,5.026649627508644,155.53036437246965,592,623,7647,7714,-161.43129897505654,60.07878721274312,-161.42528026265293,60.08157199012389
4114,247,12433.928081768452,1.2433928081768453,26,1.654340383737022,24.63157894736842,4059,4069,10679,10708,-161.1589297809115,59.76922776583554,-161.15632466658755,59.770126081119656
2986,247,12433.928081768452,1.2433928081768453,60,3.8177085778546664,25.910931174089068,2316,2338,229,247,-162.0976692528164,59.92472614151663,-162.09605228530498,59.92670243514169
446,247,12433.928081768452,1.2433928081768453,52,3.308680767474044,35.77327935222672,344,365,8133,8159,-161.38764085224832,60.101963747073405,-161.3853052325096,60.103850209170055
1491,246,12383.58829196372,1.238358829196372,52,3.315398907929359,47.41463414634146,1070,1088,2456,2492,-161.89761443904297,60.03701555203157,-161.89438050402015,60.03863251954298
2762,246,12383.58829196372,1.238358829196372,86,5.483159732344709,54.699186991869915,2138,2161,205,240,-162.09982520949828,59.94062632204554,-162.09668110600387,59.942692447199015
1319,246,12383.58829196372,1.238358829196372,85,5.419402061038375,40.65040650406504,951,976,13506,13531,-160.9049760500909,60.0470766832137,-160.9027302618806,60.049322471424006
4062,246,12383.58829196372,1.238358829196372,31,1.9764878104963486,30.065040650406505,3973,3985,11826,11857,-161.055893017823,59.776773614222144,-161.0531082404422,59.77785159256308
4079,246,12383.58829196372,1.238358829196372,23,1.466426440045678,22.260162601626018,4000,4012,4935,4960,-161.67492208010975,59.774348162955015,-161.67267629189945,59.77542614129596
2779,246,12383.58829196372,1.238358829196372,85,5.419402061038375,72.99186991869918,2149,2167,4468,4517,-161.71687340387814,59.940087332875066,-161.71247165898595,59.94170430038648
3760,246,12383.58829196372,1.238358829196372,76,4.845583019281371,50.99186991869919,3168,3198,3922,3948,-161.76592141839106,59.84747102708235,-161.76358579865234,59.850165972934704
2657,246,12383.58829196372,1.238358829196372,72,4.590552334056036,45.67479674796748,2052,2066,10298,10337,-161.19315559323644,59.949160317244676,-161.18965216362838,59.95041795864245
3872,246,12383.58829196372,1.238358829196372,29,1.848972467883681,31.479674796747968,3443,3455,2771,2803,-161.86931750759322,59.82438432428047,-161.86644289868403,59.82546230262142
4965,246,12383.58829196372,1.238358829196372,97,6.184494116714381,104.0650406504065,6440,6474,12589,12635,-160.98735156164466,59.55318294000479,-160.98321931133773,59.556237211970796
4784,246,12383.58829196372,1.238358829196372,109,6.949586172390387,305.1869918699187,5480,5515,15615,15717,-160.7155213566701,59.63933137575185,-160.70635854077207,59.64247547924627
3013,246,12383.58829196372,1.238358829196372,42,2.6778221948660206,37.46341463414634,2342,2353,6208,6245,-161.56056654444134,59.923378668590445,-161.55724277789008,59.924366815402976
3186,246,12383.58829196372,1.238358829196372,63,4.016733292299031,37.46341463414634,2476,2487,2127,2164,-161.92716901189053,59.91134124378325,-161.92384524533927,59.91232939059578
2107,246,12383.58829196372,1.238358829196372,39,2.4865491809470193,28.682926829268293,1599,1613,1578,1606,-161.9764865209887,59.98985399961529,-161.97397123819314,59.991111641013056
4902,246,12383.58829196372,1.238358829196372,23,1.466426440045678,24.73170731707317,5996,6008,4858,4885,-161.6818391077975,59.59504443224476,-161.67941365653036,59.59612241058571
1258,246,12383.58829196372,1.238358829196372,96,6.120736445408047,70.82926829268293,906,919,15329,15382,-160.74121317379593,60.05219708033319,-160.73645210279008,60.053364890202545
4840,246,12383.58829196372,1.238358829196372,102,6.50328247324605,86.65040650406505,5670,5682,3098,3159,-161.83994259780252,59.62432951050706,-161.83446287456937,59.625407488848
798,245,12333.24850215899,1.2333248502158989,29,1.8527420384998257,26.122448979591837,589,600,6051,6080,-161.57467009440202,60.0808533378966,-161.57206498007807,60.08184148470913
4048,245,12333.24850215899,1.2333248502158989,49,3.1304951684997055,33.06122448979592,3942,3957,6135,6165,-161.5671242460154,59.77928889701767,-161.56442930016306,59.780636369943856
1151,245,12333.24850215899,1.2333248502158989,68,4.344360641999591,54.922448979591834,826,853,8590,8621,-161.34658784376407,60.058125961208376,-161.3438030663833,60.0605514124755
242,245,12333.24850215899,1.2333248502158989,63,4.024922359499621,45.861224489795916,180,202,7776,7807,-161.4197107078914,60.11660628620456,-161.41692593051062,60.11858257982962
4617,245,12333.24850215899,1.2333248502158989,76,4.855461893999543,99.33061224489796,4954,4967,7550,7615,-161.4400126333125,59.688559053321605,-161.43417358396573,59.689726863190955
3629,245,12333.24850215899,1.2333248502158989,31,1.9805173514998136,28.8,2909,2920,5857,5888,-161.59209741091394,59.87244419198087,-161.58931263353315,59.8734323387934
4537,245,12333.24850215899,1.2333248502158989,84,5.366563145999495,107.11836734693877,4780,4811,4221,4271,-161.7390617913959,59.70257277175387,-161.7345702149753,59.70535754913464
4620,245,12333.24850215899,1.2333248502158989,59,3.7693717334996455,44.14693877551021,4964,4987,4261,4290,-161.7354685302594,59.68676242275336,-161.73286341593547,59.68882854790684
1416,245,12333.24850215899,1.2333248502158989,124,7.922069405999254,120.75102040816327,1022,1040,11072,11140,-161.1236259902456,60.04132746539534,-161.1175174463136,60.04294443290676
3524,245,12333.24850215899,1.2333248502158989,40,2.5555062599997593,31.60816326530612,2774,2793,2585,2610,-161.88602617187783,59.88385279608919,-161.88378038366753,59.88555959512902
1284,245,12333.24850215899,1.2333248502158989,49,3.1304951684997055,40.816326530612244,930,943,1261,1298,-162.00496311549526,60.0500411236513,-162.00163934894402,60.051208933520655
4962,245,12333.24850215899,1.2333248502158989,139,8.880384253499164,357.61632653061224,6415,6449,9768,9882,-161.24076630329478,59.55542872821509,-161.23052550905584,59.5584830001811
704,245,12333.24850215899,1.2333248502158989,34,2.1721803209997956,23.57551020408163,518,534,4301,4323,-161.73187526912292,60.08678221877179,-161.72989897549786,60.08821952322638
1015,245,12333.24850215899,1.2333248502158989,51,3.2582704814996934,37.61632653061225,737,753,9219,9251,-161.29008381239294,60.06710911404957,-161.28720920348377,60.06854641850416
574,245,12333.24850215899,1.2333248502158989,72,4.599911267999567,34.546938775510206,429,446,8767,8796,-161.33068766323515,60.09468739327204,-161.3280825489112,60.09621452925504
1929,245,12333.24850215899,1.2333248502158989,44,2.8110568859997356,34.546938775510206,1442,1455,6356,6389,-161.54727147823638,60.00404738110438,-161.54430703779877,60.005215190973736
2873,244,12282.90871235426,1.228290871235426,25,1.6004609991611998,23.672131147540984,2229,2239,5772,5800,-161.59973309082895,59.93361946282941,-161.5972178080334,59.93451777811353
2594,244,12282.90871235426,1.228290871235426,56,3.5850326381210875,82.63934426229508,2005,2027,13718,13767,-160.88593176606759,59.95266374685274,-160.8815300211754,59.954640040477805
4179,244,12282.90871235426,1.228290871235426,40,2.5607375986579197,31.737704918032787,4163,4178,6106,6135,-161.56972936033935,59.75943612923864,-161.5671242460154,59.760783602164814
2152,244,12282.90871235426,1.228290871235426,53,3.3929773182217433,39.36065573770492,1637,1649,2378,2415,-161.90462129825912,59.98662006459246,-161.90129753170788,59.9876980429334
1127,244,12282.90871235426,1.228290871235426,36,2.3046638387921274,20.081967213114755,810,822,3767,3790,-161.7798453052949,60.06091073858914,-161.77777918014144,60.06198871693009
1594,244,12282.90871235426,1.228290871235426,42,2.6887744785908154,23.672131147540984,1150,1165,11136,11159,-161.11787677242722,60.03009852434385,-161.11581064727378,60.031445997270026
1493,244,12282.90871235426,1.228290871235426,28,1.7925163190605438,21.24590163934426,1070,1085,8356,8377,-161.36760842141246,60.0372850466168,-161.3657219593158,60.03863251954298
3861,244,12282.90871235426,1.228290871235426,47,3.0088666784230553,57.0655737704918,3420,3433,3265,3311,-161.8249407325577,59.826360617905536,-161.82080848225075,59.827528427774894
4514,244,12282.90871235426,1.228290871235426,27,1.7284978790940957,23.672131147540984,4716,4725,6957,6986,-161.4932827296608,59.7102982831973,-161.49067761533684,59.711106766953
4944,244,12282.90871235426,1.228290871235426,24,1.5364425591947517,18.950819672131146,6269,6287,3775,3791,-161.7791266530676,59.56998143581783,-161.77768934861302,59.57159840332924
4918,244,12282.90871235426,1.228290871235426,96,6.145770236779007,78.04918032786885,6068,6084,11868,11921,-161.0521200936297,59.588217236085455,-161.04735902262385,59.589654540540046
862,244,12282.90871235426,1.228290871235426,89,5.697641157013871,53.26229508196721,628,640,9433,9478,-161.2708598653128,60.07726007676012,-161.26681744653425,60.078338055101064
1743,244,12282.90871235426,1.228290871235426,63,4.033161717886223,67.14754098360656,1283,1307,10662,10702,-161.1604569168945,60.017342447309346,-161.15686365575803,60.019498403991236
3452,243,12232.56892254953,1.223256892254953,83,5.3244524825265485,57.300411522633745,2712,2736,7674,7709,-161.4288735237894,59.88897319320867,-161.425729420295,59.89112914989055
2294,243,12232.56892254953,1.223256892254953,73,4.6829521834269645,82.97942386831275,1743,1763,4097,4148,-161.75020090091897,59.9763792703535,-161.74561949296995,59.978175900921734
2197,243,12232.56892254953,1.223256892254953,99,6.3508529610858835,71.70370370370371,1673,1695,5539,5583,-161.62066383694892,59.98248781428551,-161.6167112496988,59.984464107910576
4556,243,12232.56892254953,1.223256892254953,32,2.052800957118669,23.76954732510288,4824,4836,5349,5375,-161.6377318273472,59.70032698354357,-161.6353962076085,59.70140496188451
4861,243,12232.56892254953,1.223256892254953,29,1.860350867388794,25.037037037037038,5756,5767,5586,5614,-161.61644175511358,59.61669383059204,-161.61392647231804,59.61768197740457
2002,243,12232.56892254953,1.223256892254953,56,3.5924016749576713,53.48148148148148,1504,1512,2392,2441,-161.90336365686136,59.9989269839849,-161.89896191196917,59.99964563621219
4451,243,12232.56892254953,1.223256892254953,27,1.7320508075688772,25.037037037037038,4566,4576,11680,11709,-161.06900842097113,59.72368318093068,-161.06640330664717,59.724581496214796
4448,243,12232.56892254953,1.223256892254953,43,2.7584512861282118,44.510288065843625,4561,4571,11613,11655,-161.07502713337473,59.72413233857274,-161.07125420918143,59.725030653856855
4267,243,12232.56892254953,1.223256892254953,20,1.2830005981991683,22.53497942386831,4273,4283,2974,3001,-161.8510817073256,59.75000381875538,-161.84865625605846,59.7509021340395
3563,243,12232.56892254953,1.223256892254953,61,3.9131518245074632,41.1522633744856,2815,2831,3245,3279,-161.82673736312594,59.88043919800953,-161.82368309115995,59.881876502464124
3835,243,12232.56892254953,1.223256892254953,99,6.3508529610858835,113.39917695473251,3336,3354,8184,8249,-161.3830594442993,59.83345730865008,-161.37722039495253,59.8350742761615
3788,243,12232.56892254953,1.223256892254953,49,3.1433514655879624,34.83127572016461,3232,3242,3672,3708,-161.78837930049406,59.84351843983222,-161.7851453654712,59.84441675511634
2614,243,12232.56892254953,1.223256892254953,50,3.2075014954979206,41.1522633744856,2024,2035,8837,8876,-161.3243994562463,59.951945094625444,-161.32089602663825,59.952933241437975
5400,243,12232.56892254953,1.223256892254953,54,3.4641016151377544,42.81481481481482,7976,7991,6299,6335,-161.55239187535585,59.41690851140386,-161.54915794033303,59.41825598433004
2953,243,12232.56892254953,1.223256892254953,24,1.539600717839002,23.76954732510288,2284,2297,2595,2620,-161.88512785659373,59.928409234181515,-161.88288206838342,59.92957704405087
4235,243,12232.56892254953,1.223256892254953,26,1.6679007776589188,31.868312757201647,4238,4254,6250,6278,-161.55679362024804,59.75260893307932,-161.5542783374525,59.75404623753391
3343,242,12182.229132744798,1.2182229132744797,34,2.185602778212965,29.15702479338843,2612,2625,5073,5102,-161.6625253291889,59.8989444928624,-161.65992021486497,59.90011230273175
5090,242,12182.229132744798,1.2182229132744797,44,2.8284271247461903,42.99173553719008,6906,6921,9540,9576,-161.2612478917727,59.51302824680465,-161.2580139567499,59.51437571973083
2275,242,12182.229132744798,1.2182229132744797,30,1.9284730395996752,29.15702479338843,1730,1743,2827,2856,-161.86428694200214,59.978175900921734,-161.8616818276782,59.97934371079109
1420,242,12182.229132744798,1.2182229132744797,51,3.2784041673194477,39.68595041322314,1025,1040,10666,10700,-161.16009759078085,60.04132746539534,-161.15704331881486,60.04267493832152
4322,242,12182.229132744798,1.2182229132744797,27,1.7356257356397076,26.446280991735538,4356,4367,5868,5897,-161.5911092641014,59.742457970368775,-161.58850414977746,59.74344611718131
5261,242,12182.229132744798,1.2182229132744797,39,2.5070149514795776,27.785123966942148,7545,7561,3795,3820,-161.77733002249937,59.455536068621,-161.77508423428907,59.45697337307559
2589,242,12182.229132744798,1.2182229132744797,33,2.121320343559643,27.785123966942148,2000,2012,14607,14636,-160.80607153730935,59.95401121977892,-160.8034664229854,59.955089198119865
3398,242,12182.229132744798,1.2182229132744797,21,1.3499311277197725,23.867768595041323,2662,2677,7998,8021,-161.39976810858394,59.89427325338497,-161.39770198343047,59.89562072631115
1938,242,12182.229132744798,1.2182229132744797,37,2.378450082172933,41.32231404958678,1446,1459,6739,6776,-161.5128660028546,60.00368805499073,-161.50954223630336,60.00485586486009
3450,242,12182.229132744798,1.2182229132744797,54,3.471251471279415,61.50413223140496,2710,2718,3803,3856,-161.7766113702721,59.89059016072009,-161.77185029926625,59.89130881294738
3687,242,12182.229132744798,1.2182229132744797,25,1.6070608663330626,27.785123966942148,3000,3013,2349,2377,-161.90722641258307,59.86408985983856,-161.90471112978753,59.865257669707916
4270,242,12182.229132744798,1.2182229132744797,89,5.721136684145703,65.60330578512396,4275,4310,16692,16720,-160.61877280057044,59.74757836748826,-160.6162575177749,59.75072247098267
4827,242,12182.229132744798,1.2182229132744797,60,3.8569460791993504,36.51239669421488,5630,5647,3592,3622,-161.795565822767,59.627473614001474,-161.79287087691463,59.62900074998448
1795,242,12182.229132744798,1.2182229132744797,72,4.6283352950392205,69.83471074380165,1326,1340,453,504,-162.07754699045213,60.01437800687175,-162.07296558250312,60.01563564826952
2569,242,12182.229132744798,1.2182229132744797,57,3.6640987752393825,69.83471074380165,1975,1983,9601,9658,-161.2557681685396,59.95661633410287,-161.2506477714201,59.95733498633017
4505,242,12182.229132744798,1.2182229132744797,98,6.299678596025605,69.83471074380165,4688,4709,16459,16503,-160.6397035466904,59.71173558765189,-160.6357509594403,59.71362204974854
1553,242,12182.229132744798,1.2182229132744797,42,2.699862255439545,30.56198347107438,1114,1127,10717,10747,-161.15551618283183,60.0335121224235,-161.1528212369795,60.03467993229285
837,242,12182.229132744798,1.2182229132744797,54,3.471251471279415,53.70247933884298,609,628,13714,13752,-160.88629109218124,60.078338055101064,-160.88287749410156,60.080044854140894
571,242,12182.229132744798,1.2182229132744797,32,2.05703790890632,23.867768595041323,425,441,3947,3969,-161.76367563018076,60.0951365509141,-161.7616993365557,60.09657385536869
1794,242,12182.229132744798,1.2182229132744797,36,2.3141676475196102,29.15702479338843,1325,1338,2579,2608,-161.8865651610483,60.01455766992858,-161.88396004672435,60.015725479797936
1721,241,12131.889342940067,1.2131889342940068,44,2.834289156163656,43.170124481327804,1266,1278,4108,4147,-161.74921275410642,60.019947561633295,-161.74570932449836,60.02102553997424
4926,241,12131.889342940067,1.2131889342940068,62,3.993771083685151,33.60995850622407,6131,6155,12027,12048,-161.0378368806122,59.58183919756821,-161.03595041851554,59.58399515425009
2898,241,12131.889342940067,1.2131889342940068,54,3.4784457825644863,53.9253112033195,2249,2264,5931,5973,-161.58544987781144,59.93137367461911,-161.58167695361814,59.93272114754529
1532,241,12131.889342940067,1.2131889342940068,57,3.6716927704847357,57.77593360995851,1105,1118,5079,5125,-161.66198634001844,60.03432060617921,-161.6578540897115,60.035488416048565
4796,241,12131.889342940067,1.2131889342940068,30,1.9324698792024926,21.510373443983404,5526,5539,4260,4283,-161.7355583617878,59.63717541906997,-161.73349223663433,59.63834322893932
2264,241,12131.889342940067,1.2131889342940068,41,2.6410421682434064,27.900414937759336,1721,1733,5195,5224,-161.65156588272265,59.97907421620586,-161.6489607683987,59.9801521945468
442,241,12131.889342940067,1.2131889342940068,80,5.153253011206647,55.83402489626556,342,358,8208,8250,-161.38090348761745,60.10259256777229,-161.37713056342412,60.10402987222688
609,241,12131.889342940067,1.2131889342940068,21,1.3527289154417448,23.966804979253112,452,465,9224,9249,-161.2896346547509,60.09298059423221,-161.2873888665406,60.09414840410157
550,241,12131.889342940067,1.2131889342940068,37,2.3833795176830743,38.24066390041494,411,422,8076,8113,-161.39276124936782,60.09684334995393,-161.38943748281656,60.09783149676646
2017,241,12131.889342940067,1.2131889342940068,39,2.51221084296324,33.60995850622407,1519,1533,1415,1446,-161.99112906011982,59.997040521888245,-161.98834428273906,59.998298163286016
376,240,12081.549553135337,1.2081549553135338,36,2.32379000772445,32.266666666666666,299,310,10602,10635,-161.1658468085992,60.10690448113606,-161.16288236816163,60.107892627948594
5223,240,12081.549553135337,1.2081549553135338,53,3.421135289149885,54.15,7424,7443,9710,9748,-161.2459765319427,59.46613618897361,-161.242562933863,59.46784298801344
952,240,12081.549553135337,1.2081549553135338,26,1.6782927833565473,25.35,694,705,9925,9953,-161.22666275333413,60.07142102741334,-161.22414747053858,60.072409174225875
1388,240,12081.549553135337,1.2081549553135338,70,4.51848057057532,104.01666666666667,1003,1016,6201,6267,-161.5611953651402,60.04348342207722,-161.55526648426502,60.04465123194658
159,240,12081.549553135337,1.2081549553135338,52,3.3565855667130946,40.016666666666666,127,143,5206,5239,-161.6505777359101,60.12190634638086,-161.64761329547252,60.12334365083545
5224,240,12081.549553135337,1.2081549553135338,112,7.229568912920511,212.81666666666666,7427,7464,12156,12232,-161.02624861344705,59.46424972687696,-161.01942141728773,59.467573493428205
4424,240,12081.549553135337,1.2081549553135338,66,4.260281680828158,66.15,4522,4537,5775,5823,-161.5994635962437,59.727186610538745,-161.59515168287993,59.72853408346492
2397,240,12081.549553135337,1.2081549553135338,68,4.389381125701739,64.06666666666666,1836,1872,16269,16295,-160.65677153708867,59.966587633756596,-160.65443591734999,59.96982156877942
4588,240,12081.549553135337,1.2081549553135338,68,4.389381125701739,74.81666666666666,4911,4923,3652,3707,-161.7901759310623,59.69251164057173,-161.78523519699962,59.693589618912675
2914,240,12081.549553135337,1.2081549553135338,23,1.4846436160461765,22.816666666666666,2258,2270,3580,3605,-161.79664380110796,59.93083468544864,-161.79439801289766,59.93191266378958
2247,240,12081.549553135337,1.2081549553135338,21,1.355544171172596,22.816666666666666,1712,1726,6811,6834,-161.50639813280893,59.97970303690474,-161.50433200765545,59.98096067830251
4562,240,12081.549553135337,1.2081549553135338,26,1.6782927833565473,22.816666666666666,4846,4861,5461,5483,-161.62767069616507,59.69808119533327,-161.62569440254,59.69942866825945
4521,240,12081.549553135337,1.2081549553135338,44,2.840187787218772,30.816666666666666,4730,4744,6468,6497,-161.53721034705424,59.708591484157466,-161.53460523273029,59.70984912555524
2318,240,12081.549553135337,1.2081549553135338,48,3.0983866769659336,22.816666666666666,1764,1782,4629,4648,-161.7024105278038,59.974672471313674,-161.70070372876398,59.976289438825084
4140,240,12081.549553135337,1.2081549553135338,79,5.0994280725064325,88.81666666666666,4096,4110,5836,5895,-161.5939838730106,59.765544673170645,-161.5886838128343,59.766802314568416
4465,240,12081.549553135337,1.2081549553135338,20,1.2909944487358056,22.816666666666666,4595,4607,3110,3135,-161.83886461946156,59.7208984035499,-161.83661883125126,59.72197638189085
1581,240,12081.549553135337,1.2081549553135338,40,2.581988897471611,33.75,1140,1162,3319,3342,-161.82008983002348,60.03036801892908,-161.81802370487,60.032344312554144
2530,240,12081.549553135337,1.2081549553135338,61,3.937533068644207,40.016666666666666,1950,1978,2146,2167,-161.92546221285068,59.95706549174493,-161.92357575075403,59.95958077454046
4017,240,12081.549553135337,1.2081549553135338,48,3.0983866769659336,36.81666666666667,3892,3902,1858,1895,-161.95133369303332,59.78422963108033,-161.9480099264821,59.785127946364454
4868,240,12081.549553135337,1.2081549553135338,30,1.9364916731037083,25.35,5793,5803,3539,3568,-161.80032689377285,59.613459895569214,-161.7977217794489,59.61435821085333
2600,240,12081.549553135337,1.2081549553135338,26,1.6782927833565473,22.816666666666666,2012,2023,10179,10205,-161.20384554511747,59.95302307296639,-161.20150992537876,59.95401121977892
52,240,12081.549553135337,1.2081549553135338,76,4.905778905196061,66.15,20,34,6327,6376,-161.5498765925603,60.13169798297776,-161.54547484766812,60.13295562437553
5111,240,12081.549553135337,1.2081549553135338,59,3.8084336237706267,46.81666666666667,6972,6984,14139,14180,-160.84811269260615,59.507368860514696,-160.84442959994126,59.50844683885564
465,239,12031.209763330608,1.2031209763330608,37,2.3933310412066584,29.523012552301257,357,370,5833,5862,-161.59425336759583,60.101514589431346,-161.59164825327187,60.102682399300704
5248,239,12031.209763330608,1.2031209763330608,58,3.751708118648275,58.25941422594142,7503,7516,14921,14967,-160.777864437388,59.45957848739954,-160.77373218708104,59.46074629726889
4146,239,12031.209763330608,1.2031209763330608,27,1.7464848138535074,25.456066945606693,4102,4112,4177,4206,-161.74301437864602,59.765365010113825,-161.74040926432207,59.766263325397944
1146,239,12031.209763330608,1.2031209763330608,63,4.075131232324851,50.62761506276151,820,837,9836,9874,-161.23465775936276,60.059563265662966,-161.23124416128312,60.06109040164597
817,239,12031.209763330608,1.2031209763330608,77,4.9807159506192615,32.40167364016737,596,616,12803,12827,-160.9681276145645,60.07941603344201,-160.96597165788262,60.081212664010245
1785,239,12031.209763330608,1.2031209763330608,60,3.881077364118905,112.53556485355648,1319,1351,9579,9629,-161.25774446216465,60.01338986005922,-161.25325288574405,60.0162644689684
3680,239,12031.209763330608,1.2031209763330608,32,2.0699079275300827,25.456066945606693,2991,3002,8823,8851,-161.32565709764407,59.86507800665109,-161.32314181484855,59.86606615346362
1105,239,12031.209763330608,1.2031209763330608,85,5.498192932501783,54.37656903765691,800,822,4073,4108,-161.75235685760086,60.06091073858914,-161.74921275410642,60.062887032214206
4642,239,12031.209763330608,1.2031209763330608,47,3.040177268559809,26.778242677824267,4997,5013,6069,6093,-161.57305312689058,59.68442680301465,-161.57089717020872,59.68586410746924
4203,239,12031.209763330608,1.2031209763330608,28,1.8111694365888225,28.13389121338912,4200,4213,6057,6085,-161.57413110523154,59.756292025744216,-161.571615822436,59.757459835613574
1822,239,12031.209763330608,1.2031209763330608,29,1.8758540593241375,26.778242677824267,1349,1368,3304,3325,-161.82143730294965,60.01186272407622,-161.819550840853,60.01356952311605
1595,239,12031.209763330608,1.2031209763330608,70,4.527923591472057,30.94560669456067,1151,1170,1454,1478,-161.98762563051176,60.02964936670178,-161.98546967382987,60.03135616574161
1786,239,12031.209763330608,1.2031209763330608,17,1.0996385865003566,19.347280334728033,1320,1333,3529,3550,-161.80122520905695,60.01500682757064,-161.7993387469603,60.016174637439995
3253,239,12031.209763330608,1.2031209763330608,88,5.692246800707728,70.7112970711297,2526,2551,15995,16035,-160.68138537587356,59.90559202596488,-160.6777921147371,59.90783781417518
4805,239,12031.209763330608,1.2031209763330608,68,4.3985543460014265,64.3347280334728,5547,5567,7521,7563,-161.44261774763643,59.634660136274434,-161.43884482344313,59.63645676684267
4034,239,12031.209763330608,1.2031209763330608,22,1.423061700176932,21.690376569037657,3912,3923,6441,6466,-161.53963579832134,59.78234316898368,-161.53739001011107,59.78333131579621
2543,239,12031.209763330608,1.2031209763330608,52,3.3636003822363847,40.18410041841004,1959,1981,1539,1566,-161.97998995059675,59.956795997159695,-161.97756449932962,59.95877229078476
3622,239,12031.209763330608,1.2031209763330608,21,1.3583770774416168,20.502092050209207,2899,2911,3019,3042,-161.84703928854705,59.87325267573658,-161.84497316339358,59.87433065407752
407,239,12031.209763330608,1.2031209763330608,111,7.179993123619975,269.94142259414224,318,363,32,114,-162.11536606391354,60.10214341013023,-162.10799987858377,60.10618582890877
1193,239,12031.209763330608,1.2031209763330608,64,4.139815855060165,45.25523012552301,858,877,6397,6430,-161.54358838557147,60.055970004526486,-161.5406239451339,60.057676803566316
4182,239,12031.209763330608,1.2031209763330608,49,3.1695465140304395,47.01255230125523,4166,4179,3556,3596,-161.79879975778982,59.75934629771022,-161.79520649665335,59.760514107579574
2820,239,12031.209763330608,1.2031209763330608,89,5.756931423443043,101.82426778242677,2181,2202,15384,15441,-160.73627243973326,59.93694322938065,-160.7311520426138,59.9388296914773
5301,238,11980.869973525876,1.1980869973525876,33,2.1390722877221426,31.07563025210084,7665,7676,14892,14924,-160.78046955171195,59.44520544285363,-160.77759494280275,59.44619358966616
5397,238,11980.869973525876,1.1980869973525876,85,5.509731650193397,127.21008403361344,7968,8003,7022,7074,-161.48744368031402,59.415830533062916,-161.48277244083658,59.41897463655734
926,238,11980.869973525876,1.1980869973525876,109,7.065420586718592,148.50420168067228,675,688,6545,6626,-161.5302933193665,60.07294816339635,-161.52301696556515,60.074115973265705
4307,238,11980.869973525876,1.1980869973525876,48,3.1113778730503894,35.563025210084035,4338,4354,2156,2186,-161.92456389756657,59.74362578023813,-161.9218689517142,59.745063084692724
4869,238,11980.869973525876,1.1980869973525876,42,2.7224556389190906,26.89075630252101,5797,5815,3370,3392,-161.81550842207446,59.61238191722827,-161.8135321284494,59.613998884739686
216,238,11980.869973525876,1.1980869973525876,21,1.3612278194595453,24.26890756302521,159,170,4073,4100,-161.75235685760086,60.11948089511374,-161.74993140633373,60.12046904192627
2536,238,11980.869973525876,1.1980869973525876,80,5.185629788417315,89.56302521008404,1956,1981,1752,1800,-161.960855835045,59.956795997159695,-161.95654392168123,59.95904178536999
135,238,11980.869973525876,1.1980869973525876,32,2.074251915366926,40.35294117647059,100,116,1837,1870,-161.95322015512997,60.12433179764798,-161.9502557146924,60.12576910210257
1937,238,11980.869973525876,1.1980869973525876,29,1.8797907983012767,23.008403361344538,1446,1462,4022,4043,-161.75693826554988,60.00341856040549,-161.75505180345323,60.00485586486009
406,238,11980.869973525876,1.1980869973525876,98,6.352396490811211,80.01680672268908,316,325,5795,5855,-161.59766696567547,60.105557008209885,-161.59227707397076,60.10636549196559
4763,238,11980.869973525876,1.1980869973525876,33,2.1390722877221426,35.563025210084035,5411,5422,5914,5949,-161.58697701379444,59.64768570789416,-161.58383291030003,59.64867385470669
842,238,11980.869973525876,1.1980869973525876,64,4.148503830733852,107.56302521008404,614,639,4568,4623,-161.70789025103693,60.07734990828853,-161.7029495169743,60.07959569649883
1777,238,11980.869973525876,1.1980869973525876,34,2.203892660077359,29.647058823529413,1311,1324,10055,10084,-161.21498465464055,60.01581531132634,-161.21237954031662,60.0169831211957
3634,238,11980.869973525876,1.1980869973525876,17,1.1019463300386796,18.30252100840336,2914,2926,6062,6083,-161.57368194758948,59.871905202810396,-161.57179548549283,59.87298318115134
5100,238,11980.869973525876,1.1980869973525876,84,5.444911277838181,60.50420168067227,6938,6951,11493,11540,-161.08580691678418,59.51033330095229,-161.0815848349488,59.51150111082165
4998,238,11980.869973525876,1.1980869973525876,69,4.4726056925099344,54.60504201680672,6589,6602,4405,4449,-161.7225327901681,59.541684504368064,-161.71858020291796,59.542852314237415
1973,238,11980.869973525876,1.1980869973525876,41,2.657635266563874,34.03361344537815,1484,1496,4174,4207,-161.74328387323123,60.00036428843949,-161.74031943279365,60.00144226678043
2987,238,11980.869973525876,1.1980869973525876,26,1.6853296812356275,25.563025210084035,2317,2328,5552,5580,-161.61949602707958,59.92562445680075,-161.61698074428404,59.92661260361328
1173,238,11980.869973525876,1.1980869973525876,72,4.667066809575584,38.72268907563025,839,855,5279,5311,-161.64402003433605,60.05794629815155,-161.64114542542686,60.05938360260614
3097,237,11930.530183721145,1.1930530183721144,50,3.2478490123081545,25.670886075949365,2415,2427,6432,6459,-161.54044428207706,59.916731135487964,-161.53801883080993,59.9178091138289
4885,237,11930.530183721145,1.1930530183721144,61,3.9623757950159484,49.21518987341772,5884,5905,11151,11184,-161.11652929950105,59.60429707967119,-161.11356485906347,59.60618354176784
2153,237,11930.530183721145,1.1930530183721144,49,3.1828920320619916,58.75105485232068,1637,1647,8209,8258,-161.38081365608903,59.986799727649284,-161.37641191119684,59.9876980429334
2912,237,11930.530183721145,1.1930530183721144,47,3.0529780715696653,37.28270042194093,2255,2269,7203,7236,-161.47118417367145,59.93092451697705,-161.46821973323384,59.932182158374815
3878,237,11930.530183721145,1.1930530183721144,22,1.429053565415588,23.10548523206751,3455,3467,2964,2989,-161.85198002260972,59.82330634593953,-161.84973423439942,59.82438432428047
792,237,11930.530183721145,1.1930530183721144,64,4.157246735754438,124.82700421940929,583,605,5332,5396,-161.6392589633302,60.08040418025454,-161.63350974551184,60.0823804738796
1498,237,11930.530183721145,1.1930530183721144,81,5.261515399939211,47.40928270042194,1073,1099,7664,7691,-161.42977183907354,60.03602740521904,-161.4273463878064,60.03836302495775
944,237,11930.530183721145,1.1930530183721144,72,4.676902577723743,73.51898734177215,686,716,12906,12942,-160.9588749671381,60.07043288060081,-160.95564103211524,60.073127826453174
2195,237,11930.530183721145,1.1930530183721144,45,2.923064111077339,37.28270042194093,1672,1690,6867,6896,-161.50136756721787,59.98293697192757,-161.4987624528939,59.98455393943899
2090,237,11930.530183721145,1.1930530183721144,85,5.5213433209238625,175.59493670886076,1581,1599,9228,9312,-161.28927532863725,59.991111641013056,-161.28172948025065,59.99272860852447
2949,237,11930.530183721145,1.1930530183721144,38,2.4683652493541977,23.10548523206751,2280,2293,639,663,-162.0608383261675,59.92876856029516,-162.0586823694856,59.92993637016452
1274,237,11930.530183721145,1.1930530183721144,59,3.8324618345236225,40.52320675105485,921,929,12868,12909,-160.96228856521773,60.05129876504907,-160.95860547255285,60.05201741727636
1639,237,11930.530183721145,1.1930530183721144,60,3.8974188147697855,97.48523206751055,1192,1223,10478,10523,-161.1769859181223,60.02488829569595,-161.17294349934377,60.02767307307672
5277,237,11930.530183721145,1.1930530183721144,44,2.858107130831176,29.772151898734176,7589,7608,4663,4686,-161.6993562558378,59.451313986785635,-161.69729013068434,59.453020785825466
5011,237,11930.530183721145,1.1930530183721144,42,2.72819317033885,35.71308016877637,6622,6631,5718,5755,-161.6045839933632,59.539079390044115,-161.60126022681195,59.53988787379982
279,237,11930.530183721145,1.1930530183721144,71,4.61194559747758,165.41772151898735,211,242,4712,4780,-161.69495451094562,60.11301302506808,-161.6888459670136,60.115797802448846
4503,237,11930.530183721145,1.1930530183721144,16,1.0393116839386094,23.10548523206751,4687,4701,2782,2805,-161.86832936078068,59.712454239879186,-161.8662632356272,59.71371188127695
4085,236,11880.190393916415,1.1880190393916414,35,2.2783059421644176,37.440677966101696,4016,4026,4534,4571,-161.71094452300295,59.77309052155725,-161.7076207564517,59.77398883684137
5171,236,11880.190393916415,1.1880190393916414,62,4.03585624040554,59.0,7176,7197,5576,5614,-161.6173400703977,59.48823474496295,-161.61392647231804,59.4901212070596
578,236,11880.190393916415,1.1880190393916414,71,4.621706339819248,76.08474576271186,432,445,2848,2902,-161.8624004799055,60.09477722480045,-161.85754957737126,60.0959450346698
2398,236,11880.190393916415,1.1880190393916414,50,3.2547227745205967,34.32203389830509,1837,1857,3197,3222,-161.83104927648972,59.96793510668277,-161.82880348827942,59.96973173725102
3898,236,11880.190393916415,1.1880190393916414,25,1.6273613872602983,23.203389830508474,3515,3527,2379,2404,-161.9045314667307,59.81791645423481,-161.9022856785204,59.81899443257576
3092,236,11880.190393916415,1.1880190393916414,22,1.4320780207890627,23.203389830508474,2411,2425,3659,3682,-161.7895471103634,59.916910798544784,-161.78748098520992,59.918168439942555
2364,236,11880.190393916415,1.1880190393916414,37,2.4084948531452417,28.491525423728813,1808,1819,5535,5565,-161.62102316306257,59.97134870476243,-161.61832821721023,59.97233685157496
4905,236,11880.190393916415,1.1880190393916414,98,6.37925663806037,83.05084745762711,6019,6041,13332,13380,-160.92060673603459,59.59207999180717,-160.9162948226708,59.59405628543223
2927,236,11880.190393916415,1.1880190393916414,36,2.34340039765483,31.338983050847457,2264,2281,6360,6386,-161.54691215212273,59.929846538636106,-161.544576532384,59.93137367461911
4486,236,11880.190393916415,1.1880190393916414,73,4.751895250800072,61.016949152542374,4641,4664,4752,4789,-161.69136124980915,59.715778006430426,-161.6880374832579,59.7178441315839
472,236,11880.190393916415,1.1880190393916414,71,4.621706339819248,134.25423728813558,361,390,12895,12955,-160.9598631139506,60.09971795886311,-160.9544732222459,60.10232307318706
2980,236,11880.190393916415,1.1880190393916414,99,6.4443510935507815,113.96610169491525,2311,2327,3726,3792,-161.7835283979598,59.92571428832916,-161.7775995170846,59.92715159278375
4007,235,11829.850604111685,1.1829850604111685,37,2.4136138702977363,34.46808510638298,3866,3878,7910,7943,-161.4076732830842,59.78638558776222,-161.4047088426466,59.78746356610316
1797,235,11829.850604111685,1.1829850604111685,27,1.761285797244294,25.88936170212766,1330,1342,4428,4455,-161.7204666650146,60.01419834381493,-161.71804121374748,60.01527632215587
5240,235,11829.850604111685,1.1829850604111685,23,1.5003545680229171,22.059574468085106,7475,7488,4201,4224,-161.74085842196413,59.462093770195075,-161.73879229681066,59.463261580064426
1293,235,11829.850604111685,1.1829850604111685,49,3.1964075579618667,30.025531914893616,938,955,2613,2638,-161.88351088908232,60.04896314531035,-161.881265100872,60.05049028129336
4778,235,11829.850604111685,1.1829850604111685,31,2.022217026465671,31.472340425531915,5458,5469,2911,2943,-161.85674109361554,59.643463626058804,-161.85386648470637,59.644451772871335
5265,235,11829.850604111685,1.1829850604111685,57,3.7182700164046207,40.86808510638298,7558,7571,3998,4034,-161.75909422223174,59.45463775333688,-161.75586028720892,59.45580556320623
2467,235,11829.850604111685,1.1829850604111685,115,7.501772840114586,137.87234042553192,1894,1924,3021,3081,-161.84685962549023,59.96191639427917,-161.84146973378552,59.96461134013153
1535,235,11829.850604111685,1.1829850604111685,35,2.2831482556870477,44.272340425531915,1106,1125,4728,4760,-161.69351720649104,60.03369178548032,-161.69064259758184,60.03539858452015
2892,235,11829.850604111685,1.1829850604111685,53,3.457338787183244,32.9531914893617,2246,2260,720,750,-162.05356197236614,59.931733000732756,-162.05086702651377,59.93299064213053
676,235,11829.850604111685,1.1829850604111685,33,2.152682641076359,39.217021276595744,498,512,3366,3400,-161.8158677481881,60.08875851239685,-161.8128134762221,60.090016153794615
2694,235,11829.850604111685,1.1829850604111685,88,5.740487042870291,144.06808510638297,2084,2103,3667,3740,-161.7888284581361,59.945836550693436,-161.78227075656204,59.94754334973326
4522,235,11829.850604111685,1.1829850604111685,81,5.283857391732882,42.5531914893617,4734,4749,2651,2686,-161.88009729100264,59.70814232651541,-161.87695318750824,59.70948979944159
4972,235,11829.850604111685,1.1829850604111685,43,2.8050107141298013,31.472340425531915,6462,6484,10832,10853,-161.14518555706448,59.55228462472067,-161.14329909496783,59.55426091834573
1780,235,11829.850604111685,1.1829850604111685,36,2.348381062992392,31.472340425531915,1312,1328,14260,14287,-160.8372430776683,60.0154559852127,-160.8348176264012,60.01689328966729
2362,235,11829.850604111685,1.1829850604111685,52,3.3921059798778996,34.46808510638298,1806,1817,2444,2478,-161.89869241738393,59.97152836781925,-161.8956381454179,59.972516514631785
4837,235,11829.850604111685,1.1829850604111685,74,4.827227740595473,49.63404255319149,5660,5682,11932,11964,-161.04637087581133,59.62432951050706,-161.04349626690214,59.62630580413212
957,234,11779.510814306954,1.1779510814306953,57,3.7262065676254963,37.76068376068376,696,708,10398,10433,-161.18417244039526,60.07115153282811,-161.18102833690085,60.07222951116905
4774,234,11779.510814306954,1.1779510814306953,70,4.576043153224294,42.73504273504273,5449,5468,3872,3903,-161.77041299481166,59.64355345758722,-161.76762821743088,59.64526025662704
5371,234,11779.510814306954,1.1779510814306953,37,2.4187656667042696,46.22222222222222,7917,7934,3211,3246,-161.82979163509196,59.422028908523345,-161.82664753159753,59.42355604450634
1950,234,11779.510814306954,1.1779510814306953,83,5.425879738823092,86.17094017094017,1464,1499,9046,9082,-161.30562466680823,60.00009479385425,-161.30239073178538,60.00323889734867
2182,234,11779.510814306954,1.1779510814306953,100,6.537204504606134,230.01709401709402,1661,1687,13267,13357,-160.92644578538136,59.983206466512804,-160.91836094782428,59.98554208625152
3329,234,11779.510814306954,1.1779510814306953,47,3.072486117164883,44.46153846153846,2602,2613,3075,3115,-161.842008722956,59.900022471203336,-161.8384154618195,59.90101061801587
408,234,11779.510814306954,1.1779510814306953,39,2.5495097567963922,27.35042735042735,319,334,8775,8800,-161.32996901100785,60.10474852445418,-161.32772322279754,60.10609599738036
827,234,11779.510814306954,1.1779510814306953,30,1.9611613513818402,28.735042735042736,601,612,7492,7522,-161.4452228619604,60.079775359555654,-161.44252791610802,60.080763506368186
2009,234,11779.510814306954,1.1779510814306953,48,3.1378581622109443,59.504273504273506,1510,1530,8058,8097,-161.39437821687923,59.997310016473484,-161.39087478727117,59.99910664704172
3957,234,11779.510814306954,1.1779510814306953,64,4.183810882947926,41.042735042735046,3734,3753,4640,4670,-161.7014223809913,59.79761452881371,-161.69872743513892,59.79932132785354
3643,234,11779.510814306954,1.1779510814306953,47,3.072486117164883,65.7094017094017,2931,2962,519,550,-162.07161810957695,59.86867126778757,-162.06883333219616,59.87145604516834
1930,234,11779.510814306954,1.1779510814306953,76,4.968275423500662,93.6068376068376,1442,1462,10820,10874,-161.1462635354054,60.00341856040549,-161.14141263287118,60.005215190973736
4733,234,11779.510814306954,1.1779510814306953,67,4.37992701808611,37.76068376068376,5281,5306,3110,3132,-161.83886461946156,59.65810616518995,-161.8368883258365,59.66035195340025
3241,234,11779.510814306954,1.1779510814306953,77,5.033647468546723,61.53846153846154,2517,2529,13465,13513,-160.9086591427558,59.90756831958994,-160.90434722939202,59.908646297930886
2851,234,11779.510814306954,1.1779510814306953,36,2.353393621658208,39.38461538461539,2206,2219,14781,14816,-160.79044085136567,59.93541609339765,-160.78729674787127,59.93658390326701
2365,234,11779.510814306954,1.1779510814306953,30,1.9611613513818402,26.0,1808,1824,8720,8743,-161.33490974507052,59.97089954712037,-161.33284361991704,59.97233685157496
2359,234,11779.510814306954,1.1779510814306953,41,2.680253846888515,30.153846153846153,1804,1817,2916,2945,-161.85629193597347,59.97152836781925,-161.85368682164955,59.97269617768861
5345,234,11779.510814306954,1.1779510814306953,67,4.37992701808611,83.76068376068376,7808,7821,12895,12952,-160.9598631139506,59.43217987123389,-160.95474271683113,59.43334768110325
829,234,11779.510814306954,1.1779510814306953,40,2.614881801842454,39.38461538461539,601,613,10269,10305,-161.1957607075604,60.07968552802724,-161.19252677253758,60.080763506368186
4976,234,11779.510814306954,1.1779510814306953,63,4.118438837901865,44.46153846153846,6485,6503,6161,6194,-161.5647886262767,59.55057782568085,-161.5618241858391,59.55219479319226
1914,234,11779.510814306954,1.1779510814306953,55,3.5954624775333737,30.153846153846153,1433,1450,6444,6469,-161.53936630373613,60.00449653874644,-161.53712051552583,60.00602367472944
1103,234,11779.510814306954,1.1779510814306953,16,1.0459527207369814,22.153846153846153,798,812,7201,7223,-161.47136383672827,60.06180905387326,-161.4693875431032,60.06306669527103
2422,233,11729.171024502222,1.1729171024502223,67,4.389315939938803,55.776824034334766,1849,1867,8891,8930,-161.31954855371208,59.967036791398655,-161.316045124104,59.96865375891007
4109,233,11729.171024502222,1.1729171024502223,61,3.996242870690552,34.76394849785408,4054,4066,7199,7232,-161.4715434997851,59.76949726042077,-161.4685790593475,59.770575238761715
3002,233,11729.171024502222,1.1729171024502223,39,2.554974950113632,41.21888412017167,2332,2344,3798,3835,-161.77706052791413,59.92418715234616,-161.7737367613629,59.925265130687094
1694,233,11729.171024502222,1.1729171024502223,34,2.2274140590734226,28.858369098712448,1242,1256,9616,9643,-161.2544206956134,60.02192385525836,-161.2519952443463,60.02318149665613
225,233,11729.171024502222,1.1729171024502223,21,1.3757557423688787,21.030042918454935,170,184,9175,9196,-161.29403639964306,60.11822325371597,-161.2921499375464,60.11948089511374
3990,233,11729.171024502222,1.1729171024502223,46,3.013560197569925,50.06008583690987,3829,3844,2661,2700,-161.87919897571854,59.789439859728226,-161.87569554611048,59.7907873326544
2102,233,11729.171024502222,1.1729171024502223,79,5.175462078435306,63.87982832618026,1592,1617,1469,1505,-161.9862781575856,59.989494673501646,-161.98304422256274,59.99174046171194
4893,233,11729.171024502222,1.1729171024502223,27,1.7688288116171298,23.50214592274678,5923,5938,4573,4595,-161.7074410933949,59.6013326392336,-161.70546479976983,59.602680112159774
1286,233,11729.171024502222,1.1729171024502223,112,7.337363959300686,112.63519313304721,931,958,12254,12308,-161.01744512366267,60.04869365072512,-161.01259422112844,60.05111910199224
3012,233,11729.171024502222,1.1729171024502223,77,5.044437722019222,63.87982832618026,2342,2353,4485,4535,-161.71534626789514,59.923378668590445,-161.71085469147454,59.924366815402976
1403,233,11729.171024502222,1.1729171024502223,37,2.423950593697548,36.32618025751073,1014,1026,8398,8432,-161.36383549721916,60.042585106793105,-161.36078122525316,60.04366308513405
3816,233,11729.171024502222,1.1729171024502223,41,2.6859993065297156,24.78969957081545,3295,3308,4502,4527,-161.71381913191212,59.837589558957035,-161.71157334370182,59.838757368826386
795,233,11729.171024502222,1.1729171024502223,24,1.5722922769930041,22.248927038626608,588,601,10125,10148,-161.20869644765173,60.080763506368186,-161.20663032249826,60.081931316237544
1497,233,11729.171024502222,1.1729171024502223,39,2.554974950113632,55.776824034334766,1072,1087,4107,4149,-161.74930258563484,60.037105383559975,-161.74552966144154,60.03845285648616
2087,233,11729.171024502222,1.1729171024502223,58,3.7997063360664267,26.111587982832617,1580,1598,5490,5511,-161.6250655818411,59.99120147254147,-161.62317911974446,59.992818440052886
223,233,11729.171024502222,1.1729171024502223,82,5.371998613059431,51.93133047210301,166,185,2093,2129,-161.93022328385652,60.11813342218756,-161.9269893488337,60.119840221227385
5060,233,11729.171024502222,1.1729171024502223,77,5.044437722019222,53.836909871244636,6822,6842,16322,16358,-160.65201046608286,59.52012493754919,-160.64877653106004,59.521921568117435
467,233,11729.171024502222,1.1729171024502223,38,2.4894627719055897,26.111587982832617,358,373,4780,4804,-161.6888459670136,60.101245094846114,-161.68669001033172,60.10259256777229
5381,233,11729.171024502222,1.1729171024502223,81,5.306486434851389,44.652360515021456,7934,7956,12324,12353,-161.01115691667383,59.42005261489828,-161.0085518023499,59.422028908523345
3875,233,11729.171024502222,1.1729171024502223,35,2.2929262372814643,36.32618025751073,3447,3458,10276,10311,-161.1951318868615,59.82411482969524,-161.1919877833671,59.82510297650777
311,233,11729.171024502222,1.1729171024502223,42,2.7515114847377573,27.467811158798284,244,261,9891,9914,-161.22971702530012,60.11130622602825,-161.22765090014664,60.11283336201125
423,232,11678.831234697493,1.1678831234697493,52,3.4139672543527864,26.224137931034484,332,343,10037,10065,-161.21660162215198,60.10394004069847,-161.21408633935644,60.104928187511
4836,232,11678.831234697493,1.1678831234697493,56,3.6765801200722312,64.15517241379311,5659,5693,7107,7134,-161.479808000399,59.62334136369453,-161.47738254913187,59.62639563566053
1165,232,11678.831234697493,1.1678831234697493,23,1.5100239778868094,22.344827586206897,835,848,5673,5696,-161.60862641214175,60.058575118850435,-161.60656028698827,60.05974292871979
2221,232,11678.831234697493,1.1678831234697493,16,1.0504514628777804,23.603448275862068,1691,1705,8844,8867,-161.32377063554742,59.981589499001394,-161.32170451039394,59.98284714039916
2050,232,11678.831234697493,1.1678831234697493,27,1.7726368436062545,28.982758620689655,1548,1562,7104,7131,-161.48007749498422,59.9944354075643,-161.47765204371711,59.99569304896207
3485,232,11678.831234697493,1.1678831234697493,41,2.691781873624312,28.982758620689655,2738,2751,3341,3369,-161.8181135363984,59.887625720282486,-161.81559825360287,59.888793530151844
1600,232,11678.831234697493,1.1678831234697493,68,4.464418717230567,34.91379310344828,1156,1179,7588,7610,-161.43659903523283,60.02884088294608,-161.43462274160777,60.030907008099554
3289,232,11678.831234697493,1.1678831234697493,29,1.903943276465977,23.603448275862068,2564,2578,7600,7623,-161.4355210568919,59.90316657469776,-161.43345493173842,59.90442421609553
924,232,11678.831234697493,1.1678831234697493,32,2.1009029257555607,30.413793103448278,674,684,1313,1345,-162.00029187601785,60.07330748950999,-161.99741726710866,60.07420580479411
764,232,11678.831234697493,1.1678831234697493,61,4.004846202221538,44.8448275862069,556,566,14243,14284,-160.83877021365132,60.08390760986261,-160.8350871209864,60.084805925146725
5146,232,11678.831234697493,1.1678831234697493,61,4.004846202221538,41.39655172413793,7123,7136,4653,4689,-161.70025457112192,59.49371446819608,-161.6970206360991,59.49488227806543
4687,232,11678.831234697493,1.1678831234697493,44,2.888741522913896,39.724137931034484,5055,5076,3967,3994,-161.76187899961252,59.6787674167247,-161.7594535483454,59.68065387882135
4377,231,11628.491444892763,1.1628491444892763,66,4.342481186734475,68.72727272727273,4433,4442,16378,16432,-160.64697990049177,59.73572060573788,-160.64212899795754,59.73652908949359
3970,231,11628.491444892763,1.1628491444892763,55,3.6187343222787294,39.896103896103895,3791,3817,2365,2387,-161.90578910812846,59.79186531099535,-161.9038128145034,59.79420093073406
1029,231,11628.491444892763,1.1628491444892763,40,2.631806779839076,27.705627705627705,747,764,1206,1229,-162.00990384955793,60.06612096723704,-162.00783772440445,60.067648103220044
4573,231,11628.491444892763,1.1628491444892763,47,3.092372966310914,43.29004329004329,4878,4889,3015,3054,-161.8473986146607,59.69556591253774,-161.84389518505265,59.69655405935027
4106,231,11628.491444892763,1.1628491444892763,27,1.7764695763913763,21.21212121212121,4052,4064,6689,6712,-161.5173575792752,59.7696769234776,-161.51529145412172,59.77075490181854
4319,231,11628.491444892763,1.1628491444892763,45,2.9607826273189604,29.10822510822511,4351,4366,6195,6221,-161.5617343543107,59.74254780189719,-161.55939873457197,59.743895274823366
3934,231,11628.491444892763,1.1628491444892763,54,3.5529391527827525,62.33766233766234,3644,3677,2925,2952,-161.85548345221778,59.804441724973024,-161.85305800095065,59.80740616541062
38,231,11628.491444892763,1.1628491444892763,52,3.421348813790799,41.57575757575758,10,24,1697,1732,-161.96579656910765,60.13259629826188,-161.96265246561325,60.13385393965965
37,231,11628.491444892763,1.1628491444892763,66,4.342481186734475,36.64069264069264,9,20,9960,9995,-161.2235186498397,60.13295562437553,-161.22037454634528,60.133943771188065
1332,231,11628.491444892763,1.1628491444892763,55,3.6187343222787294,56.25974025974026,960,981,3946,3982,-161.76376546170917,60.046627525571644,-161.76053152668635,60.048513987668294
1323,231,11628.491444892763,1.1628491444892763,52,3.421348813790799,50.493506493506494,953,968,11093,11132,-161.12173952814896,60.047795335441,-161.11823609854088,60.04914280836718
4352,231,11628.491444892763,1.1628491444892763,27,1.7764695763913763,26.337662337662337,4397,4406,6019,6049,-161.5775447033112,59.73895454076071,-161.57484975745885,59.739763024516414
553,231,11628.491444892763,1.1628491444892763,60,3.9477101697586137,66.56277056277057,413,421,9271,9325,-161.28541257291553,60.096933181482335,-161.28056167038127,60.097651833709634
691,231,11628.491444892763,1.1628491444892763,21,1.381698559415515,26.337662337662337,507,520,8682,8708,-161.33832334315017,60.08803986016955,-161.33598772341145,60.08920767003891
4286,231,11628.491444892763,1.1628491444892763,53,3.4871439832867757,39.896103896103895,4303,4323,2135,2163,-161.92645035966322,59.7464105576189,-161.92393507686768,59.74820718818714
2527,231,11628.491444892763,1.1628491444892763,60,3.9477101697586137,77.73160173160173,1946,1966,5319,5366,-161.64042677319955,59.95814347008587,-161.6362046913642,59.95994010065411
5097,231,11628.491444892763,1.1628491444892763,45,2.9607826273189604,50.493506493506494,6926,6939,11427,11468,-161.09173579765937,59.511411279293235,-161.08805270499448,59.51257908916259
3143,231,11628.491444892763,1.1628491444892763,40,2.631806779839076,41.57575757575758,2451,2459,2047,2088,-161.93435553416347,59.913856526578776,-161.9306724414986,59.914575178806075
5161,231,11628.491444892763,1.1628491444892763,52,3.421348813790799,32.01731601731602,7157,7167,4936,4969,-161.67483224858134,59.49092969081531,-161.67186780814376,59.491828006099425
2720,231,11628.491444892763,1.1628491444892763,33,2.1712405933672376,27.705627705627705,2107,2122,16679,16704,-160.61994061043978,59.944129751653605,-160.61769482222948,59.94547722457979
3530,231,11628.491444892763,1.1628491444892763,61,4.013505339254591,38.25108225108225,2781,2800,15004,15032,-160.7704084205298,59.8832239753903,-160.76789313773426,59.88493077443013
5370,231,11628.491444892763,1.1628491444892763,67,4.408276356230452,84.84848484848484,7917,7930,3130,3187,-161.83706798889332,59.42238823463699,-161.83194759177385,59.42355604450634
2968,231,11628.491444892763,1.1628491444892763,98,6.447926610605736,82.44155844155844,2300,2348,13361,13382,-160.91800162171063,59.923827826232504,-160.91611515961398,59.92813973959628
4679,231,11628.491444892763,1.1628491444892763,48,3.158168135806891,68.72727272727273,5043,5064,3914,3956,-161.76664007061837,59.67984539506564,-161.76286714642507,59.6817318571623
2012,231,11628.491444892763,1.1628491444892763,48,3.158168135806891,26.337662337662337,1515,1536,7165,7183,-161.4745977717511,59.99677102730301,-161.47298080423968,59.99865748939966
519,231,11628.491444892763,1.1628491444892763,41,2.697601949335053,58.25108225108225,391,409,5333,5373,-161.6391691318018,60.09801115982328,-161.63557587066532,60.0996281273347
4379,230,11578.151655088031,1.1578151655088031,63,4.154096982393458,90.15652173913044,4435,4454,7779,7832,-161.41944121330616,59.73464262739694,-161.41468014230034,59.73634942643676
2105,230,11578.151655088031,1.1578151655088031,54,3.5606545563372496,27.82608695652174,1598,1614,4879,4903,-161.6799526457008,59.98976416808688,-161.67779668901895,59.99120147254147
1770,230,11578.151655088031,1.1578151655088031,16,1.0550087574332592,20.104347826086958,1307,1323,4121,4139,-161.74804494423708,60.015905142854756,-161.74642797672567,60.017342447309346
4363,230,11578.151655088031,1.1578151655088031,74,4.879415503128824,90.15652173913044,4409,4426,5679,5734,-161.60808742297127,59.73715791019247,-161.6031466889086,59.738685046175476
1155,230,11578.151655088031,1.1578151655088031,87,5.7366101185433465,45.23478260869565,829,851,9885,9914,-161.2302560144706,60.0583056242652,-161.22765090014664,60.060281917890265
5263,230,11578.151655088031,1.1578151655088031,71,4.681601361110087,114.10434782608695,7551,7562,9009,9079,-161.30894843335946,59.45544623709259,-161.30266022637062,59.45643438390512
346,230,11578.151655088031,1.1578151655088031,76,5.011291597807981,41.756521739130434,276,299,5751,5777,-161.6016195529256,60.107892627948594,-161.59928393318688,60.10995875310207
1290,230,11578.151655088031,1.1578151655088031,52,3.4287784616580925,29.234782608695653,936,956,2860,2881,-161.86132250156456,60.04887331378195,-161.8594360394679,60.05066994435018
5048,230,11578.151655088031,1.1578151655088031,44,2.901274082941463,22.53913043478261,6771,6787,5453,5473,-161.62838934839237,59.52506567161185,-161.6265927178241,59.52650297606644
2798,230,11578.151655088031,1.1578151655088031,39,2.5715838462435694,40.06956521739131,2167,2177,7067,7105,-161.48340126153548,59.93918901759095,-161.47998766345583,59.940087332875066
2130,230,11578.151655088031,1.1578151655088031,39,2.5715838462435694,22.53913043478261,1615,1630,9846,9867,-161.23375944407866,59.98832686363229,-161.231872981982,59.989674336558465
4997,230,11578.151655088031,1.1578151655088031,80,5.275043787166296,58.504347826086956,6587,6601,9154,9198,-161.29592286173974,59.54177433589648,-161.29197027448961,59.54303197729424
4547,230,11578.151655088031,1.1578151655088031,36,2.3737697042248334,26.452173913043477,4796,4812,5457,5480,-161.62803002227872,59.70248294022546,-161.62596389712525,59.70392024468005
434,230,11578.151655088031,1.1578151655088031,89,5.868486213222504,153.6695652173913,337,351,12389,12469,-161.00531786732705,60.10322138847118,-160.9981313450541,60.10447902986894
3441,230,11578.151655088031,1.1578151655088031,56,3.692530651016407,33.6695652173913,2695,2710,3046,3075,-161.84461383727992,59.89130881294738,-161.842008722956,59.89265628587356
933,230,11578.151655088031,1.1578151655088031,52,3.4287784616580925,41.756521739130434,680,701,7145,7173,-161.47639440231933,60.07178035352699,-161.47387911952382,60.07366681562364
659,229,11527.8118652833,1.15278118652833,30,1.9824558013652693,23.912663755458514,485,498,696,720,-162.05571792904803,60.090016153794615,-162.05356197236614,60.09118396366397
2253,229,11527.8118652833,1.15278118652833,31,2.048537661410778,32.29694323144105,1716,1728,3213,3244,-161.82961197203514,59.97952337384792,-161.82682719465436,59.98060135218886
5273,229,11527.8118652833,1.15278118652833,42,2.775438121911377,40.24454148471616,7587,7601,3731,3765,-161.78307924031773,59.45194280748452,-161.78002496835174,59.45320044888229
1153,229,11527.8118652833,1.15278118652833,45,2.973683702047904,56.751091703056765,827,842,4288,4330,-161.7330430789923,60.05911410802091,-161.729270154799,60.060461580947084
39,229,11527.8118652833,1.15278118652833,31,2.048537661410778,29.362445414847162,11,26,1058,1084,-162.0231989157629,60.13241663520506,-162.02086329602417,60.13376410813124
4158,229,11527.8118652833,1.15278118652833,51,3.3701748623209578,71.54585152838428,4132,4146,6795,6845,-161.5078354372635,59.76231073814782,-161.50334386084293,59.76356837954558
142,229,11527.8118652833,1.15278118652833,32,2.1146195214562873,29.362445414847162,112,123,1879,1909,-161.94944723093667,60.1237029769491,-161.94675228508433,60.12469112376163
2999,229,11527.8118652833,1.15278118652833,55,3.6345023025029937,35.37117903930131,2329,2351,16172,16195,-160.66548519534464,59.92355833164727,-160.66341907019117,59.925534625272334
2933,229,11527.8118652833,1.15278118652833,54,3.5684204424574846,40.24454148471616,2270,2292,5276,5302,-161.64428952892126,59.928858391823574,-161.64195390918258,59.93083468544864
4254,229,11527.8118652833,1.15278118652833,50,3.3040930022754487,36.96069868995633,4259,4275,6055,6085,-161.57431076828837,59.75072247098267,-161.571615822436,59.75215977543726
4171,229,11527.8118652833,1.15278118652833,91,6.013449264141316,71.54585152838428,4156,4173,13776,13823,-160.88072153741967,59.759885286880696,-160.8764994555843,59.7614124228637
1673,229,11527.8118652833,1.15278118652833,46,3.0397655620934128,35.37117903930131,1227,1253,7470,7489,-161.44719915558545,60.0221933498436,-161.44549235654563,60.024528969582306
4236,229,11527.8118652833,1.15278118652833,24,1.5859646410922155,26.56768558951965,4239,4251,3501,3528,-161.8037404918525,59.75287842766456,-161.80131504058537,59.75395640600551
3300,229,11527.8118652833,1.15278118652833,78,5.1543850835497,50.93449781659389,2576,2600,2554,2584,-161.8888109492586,59.901190281072694,-161.88611600340624,59.90334623775458
4222,229,11527.8118652833,1.15278118652833,70,4.625730203185628,45.43231441048035,4222,4236,5634,5671,-161.6121298417498,59.75422590059074,-161.60880607519854,59.75548354198851
4714,229,11527.8118652833,1.15278118652833,34,2.246783241547305,25.222707423580786,5187,5199,6607,6633,-161.52472376460497,59.66771813873003,-161.52238814486626,59.668796117070976
129,229,11527.8118652833,1.15278118652833,108,7.136840884914969,144.64628820960698,95,121,6581,6646,-161.5270593843437,60.123882640005924,-161.5212203349969,60.12621825974463
3513,229,11527.8118652833,1.15278118652833,29,1.9163739413197602,22.637554585152838,2764,2776,6687,6711,-161.51753724233203,59.88537993207219,-161.51538128565014,59.886457910413135
1630,229,11527.8118652833,1.15278118652833,68,4.49356648309461,36.96069868995633,1186,1200,13316,13348,-160.92204404048917,60.02695442084943,-160.91916943158,60.02821206224719
5073,229,11527.8118652833,1.15278118652833,38,2.511110681729341,40.24454148471616,6864,6881,10093,10124,-161.2115710565609,59.516621507941124,-161.20878627918015,59.51814864392413
2791,229,11527.8118652833,1.15278118652833,97,6.409940424414371,123.24890829694323,2162,2177,9591,9660,-161.2566664838237,59.93918901759095,-161.25046810836326,59.94053649051713
3467,229,11527.8118652833,1.15278118652833,53,3.5023385824119755,33.81659388646288,2720,2739,16176,16201,-160.665125869231,59.88870369862343,-160.6628800810207,59.89041049766326
2514,229,11527.8118652833,1.15278118652833,64,4.229239042912575,52.838427947598255,1937,1951,4304,4345,-161.73160577453768,59.95949094301205,-161.7279226818728,59.96074858440982
2846,228,11477.47207547857,1.147747207547857,61,4.039823689048384,78.75438596491227,2203,2233,8093,8130,-161.3912341133848,59.93415845199988,-161.38791034683356,59.93685339785224
4130,228,11477.47207547857,1.147747207547857,31,2.0530251534508177,24.017543859649123,4080,4090,5678,5705,-161.60817725449968,59.76734130373889,-161.60575180323255,59.76823961902301
426,228,11477.47207547857,1.147747207547857,24,1.5894388284780525,21.49122807017544,334,350,4670,4689,-161.69872743513892,60.10331121999959,-161.6970206360991,60.10474852445418
156,228,11477.47207547857,1.147747207547857,26,1.721892064184557,25.333333333333332,125,140,9250,9273,-161.28729903501218,60.122175840966094,-161.2852329098587,60.12352331389228
4283,228,11477.47207547857,1.147747207547857,26,1.721892064184557,22.736842105263158,4296,4307,5725,5750,-161.6039551726643,59.74784786207349,-161.601709384454,59.74883600888602
1363,228,11477.47207547857,1.147747207547857,98,6.490208549618715,49.280701754385966,980,1000,14145,14178,-160.84757370343567,60.04492072653182,-160.8446092629981,60.04671735710006
92,228,11477.47207547857,1.147747207547857,26,1.721892064184557,24.017543859649123,62,72,9898,9925,-161.22908820460123,60.12828438489811,-161.22666275333413,60.12918270018223
2821,228,11477.47207547857,1.147747207547857,26,1.721892064184557,24.017543859649123,2185,2200,6178,6200,-161.56326149029368,59.93712289243747,-161.56128519666862,59.938470365363656
1250,228,11477.47207547857,1.147747207547857,20,1.3245323570650438,25.333333333333332,901,913,7647,7673,-161.43129897505654,60.05273606950366,-161.42896335531782,60.053814047844604
49,228,11477.47207547857,1.147747207547857,25,1.6556654463313047,22.736842105263158,18,33,4022,4043,-161.75693826554988,60.131787814506175,-161.75505180345323,60.13313528743235
241,228,11477.47207547857,1.147747207547857,64,4.23850354260814,96.0701754385965,180,199,7527,7582,-161.44207875846598,60.11687578078979,-161.4371380244033,60.11858257982962
749,228,11477.47207547857,1.147747207547857,32,2.11925177130407,26.68421052631579,546,558,5726,5753,-161.6038653411359,60.0846262620899,-161.60143988986877,60.08570424043084
684,228,11477.47207547857,1.147747207547857,64,4.23850354260814,33.96491228070175,502,519,8199,8226,-161.38171197137314,60.088129691697965,-161.379286520106,60.08965682768097
4051,228,11477.47207547857,1.147747207547857,94,6.225302078205706,90.94736842105263,3948,3966,7317,7371,-161.46094337943248,59.77848041326197,-161.45609247689825,59.780097380773384
506,228,11477.47207547857,1.147747207547857,55,3.6424639819288704,28.07017543859649,386,401,5755,5780,-161.60126022681195,60.09872981205058,-161.59901443860164,60.100077284976756
5185,228,11477.47207547857,1.147747207547857,32,2.11925177130407,29.49122807017544,7255,7269,9417,9444,-161.27229716976737,59.48176687491729,-161.26987171850027,59.483024516315055
2123,228,11477.47207547857,1.147747207547857,45,2.9801978033963485,49.280701754385966,1612,1629,869,905,-162.04017707463274,59.9884166951607,-162.03694313960992,59.989943831143705
2585,228,11477.47207547857,1.147747207547857,57,3.774917217635375,51.1578947368421,1996,2011,5714,5753,-161.60494331947683,59.95410105130733,-161.60143988986877,59.95544852423351
2911,228,11477.47207547857,1.147747207547857,93,6.159075460352454,88.43859649122807,2255,2277,5678,5727,-161.60817725449968,59.93020586474975,-161.6037755096075,59.932182158374815
335,228,11477.47207547857,1.147747207547857,81,5.364356046113428,93.49122807017544,268,289,13468,13520,-160.90838964817056,60.10879094323271,-160.90371840869315,60.11067740532937
53,228,11477.47207547857,1.147747207547857,85,5.629262517526436,69.63157894736842,21,34,417,467,-162.08078092547495,60.13169798297776,-162.07628934905435,60.13286579284712
4327,227,11427.13228567384,1.142713228567384,66,4.380573856559815,61.33920704845815,4360,4375,15986,16030,-160.68219385962928,59.74173931814148,-160.67824127237915,59.74308679106766
3997,227,11427.13228567384,1.142713228567384,49,3.2522442268398626,51.38325991189427,3848,3863,2821,2860,-161.86482593117262,59.787733060688396,-161.86132250156456,59.78908053361458
3430,227,11427.13228567384,1.142713228567384,78,5.177041830479781,99.11894273127753,2685,2709,7503,7554,-161.44423471514787,59.89139864447579,-161.43965330719885,59.89355460115768
1122,227,11427.13228567384,1.142713228567384,11,0.7300956427599692,18.044052863436125,807,822,2892,2909,-161.85844789265536,60.06091073858914,-161.85692075667237,60.06225821151533
2295,227,11427.13228567384,1.142713228567384,53,3.5177335514798513,67.73568281938326,1744,1754,837,889,-162.04305168354193,59.9771877541092,-162.0383804440645,59.97808606939333
5106,227,11427.13228567384,1.142713228567384,57,3.78322287611984,65.568281938326,6953,6968,9948,9994,-161.22459662818065,59.508806164969286,-161.2204643778737,59.51015363789546
1564,227,11427.13228567384,1.142713228567384,31,2.057542265959913,26.801762114537446,1128,1140,5379,5406,-161.63503688149484,60.032344312554144,-161.6326114302277,60.03342229089509
3146,227,11427.13228567384,1.142713228567384,66,4.380573856559815,76.75770925110132,2451,2474,8991,9034,-161.31056540087087,59.9125090536526,-161.30670264514916,59.914575178806075
3492,227,11427.13228567384,1.142713228567384,38,2.5221485840798934,28.19383259911894,2742,2756,2395,2421,-161.90309416227612,59.88717656264043,-161.9007585425374,59.8884342040382
271,227,11427.13228567384,1.142713228567384,26,1.7256806101599271,21.58590308370044,205,215,9971,9996,-161.22253050302717,60.1154384763352,-161.22028471481687,60.11633679161932
3976,227,11427.13228567384,1.142713228567384,32,2.1239145971199105,45.83259911894273,3800,3814,2592,2629,-161.88539735117897,59.79213480558059,-161.8820735846277,59.79339244697835
4269,227,11427.13228567384,1.142713228567384,52,3.4513612203198543,45.83259911894273,4275,4287,6364,6403,-161.54655282600908,59.74964449264173,-161.54304939640102,59.75072247098267
1810,227,11427.13228567384,1.142713228567384,75,4.977924836999789,45.83259911894273,1339,1364,13284,13310,-160.92491864939836,60.01222205018987,-160.92258302965965,60.014467838400165
896,227,11427.13228567384,1.142713228567384,47,3.1194995645198684,65.568281938326,658,674,1175,1220,-162.01268862693868,60.07420580479411,-162.00864620816014,60.0756431092487
4864,227,11427.13228567384,1.142713228567384,59,3.9159675384398347,53.30396475770925,5776,5791,4495,4535,-161.714447952611,59.61453787391015,-161.71085469147454,59.615885346836336
4914,227,11427.13228567384,1.142713228567384,44,2.9203825710398768,47.647577092511014,6049,6058,4211,4254,-161.73996010668,59.590552855824164,-161.7360973509583,59.59136133957987
3739,227,11427.13228567384,1.142713228567384,80,5.309786492799776,44.052863436123346,3122,3134,3663,3701,-161.78918778424975,59.85322024490071,-161.7857741861701,59.854298223241656
3891,227,11427.13228567384,1.142713228567384,59,3.9159675384398347,59.27753303964758,3487,3502,1316,1359,-162.00002238143261,59.820162242445114,-161.9961596257109,59.82150971537129
2840,227,11427.13228567384,1.142713228567384,21,1.393818954359941,24.123348017621144,2199,2211,9320,9345,-161.28101082802334,59.93613474562494,-161.27876503981304,59.937212723965885
4021,226,11376.79249586911,1.137679249586911,65,4.323735684045306,70.24778761061947,3896,3914,2739,2784,-161.8721921165024,59.78315165273939,-161.86814969772385,59.7847686202508
3974,226,11376.79249586911,1.137679249586911,27,1.796013284141896,18.123893805309734,3793,3806,12362,12381,-161.00774331859418,59.79285345780788,-161.00603651955436,59.79402126767724
5094,226,11376.79249586911,1.137679249586911,32,2.1286083367607658,26.920353982300885,6918,6937,9788,9808,-161.23896967272654,59.51159094235006,-161.2371730421583,59.513297741389884
819,226,11376.79249586911,1.137679249586911,34,2.2616463578083135,31.221238938053098,597,609,6602,6632,-161.52517292224704,60.080044854140894,-161.52247797639467,60.08112283248183
3942,226,11376.79249586911,1.137679249586911,27,1.796013284141896,21.68141592920354,3678,3690,12209,12232,-161.0214875424412,59.80327391510367,-161.01942141728773,59.80435189344461
2150,226,11376.79249586911,1.137679249586911,64,4.2572166735215315,40.7787610619469,1633,1644,14028,14065,-160.85808399225988,59.98706922223452,-160.85476022570862,59.988057369047056
3737,226,11376.79249586911,1.137679249586911,23,1.5299372420468005,25.557522123893804,3118,3128,3316,3344,-161.82035932460872,59.853759234071184,-161.81784404181317,59.8546575493553
5047,226,11376.79249586911,1.137679249586911,33,2.1951273472845396,39.097345132743364,6770,6787,10261,10291,-161.1964793597877,59.52506567161185,-161.19378441393533,59.52659280759485
3471,226,11376.79249586911,1.137679249586911,25,1.6629752630943482,25.557522123893804,2723,2734,5884,5911,-161.5896719596468,59.88915285626549,-161.58724650837968,59.89014100307802
3045,226,11376.79249586911,1.137679249586911,23,1.5299372420468005,24.23008849557522,2368,2379,7889,7915,-161.40955974518084,59.921043048851736,-161.40722412544213,59.92203119566427
2850,226,11376.79249586911,1.137679249586911,37,2.4612033893796355,35.84070796460177,2205,2216,2144,2178,-161.9256418759075,59.93568558798288,-161.9225876039415,59.93667373479541
138,226,11376.79249586911,1.137679249586911,61,4.05765964195021,47.85840707964602,104,120,5279,5315,-161.64402003433605,60.12397247153434,-161.6407860993132,60.12540977598893
4308,226,11376.79249586911,1.137679249586911,48,3.1929125051411487,72.49557522123894,4338,4356,4030,4076,-161.75621961332257,59.74344611718131,-161.75208736301562,59.745063084692724
433,226,11376.79249586911,1.137679249586911,55,3.658545578807566,44.24778761061947,337,348,10512,10551,-161.1739316461563,60.10349088305641,-161.17042821654823,60.10447902986894
2563,226,11376.79249586911,1.137679249586911,28,1.8625322946656702,25.557522123893804,1970,1982,7050,7076,-161.48492839751847,59.95670616563128,-161.48259277777976,59.957784143972226
1253,226,11376.79249586911,1.137679249586911,90,5.986710947139654,68.03539823008849,904,915,12541,12592,-160.99166347500844,60.05255640644683,-160.98708206705945,60.053544553259364
5342,226,11376.79249586911,1.137679249586911,60,3.9911406314264357,55.50442477876106,7802,7811,3553,3600,-161.79906925237506,59.43307818651801,-161.7948471705397,59.43388667027372
669,226,11376.79249586911,1.137679249586911,74,4.922406778759271,119.00884955752213,494,516,2489,2549,-161.8946499986054,60.088399186283205,-161.88926010690068,60.09037547990827
3616,226,11376.79249586911,1.137679249586911,67,4.4567737050928535,119.00884955752213,2887,2915,4596,4650,-161.70537496824141,59.87289334962293,-161.70052406570716,59.87540863241846
2358,226,11376.79249586911,1.137679249586911,44,2.926836463046053,55.50442477876106,1802,1820,8335,8373,-161.3694948835091,59.971258873234014,-161.36608128542946,59.97287584074543
1217,226,11376.79249586911,1.137679249586911,59,3.924621620902662,53.53982300884956,876,901,550,580,-162.06883333219616,60.053814047844604,-162.0661383863438,60.0560598360549
1981,226,11376.79249586911,1.137679249586911,45,2.993355473569827,34.26548672566372,1488,1504,8704,8732,-161.3363470495251,59.99964563621219,-161.33383176672956,60.001082940666784
4218,226,11376.79249586911,1.137679249586911,33,2.1951273472845396,44.24778761061947,4213,4230,6808,6841,-161.50666762739417,59.75476488976121,-161.50370318695659,59.756292025744216
1152,225,11326.452706064378,1.1326452706064378,78,5.2,40.96,827,848,2780,2807,-161.8685090238375,60.058575118850435,-161.86608357257037,60.060461580947084
4443,225,11326.452706064378,1.1326452706064378,71,4.733333333333333,53.77777777777778,4554,4567,5220,5262,-161.64932009451235,59.72449166468638,-161.64554717031905,59.72565947455574
1425,225,11326.452706064378,1.1326452706064378,55,3.6666666666666665,42.684444444444445,1029,1041,8681,8718,-161.33841317467858,60.04123763386693,-161.33508940812735,60.04231561220787
4055,225,11326.452706064378,1.1326452706064378,53,3.533333333333333,37.617777777777775,3958,3967,5137,5174,-161.65677611137053,59.778390581733554,-161.6534523448193,59.779199065489266
2119,225,11326.452706064378,1.1326452706064378,34,2.2666666666666666,49.937777777777775,1607,1626,17,51,-162.11671353683974,59.988686189745934,-162.11365926487372,59.990392988785764
4216,225,11326.452706064378,1.1326452706064378,47,3.1333333333333333,53.77777777777778,4213,4226,2794,2836,-161.86725138243975,59.75512421587486,-161.86347845824645,59.756292025744216
4343,225,11326.452706064378,1.1326452706064378,47,3.1333333333333333,36.0,4384,4402,8104,8131,-161.39024596657228,59.739313866874355,-161.38782051530515,59.74093083438577
3864,225,11326.452706064378,1.1326452706064378,38,2.533333333333333,46.24,3428,3440,1332,1371,-161.998585076978,59.82573179720666,-161.99508164736994,59.826809775547595
2092,225,11326.452706064378,1.1326452706064378,58,3.8666666666666667,87.11111111111111,1583,1601,8981,9033,-161.311463716155,59.99093197795624,-161.30679247667757,59.99254894546765
5386,225,11326.452706064378,1.1326452706064378,50,3.3333333333333335,46.24,7946,7965,14042,14074,-160.8568263508621,59.41924413114257,-160.85395174195293,59.4209509301824
133,225,11326.452706064378,1.1326452706064378,53,3.533333333333333,28.444444444444443,99,117,2809,2831,-161.86590390951358,60.12424196611957,-161.8639276158885,60.12585893363099
1870,225,11326.452706064378,1.1326452706064378,54,3.6,48.07111111111111,1392,1406,54,92,-162.11338977028848,60.00844912599656,-162.10997617220883,60.009706767394334
23,225,11326.452706064378,1.1326452706064378,73,4.866666666666666,102.68444444444444,0,24,8435,8487,-161.36051173066792,60.13259629826188,-161.3558404911905,60.13475225494377
4929,225,11326.452706064378,1.1326452706064378,79,5.266666666666667,82.20444444444445,6140,6160,6708,6756,-161.51565078023535,59.58139003992614,-161.5113388668716,59.583186670494385
2191,225,11326.452706064378,1.1326452706064378,41,2.7333333333333334,40.96,1670,1699,4288,4307,-161.7330430789923,59.98212848817186,-161.73133627995247,59.98473360249581
1322,225,11326.452706064378,1.1326452706064378,38,2.533333333333333,37.617777777777775,953,964,8126,8161,-161.38826967294722,60.04815466155465,-161.38512556945278,60.04914280836718
2746,225,11326.452706064378,1.1326452706064378,26,1.7333333333333334,24.337777777777777,2121,2131,10065,10092,-161.21408633935644,59.9433212678979,-161.2116608880893,59.94421958318202
2232,224,11276.112916259648,1.1276112916259649,12,0.8017837257372732,20.642857142857142,1702,1714,6135,6157,-161.5671242460154,59.98078101524568,-161.56514795239033,59.98185899358663
2164,224,11276.112916259648,1.1276112916259649,68,4.543441112511214,37.785714285714285,1649,1670,957,982,-162.03227190013249,59.98473360249581,-162.0300261119222,59.98662006459246
2541,224,11276.112916259648,1.1276112916259649,27,1.8040133829088647,31.5,1958,1977,6607,6630,-161.52472376460497,59.95715532327334,-161.5226576394515,59.95886212231317
3912,224,11276.112916259648,1.1276112916259649,56,3.7416573867739413,64.28571428571429,3570,3599,1774,1805,-161.95887954141995,59.81144858418915,-161.95609476403916,59.8140536985131
4059,224,11276.112916259648,1.1276112916259649,88,5.879747322073337,34.57142857142857,3966,3989,16242,16263,-160.6591969883558,59.77641428810849,-160.65731052625915,59.77848041326197
1820,224,11276.112916259648,1.1276112916259649,80,5.3452248382484875,126.0,1348,1360,4087,4159,-161.7510992162031,60.012581376303515,-161.74463134615743,60.01365935464446
4063,224,11276.112916259648,1.1276112916259649,29,1.9376440038650768,30.017857142857142,3975,3988,7911,7939,-161.40758345155578,59.776504119636904,-161.40506816876024,59.77767192950626
5014,224,11276.112916259648,1.1276112916259649,67,4.476625802033109,39.44642857142857,6646,6668,12720,12745,-160.9755836314227,59.535755623492875,-160.97333784321242,59.53773191711794
599,224,11276.112916259648,1.1276112916259649,43,2.873058350558562,42.875,443,469,1554,1577,-161.97864247767058,60.09262126811856,-161.9765763525171,60.09495688785727
1573,224,11276.112916259648,1.1276112916259649,25,1.6703827619526523,24.446428571428573,1136,1147,6595,6621,-161.5258017429459,60.03171549185526,-161.5234661232072,60.03270363866779
886,224,11276.112916259648,1.1276112916259649,79,5.278409527770382,73.14285714285714,652,667,1932,1981,-161.94468615993085,60.074834625493,-161.94028441503866,60.076182098419174
750,224,11276.112916259648,1.1276112916259649,34,2.271720556255607,33.017857142857146,548,563,7532,7560,-161.44162960082392,60.08417710444784,-161.43911431802837,60.08552457737402
2984,224,11276.112916259648,1.1276112916259649,51,3.407580834383411,50.160714285714285,2313,2330,9166,9202,-161.29484488339878,59.92544479374392,-161.29161094837596,59.926971929726925
4515,224,11276.112916259648,1.1276112916259649,69,4.610256422989321,87.5,4717,4751,4192,4228,-161.74166690571982,59.70796266345859,-161.738432970697,59.71101693542459
3039,224,11276.112916259648,1.1276112916259649,67,4.476625802033109,75.44642857142857,2366,2380,12340,12391,-161.00971961221924,59.92095321732332,-161.00513820427022,59.922210858721094
34,224,11276.112916259648,1.1276112916259649,49,3.2739502134271987,46.44642857142857,8,22,3170,3207,-161.83347472775685,60.13277596131871,-161.83015096120562,60.13403360271647
2441,224,11276.112916259648,1.1276112916259649,64,4.27617987059879,39.44642857142857,1866,1889,2720,2744,-161.8738989155422,59.96506049777359,-161.87174295886035,59.96712662292707
1878,224,11276.112916259648,1.1276112916259649,58,3.8752880077301537,31.5,1397,1410,7740,7769,-161.42294464291422,60.00808979988292,-161.4203395285903,60.009257609752275
2667,224,11276.112916259648,1.1276112916259649,44,2.9398736610366685,36.160714285714285,2065,2076,7058,7092,-161.48420974529117,59.94826200196056,-161.48115547332517,59.94925014877309
1710,224,11276.112916259648,1.1276112916259649,59,3.9421033182082597,33.017857142857146,1254,1275,12996,13018,-160.950790129581,60.02021705621853,-160.94881383595595,60.022103518315184
3115,224,11276.112916259648,1.1276112916259649,90,6.013377943029549,92.57142857142857,2428,2447,4708,4761,-161.69531383705927,59.91493450491972,-161.69055276605343,59.91664130395955
2052,223,11225.773126454918,1.1225773126454919,28,1.8750186845107901,27.282511210762333,1549,1559,2259,2288,-161.91531125014015,59.994704902149536,-161.9127061358162,59.995603217433654
2758,223,11225.773126454918,1.1225773126454919,24,1.60715887243782,28.699551569506728,2132,2141,6013,6044,-161.57808369248167,59.94242295261378,-161.5752989151009,59.94323143636949
1350,223,11225.773126454918,1.1225773126454919,18,1.2053691543283651,19.533632286995516,974,987,4973,4993,-161.6715084820301,60.04608853640117,-161.66971185146187,60.04725634627053
5287,223,11225.773126454918,1.1225773126454919,37,2.477703261674973,44.84304932735426,7612,7626,3657,3693,-161.78972677342023,59.449697019274225,-161.7864928383974,59.45095466067199
4843,223,11225.773126454918,1.1225773126454919,63,4.218792040149278,33.16591928251121,5690,5704,3824,3853,-161.77472490817544,59.622353216882,-161.7721197938515,59.62361085827976
2797,223,11225.773126454918,1.1225773126454919,69,4.620581758258733,98.22421524663677,2166,2190,6003,6053,-161.57898200776577,59.9380212077216,-161.5744904313452,59.94017716440348
2944,223,11225.773126454918,1.1225773126454919,26,1.7410887784743052,25.90134529147982,2276,2289,8079,8104,-161.39249175478258,59.929127886408814,-161.39024596657228,59.930295696278165
3679,223,11225.773126454918,1.1225773126454919,25,1.6741238254560626,24.556053811659194,2991,3004,1981,2005,-161.94028441503866,59.86489834359426,-161.93812845835677,59.86606615346362
709,222,11175.433336650187,1.1175433336650187,30,2.013468165642073,31.783783783783782,523,533,5360,5392,-161.63674368053466,60.0868720503002,-161.6338690716255,60.08777036558432
1142,222,11175.433336650187,1.1175433336650187,75,5.033670414105182,64.86486486486487,817,847,6106,6136,-161.56972936033935,60.05866495037885,-161.567034414487,60.0613598962312
3326,222,11175.433336650187,1.1175433336650187,79,5.3021328361907925,96.01801801801801,2596,2603,16349,16415,-160.64958501481573,59.90092078648746,-160.64365613394054,59.90154960718634
2268,222,11175.433336650187,1.1175433336650187,100,6.711560552140243,222.0,1725,1750,1789,1875,-161.95753206849375,59.977547080222855,-161.94980655705032,59.97979286843315
2142,222,11175.433336650187,1.1175433336650187,62,4.161167542326951,64.86486486486487,1625,1651,2577,2611,-161.88674482410514,59.98644040153564,-161.88369055213914,59.98877602127435
4242,222,11175.433336650187,1.1175433336650187,93,6.241751313490426,130.18018018018017,4248,4272,11788,11849,-161.05930661590264,59.75099196556791,-161.05382689266952,59.753147922249795
5088,222,11175.433336650187,1.1175433336650187,61,4.094051936805548,46.86486486486486,6895,6908,4607,4645,-161.70438682142887,59.514196056674,-161.70097322334922,59.51536386654336
3516,222,11175.433336650187,1.1175433336650187,25,1.6778901380350608,26.01801801801802,2768,2780,3108,3134,-161.8390442825184,59.885020605958545,-161.83670866277967,59.88609858429949
1415,222,11175.433336650187,1.1175433336650187,53,3.557127092634329,41.513513513513516,1021,1035,10703,10737,-161.15677382422962,60.0417766230374,-161.1537195522636,60.043034264435164
4241,222,11175.433336650187,1.1175433336650187,81,5.436364047233597,73.8018018018018,4246,4280,5478,5508,-161.62614356018207,59.750273313340614,-161.6234486143297,59.75332758530662
3559,222,11175.433336650187,1.1175433336650187,26,1.7450057435564632,24.666666666666668,2809,2821,9357,9382,-161.2776870614721,59.88133751329365,-161.2754412732618,59.882415491634596
727,222,11175.433336650187,1.1175433336650187,40,2.6846242208560973,39.8018018018018,534,553,8078,8106,-161.392581586311,60.08507541973196,-161.39006630351545,60.08678221877179
4289,222,11175.433336650187,1.1175433336650187,57,3.8255895147199386,48.72072072072072,4306,4315,6385,6428,-161.54466636391243,59.74712920984619,-161.5408036081907,59.747937693601905
1921,222,11175.433336650187,1.1175433336650187,50,3.3557802760701216,80.88288288288288,1438,1466,4801,4840,-161.68695950491696,60.00305923429185,-161.6834560753089,60.00557451708738
2452,222,11175.433336650187,1.1175433336650187,42,2.818855431898902,67.04504504504504,1877,1897,160,201,-162.10386762827682,59.96434184554629,-162.10018453561193,59.96613847611454
2231,222,11175.433336650187,1.1175433336650187,33,2.2148149822062804,24.666666666666668,1700,1718,10135,10154,-161.2077981323676,59.98042168913204,-161.20609133332778,59.982038656643454
2574,222,11175.433336650187,1.1175433336650187,26,1.7450057435564632,24.666666666666668,1982,1994,4642,4667,-161.70124271793446,59.95562818729034,-161.69899692972416,59.95670616563128
2211,222,11175.433336650187,1.1175433336650187,50,3.3557802760701216,30.28828828828829,1684,1701,1974,1998,-161.94091323573755,59.98194882511504,-161.93875727905566,59.983475961098044
5137,222,11175.433336650187,1.1175433336650187,45,3.0202022484631095,31.783783783783782,7092,7114,9205,9225,-161.29134145379072,59.495690761821145,-161.28954482322249,59.49766705544621
4101,222,11175.433336650187,1.1175433336650187,34,2.2819305877276825,36.486486486486484,4041,4053,14743,14776,-160.79385444944532,59.77066507029013,-160.79089000900774,59.77174304863107
1733,222,11175.433336650187,1.1175433336650187,39,2.6175086153346947,60.612612612612615,1276,1297,3531,3568,-161.80104554600013,60.018240762593464,-161.7977217794489,60.02012722469012
3404,221,11125.093546845455,1.1125093546845455,23,1.5471474261915186,17.39366515837104,2666,2680,6189,6206,-161.56227334348117,59.89400375879974,-161.56074620749817,59.895261400197505
2832,221,11125.093546845455,1.1125093546845455,48,3.2288294111823,63.00452488687783,2194,2211,1104,1146,-162.01906666545594,59.93613474562494,-162.01529374126264,59.937661881607944
2066,221,11125.093546845455,1.1125093546845455,34,2.287087499587462,23.457013574660632,1560,1569,8187,8214,-161.3827899497141,59.99380658686542,-161.38036449844697,59.99461507062112
5124,221,11125.093546845455,1.1125093546845455,50,3.3633639699815623,54.751131221719454,7009,7020,11081,11125,-161.1228175064899,59.50413492549187,-161.11886491923977,59.5051230723044
3156,221,11125.093546845455,1.1125093546845455,40,2.6906911759852497,36.65158371040724,2458,2477,2258,2284,-161.91540108166853,59.912239559067366,-161.91306546192985,59.91394635810719
1524,221,11125.093546845455,1.1125093546845455,64,4.3051058815764,36.65158371040724,1099,1115,13744,13773,-160.88359614632887,60.03459010076444,-160.8809910320049,60.03602740521904
5243,221,11125.093546845455,1.1125093546845455,43,2.8924930141841436,31.92760180995475,7490,7504,12209,12237,-161.0214875424412,59.46065646574048,-161.01897225964566,59.46191410713825
4895,221,11125.093546845455,1.1125093546845455,72,4.84324411677345,56.76018099547511,5938,5950,14566,14610,-160.80975462997424,59.60025466089265,-160.8058020427241,59.6013326392336
1918,221,11125.093546845455,1.1125093546845455,30,2.0180183819889375,30.425339366515836,1436,1447,33,63,-162.11527623238513,60.00476603333168,-162.1125812865328,60.00575418014421
1024,221,11125.093546845455,1.1125093546845455,39,2.6234238965856185,38.29864253393665,742,753,7558,7593,-161.4392939810852,60.06710911404957,-161.4361498775908,60.0680972608621
4813,221,11125.093546845455,1.1125093546845455,83,5.583184190169393,41.70135746606335,5569,5589,12832,12860,-160.96552250024055,59.63268384264937,-160.96300721744504,59.63448047321761
2465,221,11125.093546845455,1.1125093546845455,65,4.372373160976031,71.83710407239819,1894,1938,2395,2414,-161.90309416227612,59.96065875288141,-161.9013873632363,59.96461134013153
208,221,11125.093546845455,1.1125093546845455,58,3.901502205178612,86.17194570135747,156,168,2241,2298,-161.91692821765156,60.119660558170565,-161.91180782053206,60.1207385365115
3417,221,11125.093546845455,1.1125093546845455,32,2.1525529407882,30.425339366515836,2675,2685,8062,8093,-161.39401889076558,59.89355460115768,-161.3912341133848,59.8944529164418
5076,221,11125.093546845455,1.1125093546845455,25,1.6816819849907811,26.13574660633484,6875,6887,4393,4419,-161.72361076850902,59.51608251877065,-161.72127514877033,59.5171604971116
2203,221,11125.093546845455,1.1125093546845455,35,2.3543547789870933,27.529411764705884,1677,1696,5326,5346,-161.6397979525007,59.9823979827571,-161.63800132193245,59.98410478179692
2459,221,11125.093546845455,1.1125093546845455,52,3.4978985287808246,31.92760180995475,1887,1904,6297,6322,-161.55257153841268,59.963713024847415,-161.55032575020238,59.96524016083042
4981,221,11125.093546845455,1.1125093546845455,58,3.901502205178612,50.841628959276015,6493,6502,14791,14835,-160.78954253608154,59.55066765720926,-160.78558994883142,59.551476140964965
4907,221,11125.093546845455,1.1125093546845455,62,4.170571322777137,56.76018099547511,6026,6046,10832,10868,-161.14518555706448,59.59163083416511,-161.14195162204163,59.593427464733345
4037,221,11125.093546845455,1.1125093546845455,25,1.6816819849907811,24.778280542986426,3923,3934,9362,9388,-161.27723790383004,59.78135502217115,-161.27490228409133,59.78234316898368
5087,220,11074.753757040726,1.1074753757040725,71,4.786819023489019,110.61818181818182,6894,6921,12690,12741,-160.97827857727506,59.51302824680465,-160.97369716932604,59.515453698071774
5407,220,11074.753757040726,1.1074753757040725,46,3.1013193673309134,33.61818181818182,7985,7997,3220,3251,-161.82898315133625,59.41636952223339,-161.8261983739555,59.41744750057433
137,220,11074.753757040726,1.1074753757040725,37,2.4945394911139958,35.2,102,116,2669,2699,-161.87848032349123,60.12433179764798,-161.8757853776389,60.125589439045754
5180,220,11074.753757040726,1.1074753757040725,46,3.1013193673309134,30.563636363636363,7243,7263,9570,9591,-161.25855294592034,59.48230586408776,-161.2566664838237,59.484102494656
5387,220,11074.753757040726,1.1074753757040725,24,1.618079669911781,24.89090909090909,7949,7963,3335,3358,-161.81865252556887,59.419423794199396,-161.8165864004154,59.42068143559716
5334,220,11074.753757040726,1.1074753757040725,25,1.6854996561581053,27.654545454545456,7782,7795,14612,14638,-160.80562237966728,59.4345154909726,-160.80328675992857,59.43568330084196
5394,220,11074.753757040726,1.1074753757040725,60,4.0451991747794525,33.61818181818182,7960,7973,14921,14951,-160.777864437388,59.41852547891528,-160.77516949153565,59.41969328878463
5412,220,11074.753757040726,1.1074753757040725,47,3.1687393535772377,63.29090909090909,7991,8003,9380,9427,-161.27562093631863,59.415830533062916,-161.27139885448327,59.41690851140386
3378,220,11074.753757040726,1.1074753757040725,26,1.7529196424044293,24.89090909090909,2643,2653,9268,9295,-161.28568206750077,59.89642921006686,-161.28325661623364,59.89732752535098
2695,220,11074.753757040726,1.1074753757040725,36,2.4271195048676715,32.07272727272727,2084,2101,6425,6450,-161.54107310277595,59.946016213750255,-161.53882731456565,59.94754334973326
1522,220,11074.753757040726,1.1074753757040725,106,7.146518542110366,128.29090909090908,1098,1119,5537,5600,-161.62084350000575,60.034230774650794,-161.6151841137158,60.036117236747444
2615,220,11074.753757040726,1.1074753757040725,76,5.12391895472064,43.654545454545456,2025,2041,3946,3979,-161.76376546170917,59.95140610545498,-161.7608010212716,59.95284340990957
4639,220,11074.753757040726,1.1074753757040725,24,1.618079669911781,22.272727272727273,4992,5004,4952,4975,-161.67339494412676,59.685235286770364,-161.67132881897328,59.6863132651113
1225,220,11074.753757040726,1.1074753757040725,47,3.1687393535772377,45.45454545454545,882,904,4482,4510,-161.71561576248035,60.053544553259364,-161.71310047968484,60.05552084688443
3695,220,11074.753757040726,1.1074753757040725,69,4.6519790509963705,89.0909090909091,3028,3040,13897,13955,-160.86985192248184,59.861664408571436,-160.86464169383393,59.86274238691238
1251,220,11074.753757040726,1.1074753757040725,46,3.1013193673309134,45.45454545454545,902,920,3624,3656,-161.79269121385784,60.052107248804774,-161.78981660494864,60.05372421631619
2819,220,11074.753757040726,1.1074753757040725,41,2.7642194360992924,49.163636363636364,2178,2194,8999,9035,-161.30984674864357,59.937661881607944,-161.30661281362075,59.939099186062535
3150,220,11074.753757040726,1.1074753757040725,44,2.9664793948382653,36.81818181818182,2454,2482,1386,1403,-161.99373417444377,59.91179040142531,-161.99220703846078,59.91430568422084
4271,220,11074.753757040726,1.1074753757040725,31,2.0900195736360505,26.254545454545454,4282,4302,4772,4790,-161.6895646192409,59.74829701971555,-161.68794765172947,59.75009365028379
2296,220,11074.753757040726,1.1074753757040725,34,2.292279532375023,30.563636363636363,1744,1754,7716,7747,-161.4251005995961,59.9771877541092,-161.42231582221535,59.97808606939333
3234,220,11074.753757040726,1.1074753757040725,23,1.5506596836654567,26.254545454545454,2513,2527,3794,3818,-161.77741985402778,59.90774798264677,-161.7752638973459,59.90900562404453
326,220,11074.753757040726,1.1074753757040725,26,1.7529196424044293,23.563636363636363,260,272,8073,8097,-161.39303074395303,60.110318079215716,-161.39087478727117,60.11139605755666
2035,219,11024.413967235996,1.1024413967235995,29,1.9596383973585092,22.374429223744293,1535,1547,6552,6575,-161.52966449866761,59.99578288049048,-161.52759837351414,59.996860858831425
153,219,11024.413967235996,1.1024413967235995,48,3.2435394163175326,47.50684931506849,121,129,12288,12331,-161.01439085169667,60.123163987778625,-161.01052809597496,60.123882640005924
3510,219,11024.413967235996,1.1024413967235995,46,3.1083919406376355,30.703196347031962,2762,2774,4139,4168,-161.74642797672567,59.88555959512902,-161.74382286240171,59.886637573469955
3482,219,11024.413967235996,1.1024413967235995,55,3.7165555811971727,26.374429223744293,2733,2746,6890,6915,-161.4993014420644,59.88807487792455,-161.4970556538541,59.8892426877939
5377,219,11024.413967235996,1.1024413967235995,56,3.7841293190371212,57.278538812785385,7927,7937,3626,3672,-161.792511550801,59.421759413938105,-161.78837930049406,59.42265772922222
1504,219,11024.413967235996,1.1024413967235995,33,2.2299333487183035,32.21917808219178,1083,1095,2042,2072,-161.93480469180554,60.036386731332684,-161.93210974595317,60.03746470967363
5217,219,11024.413967235996,1.1024413967235995,79,5.3383252893559385,119.83561643835617,7409,7423,6443,6510,-161.53945613526452,59.46793281954185,-161.53343742286094,59.469190460939615
1316,219,11024.413967235996,1.1024413967235995,69,4.662587910956453,116.89497716894977,950,973,6420,6477,-161.541522260418,60.04734617779894,-161.53640186329852,60.04941230295241
5173,219,11024.413967235996,1.1024413967235995,122,8.243996016473728,94.68493150684931,7179,7223,12013,12041,-161.03909452200995,59.485899125224236,-161.03657923921443,59.48985171247436
2633,219,11024.413967235996,1.1024413967235995,36,2.4326545622381492,35.36073059360731,2039,2053,6511,6541,-161.53334759133253,59.950328127114034,-161.53065264548016,59.9515857685118
2178,219,11024.413967235996,1.1024413967235995,58,3.9192767947170184,47.50684931506849,1660,1672,1955,1994,-161.94262003477738,59.98455393943899,-161.93911660516932,59.985631917779926
4425,219,11024.413967235996,1.1024413967235995,41,2.770523251437892,51.305936073059364,4522,4537,5883,5921,-161.58976179117522,59.727186610538745,-161.58634819309557,59.72853408346492
590,219,11024.413967235996,1.1024413967235995,79,5.3383252893559385,102.73972602739725,437,456,15593,15649,-160.71749765029517,60.09378907798792,-160.7124670847041,60.095495877027744
747,219,11024.413967235996,1.1024413967235995,18,1.2163272811190746,22.374429223744293,545,560,5239,5259,-161.64761329547252,60.08444659903308,-161.6458166649043,60.085794071959256
5016,219,11024.413967235996,1.1024413967235995,66,4.459866697436607,108.29223744292237,6662,6674,7766,7831,-161.42060902317553,59.5352166343224,-161.41476997382873,59.53629461266335
1621,219,11024.413967235996,1.1024413967235995,130,8.784585919193317,229.11415525114154,1177,1188,3205,3306,-161.83033062426242,60.02803239919037,-161.82125763989282,60.029020546002904
2670,219,11024.413967235996,1.1024413967235995,66,4.459866697436607,79.56164383561644,2067,2087,1117,1163,-162.0178988555866,59.947273855148026,-162.01376660527964,59.94907048571626
522,219,11024.413967235996,1.1024413967235995,56,3.7841293190371212,53.26027397260274,393,411,5431,5467,-161.63036564201744,60.09783149676646,-161.6271317069946,60.09944846427787
4866,219,11024.413967235996,1.1024413967235995,68,4.595014173116504,43.853881278538815,5791,5808,3630,3662,-161.79215222468736,59.613010737927155,-161.78927761577816,59.61453787391015
2803,218,10974.074177431265,1.0974074177431266,53,3.589612945836561,42.27522935779817,2171,2187,7033,7065,-161.48645553350147,59.93829070230683,-161.4835809245923,59.93972800676142
1143,218,10974.074177431265,1.0974074177431266,34,2.3027705690272278,38.825688073394495,817,829,7010,7044,-161.48852165865495,60.060281917890265,-161.48546738668895,60.0613598962312
2387,218,10974.074177431265,1.0974074177431266,55,3.72507003813228,30.844036697247706,1830,1845,2426,2452,-161.90030938489534,59.96901308502372,-161.89797376515662,59.970360557949896
1022,218,10974.074177431265,1.0974074177431266,79,5.350555145680912,55.5045871559633,741,765,14524,14555,-160.81352755416754,60.06603113570863,-160.81074277678678,60.06818709239052
909,218,10974.074177431265,1.0974074177431266,28,1.8963992921400699,22.477064220183486,661,673,9051,9074,-161.30517550916616,60.074295636322525,-161.30310938401269,60.07537361466347
2348,218,10974.074177431265,1.0974074177431266,27,1.8286707459922102,25.119266055045873,1783,1791,9572,9601,-161.25837328286352,59.97386398755796,-161.2557681685396,59.97458263978526
2376,218,10974.074177431265,1.0974074177431266,58,3.928255676575859,59.61467889908257,1818,1843,8539,8571,-161.3511692517131,59.969192748080545,-161.3482946428039,59.97143853629084
4412,218,10974.074177431265,1.0974074177431266,30,2.0318563844357893,32.36697247706422,4501,4513,6115,6145,-161.56892087658366,59.72934256722063,-161.5662259307313,59.73042054556157
3706,218,10974.074177431265,1.0974074177431266,61,4.131441315019438,40.53211009174312,3054,3082,2444,2463,-161.89869241738393,59.857891484378136,-161.8969856183441,59.86040676717367
856,218,10974.074177431265,1.0974074177431266,31,2.099584930583649,26.495412844036696,627,642,4625,4648,-161.70276985391746,60.0770804137033,-161.70070372876398,60.07842788662948
2336,218,10974.074177431265,1.0974074177431266,65,4.402355499610876,57.54128440366973,1775,1793,8834,8872,-161.32466895083155,59.97368432450114,-161.3212553527519,59.97530129201255
2583,218,10974.074177431265,1.0974074177431266,84,5.689197876420209,40.53211009174312,1994,2008,10101,10134,-161.21085240433362,59.95437054589257,-161.207887963896,59.95562818729034
5158,218,10974.074177431265,1.0974074177431266,48,3.2509702150972624,55.5045871559633,7154,7168,4874,4915,-161.68040180334287,59.49083985928689,-161.676718710678,59.492097500684665
4830,218,10974.074177431265,1.0974074177431266,61,4.131441315019438,70.53211009174312,5642,5662,11248,11290,-161.1078156412451,59.6261261410753,-161.10404271705178,59.62792277164353
4734,218,10974.074177431265,1.0974074177431266,52,3.5218843996887013,32.36697247706422,5281,5296,3287,3314,-161.82296443893264,59.659004480474074,-161.82053898766551,59.66035195340025
3388,218,10974.074177431265,1.0974074177431266,74,5.011912414941613,68.27522935779817,2651,2659,3005,3058,-161.8482969299448,59.89589022089639,-161.843535858939,59.89660887312368
3147,218,10974.074177431265,1.0974074177431266,45,3.0477845766536835,45.87155963302752,2452,2463,352,391,-162.08661997482173,59.91349720046513,-162.08311654521367,59.91448534727766
4808,218,10974.074177431265,1.0974074177431266,45,3.0477845766536835,35.522935779816514,5553,5567,3673,3703,-161.78828946896564,59.634660136274434,-161.78559452311328,59.6359177776722
2217,218,10974.074177431265,1.0974074177431266,27,1.8286707459922102,30.844036697247706,1690,1701,3620,3650,-161.79305053997146,59.98194882511504,-161.79035559411912,59.98293697192757
2146,218,10974.074177431265,1.0974074177431266,38,2.573684753618666,32.36697247706422,1629,1641,577,607,-162.06640788092903,59.98733871681976,-162.0637129350767,59.9884166951607
4878,217,10923.734387626533,1.0923734387626534,62,4.20883424647321,59.88940092165899,5855,5873,3584,3623,-161.7962844749943,59.60717168858037,-161.79278104538622,59.60878865609179
5091,217,10923.734387626533,1.0923734387626534,41,2.783261356538736,32.516129032258064,6910,6931,10098,10119,-161.21112189891883,59.512129931520526,-161.20923543682218,59.51401639361718
3810,217,10923.734387626533,1.0923734387626534,61,4.140949823142997,37.327188940092164,3267,3283,3232,3261,-161.82790517299532,59.83983534716733,-161.82530005867136,59.84127265162192
3026,217,10923.734387626533,1.0923734387626534,69,4.684025209784702,87.76036866359448,2354,2374,3843,3892,-161.7730181091356,59.921492206493795,-161.76861636424343,59.92328883706203
990,217,10923.734387626533,1.0923734387626534,67,4.548256363124276,57.806451612903224,722,735,11470,11513,-161.08787304193766,60.06872608156098,-161.08401028621594,60.06989389143034
1255,217,10923.734387626533,1.0923734387626534,37,2.5117236632178837,49.84331797235023,905,929,8338,8366,-161.36922538892387,60.05129876504907,-161.36671010612835,60.05345472173095
116,217,10923.734387626533,1.0923734387626534,58,3.937296553152358,46.08294930875576,78,90,7923,7961,-161.40650547321485,60.12666741738669,-161.40309187513517,60.127745395727636
4711,217,10923.734387626533,1.0923734387626534,79,5.362869443086833,126.98617511520737,5166,5197,4976,5028,-161.67123898744487,59.66789780178686,-161.66656774796743,59.670682579167625
1858,217,10923.734387626533,1.0923734387626534,60,4.073065399812784,46.08294930875576,1380,1397,137,170,-162.1059337534303,60.009257609752275,-162.1029693129927,60.01078474573528
848,217,10923.734387626533,1.0923734387626534,16,1.086150773283409,20.07373271889401,619,636,7823,7839,-161.41548862605603,60.077619402873765,-161.41405132160145,60.07914653885677
1438,217,10923.734387626533,1.0923734387626534,37,2.5117236632178837,28.036866359447004,1040,1058,830,851,-162.04368050424083,60.039710497883924,-162.04179404214418,60.04132746539534
5069,217,10923.734387626533,1.0923734387626534,46,3.122683473189801,46.08294930875576,6855,6875,9658,9688,-161.2506477714201,59.5171604971116,-161.24795282556775,59.51895712767984
5007,217,10923.734387626533,1.0923734387626534,47,3.1905678965200144,29.493087557603687,6618,6634,4435,4459,-161.71983784431572,59.53880989545888,-161.71768188763383,59.54024719991347
1443,217,10923.734387626533,1.0923734387626534,17,1.1540351966136222,20.07373271889401,1041,1052,5694,5716,-161.60673995004507,60.040249487054396,-161.60476365642,60.04123763386693
3655,217,10923.734387626533,1.0923734387626534,58,3.937296553152358,47.944700460829495,2943,2954,14499,14539,-160.81577334237784,59.86938992001486,-160.81218008124137,59.87037806682739
1566,217,10923.734387626533,1.0923734387626534,40,2.715376933208523,40.71889400921659,1130,1143,8108,8142,-161.38988664045863,60.03207481796891,-161.38683236849263,60.03324262783826
1273,217,10923.734387626533,1.0923734387626534,61,4.140949823142997,55.76036866359447,920,936,4606,4645,-161.70447665295728,60.05066994435018,-161.70097322334922,60.052107248804774
1276,217,10923.734387626533,1.0923734387626534,35,2.3759548165574573,37.327188940092164,922,934,6817,6850,-161.50585914363845,60.05084960740701,-161.50289470320087,60.05192758574795
4453,217,10923.734387626533,1.0923734387626534,29,1.968648276576179,25.235023041474655,4568,4580,5425,5450,-161.6309046311879,59.72332385481703,-161.6286588429776,59.72440183315797
2704,217,10923.734387626533,1.0923734387626534,52,3.5299900131710795,34.08294930875576,2091,2106,4592,4620,-161.70573429435504,59.945567056108196,-161.70321901155953,59.94691452903438
500,217,10923.734387626533,1.0923734387626534,51,3.4621055898408666,40.71889400921659,378,392,2234,2267,-161.91755703835042,60.09953829580628,-161.91459259791284,60.100795937204055
5227,217,10923.734387626533,1.0923734387626534,25,1.6971105832553268,29.493087557603687,7433,7446,3924,3951,-161.76574175533423,59.465866694388374,-161.7633163040671,59.46703450425773
4294,217,10923.734387626533,1.0923734387626534,86,5.838060406398324,73.16129032258064,4315,4324,15423,15477,-160.7327690101252,59.74632072609049,-160.72791810759097,59.74712920984619
949,216,10873.394597821803,1.0873394597821804,30,2.041241452319315,25.35185185185185,692,705,9419,9443,-161.27211750671057,60.07142102741334,-161.26996155002868,60.0725888372827
3170,216,10873.394597821803,1.0873394597821804,38,2.5855725062711326,29.62962962962963,2466,2479,15982,16009,-160.6825531857429,59.91205989601054,-160.6801277344758,59.9132277058799
2141,216,10873.394597821803,1.0873394597821804,70,4.762896722078402,39.18518518518518,1624,1643,10214,10241,-161.20070144162307,59.98715905376293,-161.19827599035594,59.98886585280276
2809,216,10873.394597821803,1.0873394597821804,24,1.632993161855452,28.166666666666668,2173,2188,6314,6338,-161.55104440242968,59.93820087077842,-161.5488884457478,59.9395483437046
3984,216,10873.394597821803,1.0873394597821804,18,1.224744871391589,24.0,3818,3831,1814,1837,-161.95528628028345,59.790607669597584,-161.95322015512997,59.791775479466935
5117,216,10873.394597821803,1.0873394597821804,30,2.041241452319315,28.166666666666668,6992,7002,11707,11736,-161.066582969704,59.50575189300328,-161.06397785538007,59.506650208287404
165,216,10873.394597821803,1.0873394597821804,65,4.422689813358516,50.074074074074076,131,148,12352,12387,-161.0086416338783,60.1214571887388,-161.00549753038388,60.122984324721806
3619,216,10873.394597821803,1.0873394597821804,23,1.564951780111475,21.40740740740741,2895,2908,1812,1833,-161.95546594334027,59.87352217032181,-161.95357948124362,59.87468998019117
1948,216,10873.394597821803,1.0873394597821804,52,3.5381518506868126,50.074074074074076,1458,1492,8579,8597,-161.3475759905766,60.00072361455314,-161.34595902306518,60.003777886519146
3509,216,10873.394597821803,1.0873394597821804,96,6.531972647421808,44.46296296296296,2761,2779,1631,1662,-161.97172544998284,59.88511043748696,-161.96894067260206,59.88672740499837
5367,216,10873.394597821803,1.0873394597821804,56,3.8103173776627215,28.166666666666668,7898,7912,3134,3159,-161.83670866277967,59.42400520214841,-161.83446287456937,59.42526284354617
3067,216,10873.394597821803,1.0873394597821804,15,1.0206207261596576,22.685185185185187,2394,2407,7965,7987,-161.40273254902155,59.9185277660562,-161.4007562553965,59.91969557592556
87,216,10873.394597821803,1.0873394597821804,35,2.381448361039201,29.62962962962963,57,72,2015,2040,-161.93723014307264,60.12828438489811,-161.93498435486237,60.129631857824286
3444,216,10873.394597821803,1.0873394597821804,36,2.449489742783178,31.12962962962963,2706,2716,5799,5830,-161.59730763956182,59.89076982377691,-161.59452286218107,59.891668139061025
4490,216,10873.394597821803,1.0873394597821804,51,3.4701104689428357,32.666666666666664,4654,4679,6733,6750,-161.51340499202507,59.71443053350425,-161.51187785604205,59.716676321714544
5177,216,10873.394597821803,1.0873394597821804,40,2.721655269759087,39.18518518518518,7226,7241,9539,9570,-161.26133772330112,59.484282157712826,-161.25855294592034,59.485629630639
1121,216,10873.394597821803,1.0873394597821804,21,1.4288690166235205,21.40740740740741,806,818,11217,11239,-161.11060041862586,60.061270064702796,-161.1086241250008,60.062348043043734
2939,216,10873.394597821803,1.0873394597821804,44,2.9938207967349952,28.166666666666668,2273,2291,6614,6635,-161.52409494390608,59.92894822335199,-161.52220848180943,59.930565190863405
3960,216,10873.394597821803,1.0873394597821804,62,4.218565668126584,46.2962962962963,3748,3770,3173,3201,-161.8332052331716,59.796087392830714,-161.83068995037607,59.79806368645578
592,216,10873.394597821803,1.0873394597821804,37,2.517531124527155,35.851851851851855,439,448,8803,8838,-161.32745372821233,60.09450773021521,-161.3243096247179,60.095316213970925
2383,216,10873.394597821803,1.0873394597821804,26,1.7690759253434063,24.0,1825,1838,4065,4088,-161.75307550982816,59.969641905722604,-161.7510093846747,59.970809715591955
4702,216,10873.394597821803,1.0873394597821804,102,6.940220937885671,96.0,5114,5138,8411,8459,-161.3626676873498,59.67319786196316,-161.35835577398603,59.67535381864505
2811,215,10823.054808017074,1.0823054808017074,81,5.524154149710835,125.09767441860465,2173,2207,8948,8996,-161.31442815659258,59.93649407173859,-161.3101162432288,59.9395483437046
1729,215,10823.054808017074,1.0823054808017074,26,1.773185282623231,25.469767441860466,1273,1287,5928,5951,-161.58571937239668,60.01913907787759,-161.5836532472432,60.020396719275354
3124,215,10823.054808017074,1.0823054808017074,52,3.546370565246462,54.25116279069768,2433,2442,8483,8528,-161.35619981730414,59.91538366256178,-161.3521573985256,59.91619214631749
1606,215,10823.054808017074,1.0823054808017074,61,4.160165470769888,54.25116279069768,1167,1181,0,40,-162.11824067282274,60.02866121988925,-162.11464741168626,60.02991886128702
1195,215,10823.054808017074,1.0823054808017074,49,3.3417722634053204,64.76279069767442,860,887,8620,8652,-161.3438928979117,60.05507168924237,-161.34101828900253,60.05749714050949
5089,215,10823.054808017074,1.0823054808017074,36,2.4551796220937048,39.367441860465114,6903,6916,10373,10406,-161.18641822860556,59.51347740444671,-161.18345378816795,59.51464521431606
3924,215,10823.054808017074,1.0823054808017074,25,1.7049858486761837,22.790697674418606,3614,3636,1892,1905,-161.94827942106733,59.80812481763791,-161.94711161119795,59.81010111126297
3833,215,10823.054808017074,1.0823054808017074,38,2.5915784899877994,25.469767441860466,3332,3347,3037,3059,-161.84542232103564,59.83408612934897,-161.84344602741058,59.835433602275145
956,215,10823.054808017074,1.0823054808017074,60,4.091966036822841,91.16279069767442,696,707,9679,9738,-161.24876130932344,60.07124136435652,-161.24346124914715,60.07222951116905
3113,215,10823.054808017074,1.0823054808017074,45,3.0689745276171307,39.367441860465114,2427,2448,230,255,-162.09757942128797,59.91484467339131,-162.0953336330777,59.916731135487964
3095,215,10823.054808017074,1.0823054808017074,57,3.887367734981699,52.26046511627907,2413,2440,6804,6830,-161.50702695350782,59.915563325618606,-161.5046913337691,59.91798877688573
2825,215,10823.054808017074,1.0823054808017074,37,2.523379056040752,31.274418604651164,2189,2207,1467,1490,-161.9864578206424,59.93649407173859,-161.98439169548894,59.93811103925
5074,215,10823.054808017074,1.0823054808017074,82,5.592353583657883,104.65116279069767,6871,6907,8231,8270,-161.37883736246397,59.514285888202416,-161.37533393285588,59.51751982322525
3428,215,10823.054808017074,1.0823054808017074,76,5.183156979975599,99.14418604651163,2685,2715,2480,2523,-161.8954584823611,59.89085965530532,-161.8915957266394,59.89355460115768
491,215,10823.054808017074,1.0823054808017074,93,6.342547357075404,107.46046511627907,372,392,7150,7206,-161.4759452446773,60.09953829580628,-161.4709146790862,60.10133492637453
505,215,10823.054808017074,1.0823054808017074,95,6.478946224969499,178.67906976744186,384,413,12197,12266,-161.02256552078217,60.097651833709634,-161.01636714532174,60.10025694803358
2158,215,10823.054808017074,1.0823054808017074,65,4.432963206558078,64.76279069767442,1641,1668,6120,6152,-161.5684717189416,59.984913265552635,-161.5655971100324,59.98733871681976
2192,215,10823.054808017074,1.0823054808017074,50,3.4099716973523675,58.34418604651163,1670,1681,14178,14223,-160.8446092629981,59.98374545568328,-160.84056684421955,59.98473360249581
583,214,10772.715018212342,1.0772715018212342,65,4.443308525660311,81.42056074766356,435,471,2396,2426,-161.9030043307477,60.092441605061744,-161.90030938489534,60.09567554008457
3549,214,10772.715018212342,1.0772715018212342,36,2.4609093372887876,29.906542056074766,2796,2806,5019,5049,-161.66737623172315,59.88268498621983,-161.66468128587078,59.883583301503954
1924,214,10772.715018212342,1.0772715018212342,30,2.05075778107399,24.22429906542056,1439,1453,7699,7721,-161.4266277355791,60.004227044161205,-161.42465144195404,60.00548468555897
919,214,10772.715018212342,1.0772715018212342,20,1.3671718540493265,22.897196261682243,668,681,10600,10622,-161.16602647165604,60.07357698409523,-161.16405017803098,60.074744793964584
132,214,10772.715018212342,1.0772715018212342,69,4.716742896470176,62.87850467289719,99,123,1130,1164,-162.01673104571722,60.1237029769491,-162.01367677375123,60.12585893363099
415,214,10772.715018212342,1.0772715018212342,48,3.2812124497183834,36.18691588785047,323,332,11076,11111,-161.12326666413196,60.104928187511,-161.12012256063753,60.10573667126671
868,214,10772.715018212342,1.0772715018212342,52,3.554646820528249,74.18691588785046,635,652,5655,5701,-161.61024337965316,60.076182098419174,-161.6061111293462,60.07770923440218
2688,214,10772.715018212342,1.0772715018212342,70,4.785101489172643,69.55140186915888,2081,2100,2945,2987,-161.85368682164955,59.94610604527867,-161.84991389745625,59.9478128443185
1058,214,10772.715018212342,1.0772715018212342,35,2.3925507445863214,37.850467289719624,766,779,6287,6319,-161.55346985369678,60.064773494310856,-161.55059524478762,60.065941304180214
204,214,10772.715018212342,1.0772715018212342,53,3.6230054132307155,58.61682242990654,152,168,9623,9663,-161.25379187491453,60.119660558170565,-161.25019861377805,60.121097862625156
971,214,10772.715018212342,1.0772715018212342,52,3.554646820528249,36.18691588785047,707,725,2278,2304,-161.9136044511003,60.06962439684511,-161.9112688313616,60.07124136435652
929,214,10772.715018212342,1.0772715018212342,65,4.443308525660311,67.28971962616822,678,689,2126,2175,-161.92725884341894,60.072858331867934,-161.92285709852675,60.073846478680466
765,214,10772.715018212342,1.0772715018212342,44,3.0077780789085184,26.990654205607477,557,574,7635,7656,-161.4323769533975,60.08318895763531,-161.43049049130084,60.08471609361831
4053,214,10772.715018212342,1.0772715018212342,89,6.083914750519503,113.7196261682243,3952,3966,11730,11794,-161.06451684455052,59.77848041326197,-161.05876762673216,59.77973805465974
1292,214,10772.715018212342,1.0772715018212342,41,2.802702300801119,46.728971962616825,937,948,8798,8837,-161.32790288585437,60.04959196600924,-161.3243994562463,60.05058011282177
3063,214,10772.715018212342,1.0772715018212342,14,0.9570202978345286,20.35514018691589,2389,2402,6177,6197,-161.5633513218221,59.91897692369826,-161.56155469125386,59.92014473356762
2424,214,10772.715018212342,1.0772715018212342,63,4.306591340255379,76.5607476635514,1850,1859,10083,10138,-161.21246937184503,59.967755443625954,-161.20752863778236,59.96856392738166
4081,214,10772.715018212342,1.0772715018212342,73,4.990177267280042,91.58878504672897,4004,4015,6067,6126,-161.5732327899474,59.77407866836978,-161.56793272977112,59.77506681518231
4622,213,10722.37522840761,1.072237522840761,22,1.5074151616205698,24.338028169014084,4966,4978,5801,5825,-161.597127976505,59.68757090650907,-161.5949720198231,59.68864888485002
3551,213,10722.37522840761,1.072237522840761,37,2.5351982263618673,23.004694835680752,2803,2817,1689,1710,-161.96651522133496,59.8816968394073,-161.9646287592383,59.88295448080507
653,213,10722.37522840761,1.072237522840761,30,2.055566129482595,39.737089201877936,480,494,4346,4378,-161.72783285034438,60.09037547990827,-161.72495824143522,60.09163312130603
2763,213,10722.37522840761,1.072237522840761,31,2.124085000465348,23.004694835680752,2139,2154,3990,4010,-161.75981287445904,59.941255142744424,-161.7580162438908,59.9426026156706
1002,213,10722.37522840761,1.072237522840761,49,3.357424678154905,43.267605633802816,728,746,9585,9615,-161.25720547299417,60.06773793474845,-161.2545105271418,60.06935490225987
3068,213,10722.37522840761,1.072237522840761,65,4.453726613878956,84.30046948356808,2395,2410,3723,3775,-161.78379789254504,59.91825827147097,-161.7791266530676,59.919605744397145
1936,213,10722.37522840761,1.072237522840761,67,4.590764355844462,45.08920187793427,1445,1472,15355,15377,-160.7388775540572,60.002520245121374,-160.73690126043215,60.004945696388496
2842,213,10722.37522840761,1.072237522840761,19,1.3018585486723102,21.708920187793428,2200,2211,6639,6662,-161.52184915569578,59.93613474562494,-161.5197830305423,59.93712289243747
3424,213,10722.37522840761,1.072237522840761,63,4.31668887191345,100.07511737089202,2681,2692,2826,2888,-161.86437677353055,59.892925780458796,-161.85880721876902,59.89391392727133
1125,213,10722.37522840761,1.072237522840761,34,2.3296416134136075,46.948356807511736,809,830,8176,8205,-161.3837780965266,60.06019208636185,-161.38117298220266,60.0620785484585
1902,213,10722.37522840761,1.072237522840761,49,3.357424678154905,58.89201877934272,1423,1430,11318,11367,-161.10152743425627,60.00629316931468,-161.09712568936408,60.00692199001356
4450,213,10722.37522840761,1.072237522840761,56,3.8370567750341773,52.751173708920184,4566,4584,5055,5090,-161.6641422967003,59.72296452870338,-161.6609981932059,59.724581496214796
3303,213,10722.37522840761,1.072237522840761,23,1.5759340326033229,21.708920187793428,2577,2588,8937,8960,-161.31541630340513,59.90226825941364,-161.31335017825165,59.90325640622617
328,213,10722.37522840761,1.072237522840761,74,5.070396452723735,74.53521126760563,263,283,3491,3534,-161.8046388071366,60.109329932403185,-161.80077605141489,60.11112656297143
1311,213,10722.37522840761,1.072237522840761,38,2.6037170973446204,38.028169014084504,946,961,748,778,-162.0510466895706,60.04842415613988,-162.04835174371823,60.049771629066065
4992,213,10722.37522840761,1.072237522840761,60,4.11113225896519,41.48356807511737,6577,6591,12666,12699,-160.98043453395695,59.542672651180595,-160.97747009351934,59.54393029257836
3385,213,10722.37522840761,1.072237522840761,29,1.9870472584998418,25.708920187793428,2649,2659,553,580,-162.06856383761092,59.89589022089639,-162.0661383863438,59.89678853618051
4752,213,10722.37522840761,1.072237522840761,48,3.288905807172152,41.48356807511737,5390,5401,7041,7077,-161.4857368812742,59.64957216999082,-161.48250294625134,59.65056031680335
1793,213,10722.37522840761,1.072237522840761,36,2.466679355379114,31.568075117370892,1325,1339,397,424,-162.0825775560432,60.014467838400165,-162.08015210477606,60.015725479797936
2800,213,10722.37522840761,1.072237522840761,46,3.1518680652066458,45.08920187793427,2170,2181,1222,1260,-162.00846654510332,59.9388296914773,-162.00505294702367,59.939817838289834
455,213,10722.37522840761,1.072237522840761,41,2.8092737102928798,27.11737089201878,351,362,4437,4464,-161.7196581812589,60.102233241658645,-161.7172327299918,60.10322138847118
3579,212,10672.035438602881,1.067203543860288,53,3.640054944640259,38.20754716981132,2836,2848,3939,3972,-161.76439428240806,59.87891206202653,-161.76142984197045,59.879990040367474
1116,212,10672.035438602881,1.067203543860288,69,4.7389394562297715,65.67924528301887,805,819,4368,4413,-161.72585655671932,60.06118023317438,-161.72181413794078,60.06243787457215
2328,212,10672.035438602881,1.067203543860288,57,3.9147760725376375,43.471698113207545,1771,1780,14572,14611,-160.80921564080376,59.974852134370494,-160.8057122111957,59.975660618126206
3011,212,10672.035438602881,1.067203543860288,31,2.1290887412046797,49.075471698113205,2340,2355,1240,1276,-162.0068495775919,59.923199005533625,-162.0036156425691,59.9245464784598
3518,212,10672.035438602881,1.067203543860288,21,1.4422859214612347,23.11320754716981,2769,2780,8320,8344,-161.3708423564353,59.885020605958545,-161.36868639975341,59.886008752771076
2471,212,10672.035438602881,1.067203543860288,34,2.3351295871277133,31.71698113207547,1896,1911,8274,8300,-161.37497460674226,59.96308420414853,-161.37263898700354,59.96443167707471
2372,212,10672.035438602881,1.067203543860288,31,2.1290887412046797,31.71698113207547,1815,1824,4404,4436,-161.7226226216965,59.97089954712037,-161.7197480127873,59.97170803087608
2588,212,10672.035438602881,1.067203543860288,23,1.579646485409924,25.830188679245282,2000,2020,7988,8005,-161.40066642386807,59.95329256755163,-161.39913928788505,59.955089198119865
3846,212,10672.035438602881,1.067203543860288,68,4.670259174255427,63.471698113207545,3376,3399,12020,12055,-161.03846570131108,59.82941488987154,-161.03532159781665,59.83148101502502
2538,212,10672.035438602881,1.067203543860288,46,3.159292970819848,79.71698113207547,1957,1999,14377,14400,-160.8267327888441,59.95517902964828,-160.82466666369064,59.95895195384158
2094,212,10672.035438602881,1.067203543860288,76,5.219701430050183,181.20754716981133,1585,1612,6173,6244,-161.56371064793575,59.989943831143705,-161.5573326094185,59.99236928241083
4094,212,10672.035438602881,1.067203543860288,35,2.403809869102058,36.528301886792455,4023,4039,7877,7905,-161.4106377235218,59.77192271168789,-161.40812244072626,59.77336001614248
4024,212,10672.035438602881,1.067203543860288,31,2.1290887412046797,27.245283018867923,3902,3916,7205,7229,-161.47100451061462,59.782971989682565,-161.46884855393273,59.78422963108033
3152,212,10672.035438602881,1.067203543860288,40,2.7472112789737806,30.18867924528302,2454,2468,6890,6916,-161.4993014420644,59.91304804282307,-161.49696582232568,59.91430568422084
4199,212,10672.035438602881,1.067203543860288,43,2.953252124896814,45.301886792452834,4198,4207,3454,3494,-161.80796257368786,59.75683101491469,-161.8043693125514,59.75763949867039
3128,212,10672.035438602881,1.067203543860288,50,3.434014098717226,31.71698113207547,2436,2447,4761,4791,-161.69055276605343,59.91493450491972,-161.68785782020106,59.91592265173225
2000,212,10672.035438602881,1.067203543860288,32,2.1977690231790246,34.886792452830186,1503,1514,9073,9105,-161.3031992155411,59.998747320928075,-161.3003246066319,59.99973546774061
3443,212,10672.035438602881,1.067203543860288,16,1.0988845115895123,20.547169811320753,2703,2715,3646,3667,-161.79071492023274,59.89085965530532,-161.7888284581361,59.891937633646265
1821,212,10672.035438602881,1.067203543860288,32,2.1977690231790246,25.830188679245282,1348,1366,6590,6609,-161.52625090058797,60.01204238713304,-161.52454410154814,60.01365935464446
3923,212,10672.035438602881,1.067203543860288,35,2.403809869102058,24.452830188679247,3610,3630,15173,15189,-160.7552268922282,59.80866380680838,-160.75378958777358,59.81046043737662
1991,212,10672.035438602881,1.067203543860288,50,3.434014098717226,41.679245283018865,1494,1522,8572,8591,-161.34820481127548,59.998028668700776,-161.34649801223566,60.00054395149631
3478,212,10672.035438602881,1.067203543860288,40,2.7472112789737806,36.528301886792455,2727,2747,7952,7976,-161.4039003588909,59.88798504639614,-161.401744402209,59.889781676964375
3874,212,10672.035438602881,1.067203543860288,94,6.4559465055883845,232.47169811320754,3447,3465,7280,7373,-161.4642671459837,59.823486008996355,-161.45591281384142,59.82510297650777
3047,211,10621.695648798152,1.062169564879815,59,4.061727505846934,43.677725118483416,2370,2392,228,254,-162.0977590843448,59.91987523898238,-162.0954234646061,59.92185153260744
4786,211,10621.695648798152,1.062169564879815,25,1.7210709770537855,24.56872037914692,5483,5493,6082,6108,-161.57188531702124,59.641307669376914,-161.56954969728253,59.64220598466104
3584,211,10621.695648798152,1.062169564879815,51,3.5109847931897225,65.99052132701422,2844,2853,5201,5251,-161.65102689355217,59.87846290438447,-161.64653531713157,59.879271388140175
3062,211,10621.695648798152,1.062169564879815,59,4.061727505846934,45.51658767772512,2388,2401,1685,1721,-161.96687454744858,59.91906675522667,-161.96364061242576,59.92023456509603
4532,211,10621.695648798152,1.062169564879815,21,1.44569962072518,21.914691943127963,4768,4778,7089,7113,-161.4814249679104,59.705537212191466,-161.47926901122852,59.706435527475584
1405,211,10621.695648798152,1.062169564879815,32,2.2029708506288457,30.33175355450237,1016,1034,2743,2765,-161.87183279038877,60.04186645456581,-161.8698564967637,60.04348342207722
2160,211,10621.695648798152,1.062169564879815,37,2.5471850460396026,31.86729857819905,1643,1659,16593,16618,-160.6276661218832,59.98572174930834,-160.6254203336729,59.98715905376293
2903,211,10621.695648798152,1.062169564879815,54,3.717513310436177,31.86729857819905,2251,2274,426,444,-162.07997244171924,59.93047535933499,-162.07835547420783,59.93254148448847
4347,211,10621.695648798152,1.062169564879815,67,4.6124702185041455,140.20853080568722,4391,4420,14256,14313,-160.83760240378194,59.737696899362945,-160.83248200666247,59.740302013686886
892,211,10621.695648798152,1.062169564879815,44,3.0290849196146628,30.33175355450237,656,670,3797,3823,-161.77715035944254,60.074565130907764,-161.77481473970386,60.07582277230553
5040,211,10621.695648798152,1.062169564879815,60,4.130570344929086,36.70142180094787,6749,6763,5824,5854,-161.59506185135152,59.52722162829374,-161.59236690549918,59.5284792696915
4082,211,10621.695648798152,1.062169564879815,57,3.924041827682631,49.308056872037916,4007,4019,14491,14530,-160.81649199460514,59.773719342256136,-160.81298856499708,59.77479732059708
5305,211,10621.695648798152,1.062169564879815,47,3.235613436861117,36.70142180094787,7688,7704,9006,9034,-161.3092179279447,59.44269016005809,-161.30670264514916,59.44412746451268
3953,211,10621.695648798152,1.062169564879815,77,5.300898609325659,38.388625592417064,3715,3738,10830,10852,-161.1453652201213,59.798962001739895,-161.14338892649624,59.80102812689337
2761,211,10621.695648798152,1.062169564879815,77,5.300898609325659,136.96682464454977,2136,2161,10576,10636,-161.16818242833793,59.94062632204554,-161.16279253663322,59.94287211025584
633,211,10621.695648798152,1.062169564879815,40,2.753713563286057,36.70142180094787,465,482,9107,9134,-161.30014494357508,60.09145345824921,-161.29771949230798,60.09298059423221
1614,211,10621.695648798152,1.062169564879815,55,3.7863561495183284,40.11374407582938,1170,1194,6951,6973,-161.49382171883127,60.0274934100199,-161.4918454252062,60.02964936670178
596,211,10621.695648798152,1.062169564879815,46,3.1667705977789655,53.25118483412322,442,450,6306,6351,-161.55176305465696,60.09432806715839,-161.54772063587842,60.095046719385685
71,210,10571.35585899342,1.057135585899342,51,3.519334352646007,55.542857142857144,44,59,2635,2674,-161.88153459545725,60.12945219476747,-161.87803116584917,60.130799667693644
3818,210,10571.35585899342,1.057135585899342,27,1.8631770102243566,20.742857142857144,3296,3310,3582,3601,-161.79646413805114,59.83740989590021,-161.79475733901128,59.83866753729797
2766,210,10571.35585899342,1.057135585899342,43,2.9672819051721233,30.476190476190474,2141,2154,6500,6527,-161.53433573814505,59.941255142744424,-161.53191028687792,59.94242295261378
4421,210,10571.35585899342,1.057135585899342,28,1.9321835661585918,30.476190476190474,4512,4525,6417,6444,-161.54179175500323,59.72826458887969,-161.53936630373613,59.72943239874904
3778,210,10571.35585899342,1.057135585899342,67,4.623439247593773,40.304761904761904,3203,3216,15661,15694,-160.71138910636316,59.84585405957093,-160.70842466592555,59.84702186944029
2777,210,10571.35585899342,1.057135585899342,47,3.243308128909065,49.542857142857144,2148,2159,1531,1571,-161.98070860282402,59.940805985102365,-161.97711534168755,59.9417941319149
2676,210,10571.35585899342,1.057135585899342,41,2.8292687933036524,24.685714285714287,2071,2085,1874,1896,-161.94989638857874,59.94745351820485,-161.94792009495367,59.94871115960262
1787,210,10571.35585899342,1.057135585899342,8,0.5520524474738834,22.01904761904762,1320,1335,9474,9493,-161.2671767726479,60.01482716451381,-161.26546997360808,60.016174637439995
368,210,10571.35585899342,1.057135585899342,73,5.037478583199186,186.68571428571428,295,322,2423,2495,-161.90057887948058,60.10582650279512,-161.8941110094349,60.10825195406225
1025,210,10571.35585899342,1.057135585899342,27,1.8631770102243566,32.01904761904762,742,756,10117,10144,-161.209415099879,60.06683961946433,-161.20698964861188,60.0680972608621
1617,210,10571.35585899342,1.057135585899342,27,1.8631770102243566,27.504761904761907,1174,1185,4029,4056,-161.75630944485098,60.028301893775605,-161.75388399358386,60.02929004058814
3625,210,10571.35585899342,1.057135585899342,33,2.277216345829769,32.01904761904762,2900,2916,4508,4533,-161.71328014274167,59.872803518094514,-161.71103435453136,59.87424082254911
2515,210,10571.35585899342,1.057135585899342,24,1.6561573424216502,23.333333333333332,1937,1947,8348,8373,-161.36832707363976,59.9598502691257,-161.36608128542946,59.96074858440982
4640,210,10571.35585899342,1.057135585899342,58,4.002380244185654,64.07619047619048,4992,5017,6556,6589,-161.529305172554,59.684067476901006,-161.52634073211638,59.6863132651113
5001,210,10571.35585899342,1.057135585899342,30,2.0701966780270626,28.97142857142857,6602,6611,9665,9695,-161.25001895072123,59.54087602061235,-161.24732400486886,59.541684504368064
1445,210,10571.35585899342,1.057135585899342,50,3.4503277967117714,66.3047619047619,1042,1077,6736,6760,-161.51313549743983,60.0380036988441,-161.51097954075794,60.041147802338514
2590,210,10571.35585899342,1.057135585899342,74,5.106485139133421,59.733333333333334,2001,2020,15735,15772,-160.70474157326066,59.95329256755163,-160.70141780670943,59.95499936659145
5131,210,10571.35585899342,1.057135585899342,64,4.416419579791067,51.50476190476191,7056,7076,4701,4733,-161.69594265775814,59.4991043599008,-161.69306804884897,59.500900990469034
4432,210,10571.35585899342,1.057135585899342,32,2.2082097898955335,28.97142857142857,4538,4549,3827,3855,-161.7744554135902,59.7261086321978,-161.77194013079466,59.72709677901033
3434,209,10521.016069188689,1.052101606918869,42,2.9052007482375135,33.760765550239235,2688,2699,5619,5650,-161.61347731467598,59.89229695975991,-161.6106925372952,59.89328510657244
2117,209,10521.016069188689,1.052101606918869,48,3.3202294265571584,29.11004784688995,1605,1617,5664,5691,-161.60943489589744,59.989494673501646,-161.6070094446303,59.990572651842584
4743,209,10521.016069188689,1.052101606918869,82,5.672058603701812,141.55023923444975,5337,5365,5473,5531,-161.6265927178241,59.652806105013646,-161.62138248917623,59.65532138780918
2174,209,10521.016069188689,1.052101606918869,22,1.521771820505364,24.803827751196174,1657,1665,3322,3350,-161.81982033543824,59.98518276013787,-161.8173050526427,59.985901412365166
1835,209,10521.016069188689,1.052101606918869,39,2.697686409077691,44.09569377990431,1361,1381,7607,7635,-161.434892236193,60.010694914206866,-161.4323769533975,60.0124915447751
21,209,10521.016069188689,1.052101606918869,51,3.5277437657169806,33.760765550239235,0,13,7148,7177,-161.4761249077341,60.13358444507441,-161.47351979341016,60.13475225494377
2975,209,10521.016069188689,1.052101606918869,85,5.879572942861635,128.688995215311,2307,2345,7827,7871,-161.41512929994238,59.924097320817744,-161.41117671269225,59.9275109188974
4575,209,10521.016069188689,1.052101606918869,21,1.4526003741187568,26.20095693779904,4883,4898,3418,3440,-161.81119650871068,59.694757428782026,-161.80922021508562,59.69610490170821
3269,209,10521.016069188689,1.052101606918869,27,1.8676290524384016,26.20095693779904,2541,2551,6047,6074,-161.57502942051565,59.90559202596488,-161.57260396924855,59.906490341249
668,209,10521.016069188689,1.052101606918869,48,3.3202294265571584,60.01913875598086,493,500,9654,9703,-161.25100709753374,60.089836490737795,-161.24660535264155,60.09046531143668
1872,209,10521.016069188689,1.052101606918869,66,4.565315461516093,51.751196172248804,1394,1417,537,566,-162.0700011420655,60.00746097918403,-162.06739602774158,60.00952710433751
2416,209,10521.016069188689,1.052101606918869,85,5.879572942861635,104.80382775119617,1846,1856,6318,6382,-161.55068507631603,59.96802493821119,-161.54493585849767,59.968923253495305
5114,209,10521.016069188689,1.052101606918869,56,3.873600997650018,93.77990430622009,6979,6996,14531,14584,-160.81289873346867,59.50629088217375,-160.80813766246283,59.507818018156755
3640,209,10521.016069188689,1.052101606918869,19,1.3142574813455419,19.598086124401913,2927,2939,8902,8922,-161.31856040689954,59.870737392941045,-161.3167637763313,59.87181537128198
4411,209,10521.016069188689,1.052101606918869,49,3.3894008729437655,35.38755980861244,4500,4519,3121,3145,-161.83787647264904,59.72880357805016,-161.83572051596715,59.730510377089985
1725,208,10470.676279383959,1.047067627938396,43,2.981513554710607,50.01923076923077,1271,1296,8461,8487,-161.3581761109292,60.01833059412188,-161.3558404911905,60.02057638233218
2067,208,10470.676279383959,1.047067627938396,68,4.714951667914447,81.25,1560,1581,13987,14031,-160.86176708492476,59.99272860852447,-160.85781449767464,59.99461507062112
55,208,10470.676279383959,1.047067627938396,43,2.981513554710607,42.48076923076923,25,37,2016,2051,-161.93714031154425,60.13142848839253,-161.93399620804982,60.132506466733474
5078,208,10470.676279383959,1.047067627938396,37,2.5654884075416846,38.94230769230769,6877,6885,10460,10497,-161.17860288563372,59.51626218182748,-161.17527911908246,59.51698083405478
4100,208,10470.676279383959,1.047067627938396,31,2.149463260372763,33.92307692307692,4038,4060,3762,3782,-161.78029446293698,59.77003624959124,-161.77849783236874,59.772012543216306
4882,208,10470.676279383959,1.047067627938396,22,1.52542553961938,27.76923076923077,5871,5885,4475,4499,-161.71624458317925,59.606093710239435,-161.71408862649736,59.6073513516372
4698,208,10470.676279383959,1.047067627938396,26,1.8027756377319948,30.76923076923077,5090,5102,2780,2808,-161.8685090238375,59.67643179698599,-161.86599374104196,59.67750977532693
1752,208,10470.676279383959,1.047067627938396,47,3.258863652823221,62.48076923076923,1293,1323,7432,7459,-161.4506127536651,60.015905142854756,-161.448187302398,60.01860008870712
2562,208,10470.676279383959,1.047067627938396,49,3.3975387018795287,62.48076923076923,1970,1983,6696,6740,-161.5167287585763,59.95661633410287,-161.51277617132618,59.957784143972226
3379,208,10470.676279383959,1.047067627938396,64,4.437601569801833,50.01923076923077,2644,2655,15416,15456,-160.7333978308241,59.89624954701004,-160.72980456968762,59.89723769382257
734,208,10470.676279383959,1.047067627938396,71,4.922964241498908,40.69230769230769,537,549,10444,10478,-161.1800401900883,60.08543474584561,-161.1769859181223,60.086512724186555
1243,208,10470.676279383959,1.047067627938396,40,2.773500981126146,37.23076923076923,899,914,745,774,-162.05131618415584,60.052646237975246,-162.04871106983188,60.05399371090142
5314,208,10470.676279383959,1.047067627938396,57,3.9522388981047576,32.32692307692308,7714,7730,9142,9167,-161.29700084008067,59.44035454031938,-161.29475505187037,59.441791844773974
1792,208,10470.676279383959,1.047067627938396,24,1.6641005886756874,23.557692307692307,1324,1338,1365,1386,-161.99562063654042,60.01455766992858,-161.99373417444377,60.01581531132634
3389,208,10470.676279383959,1.047067627938396,59,4.090913947161065,33.92307692307692,2652,2673,1365,1386,-161.99562063654042,59.89463257949862,-161.99373417444377,59.896519041595276
1580,208,10470.676279383959,1.047067627938396,24,1.6641005886756874,24.923076923076923,1139,1153,8256,8278,-161.37659157425367,60.03117650268479,-161.3746152806286,60.03243414408256
539,208,10470.676279383959,1.047067627938396,61,4.229588996217372,54.01923076923077,404,412,10326,10371,-161.19064031044093,60.09774166523805,-161.1865978916624,60.09846031746534
4293,208,10470.676279383959,1.047067627938396,26,1.8027756377319948,23.557692307692307,4314,4323,12299,12325,-161.01340270488413,59.7464105576189,-161.0110670851454,59.747219041374606
1033,208,10470.676279383959,1.047067627938396,40,2.773500981126146,42.48076923076923,749,759,10267,10304,-161.19594037061722,60.0665701248791,-161.192616604066,60.06746844016322
3447,208,10470.676279383959,1.047067627938396,75,5.2003143396115235,62.48076923076923,2708,2717,3091,3139,-161.84057141850138,59.890679992248494,-161.8362595051376,59.891488476004206
1191,208,10470.676279383959,1.047067627938396,44,3.05085107923876,32.32692307692308,856,882,9037,9052,-161.30643315056392,60.05552084688443,-161.30508567763775,60.057856466623136
4592,208,10470.676279383959,1.047067627938396,38,2.6348259320698384,56.07692307692308,4915,4937,3133,3165,-161.83679849430808,59.69125399917396,-161.83392388539892,59.69323029279902
3636,208,10470.676279383959,1.047067627938396,45,3.120188603766914,54.01923076923077,2919,2927,3367,3412,-161.8157779166597,59.87181537128198,-161.81173549788116,59.87253402350928
1803,208,10470.676279383959,1.047067627938396,78,5.408326913195984,114.01923076923077,1334,1359,6380,6432,-161.5451155215545,60.01267120783193,-161.54044428207706,60.014916996042224
2401,208,10470.676279383959,1.047067627938396,41,2.8428385056542993,44.30769230769231,1839,1851,515,551,-162.07197743569057,59.968474095853246,-162.06874350066775,59.96955207419419
2472,207,10420.33648957923,1.042033648957923,46,3.197221015541813,44.52173913043478,1897,1909,7977,8013,-161.4016545706806,59.963263867205356,-161.39842063565777,59.96434184554629
1896,207,10420.33648957923,1.042033648957923,35,2.4326681639992054,35.729468599033815,1418,1427,9649,9683,-161.2514562551758,60.00656266389991,-161.24840198320982,60.00737114765562
1568,207,10420.33648957923,1.042033648957923,54,3.7532594530273458,71.90338164251207,1132,1144,5266,5315,-161.6451878442054,60.0319849864405,-161.6407860993132,60.03306296478144
3178,207,10420.33648957923,1.042033648957923,92,6.394442031083626,221.23671497584542,2471,2497,10309,10390,-161.19216744642392,59.91044292849912,-161.18489109262256,59.91277854823784
3751,207,10420.33648957923,1.042033648957923,30,2.0851441405707476,32.48309178743961,3152,3161,3969,4001,-161.7616993365557,59.85079479363359,-161.75882472764653,59.851603277389295
3177,207,10420.33648957923,1.042033648957923,63,4.37880269519857,52.2512077294686,2471,2484,844,883,-162.04242286284304,59.91161073836848,-162.03891943323498,59.91277854823784
5018,207,10420.33648957923,1.042033648957923,80,5.560384374855327,86.74396135265701,6680,6694,15055,15108,-160.7658270125808,59.53342000375416,-160.76106594157497,59.53467764515193
1354,207,10420.33648957923,1.042033648957923,22,1.5291057030852149,23.67149758454106,975,990,6260,6280,-161.5558953049639,60.04581904181594,-161.55409867439568,60.047166514742116
3502,207,10420.33648957923,1.042033648957923,41,2.849696992113355,25.043478260869566,2755,2771,534,554,-162.07027063665075,59.88582908971425,-162.0684740060825,59.88726639416884
4004,207,10420.33648957923,1.042033648957923,18,1.2510864843424485,21.043478260869566,3862,3873,2180,2202,-161.92240794088468,59.78683474540428,-161.92043164725962,59.78782289221681
3489,207,10420.33648957923,1.042033648957923,22,1.5291057030852149,21.043478260869566,2740,2751,5877,5899,-161.5903007803457,59.887625720282486,-161.58832448672064,59.88861386709502
430,207,10420.33648957923,1.042033648957923,27,1.8766297265136729,26.454106280193237,337,347,4854,4881,-161.6821984339111,60.10358071458482,-161.679772982644,60.10447902986894
3907,207,10420.33648957923,1.042033648957923,71,4.934841132684102,89.35265700483092,3554,3576,3580,3626,-161.79664380110796,59.81351470934263,-161.792511550801,59.81549100296769
2469,206,10369.996699774498,1.0369996699774497,47,3.274645167170603,34.25242718446602,1896,1910,2688,2716,-161.8767735244514,59.96317403567694,-161.87425824165587,59.96443167707471
3035,206,10369.996699774498,1.0369996699774497,39,2.717258755737309,23.78640776699029,2364,2378,9154,9175,-161.29592286173974,59.92113288038015,-161.29403639964306,59.92239052177791
1547,206,10369.996699774498,1.0369996699774497,23,1.6024859328707206,23.78640776699029,1113,1125,4273,4296,-161.73439055191847,60.03369178548032,-161.732324426765,60.03476976382127
2488,206,10369.996699774498,1.0369996699774497,62,4.319744688608029,44.737864077669904,1911,1925,5200,5234,-161.65111672508058,59.961826562750765,-161.6480624531146,59.96308420414853
1664,206,10369.996699774498,1.0369996699774497,44,3.0656252628831178,42.89320388349515,1219,1231,11094,11129,-161.12164969662055,60.02416964346866,-161.11850559312612,60.0252476218096
5393,206,10369.996699774498,1.0369996699774497,58,4.041051482891382,82.03883495145631,7960,7976,8116,8165,-161.38916798823132,59.41825598433004,-161.38476624333916,59.41969328878463
3736,206,10369.996699774498,1.0369996699774497,36,2.5082388514498235,41.0873786407767,3114,3127,2901,2934,-161.85763940889967,59.8538490655996,-161.85467496846206,59.85501687546895
934,206,10369.996699774498,1.0369996699774497,39,2.717258755737309,37.592233009708735,681,698,6383,6410,-161.54484602696925,60.07204984811223,-161.54242057570212,60.07357698409523
744,206,10369.996699774498,1.0369996699774497,110,7.664063157207795,218.1747572815534,543,572,8881,8958,-161.32044686899619,60.083368620692134,-161.31352984130848,60.08597373501608
1259,206,10369.996699774498,1.0369996699774497,24,1.6721592342998823,22.446601941747574,907,921,5710,5730,-161.60530264559048,60.05201741727636,-161.60350601502225,60.05327505867413
987,206,10369.996699774498,1.0369996699774497,28,1.9508524400165295,28.038834951456312,718,729,7096,7123,-161.48079614721152,60.069265070731454,-161.4783706959444,60.070253217543986
3617,206,10369.996699774498,1.0369996699774497,51,3.55333837288725,37.592233009708735,2891,2910,16725,16750,-160.61580836013283,59.87334250726499,-160.61356257192253,59.87504930630482
5104,206,10369.996699774498,1.0369996699774497,48,3.3443184685997647,48.54368932038835,6951,6967,11937,11971,-161.04592171816927,59.5088959964977,-161.04286744620325,59.51033330095229
199,206,10369.996699774498,1.0369996699774497,62,4.319744688608029,84.58252427184466,151,164,3346,3399,-161.81766437875635,60.12001988428421,-161.8129033077505,60.12118769415356
3654,206,10369.996699774498,1.0369996699774497,71,4.9468044014704855,50.50485436893204,2943,2957,3600,3637,-161.7948471705397,59.86912042542963,-161.79152340398846,59.87037806682739
5149,206,10369.996699774498,1.0369996699774497,37,2.5779121528789855,35.90291262135922,7136,7143,9594,9630,-161.25639698923845,59.493085647497196,-161.25316305421563,59.49371446819608
3291,206,10369.996699774498,1.0369996699774497,42,2.9262786600247943,35.90291262135922,2568,2580,13638,13669,-160.89311828834053,59.90298691164093,-160.89033351095975,59.904064889981875
3954,206,10369.996699774498,1.0369996699774497,34,2.3688922485915,23.78640776699029,3720,3737,1720,1738,-161.96373044395418,59.79905183326831,-161.96211347644277,59.800578969251305
897,206,10369.996699774498,1.0369996699774497,42,2.9262786600247943,39.320388349514566,658,670,2388,2421,-161.90372298297498,60.074565130907764,-161.9007585425374,60.0756431092487
3886,206,10369.996699774498,1.0369996699774497,93,6.479617032912045,256.79611650485435,3466,3494,7177,7264,-161.47351979341016,59.820880894672406,-161.46570445043832,59.82339617746794
192,206,10369.996699774498,1.0369996699774497,47,3.274645167170603,25.16504854368932,147,161,10207,10229,-161.20133026232193,60.120289378869444,-161.19935396869687,60.121547020267215
3880,205,10319.656909969766,1.0319656909969765,92,6.42555872108012,183.59024390243903,3456,3475,6923,7001,-161.49633700162678,59.82258769371224,-161.48933014241067,59.82429449275206
1185,205,10319.656909969766,1.0319656909969765,55,3.8413666267326803,54.80975609756098,853,880,7147,7173,-161.4762147392625,60.05570050994125,-161.47387911952382,60.058125961208376
3366,205,10319.656909969766,1.0319656909969765,23,1.60638968027003,25.28780487804878,2630,2638,9536,9564,-161.26160721788636,59.89777668299304,-161.25909193509082,59.89849533522034
4441,205,10319.656909969766,1.0319656909969765,28,1.9556048281548188,23.902439024390244,4552,4562,5652,5677,-161.6105128742384,59.72494082232844,-161.6082670860281,59.72583913761257
2988,205,10319.656909969766,1.0319656909969765,65,4.5397969225022585,48.78048780487805,2318,2336,1850,1882,-161.95205234526063,59.92490580457345,-161.94917773635143,59.926522772084866
1089,205,10319.656909969766,1.0319656909969765,60,4.190581774617469,63.395121951219515,786,797,2735,2781,-161.87255144261604,60.063156526799446,-161.8684191923091,60.06414467361198
3733,205,10319.656909969766,1.0319656909969765,63,4.400110863348343,56.89756097560976,3109,3124,2236,2275,-161.9173773752936,59.85411856018483,-161.91387394568554,59.85546603311101
1020,205,10319.656909969766,1.0319656909969765,54,3.7715235971557224,50.75121951219512,741,757,8390,8425,-161.36455414944646,60.06674978793592,-161.36141004595203,60.06818709239052
2068,205,10319.656909969766,1.0319656909969765,67,4.679482981656174,61.19024390243902,1561,1573,12935,12979,-160.95626985281413,59.99344726075177,-160.952317265564,59.99452523909271
1348,205,10319.656909969766,1.0319656909969765,31,2.1651339168856922,34.41951219512195,972,984,6071,6101,-161.5728734638338,60.04635803098641,-161.57017851798142,60.04743600932735
2056,205,10319.656909969766,1.0319656909969765,65,4.5397969225022585,59.02439024390244,1551,1561,969,1014,-162.03119392179156,59.99452523909271,-162.02715150301302,59.995423554376835
4275,205,10319.656909969766,1.0319656909969765,79,5.517599336579668,59.02439024390244,4285,4307,16404,16437,-160.64464428075308,59.74784786207349,-160.64167984031548,59.749824155698555
452,205,10319.656909969766,1.0319656909969765,24,1.6762327098469876,22.55609756097561,348,358,10002,10026,-161.2197457256464,60.10259256777229,-161.2175897689645,60.10349088305641
997,205,10319.656909969766,1.0319656909969765,20,1.3968605915391563,25.28780487804878,726,743,6288,6307,-161.55338002216837,60.06800742933369,-161.55167322312855,60.069534565316694
3159,205,10319.656909969766,1.0319656909969765,55,3.8413666267326803,34.41951219512195,2460,2480,7810,7832,-161.4166564359254,59.91197006448213,-161.41468014230034,59.91376669505037
2928,205,10319.656909969766,1.0319656909969765,45,3.142936330963102,46.84878048780488,2265,2282,1414,1446,-161.99121889164823,59.92975670710769,-161.98834428273906,59.9312838430907
4792,205,10319.656909969766,1.0319656909969765,61,4.260424804194427,61.19024390243902,5513,5523,15864,15910,-160.69315330609552,59.63861272352456,-160.68902105578857,59.63951103880868
978,204,10269.317120165037,1.0269317120165036,44,3.0806161848616216,55.07843137254902,713,724,4519,4561,-161.71229199592912,60.06971422837351,-161.70851907173582,60.070702375186045
1004,204,10269.317120165037,1.0269317120165036,67,4.690938281493833,43.31372549019608,731,743,3556,3591,-161.79879975778982,60.06800742933369,-161.79565565429542,60.069085407674635
2004,204,10269.317120165037,1.0269317120165036,37,2.590518155451818,25.41176470588235,1506,1525,4242,4259,-161.73717532929925,59.997759174115544,-161.73564819331622,59.99946597315537
2870,204,10269.317120165037,1.0269317120165036,32,2.2404481344448155,28.313725490196077,2227,2239,8451,8477,-161.35907442621334,59.93361946282941,-161.35673880647462,59.93469744117035
2862,204,10269.317120165037,1.0269317120165036,42,2.9405881764588204,25.41176470588235,2221,2236,3127,3148,-161.83733748347856,59.933888957414645,-161.8354510213819,59.93523643034082
4527,204,10269.317120165037,1.0269317120165036,52,3.6407282184728254,28.313725490196077,4746,4764,4460,4480,-161.71759205610542,59.70679485358923,-161.71579542553718,59.70841182110065
5110,204,10269.317120165037,1.0269317120165036,67,4.690938281493833,61.490196078431374,6964,6978,4572,4614,-161.7075309249233,59.50790784968517,-161.70375800072998,59.50916549108293
80,204,10269.317120165037,1.0269317120165036,95,6.651330399133046,155.31372549019608,50,56,11794,11877,-161.05876762673216,60.1297216893527,-161.05131160987398,60.13026067852317
1955,204,10269.317120165037,1.0269317120165036,44,3.0806161848616216,41.490196078431374,1468,1483,6869,6900,-161.50118790416104,60.00153209830884,-161.49840312678026,60.00287957123503
555,204,10269.317120165037,1.0269317120165036,37,2.590518155451818,24.019607843137255,416,424,588,615,-162.06541973411652,60.0966636868971,-162.0629942828494,60.0973823391244
1915,204,10269.317120165037,1.0269317120165036,17,1.1902380714238083,22.666666666666668,1433,1446,6593,6614,-161.52598140600273,60.00485586486009,-161.52409494390608,60.00602367472944
1313,204,10269.317120165037,1.0269317120165036,22,1.5403080924308108,22.666666666666668,946,962,1719,1737,-161.9638202754826,60.048334324611474,-161.96220330797118,60.049771629066065
677,204,10269.317120165037,1.0269317120165036,54,3.780756226875626,34.588235294117645,499,513,1708,1736,-161.96480842229514,60.08866868086844,-161.9622931394996,60.08992632226621
661,204,10269.317120165037,1.0269317120165036,44,3.0806161848616216,41.490196078431374,487,498,10476,10511,-161.17716558117914,60.090016153794615,-161.1740214776847,60.091004300607146
4113,204,10269.317120165037,1.0269317120165036,21,1.4702940882294102,22.666666666666668,4058,4073,6476,6495,-161.53649169482694,59.76886843972189,-161.5347848957871,59.77021591264807
2086,204,10269.317120165037,1.0269317120165036,19,1.3302660798266093,25.41176470588235,1580,1596,4448,4468,-161.71867003444638,59.991381135598296,-161.71687340387814,59.992818440052886
2031,204,10269.317120165037,1.0269317120165036,54,3.780756226875626,65.96078431372548,1532,1563,4737,4764,-161.69270872273532,59.99434557603589,-161.6902832714682,59.99713035341666
803,204,10269.317120165037,1.0269317120165036,21,1.4702940882294102,20.07843137254902,591,603,7420,7440,-161.45169073200606,60.08058384331136,-161.44989410143782,60.081661821652304
2611,204,10269.317120165037,1.0269317120165036,36,2.5205041512504174,28.313725490196077,2022,2039,6482,6503,-161.53595270565646,59.9515857685118,-161.5340662435598,59.9531129044948
1372,204,10269.317120165037,1.0269317120165036,82,5.74114834451484,107.37254901960785,988,1009,10334,10387,-161.18992165821362,60.04411224277611,-161.18516058720778,60.04599870487276
1228,204,10269.317120165037,1.0269317120165036,70,4.900980294098034,82.84313725490196,884,904,7968,8013,-161.4024630544363,60.053544553259364,-161.39842063565777,60.05534118382761
3993,204,10269.317120165037,1.0269317120165036,26,1.8203641092364127,28.313725490196077,3843,3863,3225,3243,-161.82853399369418,59.787733060688396,-161.82691702618277,59.78952969125664
3089,204,10269.317120165037,1.0269317120165036,36,2.5205041512504174,36.254901960784316,2408,2416,6702,6737,-161.51618976940583,59.917719282300496,-161.51304566591142,59.91843793452779
389,204,10269.317120165037,1.0269317120165036,67,4.690938281493833,93.3529411764706,306,322,6206,6259,-161.56074620749817,60.10582650279512,-161.55598513649232,60.107263807249716
5167,204,10269.317120165037,1.0269317120165036,48,3.3606722016672235,49.01960784313726,7170,7179,16442,16483,-160.6412306826734,59.48985171247436,-160.63754759000852,59.490660196230074
1913,204,10269.317120165037,1.0269317120165036,67,4.690938281493833,53.01960784313726,1432,1450,11137,11171,-161.11778694089884,60.00449653874644,-161.11473266893282,60.006113506257854
2414,203,10218.977330360307,1.0218977330360306,33,2.3161459409338683,25.536945812807883,1844,1859,3009,3030,-161.84793760383118,59.967755443625954,-161.84605114173453,59.96910291655213
4439,203,10218.977330360307,1.0218977330360306,58,4.0708019567928595,49.26108374384236,4548,4563,5893,5928,-161.5888634758911,59.72485099080003,-161.58571937239668,59.72619846372621
1940,203,10218.977330360307,1.0218977330360306,53,3.7198707536210613,43.52709359605911,1447,1480,7275,7289,-161.46471630362578,60.00180159289408,-161.46345866222802,60.00476603333168
4258,203,10218.977330360307,1.0218977330360306,54,3.790056994255421,57.45812807881774,4261,4272,4995,5038,-161.66953218840504,59.75099196556791,-161.66566943268333,59.751980112380444
4549,203,10218.977330360307,1.0218977330360306,34,2.386332181568228,36.433497536945815,4799,4809,6813,6846,-161.5062184697521,59.70275243481069,-161.50325402931452,59.70365075009481
1832,203,10218.977330360307,1.0218977330360306,40,2.8074496253743857,47.310344827586206,1358,1377,10425,10455,-161.18174698912813,60.01105424032051,-161.1790520432758,60.01276103936034
3407,203,10218.977330360307,1.0218977330360306,24,1.6844697752246314,24.137931034482758,2668,2678,8509,8534,-161.35386419756543,59.89418342185656,-161.35161840935513,59.89508173714068
3049,203,10218.977330360307,1.0218977330360306,23,1.6142835345902717,22.778325123152708,2375,2388,5609,5630,-161.6143756299601,59.92023456509603,-161.61248916786346,59.92140237496538
1175,203,10218.977330360307,1.0218977330360306,64,4.491919400599017,96.55172413793103,841,851,4393,4453,-161.72361076850902,60.0583056242652,-161.7182208768043,60.05920393954932
2287,203,10218.977330360307,1.0218977330360306,34,2.386332181568228,43.52709359605911,1737,1754,5611,5641,-161.61419596690328,59.9771877541092,-161.6115010210509,59.978714890092206
262,203,10218.977330360307,1.0218977330360306,43,3.0180083472774646,39.90147783251231,199,213,189,220,-162.1012625139529,60.115618139392026,-162.0984777365721,60.11687578078979
3553,203,10218.977330360307,1.0218977330360306,30,2.1055872190307894,31.527093596059114,2803,2814,6320,6349,-161.5505054132592,59.88196633399254,-161.54790029893525,59.88295448080507
3077,203,10218.977330360307,1.0218977330360306,59,4.140988197427219,43.52709359605911,2403,2425,6785,6810,-161.50873375254764,59.916910798544784,-161.50648796433734,59.91888709216985
2131,203,10218.977330360307,1.0218977330360306,45,3.158380828546184,36.433497536945815,1617,1633,634,661,-162.06128748380956,59.988057369047056,-162.05886203254244,59.989494673501646
105,203,10218.977330360307,1.0218977330360306,39,2.737263384740026,49.26108374384236,70,86,3600,3634,-161.7948471705397,60.127026743500345,-161.7917928985737,60.128464047954935
3479,203,10218.977330360307,1.0218977330360306,25,1.7546560158589912,22.778325123152708,2730,2741,3367,3390,-161.8157779166597,59.88852403556661,-161.81371179150622,59.88951218237914
2204,203,10218.977330360307,1.0218977330360306,65,4.5621056412333765,64.01970443349754,1678,1693,2888,2930,-161.85880721876902,59.98266747734233,-161.85503429457572,59.98401495026852
5225,203,10218.977330360307,1.0218977330360306,66,4.6322918818677365,142.36453201970443,7430,7450,11377,11442,-161.09622737407994,59.46550736827473,-161.09038832473317,59.467303998842965
3173,203,10218.977330360307,1.0218977330360306,49,3.4391257910836224,55.34975369458128,2469,2479,5301,5344,-161.642043740711,59.91205989601054,-161.63818098498928,59.91295821129466
3176,203,10218.977330360307,1.0218977330360306,93,6.527320378995447,66.28571428571429,2470,2487,10901,10942,-161.13898718160405,59.91134124378325,-161.13530408893917,59.912868379766245
1312,203,10218.977330360307,1.0218977330360306,44,3.088194587911824,49.26108374384236,946,956,1469,1509,-161.9862781575856,60.04887331378195,-161.9826848964491,60.049771629066065
639,202,10168.637540555575,1.0168637540555576,47,3.3069084602323717,47.54455445544554,472,482,2049,2088,-161.93417587110665,60.09145345824921,-161.9306724414986,60.09235177353333
3376,202,10168.637540555575,1.0168637540555576,32,2.251512143136934,24.257425742574256,2641,2653,5128,5151,-161.65758459512625,59.89642921006686,-161.65551846997278,59.89750718840781
3137,202,10168.637540555575,1.0168637540555576,78,5.488060848896277,51.504950495049506,2447,2466,16125,16157,-160.66970727718,59.9132277058799,-160.6668326682708,59.91493450491972
3311,202,10168.637540555575,1.0168637540555576,54,3.7994267415435763,34.93069306930693,2587,2604,1015,1040,-162.0270616714846,59.90083095495905,-162.0248158832743,59.90235809094205
1723,202,10168.637540555575,1.0168637540555576,59,4.151225513908722,78.5940594059406,1268,1290,10490,10531,-161.17590793978135,60.01886958329235,-161.17222484711647,60.02084587691741
3992,202,10168.637540555575,1.0168637540555576,66,4.643743795219926,136.41584158415841,3835,3873,11040,11085,-161.12650059915478,59.78683474540428,-161.12245818037624,59.79024834348393
1842,202,10168.637540555575,1.0168637540555576,25,1.7589938618257297,24.257425742574256,1371,1388,6192,6210,-161.56200384889593,60.01006609350798,-161.56038688138452,60.011593229490984
397,202,10168.637540555575,1.0168637540555576,56,3.9401462504896343,102.65346534653466,309,324,822,879,-162.0443991564681,60.1056468397383,-162.03927875934863,60.106994312664476
2293,202,10168.637540555575,1.0168637540555576,51,3.5883474781244886,49.504950495049506,1740,1753,9946,9983,-161.22477629123745,59.977277585637616,-161.2214525246862,59.978445395506974
289,202,10168.637540555575,1.0168637540555576,12,0.8443170536763502,17.821782178217823,227,239,3875,3893,-161.77014350022642,60.11328251965331,-161.76852653271501,60.114360497994255
2793,202,10168.637540555575,1.0168637540555576,49,3.44762796917843,78.5940594059406,2164,2202,7719,7744,-161.42483110501087,59.93694322938065,-161.4225853168006,59.940356827460306
4538,202,10168.637540555575,1.0168637540555576,42,2.955109687867226,28.594059405940595,4782,4791,7106,7135,-161.47989783192742,59.70436940232211,-161.47729271760346,59.70517788607781
1990,202,10168.637540555575,1.0168637540555576,25,1.7589938618257297,21.564356435643564,1494,1511,7272,7288,-161.46498579821102,59.99901681551331,-161.46354849375643,60.00054395149631
1939,202,10168.637540555575,1.0168637540555576,27,1.8997133707717881,20.277227722772277,1446,1459,8359,8378,-161.36733892682722,60.00368805499073,-161.3656321277874,60.00485586486009
2238,202,10168.637540555575,1.0168637540555576,78,5.488060848896277,57.742574257425744,1708,1723,9864,9903,-161.23214247656725,59.97997253148998,-161.2286390469592,59.981320004416155
479,202,10168.637540555575,1.0168637540555576,33,2.321871897609963,22.89108910891089,367,382,4234,4253,-161.73789398152653,60.1004366110904,-161.7361871824867,60.101784084016586
1992,202,10168.637540555575,1.0168637540555576,60,4.221585268381752,94.27722772277228,1495,1512,7094,7146,-161.48097581026835,59.9989269839849,-161.47630457079092,60.0004541199679
4655,202,10168.637540555575,1.0168637540555576,49,3.44762796917843,53.54455445544554,5010,5019,7677,7720,-161.42860402920417,59.68388781384418,-161.42474127348245,59.68469629759989
4667,202,10168.637540555575,1.0168637540555576,53,3.729066987070547,43.742574257425744,5024,5040,15952,15983,-160.68524813159527,59.68200135174753,-160.68246335421452,59.68343865620212
3494,202,10168.637540555575,1.0168637540555576,87,6.121298639153539,167.6039603960396,2746,2752,10674,10760,-161.15937893855357,59.88753588875408,-161.15165342711012,59.88807487792455
155,201,10118.297750750844,1.0118297750750844,68,4.796350187838468,49.75124378109453,123,140,2086,2119,-161.9308521045554,60.122175840966094,-161.9278876641178,60.1237029769491
678,201,10118.297750750844,1.0118297750750844,43,3.0329861481919727,30.26865671641791,499,513,8279,8304,-161.3745254491002,60.08866868086844,-161.3722796608899,60.08992632226621
728,201,10118.297750750844,1.0118297750750844,63,4.443677379909169,103.16417910447761,534,551,8693,8748,-161.33733519633765,60.085255082788784,-161.33239446227498,60.08678221877179
220,201,10118.297750750844,1.0118297750750844,29,2.0455022859899348,24.378109452736318,164,179,601,621,-162.06425192424715,60.118672411358034,-162.0624552936789,60.12001988428421
4229,201,10118.297750750844,1.0118297750750844,42,2.9624515866061127,55.90049751243781,4229,4240,3212,3254,-161.82970180356355,59.753866574477094,-161.82592887937025,59.754854721289625
1975,201,10118.297750750844,1.0118297750750844,39,2.750847901848533,33.45273631840796,1484,1499,7402,7428,-161.45330769951747,60.00009479385425,-161.45097207977875,60.00144226678043
304,201,10118.297750750844,1.0118297750750844,24,1.6928294780606359,25.791044776119403,239,250,4566,4591,-161.70806991409376,60.11229437284078,-161.70582412588345,60.11328251965331
5338,201,10118.297750750844,1.0118297750750844,62,4.373142818323309,60.19900497512438,7794,7814,12268,12303,-161.0161874822649,59.43280869193278,-161.01304337877048,59.434605322501014
5260,201,10118.297750750844,1.0118297750750844,49,3.4561935177071317,66.94527363184079,7544,7554,16158,16206,-160.6667428367424,59.456164889319886,-160.66243092337865,59.457063204604005
2357,201,10118.297750750844,1.0118297750750844,54,3.808866325636431,94.74626865671642,1802,1821,6602,6652,-161.52517292224704,59.97116904170561,-161.52068134582643,59.97287584074543
5084,201,10118.297750750844,1.0118297750750844,60,4.232073695151589,36.79601990049751,6890,6904,5354,5383,-161.63728266970514,59.514555382787655,-161.6346775553812,59.51581302418542
382,201,10118.297750750844,1.0118297750750844,44,3.103520709777832,47.78109452736319,304,312,10196,10237,-161.20231840913448,60.10672481807924,-161.1986353164696,60.107443470306535
4375,201,10118.297750750844,1.0118297750750844,68,4.796350187838468,103.16417910447761,4424,4442,5628,5682,-161.61266883092026,59.73572060573788,-161.60781792838603,59.73733757324929
1730,201,10118.297750750844,1.0118297750750844,57,4.02047001039401,58.02985074626866,1275,1297,6348,6380,-161.54799013046366,60.018240762593464,-161.5451155215545,60.02021705621853
531,201,10118.297750750844,1.0118297750750844,21,1.4812257933030564,24.378109452736318,399,411,3997,4020,-161.75918405376015,60.09783149676646,-161.75711792860668,60.0989094751074
233,201,10118.297750750844,1.0118297750750844,31,2.1865714091616546,31.8407960199005,174,183,8253,8284,-161.3768610688389,60.11831308524438,-161.37407629145812,60.11912156900009
2323,201,10118.297750750844,1.0118297750750844,58,4.0910045719798696,58.02985074626866,1768,1783,5393,5432,-161.63377924009708,59.97458263978526,-161.63027581048902,59.97593011271144
1908,201,10118.297750750844,1.0118297750750844,52,3.667797202464711,60.19900497512438,1428,1448,2602,2637,-161.88449903589483,60.004676201803264,-161.88135493240043,60.0064728323715
4519,201,10118.297750750844,1.0118297750750844,57,4.02047001039401,36.79601990049751,4730,4748,3340,3365,-161.81820336792683,59.70823215804382,-161.81595757971652,59.70984912555524
2085,200,10067.957960946114,1.0067957960946115,38,2.6870057685088806,27.38,1579,1597,8354,8373,-161.36778808446928,59.99129130406988,-161.36608128542946,59.9929082715813
652,200,10067.957960946114,1.0067957960946115,64,4.525483399593904,44.18,480,493,3733,3767,-161.7828995772609,60.09046531143668,-161.7798453052949,60.09163312130603
2384,200,10067.957960946114,1.0067957960946115,40,2.82842712474619,67.28,1827,1856,543,572,-162.06946215289506,59.96802493821119,-162.0668570385711,59.970630052535135
2132,200,10067.957960946114,1.0067957960946115,37,2.6162950903902256,27.38,1617,1632,1552,1574,-161.97882214072737,59.98814720057546,-161.9768458471023,59.989494673501646
4764,200,10067.957960946114,1.0067957960946115,60,4.242640687119285,112.5,5412,5429,4991,5049,-161.6698915145187,59.64705688719528,-161.66468128587078,59.64858402317829
118,200,10067.957960946114,1.0067957960946115,59,4.17193000900063,46.08,84,98,7974,8008,-161.40192406526583,60.1259487651594,-161.3988697932998,60.127206406557164
2679,200,10067.957960946114,1.0067957960946115,44,3.111269837220809,28.88,2073,2083,773,801,-162.0488009013603,59.94763318126167,-162.04628561856475,59.94853149654579
1481,200,10067.957960946114,1.0067957960946115,38,2.6870057685088806,25.92,1063,1072,5977,6004,-161.5813176275045,60.03845285648616,-161.5788921762374,60.039261340241865
3556,200,10067.957960946114,1.0067957960946115,54,3.8183766184073566,60.5,2806,2820,3981,4022,-161.76062135821476,59.881427344822065,-161.75693826554988,59.88268498621983
3910,200,10067.957960946114,1.0067957960946115,26,1.8384776310850235,27.38,3559,3571,11056,11081,-161.1250632947002,59.813963866984686,-161.1228175064899,59.81504184532563
3988,200,10067.957960946114,1.0067957960946115,42,2.9698484809834995,46.08,3825,3850,2626,2649,-161.88234307921294,59.788900870557754,-161.88027695405947,59.79114665876806
1709,200,10067.957960946114,1.0067957960946115,22,1.5556349186104046,23.12,1253,1268,9232,9251,-161.2889160025236,60.02084587691741,-161.28720920348377,60.0221933498436
1539,200,10067.957960946114,1.0067957960946115,57,4.030508652763321,35.28,1107,1125,13151,13175,-160.93686624267716,60.03369178548032,-160.93471028599527,60.03530875299174
2512,200,10067.957960946114,1.0067957960946115,36,2.545584412271571,40.5,1935,1945,8276,8311,-161.37479494368543,59.96002993218252,-161.371650840191,59.96092824746664
4002,200,10067.957960946114,1.0067957960946115,57,4.030508652763321,72.0,3860,3894,3031,3057,-161.84596131020612,59.78494828330763,-161.8436256904674,59.788002555273636
1644,200,10067.957960946114,1.0067957960946115,41,2.899137802864845,27.38,1200,1216,1267,1288,-162.0044241263248,60.02551711639484,-162.00253766422813,60.02695442084943
3862,200,10067.957960946114,1.0067957960946115,30,2.1213203435596424,27.38,3425,3438,1403,1427,-161.99220703846078,59.82591146026348,-161.9900510817789,59.827079270132835
845,200,10067.957960946114,1.0067957960946115,57,4.030508652763321,60.5,616,631,5904,5944,-161.58787532907857,60.07806856051583,-161.5842820679421,60.07941603344201
299,200,10067.957960946114,1.0067957960946115,54,3.8183766184073566,40.5,234,245,131,165,-162.10647274260077,60.11274353048284,-162.10341847063475,60.11373167729537
2951,200,10067.957960946114,1.0067957960946115,28,1.979898987322333,30.42,2280,2293,9340,9366,-161.2792141974551,59.92876856029516,-161.2768785777164,59.92993637016452
3413,200,10067.957960946114,1.0067957960946115,50,3.5355339059327373,36.98,2673,2692,6726,6750,-161.51403381272394,59.892925780458796,-161.51187785604205,59.89463257949862
2616,200,10067.957960946114,1.0067957960946115,70,4.949747468305833,56.18,2025,2047,10019,10050,-161.2182185896634,59.950867116284506,-161.2154338122826,59.95284340990957
5290,200,10067.957960946114,1.0067957960946115,31,2.1920310216782974,36.98,7622,7634,15665,15696,-160.7110297802495,59.44897836704693,-160.70824500286872,59.45005634538787
1044,200,10067.957960946114,1.0067957960946115,24,1.697056274847714,23.12,760,771,10354,10377,-161.18812502764538,60.065492146538155,-161.1860589024919,60.066480293350686
3169,200,10067.957960946114,1.0067957960946115,33,2.3334523779156067,32.0,2465,2482,2566,2589,-161.88773297091765,59.91179040142531,-161.8856668457642,59.91331753740831
4193,200,10067.957960946114,1.0067957960946115,26,1.8384776310850235,27.38,4182,4192,5744,5771,-161.6022483736245,59.758178487840866,-161.59982292235736,59.759076803124984
3220,200,10067.957960946114,1.0067957960946115,75,5.303300858899107,84.5,2500,2508,5429,5486,-161.63054530507424,59.90945478168659,-161.62542490795477,59.91017343391389
2748,200,10067.957960946114,1.0067957960946115,59,4.17193000900063,48.02,2122,2142,1028,1057,-162.02589386161526,59.94233312108537,-162.0232887472913,59.944129751653605
2200,199,10017.618171141385,1.0017618171141385,23,1.6304267715191725,20.582914572864322,1676,1686,5752,5774,-161.60152972139718,59.98329629804122,-161.59955342777212,59.984194613325336
474,199,10017.618171141385,1.0017618171141385,28,1.9848673740233405,21.889447236180903,362,375,6591,6611,-161.52616106905955,60.10106543178929,-161.52436443849132,60.102233241658645
2945,199,10017.618171141385,1.0017618171141385,41,2.906412940534177,50.25125628140704,2276,2286,14889,14929,-160.78073904629719,59.92939738099405,-160.7771457851607,59.930295696278165
696,199,10017.618171141385,1.0017618171141385,32,2.2684198560266746,27.517587939698494,512,526,143,166,-162.1053947642598,60.08750087099909,-162.10332863910637,60.08875851239685
5389,199,10017.618171141385,1.0017618171141385,89,6.309042724574189,138.47236180904522,7955,7978,5086,5146,-161.66135751931955,59.41807632127322,-161.65596762761484,59.42014244642669
1506,199,10017.618171141385,1.0017618171141385,31,2.1975317355258412,46.311557788944725,1085,1106,8216,8243,-161.38018483539014,60.03539858452015,-161.377759384123,60.0372850466168
5152,199,10017.618171141385,1.0017618171141385,60,4.253287230050015,72.36180904522612,7141,7166,16811,16846,-160.6080828486894,59.49101952234372,-160.604938745195,59.49326531055402
1166,199,10017.618171141385,1.0017618171141385,39,2.76463669953251,38.914572864321606,836,849,7173,7204,-161.47387911952382,60.05848528732202,-161.47109434214303,60.05965309719138
3425,199,10017.618171141385,1.0017618171141385,28,1.9848673740233405,24.623115577889447,2681,2693,3304,3327,-161.82143730294965,59.89283594893038,-161.81937117779617,59.89391392727133
3148,199,10017.618171141385,1.0017618171141385,23,1.6304267715191725,26.050251256281406,2452,2463,4294,4319,-161.73250408982182,59.91349720046513,-161.7302583016115,59.91448534727766
4913,199,10017.618171141385,1.0017618171141385,35,2.4810842175291756,32.1608040201005,6043,6057,8707,8733,-161.33607755493986,59.59064268735258,-161.33374193520115,59.59190032875034
1285,199,10017.618171141385,1.0017618171141385,58,4.111510989048348,79.77889447236181,930,962,2706,2737,-161.87515655694,60.048334324611474,-161.87237177955922,60.051208933520655
3308,199,10017.618171141385,1.0017618171141385,51,3.615294145542513,52.28140703517588,2582,2598,2583,2618,-161.88620583493466,59.90136994412952,-161.88306173144025,59.90280724858411
5133,199,10017.618171141385,1.0017618171141385,53,3.7570703865441804,46.311557788944725,7076,7084,15665,15705,-160.7110297802495,59.4983857076735,-160.70743651911303,59.4991043599008
830,199,10017.618171141385,1.0017618171141385,33,2.3393079765275084,29.025125628140703,605,624,4835,4854,-161.68390523295093,60.07869738121471,-161.6821984339111,60.08040418025454
3708,199,10017.618171141385,1.0017618171141385,23,1.6304267715191725,26.050251256281406,3060,3073,2745,2768,-161.87165312733194,59.85869996813384,-161.86958700217846,59.8598677780032
1659,199,10017.618171141385,1.0017618171141385,29,2.055755494524174,26.050251256281406,1215,1226,3117,3142,-161.83823579876267,60.02461880111072,-161.8359900105524,60.02560694792325
787,199,10017.618171141385,1.0017618171141385,26,1.8430911330216733,26.050251256281406,579,590,10262,10287,-161.1963895282593,60.08175165318072,-161.194143740049,60.08273979999325
2591,199,10017.618171141385,1.0017618171141385,55,3.8988466275458475,52.28140703517588,2002,2015,3766,3804,-161.77993513682333,59.95374172519369,-161.77652153874368,59.95490953506304
628,199,10017.618171141385,1.0017618171141385,48,3.402629784040012,42.53266331658291,463,477,8726,8758,-161.33437075590004,60.09190261589127,-161.33149614699087,60.093160257289036
232,199,10017.618171141385,1.0017618171141385,27,1.9139792535225069,19.316582914572866,173,190,5610,5624,-161.6142857984317,60.117684264545495,-161.6130281570339,60.1192114005285
4069,199,10017.618171141385,1.0017618171141385,60,4.253287230050015,35.45728643216081,3982,3994,6780,6810,-161.5091829101897,59.77596513046643,-161.50648796433734,59.777043108807376
2377,199,10017.618171141385,1.0017618171141385,63,4.465951591552516,90.23115577889448,1819,1827,3615,3674,-161.79349969761353,59.970630052535135,-161.78819963743723,59.97134870476243
4455,199,10017.618171141385,1.0017618171141385,68,4.820392194056684,27.517587939698494,4573,4593,13888,13905,-160.87066040623753,59.722156044947674,-160.86913327025454,59.72395267551591
5353,199,10017.618171141385,1.0017618171141385,34,2.410196097028342,32.1608040201005,7842,7854,15139,15167,-160.7582811641942,59.4292154307963,-160.75576588139864,59.43029340913724
2765,198,9967.278381336653,0.9967278381336653,40,2.8426762180748057,29.171717171717173,2140,2161,2055,2072,-161.93363688193617,59.94062632204554,-161.93210974595317,59.942512784142195
2795,198,9967.278381336653,0.9967278381336653,36,2.5584085962673253,48.505050505050505,2166,2180,4163,4198,-161.74427202004378,59.938919523005715,-161.74112791654937,59.94017716440348
4329,198,9967.278381336653,0.9967278381336653,63,4.477215043467819,56.74747474747475,4362,4375,5213,5253,-161.64994891521124,59.74173931814148,-161.64635565407474,59.742907128010835
2054,198,9967.278381336653,0.9967278381336653,38,2.7005424071710658,30.727272727272727,1549,1567,9678,9699,-161.24885114085185,59.993986249922244,-161.2469646787552,59.995603217433654
5409,198,9967.278381336653,0.9967278381336653,53,3.766545988949118,37.35353535353536,7987,8003,8081,8108,-161.39231209172576,59.415830533062916,-161.38988664045863,59.41726783751751
3287,198,9967.278381336653,0.9967278381336653,66,4.69041575982343,135.83838383838383,2562,2588,9768,9824,-161.24076630329478,59.90226825941364,-161.23573573770372,59.90460387915235
207,198,9967.278381336653,0.9967278381336653,29,2.0609402581042344,29.171717171717173,155,163,3720,3750,-161.78406738713028,60.120109715812625,-161.7813724412779,60.120828368039916
4330,198,9967.278381336653,0.9967278381336653,44,3.1269438398822866,30.727272727272727,4367,4378,2835,2863,-161.86356828977486,59.741469823556244,-161.86105300697932,59.742457970368775
770,198,9967.278381336653,0.9967278381336653,41,2.913743123526676,48.505050505050505,560,567,6399,6441,-161.54340872251464,60.08381777833419,-161.53963579832134,60.08444659903308
4613,198,9967.278381336653,0.9967278381336653,56,3.9797467053047284,70.32323232323232,4950,4971,14541,14579,-160.81200041818454,59.68819972720796,-160.8085868201049,59.69008618930461
5403,198,9967.278381336653,0.9967278381336653,74,5.258951003438391,116.68686868686869,7977,8003,12197,12247,-161.02256552078217,59.415830533062916,-161.01807394436156,59.418166152801625
3358,198,9967.278381336653,0.9967278381336653,83,5.898553152505222,70.32323232323232,2623,2634,15827,15875,-160.69647707264676,59.898136009106686,-160.692165159283,59.89912415591922
5278,198,9967.278381336653,0.9967278381336653,62,4.406148138015949,61.111111111111114,7590,7606,15675,15714,-160.7101314649654,59.45149364984246,-160.7066280353573,59.45293095429705
4071,198,9967.278381336653,0.9967278381336653,64,4.54828194891969,54.62626262626262,3985,4011,3028,3054,-161.84623080479133,59.77443799448343,-161.84389518505265,59.776773614222144
5182,198,9967.278381336653,0.9967278381336653,61,4.335081232564079,33.95959595959596,7251,7266,13270,13296,-160.92617629079612,59.482036369502524,-160.92384067105743,59.48338384242871
1086,198,9967.278381336653,0.9967278381336653,54,3.837612894400988,39.111111111111114,784,796,7078,7110,-161.48241311472293,60.06324635832786,-161.47953850581376,60.0643243366688
3069,198,9967.278381336653,0.9967278381336653,51,3.6244121780453775,35.63636363636363,2396,2410,1166,1194,-162.0134971106944,59.91825827147097,-162.01098182789886,59.91951591286873
3648,198,9967.278381336653,0.9967278381336653,61,4.335081232564079,35.63636363636363,2934,2945,15282,15313,-160.7454352556313,59.87019840377057,-160.7426504782505,59.871186550583104
478,198,9967.278381336653,0.9967278381336653,22,1.5634719199411433,22.0,364,374,10170,10193,-161.2046540288732,60.1011552633177,-161.20258790371972,60.10205357860182
2266,198,9967.278381336653,0.9967278381336653,33,2.345207879911715,29.171717171717173,1724,1734,5233,5261,-161.648152284643,59.978984384677446,-161.64563700184746,59.979882699961564
454,198,9967.278381336653,0.9967278381336653,27,1.918806447200494,24.747474747474747,349,361,11100,11123,-161.12111070745007,60.10232307318706,-161.1190445822966,60.103401051527996
4554,198,9967.278381336653,0.9967278381336653,43,3.055876934430416,40.90909090909091,4819,4837,4698,4725,-161.69621215234338,59.700237152015156,-161.69378670107625,59.70185411952657
1019,198,9967.278381336653,0.9967278381336653,71,5.045750287082781,56.74747474747475,741,754,6777,6817,-161.50945240477495,60.06701928252116,-161.50585914363845,60.06818709239052
2990,198,9967.278381336653,0.9967278381336653,29,2.0609402581042344,22.0,2320,2332,1169,1190,-162.01322761610916,59.925265130687094,-162.0113411540125,59.92634310902804
3977,198,9967.278381336653,0.9967278381336653,69,4.90361647617904,56.74747474747475,3800,3810,12924,12967,-160.95725799962668,59.792494131694234,-160.95339524390496,59.79339244697835
4458,198,9967.278381336653,0.9967278381336653,30,2.1320071635561044,30.727272727272727,4580,4594,7042,7067,-161.48564704974578,59.72206621341926,-161.48340126153548,59.72332385481703
473,198,9967.278381336653,0.9967278381336653,47,3.340144556237897,33.95959595959596,361,381,14467,14488,-160.81864795128703,60.100526442618815,-160.81676148919038,60.10232307318706
2855,198,9967.278381336653,0.9967278381336653,34,2.416274785363585,24.747474747474747,2213,2227,1266,1287,-162.0045139578532,59.93469744117035,-162.00262749575654,59.93595508256812
