river_id,pixel_count,area_m2,area_ha,skeleton_length,linearity_index,compactness,min_row,max_row,min_col,max_col,bbox_min_x,bbox_min_y,bbox_max_x,bbox_max_y
20,387059,19484468.70202921,1948.446870202921,79244,127.37312504936867,1157.8826483817713,0,2426,5913,14072,-161.58706684532285,59.91682096701637,-160.85413140500975,60.13475225494377
4134,83461,4201409.196892618,420.1409196892618,2382,8.245176659039599,31.444626831693846,4088,4387,3688,4199,-161.78694199603945,59.74066133980054,-161.74103808502096,59.76752096679571
3805,83401,4198388.809504335,419.83888095043346,2497,8.646352026402122,33.68036354480162,3262,3498,1889,2491,-161.94854891565257,59.82052156855876,-161.89447033554856,59.84172180926398
22,62659,3154240.889374613,315.4240889374613,11445,45.721878711937656,177.61049490097193,0,308,7858,9218,-161.41234452256163,60.10708414419289,-161.29017364392135,60.13475225494377
2049,58342,2936924.016787591,293.6924016787591,7061,29.233145962623155,41.81968393267286,1547,1855,0,473,-162.11824067282274,59.9681147697396,-162.07575035988387,59.99578288049048
1764,46412,2336370.3244171552,233.63703244171552,8727,40.50884253301552,83.44876325088339,1301,1748,5029,5566,-161.66647791643902,59.977726743279675,-161.61823838568182,60.01788143647982
954,45657,2298363.7831145837,229.83637831145836,7111,33.279515329552225,372.86453336837724,695,1035,2576,4299,-161.88683465563355,60.0417766230374,-161.73205493217975,60.07231934269746
713,45536,2292272.6685482115,229.22726685482115,2135,10.005077110655451,29.245344342937457,525,674,3433,3861,-161.8098490357845,60.07420580479411,-161.77140114162418,60.08759070252749
17,45199,2275308.159384017,227.5308159384017,7555,35.536123904080384,212.3410694926879,0,362,5160,6347,-161.65470998621706,60.102233241658645,-161.54807996199207,60.13475225494377
3191,44081,2219028.274382328,221.9028274382328,5721,27.24872768256354,151.23803906444954,2480,2793,2958,3936,-161.85251901178017,59.88385279608919,-161.7646637769933,59.91197006448213
4298,43570,2193304.641792111,219.3304641792111,1828,8.757545682469322,42.952123020426896,4326,4488,2801,3323,-161.86662256174085,59.73158835543093,-161.81973050390982,59.74614106303366
5205,43455,2187515.565964567,218.7515565964567,1423,6.826294535759689,72.25829018524911,7354,7651,10996,11585,-161.1304531864049,59.44745123106392,-161.07754241617027,59.47413119500227
1855,41729,2100629.088761602,210.0629088761602,2560,12.532017037542689,30.599822665292724,1379,1579,2649,3014,-161.88027695405947,59.9929082715813,-161.84748844618912,60.010874577263685
4400,38145,1920211.2821014477,192.02112821014478,3496,17.899982827939517,51.38288111154804,4473,4708,2701,3166,-161.87560571458206,59.7118254191803,-161.8338340538705,59.73293582835711
4797,37963,1911049.4403569866,191.10494403569865,1070,5.491658405315391,42.08560967257593,5527,5677,3152,3634,-161.83509169526826,59.62477866814912,-161.7917928985737,59.638253397410914
3662,35432,1783639.4323612137,178.36394323612137,2472,13.132597468858542,31.115940392865205,2964,3149,2995,3335,-161.84919524522894,59.851872771974534,-161.81865252556887,59.86849160473074
1188,34440,1733702.3608749209,173.3702360874921,7310,39.389984105751246,263.7687572590012,855,1299,4134,5197,-161.74687713436774,60.018061099536645,-161.65138621966582,60.05794629815155
612,32817,1652000.8820218432,165.20008820218433,7990,44.10596624773607,855.3129170856569,454,1478,14103,15728,-160.85134662762897,60.0019812559509,-160.70537039395956,60.09396874104474
1817,32762,1649232.193582583,164.9232193582583,4701,25.971979308001615,69.41163543129235,1346,1579,0,521,-162.11824067282274,59.9929082715813,-162.07143844652012,60.01383901770128
4721,31879,1604782.1591850058,160.47821591850058,1814,10.159794832382456,34.18978010602591,5217,5425,2697,3011,-161.8759650406957,59.64741621330893,-161.84775794077436,59.666101171218614
2876,31326,1576944.2554229898,157.69442554229897,2304,13.017572435319552,42.65900529911256,2231,2470,2793,3132,-161.86734121396816,59.912868379766245,-161.8368883258365,59.934338115056704
5315,31149,1568034.1126275526,156.80341126275525,4481,25.389426410421148,603.0227615653793,7718,8003,10304,12186,-161.192616604066,59.415830533062916,-161.02355366759468,59.44143251866032
3164,29823,1501283.55134648,150.128355134648,4357,25.22968891663214,105.2873285719076,2462,2631,2245,2962,-161.9165688915379,59.898405503691926,-161.85215968566652,59.91358703199354
2651,28891,1454366.867248471,145.43668672484708,2656,15.62596270960345,92.64116852999204,2049,2288,3183,3762,-161.83230691788748,59.92921771793722,-161.78029446293698,59.95068745322768
1509,28562,1437805.0764027145,143.78050764027145,2554,15.11216147842861,66.48287935018556,1087,1258,2504,3022,-161.89330252567922,60.02174419220153,-161.8467697939618,60.037105383559975
3889,28154,1417266.4421623845,141.72664421623844,2999,17.87336863168855,45.998579242736376,3481,3674,1358,1734,-161.99624945723932,59.80471121955826,-161.96247280255642,59.822048704541764
3797,26837,1350968.9389895543,135.09689389895544,1355,8.271272177621809,28.593956105376904,3247,3368,2552,2869,-161.88899061231544,59.83219966725232,-161.86051401780884,59.843069282190164
2712,23719,1194009.4743784044,119.40094743784044,2437,15.823674533596272,69.9415658332982,2099,2303,2756,3196,-161.8706649805194,59.92787024501104,-161.83113910801814,59.94619587680708
1674,23437,1179813.6536534703,117.98136536534703,3324,21.712508681357903,123.01932841233946,1228,1452,5291,5916,-161.6429420559951,60.00431687568962,-161.58679735073764,60.02443913805389
4943,22868,1151170.3132545787,115.11703132545787,1063,7.0294148213384755,40.46895224768235,6258,6395,4001,4345,-161.75882472764653,59.560279630749335,-161.7279226818728,59.57258655014177
5027,22662,1140800.316554804,114.08003165548041,672,4.463958571923655,34.95278439678757,6711,6867,4449,4738,-161.71858020291796,59.517879149338896,-161.6926188912069,59.53189286777116
2772,22428,1129020.8057404973,112.90208057404973,4362,29.126639965815393,143.18102372034957,2144,2549,6428,6919,-161.5408036081907,59.905771689021705,-161.49669632774044,59.94215345802854
3087,22007,1107827.7542327058,110.78277542327058,3120,21.03169002428031,67.63302585540964,2407,2566,760,1211,-162.04996871122964,59.9042445530387,-162.00945469191586,59.9185277660562
1882,21442,1079385.7729930328,107.93857729930328,6828,46.62951159462242,1057.580636134689,1401,2105,7303,8980,-161.46220102083024,59.94565688763661,-161.31155354768342,60.00889828363862
5362,21387,1076617.0845537728,107.66170845537728,2578,17.62820037203112,39.57544302613737,7869,8003,8144,8470,-161.3866527054358,59.415830533062916,-161.3573676271735,59.42786795787012
2921,21151,1064736.8941598563,106.47368941598563,1113,7.6529647282267765,27.164862181457142,2260,2375,3194,3458,-161.83131877107496,59.92140237496538,-161.8076032475742,59.931733000732756
2235,20020,1007802.5918907061,100.7802591890706,2687,18.9904663499297,100.15264735264735,1706,1939,2504,2979,-161.89330252567922,59.960568921352994,-161.85063254968352,59.98149966747298
4994,19891,1001308.7590058958,100.13087590058959,2888,20.47712022888305,50.8790910462018,6580,6768,4257,4572,-161.73582785637305,59.52677247065168,-161.7075309249233,59.54366079799313
2361,18883,950566.2508827273,95.05662508827274,2880,20.958345293993695,75.75152253349573,1805,1974,3459,3888,-161.8075134160458,59.95742481785857,-161.76897569035705,59.9726063461602
1635,18528,932695.6255020481,93.26956255020481,3530,25.933458260329296,286.0105785837651,1190,1618,7720,8443,-161.42474127348245,59.98940484197323,-161.35979307844062,60.027852736133546
584,17436,877724.5750352823,87.77245750352823,3116,23.597935993668504,196.28928653360862,435,662,8765,9463,-161.33086732629198,60.075283783135056,-161.26816491946045,60.09567554008457
3726,17366,874200.7897489511,87.4200789748951,2539,19.266942555443446,89.97466313486122,3093,3275,1789,2232,-161.95753206849375,59.84055399939463,-161.91773670140725,59.856903337565605
2867,17091,860357.3475526501,86.03573475526501,2557,19.559015503673468,74.97653735884384,2224,2376,4180,4594,-161.74274488406078,59.92131254343697,-161.70555463129824,59.93496693575559
826,15667,788673.4868707139,78.86734868707138,1839,14.692266845140976,101.33401416991128,601,787,7106,7550,-161.47989783192742,60.064054842083564,-161.4400126333125,60.080763506368186
2281,15182,764258.6888154196,76.42586888154196,1231,9.990645736862765,66.6602555658016,1735,1898,4900,5240,-161.67806618360416,59.96425201401789,-161.6475234639441,59.97889455314903
3286,14933,751724.0811540416,75.17240811540415,2776,22.716735909980635,322.9368512690015,2561,2781,3772,4650,-161.77939614765285,59.88493077443013,-161.70052406570716,59.90469371068076
4886,14717,740850.6865562198,74.08506865562198,766,6.314211497429691,25.449751987497454,5885,6022,4147,4316,-161.74570932449836,59.59378679084699,-161.73052779619675,59.606093710239435
1070,14624,736169.0861043799,73.61690861043799,2992,24.74164094192028,223.52735229759298,771,1028,4589,5236,-161.70600378894028,60.042405443736286,-161.64788279005776,60.065492146538155
3438,14351,722426.3234876884,72.24263234876885,3296,27.51351774998007,1871.1674447773673,2694,3127,2517,4675,-161.89213471580985,59.8538490655996,-161.69827827749685,59.89274611740197
4086,14283,719003.2177809668,71.90032177809668,1501,12.559460203675771,37.31008891689421,4017,4177,4406,4611,-161.72244295863968,59.75952596076704,-161.70402749531522,59.773899005312956
4636,14043,706921.6682278314,70.69216682278314,1736,14.64939782080278,51.69151890621662,4987,5125,2700,2988,-161.87569554611048,59.67436567183252,-161.84982406592783,59.68676242275336
1779,14030,706267.25096037,70.62672509603699,2790,23.554580162134023,529.656165359943,1312,1726,9150,10099,-161.29628218785336,59.97970303690474,-161.21103206739042,60.01689328966729
2918,14029,706216.9111705652,70.62169111705651,2761,23.310578363778532,102.64452206144415,2259,2436,6656,7079,-161.52032201971278,59.91592265173225,-161.48232328319452,59.93182283226117
319,13565,682859.2487011702,68.28592487011701,1945,16.69973988421724,46.94463693328419,251,400,15599,15849,-160.7169586611247,60.09881964357899,-160.6945007790217,60.11220454131237
3025,13450,677070.1728736262,67.70701728736262,2012,17.34869588962329,123.72490706319702,2353,2525,4834,5307,-161.68399506447935,59.90792764570359,-161.6415047515405,59.923378668590445
1699,13346,671834.8347339343,67.18348347339342,1455,12.594688568157514,105.7503371796793,1245,1413,2884,3310,-161.85916654488267,60.007820305297685,-161.82089831377917,60.02291200207089
1473,13160,662471.6338302543,66.24716338302544,1694,14.76676832649956,45.7580547112462,1059,1204,4287,4530,-161.7331329105207,60.02659509473578,-161.7113038491166,60.03962066635551
3589,12823,645507.1246660601,64.55071246660602,1596,14.094123279000552,45.75809093035951,2851,2986,2052,2300,-161.9339063765214,59.86651531110568,-161.91162815747523,59.8786425674413
2438,12733,640976.5435836344,64.09765435836344,1970,17.458255964650647,89.2449540563889,1863,2050,5799,6145,-161.59730763956182,59.950597621699266,-161.5662259307313,59.9673961175123
1300,12097,608960.4372678257,60.89604372678257,1130,10.274000988167607,102.58708770769613,940,1166,3504,3835,-161.80347099726725,60.030008692815436,-161.7737367613629,60.05031061823654
3717,11905,599295.1976253175,59.92951976253175,1217,11.15387770330317,39.99160016799664,3074,3180,1445,1684,-161.98843411426748,59.84908799459376,-161.966964378977,59.85861013660543
2510,11727,590334.7150400754,59.03347150400754,2020,18.65339586007454,32.77905687729172,1931,2047,2570,2764,-161.88737364480403,59.950867116284506,-161.8699463282921,59.96128757358029
1502,11613,584595.9790023362,58.45959790023362,3017,27.99645848609629,255.34177215189874,1081,1403,10431,10970,-161.18120799995765,60.0087186205818,-161.13278880614362,60.03764437273045
3677,11366,572162.0509205677,57.21620509205677,543,5.093261843478019,30.834418440964278,2990,3097,2529,2718,-161.89105673746892,59.85654401145195,-161.87407857859904,59.866155984992034
2216,11347,571205.5949142778,57.12055949142778,2014,18.906839556204364,347.5981316647572,1689,2067,4628,5243,-161.70250035933222,59.94907048571626,-161.64725396935887,59.983026803455985
3126,11292,568436.9064750177,56.84369064750177,1960,18.44465925924127,90.33829259652852,2435,2540,375,775,-162.08455384966825,59.90658017277741,-162.04862123830347,59.916012483260666
210,11249,566272.2955134142,56.62722955134142,1266,11.936492989018086,96.52093519423948,156,294,4616,4999,-161.70357833767318,60.10834178559065,-161.6691728622914,60.1207385365115
1447,11248,566221.9557236094,56.622195572360944,1125,10.607544652566293,41.83819345661451,1043,1193,1549,1742,-161.9790916353126,60.027583241548314,-161.9617541503291,60.0410579708101
1812,11090,558268.268934462,55.826826893446196,1024,9.723758935045185,47.004869251578,1342,1519,2446,2630,-161.8985127543271,59.998298163286016,-161.8819837530993,60.01419834381493
1954,11067,557110.4537689532,55.71104537689532,2061,19.59129015763539,235.967832294208,1467,1775,9227,9727,-161.28936516016566,59.97530129201255,-161.2444493959597,60.00296940276343
56,11047,556103.6579728586,55.610365797285866,1771,16.84986338999306,36.61591382275731,26,177,13775,13942,-160.8808113689481,60.11885207441485,-160.8658095037033,60.13241663520506
190,10961,551774.4360496518,55.177443604965184,1432,13.677852910818174,156.0864884590822,146,333,7792,8259,-161.4182734034368,60.10483835598259,-161.37632207966843,60.12163685179563
2924,10731,540196.2843945638,54.019628439456376,1601,15.455079183108243,46.976050694250304,2262,2422,457,652,-162.07718766433848,59.91718029313002,-162.05967051629816,59.931553337675936
358,10698,538535.0713310076,53.85350713310076,1849,17.87662847347376,229.23499719573752,287,399,7529,8200,-161.44189909540916,60.0989094751074,-161.38162213984472,60.10897060628954
3769,10577,532443.9567646353,53.244395676463526,966,9.392817284783849,29.227191074974,3188,3311,2910,3065,-161.85683092514395,59.837320064371795,-161.8429070382401,59.84836934236647
2632,10483,527712.0165229905,52.771201652299055,1069,10.440827301971552,43.85042449680435,2039,2146,5303,5535,-161.64186407765416,59.94197379497172,-161.62102316306257,59.9515857685118
893,10386,522829.0569119317,52.28290569119317,921,9.037232824435268,35.59252840362026,656,743,5500,5717,-161.624167266557,60.06800742933369,-161.60467382489162,60.07582277230553
1986,10264,516687.6025557546,51.66876025557546,1530,15.101952819273833,94.71901792673421,1493,1681,3313,3618,-161.82062881919393,59.98374545568328,-161.7932302030283,60.000633783024725
3683,10257,516335.2240271215,51.63352240271215,1125,11.10816557752928,68.46485327093693,2997,3157,1162,1421,-162.01385643680806,59.851154119747235,-161.99059007094937,59.86552716429315
3038,10191,513012.79790000926,51.301279790000926,1957,19.385741836637713,181.4934746344814,2366,2552,3767,4261,-161.7798453052949,59.905502194436465,-161.7354685302594,59.922210858721094
3006,10162,511552.94399567205,51.155294399567204,912,9.047013597234045,86.95138752214132,2336,2491,5374,5689,-161.6354860391369,59.910981917669595,-161.60718910768713,59.92490580457345
5365,10003,503548.9174167199,50.35489174167199,698,6.978953235516122,34.79956013196041,7885,7985,3422,3617,-161.81083718259703,59.41744750057433,-161.7933200345567,59.42643065341553
2926,9847,495695.91020718194,49.56959102071819,1551,15.630030621063913,51.19325682949122,2264,2358,2132,2393,-161.92671985424846,59.922929510948386,-161.90327382533295,59.93137367461911
4284,9531,479788.53662888706,47.9788536628887,1296,13.275037811440844,98.3132934634351,4297,4392,3313,3702,-161.82062881919393,59.74021218215847,-161.7856843546417,59.74874617735761
3547,9521,479285.13873083977,47.92851387308398,1937,19.851271912247274,119.80086125406996,2795,2882,3971,4418,-161.76151967349887,59.87585779006052,-161.72136498029874,59.88367313303236
3734,9472,476818.489030408,47.681848903040795,1508,15.494604553529925,71.68243243243244,3111,3222,2195,2496,-161.9210604679585,59.84531507040046,-161.8940211779065,59.85528637005419
2062,9412,473798.1016421241,47.379810164212415,1864,19.213432048978717,86.82702932426689,1555,1644,2344,2707,-161.9076755702251,59.98706922223452,-161.87506672541159,59.99506422826318
860,9365,471432.1315213018,47.14321315213018,2037,21.049274811770633,208.09567538707955,627,800,8809,9334,-161.32691473904185,60.062887032214206,-161.27975318662558,60.07842788662948
1923,9312,468764.1226616511,46.87641226616511,1928,19.979542802181246,179.81486254295532,1439,1625,5618,6079,-161.6135671462044,59.98877602127435,-161.57215481160648,60.00548468555897
2982,9233,464787.2792670774,46.47872792670774,805,8.37769340438417,48.90978013646702,2312,2453,2307,2502,-161.91099933677637,59.91439551574925,-161.89348218873604,59.92706176125534
1612,9123,459249.902388557,45.9249902388557,957,10.019431958489417,87.60670831963171,1170,1419,4510,4708,-161.71310047968484,60.00728131612721,-161.69531383705927,60.02964936670178
2545,8979,452000.9726566758,45.20009726566758,1513,15.967059447972241,80.46553068270408,1960,2085,3044,3344,-161.84479350033675,59.94745351820485,-161.81784404181317,59.958682459256345
5291,8662,436043.2592885762,43.60432592885762,1889,20.2965801555944,375.71184483952896,7627,7981,4159,4707,-161.74463134615743,59.41780682668798,-161.6954036685877,59.44960718774581
3255,8652,435539.8613905289,43.55398613905289,606,6.514999230943589,57.93619972260749,2530,2657,5173,5400,-161.6535421763477,59.89606988395321,-161.6331504193982,59.90747848806153
2403,8516,428693.64997708553,42.86936499770855,401,4.345367844075895,29.122123062470642,1839,1908,2442,2622,-161.89887208044075,59.96335369873376,-161.8827024053266,59.96955207419419
1003,8499,427837.87355040514,42.783787355040516,896,9.719056236282132,47.29450523591011,730,858,678,867,-162.05733489655944,60.057676803566316,-162.04035673768956,60.06917523920305
4977,8258,415705.9842074651,41.57059842074651,1411,15.527072272620066,87.07968031000242,6487,6567,4290,4634,-161.73286341593547,59.54482860786248,-161.70196137016174,59.55201513013544
5257,8158,410672.005226992,41.0672005226992,1379,15.267657740646113,59.03848982593773,7527,7641,3472,3705,-161.80634560617645,59.44834954634804,-161.78541486005645,59.45859034058701
2451,8131,409312.8309022643,40.93128309022643,1359,15.071187614164339,55.20846144385684,1873,2038,6162,6332,-161.5646987947483,59.95167560004021,-161.54942743491824,59.96649780222818
3745,8118,408658.4136348028,40.86584136348028,975,10.821316320945437,77.26829268292683,3140,3305,3722,3953,-161.78388772407345,59.83785905354227,-161.76313664101028,59.85268125573024
4583,7881,396727.88345108164,39.67278834510817,969,10.915235577844049,54.271792919680244,4904,5028,2615,2818,-161.8833312260255,59.683079330088475,-161.86509542575786,59.694218439611554
685,7864,395872.1070244012,39.58721070244012,490,5.525534916543097,43.66683621566633,503,604,5015,5207,-161.6677355578368,60.08049401178295,-161.6504879043817,60.089566996152556
329,7798,392549.680897289,39.2549680897289,436,4.937360904439991,29.79276737625032,267,346,478,640,-162.07530120224183,60.103670546113236,-162.06074849463909,60.110767236857775
104,7744,389831.33224783355,38.98313322478335,1807,20.53409090909091,80.18388429752066,68,253,14663,14872,-160.8010409717183,60.112024878255546,-160.78226618228018,60.128643711011755
3568,7634,384293.9553693132,38.42939553693132,1253,14.34085329943929,78.8807964369924,2820,2978,2675,2905,-161.87794133432075,59.86723396333298,-161.85728008278602,59.881427344822065
3414,7628,383991.9166304848,38.399191663048484,1149,13.155721966162485,95.16308337703198,2674,2922,341,519,-162.08760812163425,59.87226452892405,-162.07161810957695,59.89454274797021
4676,7608,382985.12083439017,38.298512083439014,2207,25.3027125181892,516.3412197686646,5041,5235,3162,3959,-161.83419337998416,59.664484203707204,-161.76259765183983,59.68191152021912
759,7455,375283.1329942664,37.52831329942664,823,9.531823925008133,102.9344064386318,554,683,6657,6966,-161.52023218818437,60.07339732103841,-161.49247424590507,60.08498558820355
4957,7442,374628.7157268049,37.46287157268049,810,9.389450701001696,71.21526471378661,6381,6445,4050,4350,-161.75442298275433,59.55578805432874,-161.72747352423073,59.561537272147106
1941,7407,372866.8230836393,37.28668230836393,1092,12.688242373638646,228.865127582017,1449,1582,3757,4275,-161.78074362057905,59.99263877699606,-161.73421088886164,60.00458637027485
4493,7384,371709.00791813055,37.170900791813054,678,7.890124386761586,68.65438786565547,4665,4789,5019,5251,-161.66737623172315,59.704549065378934,-161.64653531713157,59.71568817490201
1490,7281,366524.0095682433,36.65240095682433,1446,16.94621754982458,100.6367257244884,1069,1232,8438,8703,-161.36024223608268,60.02407981194025,-161.33643688105352,60.03872235107139
4975,7160,360432.8950018709,36.043289500187086,606,7.161699807593042,36.61229050279329,6473,6561,4044,4212,-161.7549619719248,59.54536759703295,-161.7398702751516,59.5532727715332
2464,7146,359728.1379446047,35.97281379446047,992,11.734920890996246,41.71788413098237,1893,1966,3912,4112,-161.7668197336752,59.95814347008587,-161.7488534279928,59.96470117165995
1391,6920,348351.3454487356,34.835134544873554,453,5.445592692148957,25.491329479768787,1006,1073,4194,4337,-161.741487242663,60.03836302495775,-161.7286413341001,60.04438173736135
5,6880,346337.75385654636,34.63377538565464,707,8.523641881862034,50.93953488372093,0,55,3212,3453,-161.82970180356355,60.12981152088111,-161.80805240521627,60.13475225494377
3464,6841,344374.50205416186,34.437450205416184,805,9.732761589130554,54.749890366905426,2720,2796,1963,2193,-161.94190138255007,59.883583301503954,-161.92124013101534,59.89041049766326
2932,6836,344122.8031051382,34.41228031051382,1410,17.05367906267881,133.1357519016969,2269,2404,7108,7450,-161.4797181688706,59.91879726064143,-161.4489957861537,59.93092451697705
1591,6726,338585.4262266178,33.85854262266178,2139,26.08148727719614,328.30746357418974,1148,1420,6968,7439,-161.49229458284825,60.0071914845988,-161.44998393296623,60.031625660326846
3229,6681,336320.13568540494,33.63201356854049,1036,12.674738839125007,256.07903008531656,2509,2641,5415,5937,-161.63180294647202,59.89750718840781,-161.58491088864096,59.909364950158185
2077,6675,336018.09694657655,33.60180969465765,1202,14.712241075144993,461.95295880149814,1570,1942,5016,5522,-161.6676457263084,59.96029942676776,-161.62219097293195,59.993716755337005
3905,6647,334608.5828320441,33.46085828320441,1305,16.006547667322504,127.33564013840831,3549,3694,1803,2118,-161.956274427096,59.80291458899002,-161.92797749564622,59.81594016060975
4273,6583,331386.83628454135,33.13868362845413,1330,16.392293198872093,289.29059699225274,4282,4511,5027,5488,-161.66665757949585,59.72952223027745,-161.62524524489794,59.75009365028379
2137,6358,320060.38357847696,32.00603835784769,1631,20.454727551529448,136.61906259830135,1619,1868,10754,10971,-161.1521924162806,59.96694695987024,-161.1326989746152,59.98931501044482
1358,6343,319305.286731406,31.9305286731406,1136,14.26365992038692,129.98013558253191,977,1159,4876,5148,-161.68022214028605,60.030637513514314,-161.65578796455802,60.04698685168529
1530,6337,319003.2479925776,31.90032479925776,1047,13.152394538232066,311.0645415811898,1105,1285,3306,3828,-161.82125763989282,60.01931874093441,-161.7743655820618,60.035488416048565
3031,6203,312257.7161587437,31.225771615874372,615,7.808618857004987,33.816540383685314,2358,2452,2464,2599,-161.8968957868157,59.91448534727766,-161.88476853048007,59.922929510948386
2700,6189,311552.9591014775,31.155295910147753,746,9.482625214898583,48.87703990951688,2087,2190,4778,4950,-161.68902563007043,59.9380212077216,-161.67357460718358,59.947273855148026
3850,6188,311502.61931167275,31.150261931167275,1159,14.733579928342197,76.49385908209437,3392,3509,3343,3570,-161.8179338733416,59.81953342174623,-161.79754211639207,59.83004371057043
4533,6173,310747.52246460185,31.074752246460186,1112,14.153265340976438,267.0753280414709,4770,4917,4791,5286,-161.68785782020106,59.6930506297422,-161.64339121363716,59.70625586441876
2061,6169,310546.1633053829,31.054616330538288,533,6.786093261989182,41.17620359863835,1553,1671,2771,2905,-161.86931750759322,59.984643770967395,-161.85728008278602,59.99524389132001
5192,6048,304455.04873901047,30.445504873901047,871,11.199851484748505,66.04232804232804,7291,7370,9426,9663,-161.27148868601168,59.47269389054768,-161.25019861377805,59.47979058129223
4066,6012,302642.8163060402,30.26428163060402,566,7.299732493572025,45.32335329341317,3979,4062,5007,5185,-161.66845421006408,59.769856586534424,-161.65246419800675,59.77731260339261
1650,5960,300025.1472361942,30.002514723619424,967,12.525738601646552,160.48389261744967,1203,1359,3254,3587,-161.82592887937025,60.01267120783193,-161.79601498040907,60.02668492626419
2248,5915,297759.85669498134,29.775985669498134,1029,13.379441971009902,440.40507185122567,1712,2074,6851,7296,-161.50280487167245,59.948441665017384,-161.46282984152913,59.98096067830251
673,5841,294034.7122494313,29.40347122494313,358,4.684243076140529,28.779318609827083,497,586,4781,4897,-161.6887561354852,60.08211097929436,-161.6783356781894,60.09010598532303
117,5789,291417.0431795853,29.14170431795853,755,9.923049935414461,65.1228191397478,81,149,4645,4884,-161.70097322334922,60.12136735721039,-161.67950348805877,60.127475901142404
3859,5766,290259.2280140765,29.02592280140765,1698,22.361470877665788,339.9236906000694,3414,3596,6817,7335,-161.50585914363845,59.81171807877439,-161.45932641192107,59.828067416945366
4555,5739,288900.05368934874,28.890005368934876,1271,16.777507366750463,417.5473078933612,4824,4961,5120,5757,-161.65830324735353,59.68909804249208,-161.60108056375512,59.70140496188451
4161,5738,288849.71389954403,28.884971389954405,1150,15.181600832392101,139.9121645172534,4135,4221,5531,5893,-161.62138248917623,59.75557337351692,-161.5888634758911,59.76329888496035
2180,5731,288497.3353709109,28.849733537091087,534,7.053847281639459,36.282673180945736,1660,1736,16537,16689,-160.6326966874743,59.97880472162062,-160.61904229515568,59.985631917779926
3943,5728,288346.31600149674,28.834631600149674,664,8.773372614856052,44.3463687150838,3686,3762,1808,1984,-161.95582526945392,59.796806045058005,-161.94001492045342,59.80363324121731
2352,5710,287440.1997850116,28.744019978501157,1406,18.606610504491393,185.07600700525393,1795,1969,763,1103,-162.04969921664443,59.95787397550064,-162.01915649698435,59.973504661444316
4232,5703,287087.82125637843,28.708782125637843,1291,17.095214580814392,108.88023847098019,4234,4357,14039,14310,-160.85709584544733,59.743356285652894,-160.8327515012477,59.754405563647566
3453,5667,285275.5888234081,28.527558882340813,779,10.34810558596506,52.991706370213514,2713,2823,576,740,-162.06649771245745,59.88115785023683,-162.0517653417979,59.89103931836215
197,5664,285124.5694539939,28.512456945399393,451,5.992594888929575,30.260593220338983,150,246,8284,8395,-161.37407629145812,60.11265369895443,-161.3641049918044,60.121277525681975
1108,5660,284923.210294775,28.492321029477502,442,5.875083639732424,71.46572438162544,802,903,5838,6055,-161.59380420995376,60.05363438478778,-161.57431076828837,60.06270736915739
1697,5614,282607.5799637574,28.26075799637574,1116,14.894570707189867,225.84182401140006,1243,1554,10841,11093,-161.14437707330876,59.995154059791595,-161.12173952814896,60.023091665127716
1619,5438,273747.7769581248,27.374777695812483,1009,13.682692428222067,188.331004045605,1174,1387,9579,9872,-161.25774446216465,60.01015592503639,-161.23142382433994,60.02929004058814
2902,5425,273093.35969066335,27.309335969066336,652,8.852128802259783,61.582304147465436,2250,2335,3947,4151,-161.76367563018076,59.92499563610186,-161.7453499983847,59.93263131601688
2276,5412,272438.94242320186,27.243894242320188,752,10.222072259148293,185.51441241685143,1732,1950,4332,4615,-161.72909049174217,59.95958077454046,-161.70366816920156,59.979164047734265
4243,5405,272086.56389456877,27.208656389456877,997,13.561174650794202,81.08122109158187,4249,4358,2337,2559,-161.908304390924,59.74326645412448,-161.88836179161655,59.75305809072138
2561,5395,271583.1659965214,27.158316599652142,717,9.761654473179917,68.06969416126043,1970,2043,3480,3710,-161.80562695394914,59.95122644239815,-161.78496570241438,59.957784143972226
377,5368,270223.9916717937,27.02239916717937,563,7.684261597839043,94.4381520119225,300,385,7257,7528,-161.4663332711372,60.10016711650517,-161.44198892693757,60.10780279642018
908,5196,261565.54782538005,26.156554782538006,830,11.514458561570658,106.5311778290993,661,719,8556,8870,-161.34964211573006,60.07016338601558,-161.32143501580873,60.07537361466347
2097,5192,261364.18866616112,26.13641886661611,976,13.545108112342202,345.83975346687214,1590,1762,3672,4170,-161.78837930049406,59.97646910188191,-161.7436431993449,59.99192012476877
889,5192,261364.18866616112,26.13641886661611,778,10.797227573158025,52.080123266563945,653,735,2585,2763,-161.88602617187783,60.06872608156098,-161.8700361598205,60.07609226689077
4706,5167,260105.69392104287,26.010569392104287,1002,13.939541551172365,219.10121927617573,5147,5294,7002,7387,-161.48924031088225,59.659184143530894,-161.45465517244364,59.672389378207455
5299,5139,258696.1798065104,25.86961798065104,683,9.527553471422113,36.99085425179996,7651,7726,8861,9004,-161.32224349956442,59.44071386643303,-161.30939759100153,59.44745123106392
656,5129,258192.7819084631,25.819278190846312,596,8.322042132811191,43.0688243322285,482,554,6765,6928,-161.51053038311588,60.08498558820355,-161.49588784398472,60.09145345824921
2369,5117,257588.70443080633,25.75887044308063,734,10.260968430357165,54.481923001758844,1813,1928,7112,7261,-161.47935884275694,59.961557068165526,-161.46597394502356,59.9718876939329
1053,5091,256279.86989588334,25.627986989588333,722,10.118954638588118,62.0396778628953,765,873,3444,3617,-161.80886088897196,60.05632933064014,-161.7933200345567,60.06603113570863
5255,5032,253309.82229740423,25.330982229740425,949,13.378144920960906,80.38473767885533,7517,7624,9048,9259,-161.3054450037514,59.449876682331045,-161.28649055125646,59.45948865587113
825,5027,253058.12334838058,25.30581233483806,606,8.547088120358842,48.54505669385319,601,680,5264,5432,-161.64536750726222,60.07366681562364,-161.63027581048902,60.080763506368186
3129,4913,247319.3873106413,24.73193873106413,845,12.055447244453022,199.4911459393446,2439,2643,7266,7557,-161.4655247873815,59.89732752535098,-161.4393838126136,59.91565315714702
2938,4835,243392.88370587231,24.33928837058723,820,11.79276415658972,258.5158221302999,2272,2444,6872,7259,-161.5009184095758,59.91520399950496,-161.4661536080804,59.93065502239182
5012,4828,243040.5051772392,24.30405051772392,1246,17.93223458698103,50.13753106876553,6622,6699,5814,5983,-161.59596016663565,59.5329708461121,-161.58077863833404,59.53988787379982
5126,4824,242839.14601802028,24.283914601802028,319,4.592900462674232,65.94029850746269,7014,7094,16494,16696,-160.636559443196,59.49748739238938,-160.6184134744568,59.50467391466234
4821,4822,242738.4664384108,24.27384664384108,544,7.834031196943946,38.70261302364164,5591,5661,3922,4068,-161.76592141839106,59.62621597260371,-161.75280601524292,59.632504179592544
558,4810,242134.38896075406,24.213438896075406,340,4.902373306192016,41.35467775467775,416,503,8215,8351,-161.38027466691855,60.089566996152556,-161.36805757905452,60.0973823391244
1922,4781,240674.53505641688,24.067453505641687,654,9.458415242955777,82.4898556787283,1439,1513,1191,1431,-162.0112513224841,59.99883715245649,-161.98969175566523,60.00548468555897
4833,4750,239114.0015724702,23.91140015724702,573,8.313957826260733,62.76126315789474,5649,5715,3459,3666,-161.8075134160458,59.621365070069466,-161.7889182896645,59.627293950944654
2136,4748,239013.32199286076,23.901332199286077,855,12.408256416423036,268.93428812131424,1619,1785,8435,8834,-161.36051173066792,59.974402976728435,-161.32466895083155,59.98931501044482
196,4726,237905.84661715667,23.790584661715666,359,5.222128929314176,38.03977994075328,150,229,3653,3786,-161.79008609953388,60.114180834937436,-161.7781385062551,60.121277525681975
42,4721,237654.14766813302,23.7654147668133,511,7.437104774751336,37.721669137894516,14,87,451,589,-162.07772665350893,60.12693691197193,-162.0653299025881,60.133494613546006
30,4685,235841.91523516274,23.584191523516274,757,11.059642325461034,55.083030949839916,7,72,2718,2907,-161.87407857859904,60.12828438489811,-161.8571004197292,60.134123434244884
3267,4671,235137.1581778965,23.51371581778965,787,11.515155279597925,56.121601370156284,2541,2612,768,953,-162.04925005900236,59.90011230273175,-162.03263122624614,59.906490341249
3757,4671,235137.1581778965,23.51371581778965,360,5.267415375673766,30.914151145365018,3164,3260,9399,9493,-161.2739141372788,59.84190147232081,-161.26546997360808,59.85052529904835
1382,4604,231764.39226097954,23.176439226097955,1174,17.302164606975655,148.9105125977411,996,1092,10879,11197,-161.1409634752291,60.036656225917916,-161.1123970491941,60.04528005264547
3254,4555,229297.74256054775,22.929774256054774,299,4.430237385635731,26.587047200878157,2530,2613,4787,4878,-161.6882171463147,59.900022471203336,-161.68004247722922,59.90747848806153
724,4548,228945.36403191465,22.894536403191466,752,11.150840726179155,135.1486367634125,532,601,8325,8648,-161.37039319879324,60.080763506368186,-161.3413776151162,60.086961881828614
630,4516,227334.49075816327,22.733449075816328,525,7.812361601962806,40.943312666076174,464,553,10229,10355,-161.19935396869687,60.08507541973196,-161.18803519611697,60.09307042576062
884,4485,225773.9572742166,22.57739572742166,721,10.765991709103742,32.877591973244144,649,715,1694,1820,-161.9660660636929,60.070522712129225,-161.954747291113,60.076451593004414
4937,4447,223861.04526163684,22.386104526163685,822,12.326456652995198,119.17787272318417,6191,6341,3893,4107,-161.76852653271501,59.56513053328358,-161.74930258563484,59.57860526254537
471,4441,223559.00652280846,22.355900652280845,700,10.504071116489344,186.46701193424903,360,567,2021,2269,-161.9366911539022,60.08381777833419,-161.91441293485602,60.102412904715464
2082,4440,223508.66673300375,22.350866673300374,665,9.979991243744916,33.55765765765766,1575,1643,1923,2048,-161.94549464368654,59.98715905376293,-161.93426570263506,59.993267597694945
4404,4439,223458.326943199,22.3458326943199,716,10.746584299943486,55.421491326875426,4480,4577,5065,5216,-161.6632439814162,59.723593349402265,-161.649679420626,59.73230700765822
171,4405,221746.77408983817,22.17467740898382,364,5.484391224699589,32.78093076049943,136,220,5123,5229,-161.65803375276832,60.11498931869314,-161.64851161075663,60.12253516707975
4265,4403,221646.0945102287,22.16460945102287,821,12.372823405671623,117.08471496706791,4272,4354,2630,2907,-161.8819837530993,59.74362578023813,-161.8571004197292,59.75099196556791
516,4371,220035.22123647731,22.00352212364773,618,9.347555918378896,56.283687943262414,389,472,8869,9034,-161.32152484733714,60.09235177353333,-161.30670264514916,60.09980779039152
1741,4314,217165.85321760768,21.716585321760768,919,13.991859677242012,43.26008344923505,1281,1351,13033,13179,-160.94746636302978,60.01338986005922,-160.9343509598816,60.01967806704806
4074,4267,214799.88309678534,21.479988309678536,617,9.445475863912742,57.19146941645184,3992,4069,5390,5560,-161.63404873468232,59.76922776583554,-161.61877737485227,59.77614479352326
3248,4266,214749.54330698063,21.474954330698065,290,4.440047051021378,24.304735114861696,2524,2592,5886,5979,-161.58949229658998,59.90190893329999,-161.58113796444766,59.908017477232
4736,4263,214598.52393756644,21.459852393756645,517,7.918316864444856,191.69974196575183,5311,5349,6882,7296,-161.50002009429167,59.654243409468236,-161.46282984152913,59.65765700754789
3390,4246,213742.747510886,21.3742747510886,736,11.295041200590347,324.6057465850212,2652,2741,4091,4589,-161.75073989008945,59.88852403556661,-161.70600378894028,59.896519041595276
2034,4211,211980.85486772042,21.198085486772044,782,12.050751540093811,129.33839943006413,1534,1686,4599,4816,-161.70510547365618,59.98329629804122,-161.6856120319908,59.99695069035984
1514,4204,211628.47633908733,21.162847633908733,670,10.3334049494669,61.86964795432921,1092,1217,7405,7535,-161.45303820493223,60.025427284866424,-161.44136010623868,60.036656225917916
3675,4183,210571.34075318798,21.057134075318796,362,5.597120259527885,40.974420272531674,2986,3055,1586,1724,-161.97576786876138,59.86031693564526,-161.96337111784052,59.86651531110568
2027,4174,210118.2826449454,21.01182826449454,363,5.618629598267708,46.38236703402013,1529,1615,2813,2947,-161.86554458339992,59.989674336558465,-161.85350715859272,59.9973998480019
2547,4156,209212.16642846024,20.921216642846023,498,7.724877004543336,41.6400384985563,1960,2013,16566,16721,-160.63009157315034,59.95392138825051,-160.61616768624648,59.958682459256345
5256,4146,208708.76853041296,20.870876853041295,311,4.829984534446341,44.18330921369995,7520,7590,16238,16382,-160.65955631446946,59.45293095429705,-160.64662057437815,59.45921916128589
774,4145,208658.42874060821,20.86584287406082,863,13.40443546850041,49.28926417370326,563,668,217,338,-162.09874723115735,60.074744793964584,-162.0878776162195,60.08417710444784
3391,4135,208155.03084256093,20.815503084256093,951,14.789134545489635,107.91390568319225,2652,2710,10093,10369,-161.2115710565609,59.89130881294738,-161.1867775547192,59.896519041595276
4952,4102,206493.8177790048,20.64938177790048,250,3.903392116432451,32.65626523647001,6336,6396,4321,4444,-161.7300786385547,59.56018979922092,-161.71902936056003,59.56557969092564
791,4088,205789.06072173858,20.578906072173858,641,10.025420234614918,39.13894324853229,583,694,62,151,-162.1126711180612,60.072409174225875,-162.10467611203254,60.0823804738796
3718,4082,205487.0219829102,20.54870219829102,603,9.438018231761747,38.80548750612445,3075,3128,14147,14293,-160.84739404037884,59.853759234071184,-160.8342786372307,59.858520305077015
3243,4044,203574.10997033044,20.357410997033043,779,12.249881405994499,198.52027695351137,2518,2700,9512,9778,-161.26376317456825,59.8922071282315,-161.23986798801067,59.90855646640247
3774,4033,203020.3722824784,20.30203722824784,606,9.542419681071461,64.49293330027275,3193,3295,3502,3655,-161.80365066032408,59.838757368826386,-161.78990643647705,59.84792018472441
181,4011,201912.89690677432,20.191289690677433,440,6.94746464699114,79.30590875093493,142,231,3864,4057,-161.77113164703894,60.11400117188061,-161.75379416205544,60.121996177909274
1485,4004,201560.51837814122,20.156051837814122,749,11.836812909737986,63.94505494505494,1067,1142,1864,2042,-161.95079470386287,60.03216464949732,-161.93480469180554,60.03890201412822
3766,3984,200553.72258204658,20.05537225820466,413,6.5432028866652345,36.24497991967871,3176,3228,3442,3580,-161.8090405520288,59.84477608122999,-161.79664380110796,59.84944732070741
25,3974,200050.3246839993,20.00503246839993,509,8.074280839304997,66.99949672873679,0,48,9493,9703,-161.26546997360808,60.13044034158,-161.24660535264155,60.13475225494377
1346,3953,198993.18909809995,19.899318909809995,456,7.252728753641159,63.243106501391345,970,1063,1177,1334,-162.01250896388186,60.039261340241865,-161.9984054139212,60.047615672384175
4317,3947,198691.15035927156,19.869115035927155,264,4.202138512355408,33.200912085127946,4350,4422,2348,2457,-161.90731624411148,59.73751723630612,-161.89752460751458,59.74398510635178
1054,3944,198540.13098985737,19.854013098985735,436,6.942534332753453,56.00912778904665,765,880,7860,7980,-161.4121648595048,60.05570050994125,-161.40138507609535,60.06603113570863
958,3942,198439.45141024792,19.84394514102479,459,7.310622783282697,45.176052765093864,698,816,7624,7717,-161.43336510021,60.061449727759616,-161.4250107680677,60.07204984811223
4144,3931,197885.71372239589,19.788571372239588,475,7.57603701218335,84.98702620198422,4100,4155,14921,15155,-160.777864437388,59.761502254392106,-160.7568438597396,59.76644298845476
3866,3855,194059.88969723636,19.405988969723637,471,7.585927992140811,60.766796368352786,3436,3514,2487,2651,-161.89482966166221,59.81908426410417,-161.88009729100264,59.8260911233203
682,3854,194009.54990743162,19.400954990743163,879,14.159014284954162,84.89465490399584,501,571,3025,3241,-161.84650029937657,60.08345845222055,-161.8270966892396,60.08974665920938
1184,3826,192600.03579289917,19.26000357928992,506,8.180465812505185,30.92943021432305,853,923,1194,1296,-162.01098182789886,60.05183775421954,-162.00181901200085,60.058125961208376
1009,3819,192247.65726426605,19.224765726426604,647,10.469584621519564,61.84760408483896,734,813,9180,9344,-161.29358724200102,60.061719222344855,-161.27885487134145,60.068815913089395
4597,3817,192146.9776846566,19.21469776846566,592,9.58209840812884,82.15876342677495,4920,5033,3155,3322,-161.83482220068302,59.682630172446416,-161.81982033543824,59.69278113515696
554,3807,191643.57978660928,19.164357978660927,537,8.703277826041042,88.36354084581035,415,498,137,344,-162.1059337534303,60.090016153794615,-162.08733862704904,60.09747217065281
1100,3776,190083.04630266264,19.008304630266263,857,13.946487088820758,134.25423728813558,795,929,1512,1734,-161.98241540186388,60.05129876504907,-161.96247280255642,60.063336189856265
2610,3727,187616.39660223085,18.761639660223086,602,9.860905455344795,62.3353903944191,2022,2068,3721,3916,-161.78397755560187,59.94898065418785,-161.76646040756154,59.9531129044948
69,3719,187213.678283793,18.7213678283793,647,10.609408985482757,166.96531325625168,43,193,806,1050,-162.04583646092271,60.11741476996026,-162.0239175679902,60.13088949922206
1667,3716,187062.65891437882,18.70626589143788,1020,16.73255723058206,542.6264800861142,1221,1353,15492,16070,-160.72657063466477,60.0132101970024,-160.67464801124265,60.02506795875278
1137,3704,186458.58143672204,18.645858143672204,524,8.609854216700151,49.45572354211663,815,886,1697,1840,-161.96579656910765,60.05516152077078,-161.95295066054476,60.06153955928803
3421,3698,186156.54269789366,18.615654269789367,284,4.670193624580919,25.987020010816657,2680,2737,3169,3267,-161.83356455928526,59.88888336168026,-161.82476106950088,59.89400375879974
1949,3679,185200.08669160376,18.520008669160376,917,15.118351616024713,263.18456102201685,1461,1616,10432,10769,-161.18111816842926,59.98958450503005,-161.15084494335443,60.003508391933906
2822,3679,185200.08669160376,18.520008669160376,885,14.590775550907164,243.2497961402555,2185,2381,6901,7178,-161.49831329525185,59.92086338579491,-161.47342996188175,59.938470365363656
3770,3658,184142.95110570444,18.414295110570443,420,6.944283456004073,43.73974849644615,3189,3269,1118,1238,-162.01780902405818,59.8410929885651,-162.00702924064873,59.848279510838054
1,3655,183991.93173629025,18.399193173629026,679,11.231197998500967,84.57893296853625,0,71,163,370,-162.10359813369158,60.12837421642652,-162.08500300731032,60.13475225494377
3561,3654,183941.5919464855,18.39415919464855,259,4.284651391641183,27.327859879584018,2811,2881,5703,5791,-161.60593146628938,59.875947621588935,-161.59802629178913,59.88223582857777
2171,3634,182934.7961503909,18.29347961503909,762,12.640449265055993,76.71546505228399,1655,1745,1585,1759,-161.9758577002898,59.977996237864915,-161.96022701434612,59.986081075421986
4616,3599,181172.90350722533,18.117290350722534,389,6.484233983936183,38.86524034454015,4954,5042,3296,3395,-161.82215595517695,59.681821688690704,-161.81326263386416,59.689726863190955
1169,3589,180669.505609178,18.0669505609178,565,9.431086294147494,39.81164669824464,837,886,13768,13908,-160.88144018964698,60.05516152077078,-160.8688637756693,60.059563265662966
4188,3582,180317.12708054492,18.031712708054492,744,12.43111673650372,154.53266331658293,4175,4321,2911,3137,-161.85674109361554,59.74659022067573,-161.83643916819443,59.75970562382387
2627,3547,178555.23443737935,17.855523443737933,304,5.104379894531425,26.39864674372709,2035,2098,2858,2948,-161.86150216462138,59.946285708335495,-161.8534173270643,59.951945094625444
43,3539,178152.51611894148,17.815251611894148,532,8.942755374778718,60.835264198926254,14,109,2964,3101,-161.85198002260972,60.12496061834687,-161.83967310321728,60.133494613546006
3597,3535,177951.15695972258,17.795115695972257,640,10.76428691096423,46.17142857142857,2867,2939,3865,3995,-161.77104181551053,59.870737392941045,-161.75936371681698,59.877205262986706
4528,3512,176793.34179421377,17.679334179421378,678,11.44069585471492,45.10364464692483,4748,4802,4638,4783,-161.70160204404812,59.703381255509576,-161.68857647242837,59.70823215804382
1610,3497,176038.2449471428,17.60382449471428,446,7.542008934652266,110.63311409779811,1169,1284,8422,8618,-161.36167954053727,60.01940857246282,-161.34407256096853,60.029739198230196
1226,3496,175987.90515733807,17.598790515733807,438,7.407785501834535,49.97826086956522,883,937,10976,11131,-161.13224981697314,60.05058011282177,-161.1183259300693,60.055431015356014
2715,3486,175484.50725929078,17.54845072592908,612,10.365439729781771,37.177280550774526,2104,2189,1247,1342,-162.00622075689304,59.93811103925,-161.9976867616939,59.94574671916502
2789,3479,175132.12873065766,17.513212873065765,477,8.087069299406686,54.64098878988215,2162,2250,2015,2145,-161.93723014307264,59.93263131601688,-161.9255520443791,59.94053649051713
518,3448,173571.59524671102,17.3571595246711,792,13.487813525145398,142.11136890951275,389,442,15827,16124,-160.69647707264676,60.095046719385685,-160.66979710870842,60.09980779039152
4139,3447,173521.25545690628,17.352125545690626,670,11.41180024353631,90.97766173484189,4096,4168,5078,5286,-161.66207617154686,59.760334444522755,-161.64339121363716,59.766802314568416
3070,3395,170903.5863870603,17.09035863870603,611,10.486276886746225,63.963475699558174,2396,2443,3211,3397,-161.82979163509196,59.915293831033374,-161.81308297080733,59.91951591286873
3104,3394,170853.24659725555,17.085324659725554,329,5.647288553133893,60.72952268709487,2420,2486,4580,4741,-161.706812272696,59.911431075311654,-161.69234939662167,59.91735995618684
102,3392,170752.5670176461,17.07525670176461,480,8.241633836921341,62.925707547169814,68,144,4347,4502,-161.72774301881597,60.12181651485245,-161.71381913191212,60.128643711011755
2930,3390,170651.88743803665,17.065188743803663,910,15.629372544529522,206.16401179941002,2268,2478,1829,2037,-161.95393880735728,59.91214972753895,-161.93525384944758,59.931014348505464
2703,3380,170148.48953998933,17.014848953998932,676,11.627553482998906,118.92189349112427,2090,2185,3466,3688,-161.8068845953469,59.938470365363656,-161.78694199603945,59.94700436056279
1904,3378,170047.80996037988,17.004780996037987,621,10.684686340856556,66.51154529307283,1425,1484,2067,2245,-161.93255890359524,60.00144226678043,-161.9165688915379,60.00674232695674
1631,3373,169796.11101135623,16.979611101135625,633,10.899223025316461,238.0124518233027,1187,1322,3364,3677,-161.81604741124494,60.01599497438317,-161.787930142852,60.028122230718786
3915,3344,168336.25710701902,16.833625710701902,502,8.681016521519236,76.5657894736842,3590,3692,14574,14725,-160.80903597774696,59.80309425204684,-160.79547141695673,59.81225706794486
2474,3332,167732.17962936228,16.77321796293623,604,10.46367982299608,58.103241296518604,1901,1947,2155,2329,-161.92465372909498,59.9598502691257,-161.9090230431513,59.96398251943265
172,3316,166926.74299248657,16.692674299248658,617,10.714647877157873,60.52593486127865,137,260,0,101,-162.11824067282274,60.11139605755666,-162.10916768845314,60.12244533555133
5335,3299,166070.96656580616,16.607096656580616,506,8.80966429011438,107.67384055774477,7787,7848,3395,3632,-161.81326263386416,59.42975441996677,-161.79197256163053,59.4352341431999
4953,3269,164560.77287166423,16.456077287166423,855,14.954044009640867,44.17252982563475,6352,6406,6123,6259,-161.56820222435636,59.5592914839368,-161.55598513649232,59.56414238647105
3009,3255,163856.015814398,16.3856015814398,469,8.220483202709042,57.33456221198157,2338,2425,5656,5785,-161.61015354812474,59.916910798544784,-161.5985652809596,59.92472614151663
898,3243,163251.93833674124,16.325193833674124,416,7.304993877718163,119.2981806968856,658,697,3844,4116,-161.77292827760718,60.07213967964064,-161.74849410187915,60.0756431092487
1419,3240,163100.91896732704,16.310091896732704,489,8.590854310124097,101.69012345679012,1024,1135,3866,4042,-161.77095198398212,60.032793470196204,-161.7551416349816,60.04276476984993
3107,3222,162194.8027508419,16.219480275084187,301,5.302781439902956,45.76536312849162,2421,2487,3468,3594,-161.80670493229007,59.91134124378325,-161.79538615971018,59.91727012465844
163,3215,161842.4242222088,16.18424242222088,333,5.8729154006563,37.66842923794712,130,176,3474,3602,-161.80616594311962,60.11894190594327,-161.7946675074829,60.12307415625022
3298,3214,161792.08443240405,16.179208443240405,272,4.797842286237556,33.88301182327318,2575,2663,6257,6334,-161.55616479954915,59.895530894782745,-161.54924777186145,59.903436069282996
529,3205,161339.02632416147,16.13390263241615,571,10.086072632816313,45.53010920436817,397,471,10071,10188,-161.21354735018596,60.092441605061744,-161.20303706136175,60.099089138164224
4745,3201,161137.66716494257,16.113766716494258,452,7.989058434535042,267.8775382692908,5338,5437,7505,7869,-161.44405505209104,59.646338234967985,-161.41135637574908,59.65523155628077
4777,3197,160936.30800572364,16.093630800572363,281,4.969755256861855,25.944322802627465,5456,5518,4308,4390,-161.73124644842406,59.63906188116662,-161.72388026309426,59.64463143592816
894,3192,160684.6090567,16.068460905669998,393,6.956024597102049,51.1328320802005,657,718,4121,4262,-161.74804494423708,60.070253217543986,-161.73537869873098,60.075732940777115
4332,3185,160332.23052806687,16.033223052806687,662,11.730142042579427,71.13846153846154,4371,4453,2220,2376,-161.9188146797482,59.73473245892535,-161.90480096131594,59.74209864425513
1714,3184,160281.89073826215,16.028189073826216,260,4.6077278325541835,32.1608040201005,1258,1326,5947,6039,-161.58401257335686,60.01563564826952,-161.57574807274295,60.02174419220153
1373,3174,159778.49284021484,15.977849284021483,732,12.992945592154248,219.14177693761815,988,1033,11783,12155,-161.0597557735447,60.041956286094226,-161.02633844497547,60.04599870487276
3630,3170,159577.1336809959,15.95771336809959,337,5.985497720766393,57.78675078864353,2911,3000,1882,2007,-161.94917773635143,59.865257669707916,-161.93794879529995,59.87325267573658
4589,3166,159375.774521777,15.9375774521777,228,4.052092882416709,25.11813013265951,4912,4964,4885,4974,-161.67941365653036,59.68882854790684,-161.6714186505017,59.69349978738426
2519,3153,158721.3572543155,15.87213572543155,579,10.311374927816276,229.14684427529338,1939,2108,5519,5775,-161.6224604675172,59.94538739305138,-161.5994635962437,59.960568921352994
4724,3129,157513.20229900195,15.751320229900195,969,17.32291584090462,355.03867050175774,5228,5315,3406,3846,-161.81227448705164,59.657297681434244,-161.77274861455038,59.66511302440608
573,3119,157009.80440095466,15.700980440095465,638,11.42386313494423,102.71112536069253,428,491,7997,8217,-161.39985794011235,60.0906449744935,-161.38009500386173,60.096304360783456
4474,3118,156959.46461114992,15.69594646111499,661,11.837593002046654,70.24502886465683,4610,4667,3921,4098,-161.76601124991947,59.71550851184519,-161.75011106939056,59.72062890896467
3003,3108,156456.06671310263,15.645606671310263,378,6.780337231507956,37.633204633204635,2333,2398,3459,3565,-161.8075134160458,59.919336249811906,-161.79799127403413,59.92517529915869
3037,3097,155902.32902525057,15.590232902525058,756,13.584735683500488,160.94155634484986,2365,2409,4894,5203,-161.67860517277464,59.918348102999374,-161.65084723049534,59.9223006902495
3065,3089,155499.61070681273,15.549961070681274,453,8.150593763561522,56.023308514082224,2391,2513,153,239,-162.1044964489757,59.90900562404453,-162.09677093753228,59.91996507051079
2207,3080,155046.55259857015,15.504655259857016,345,6.216468492599357,58.920779220779224,1679,1738,479,633,-162.07521137071342,59.9786250585638,-162.06137731533798,59.9839251187401
2979,3057,153888.73743306135,15.388873743306135,1177,21.2877001103814,390.0765456329735,2310,2422,10108,10542,-161.21022358363473,59.91718029313002,-161.17123670030395,59.92724142431216
3074,3046,153334.99974520932,15.333499974520933,553,10.019826045673389,85.39067629678267,2401,2502,7507,7661,-161.44387538903422,59.909993770857064,-161.43004133365878,59.91906675522667
3830,3039,152982.6212165762,15.29826212165762,241,4.371713497878764,48.01711089174071,3325,3397,3127,3246,-161.83733748347856,59.82959455292837,-161.82664753159753,59.83606242297403
145,3038,152932.2814267715,15.29322814267715,647,11.73844030987475,114.58196181698486,114,147,8230,8492,-161.37892719399238,60.121547020267215,-161.35539133354843,60.12451146070481
2618,3022,152126.84478989578,15.212684478989578,321,5.839259855367314,61.18464592984778,2027,2068,16389,16563,-160.64599175367925,59.94898065418785,-160.63036106773558,59.95266374685274
4202,3009,151472.4275224343,15.14724275224343,301,5.487258270153068,50.03123961448986,4199,4252,4564,4705,-161.70824957715058,59.75278859613615,-161.6955833316445,59.75754966714198
2225,2996,150818.0102549728,15.08180102549728,603,11.016570235771184,54.47797062750334,1696,1765,3005,3138,-161.8482969299448,59.97619960729667,-161.83634933666602,59.9823979827571
4335,2990,150515.9715161444,15.051597151614441,275,5.029179072221253,68.32909698996656,4375,4470,3505,3636,-161.80338116573884,59.73320532294235,-161.79161323551688,59.74173931814148
297,2988,150415.29193653495,15.041529193653496,222,4.061277619618543,24.03748326639893,231,298,9038,9105,-161.3063433190355,60.10798245947701,-161.3003246066319,60.11400117188061
4043,2956,148804.41866278357,14.880441866278357,345,6.3455150752077465,34.64140730717185,3932,3984,4942,5050,-161.67429325941086,59.77686344575055,-161.66459145434237,59.781534685227975
2871,2954,148703.73908317412,14.870373908317411,743,13.67047384371562,71.63168584969533,2228,2276,1850,2032,-161.95205234526063,59.930295696278165,-161.93570300708964,59.934607609641944
2163,2946,148301.02076473625,14.830102076473626,280,5.158716481508941,48.5010183299389,1647,1701,459,594,-162.07700800128165,59.98194882511504,-162.06488074494604,59.986799727649284
1418,2944,148200.3411851268,14.82003411851268,331,6.100410935908869,74.39673913043478,1023,1129,8038,8166,-161.39617484744747,60.033332459366676,-161.38467641181074,60.042854601378345
2767,2944,148200.3411851268,14.82003411851268,448,8.25674954467424,62.80570652173913,2142,2205,4341,4493,-161.72828200798645,59.93667373479541,-161.71462761566784,59.94233312108537
1512,2942,148099.66160551735,14.809966160551735,552,10.176952407234507,75.72535690006798,1091,1196,8848,8979,-161.3234113094338,60.027313746963074,-161.31164337921183,60.03674605744633
4924,2937,147847.96265649368,14.784796265649367,326,6.0154154483862285,29.831801157643856,6116,6163,3848,3949,-161.77256895149355,59.58112054534091,-161.76349596712393,59.58534262717627
1995,2920,146992.18622981326,14.699218622981325,559,10.344759112511534,201.9945205479452,1500,1597,3568,3855,-161.7977217794489,59.99129130406988,-161.77194013079466,60.00000496232584
3043,2914,146690.14749098488,14.669014749098487,474,8.780789538984186,64.04392587508579,2368,2417,4368,4535,-161.72585655671932,59.91762945077208,-161.71085469147454,59.92203119566427
3371,2904,146186.7495929376,14.61867495929376,351,6.513415906946178,30.579889807162534,2635,2706,5706,5784,-161.60566197170414,59.891668139061025,-161.59865511248802,59.89804617757827
2214,2902,146086.0700133281,14.60860700133281,249,4.622220326240871,61.949000689179876,1685,1778,4161,4280,-161.7444516831006,59.97503179742732,-161.73376173121957,59.98338612956963
4483,2900,145985.39043371865,14.598539043371865,963,17.882461066450094,105.07034482758621,4635,4700,13258,13469,-160.92725426913708,59.71254407140759,-160.90829981664214,59.718383120754375
70,2898,145884.7108541092,14.58847108541092,393,7.300344584737122,53.02415458937198,43,177,4290,4352,-161.73286341593547,60.11885207441485,-161.72729386117393,60.13088949922206
1584,2895,145733.691484695,14.573369148469501,214,3.977310432048809,34.0573402417962,1143,1192,8320,8428,-161.3708423564353,60.02767307307672,-161.36114055136682,60.03207481796891
1649,2894,145683.35169489027,14.568335169489027,231,4.294006687779197,32.779543883897716,1203,1252,1927,2032,-161.9451353175729,60.022283181372,-161.93570300708964,60.02668492626419
4463,2893,145633.01190508556,14.563301190508556,755,14.03694941367363,132.87245074317318,4589,4671,3713,3941,-161.78469620782917,59.71514918573154,-161.76421461935124,59.72251537106132
1952,2887,145330.97316625717,14.533097316625717,700,13.02790695172398,264.59161759612056,1467,1611,3627,3920,-161.7924217192726,59.99003366267212,-161.76610108144789,60.00296940276343
5293,2870,144475.19673957673,14.447519673957673,403,7.522532933936565,34.354006968641116,7630,7706,3433,3514,-161.8098490357845,59.442510497001265,-161.80257268198315,59.44933769316057
2134,2868,144374.51715996728,14.437451715996728,507,9.46713098238621,69.35704323570432,1618,1728,4881,4994,-161.679772982644,59.97952337384792,-161.66962201993346,59.98940484197323
967,2858,143871.11926192,14.387111926191999,297,5.555527952656721,34.49825052484255,704,759,5390,5492,-161.63404873468232,60.0665701248791,-161.6248859187843,60.07151085894176
1577,2840,142965.00304543483,14.296500304543484,260,4.87881306276521,50.3112676056338,1138,1193,873,1007,-162.0398177485191,60.027583241548314,-162.0277803237119,60.03252397561097
113,2837,142813.98367602064,14.281398367602064,403,7.5661575131350975,36.547056750088124,77,142,3386,3482,-161.81407111761987,60.121996177909274,-161.80544729089232,60.12783522725605
5215,2836,142763.6438862159,14.27636438862159,254,4.769585115298116,37.015514809590975,7407,7447,16072,16194,-160.67446834818585,59.46577686285996,-160.66350890171958,59.46937012399644
222,2832,142562.28472699696,14.256228472699696,485,9.1137080895343,61.10734463276836,164,206,15636,15802,-160.71363489457346,60.116246960090905,-160.69872286085706,60.12001988428421
3815,2828,142360.92556777806,14.236092556777805,623,11.715163229974667,106.96605374823197,3294,3347,4538,4760,-161.7105851968893,59.83408612934897,-161.69064259758184,59.8388472003548
2838,2822,142058.88682894967,14.205888682894967,397,7.473292869116215,36.7413182140326,2198,2255,16231,16335,-160.66018513516835,59.932182158374815,-160.65084265621348,59.9373025554943
3839,2820,141958.20724934022,14.195820724934022,212,3.9921909589199602,35.40992907801419,3356,3416,1413,1511,-161.99130872317664,59.82788775388854,-161.9825052333923,59.833277645593256
5193,2814,141656.16851051184,14.165616851051183,581,10.952520780294646,93.15707178393745,7293,7354,9653,9848,-161.25109692906216,59.47413119500227,-161.23357978102183,59.4796109182354
1378,2806,141253.45019207397,14.125345019207398,313,5.90881651566735,55.88595866001425,995,1043,1999,2149,-161.93866744752725,60.0410579708101,-161.92519271826546,60.04536988417388
245,2785,140196.31460617465,14.019631460617465,272,5.154141107551574,53.49946140035907,182,257,4446,4564,-161.7188496975032,60.1116655521419,-161.70824957715058,60.118402916772794
5222,2772,139541.89733871314,13.954189733871313,325,6.172864558230389,54.87012987012987,7423,7469,3898,4047,-161.76807737507295,59.4638005692349,-161.75469247733957,59.46793281954185
3181,2766,139239.85859988476,13.923985859988475,450,8.556308324710221,96.26030368763557,2473,2539,5701,5893,-161.6061111293462,59.90667000430582,-161.5888634758911,59.91259888518101
1508,2760,138937.81986105637,13.893781986105637,431,8.203944791679643,66.9927536231884,1086,1175,2363,2489,-161.9059687711853,60.029200209059724,-161.8946499986054,60.03719521508839
595,2758,138837.14028144692,13.883714028144691,449,8.549667203002025,42.90645395213923,442,512,555,657,-162.0683841745541,60.08875851239685,-162.0592213586561,60.095046719385685
77,2745,138182.7230139854,13.81827230139854,308,5.878676232289047,40.15446265938069,49,110,1052,1157,-162.02373790493337,60.124870786818455,-162.01430559445012,60.130350510051585
3355,2734,137628.98532613338,13.762898532613338,818,15.644224822595936,34.697878566203364,2622,2680,16213,16309,-160.66180210267976,59.89400375879974,-160.6531782759522,59.89921398744763
5330,2731,137477.96595671918,13.747796595671918,827,15.82503428104781,200.5126327352618,7774,7977,12138,12305,-161.02786558095846,59.418166152801625,-161.01286371571368,59.43640195306926
1814,2728,137326.946587305,13.7326946587305,671,12.846958972407036,96.09384164222874,1343,1459,4163,4303,-161.74427202004378,60.00368805499073,-161.7316956060661,60.01410851228652
4726,2720,136924.22826886715,13.692422826886716,479,9.18440574144726,261.88823529411764,5231,5331,6189,6511,-161.56227334348117,59.65586037697965,-161.53334759133253,59.66484352982085
3034,2714,136622.18953003877,13.662218953003878,281,5.393881465017452,39.158437730287396,2362,2432,6276,6369,-161.55445800050933,59.916281977845905,-161.546103668367,59.92257018483474
2345,2705,136169.1314217962,13.61691314217962,506,9.728970401059662,142.10720887245841,1782,1865,2441,2668,-161.89896191196917,59.96721645445548,-161.87857015501964,59.974672471313674
4967,2695,135665.7335237489,13.56657335237489,372,7.165781395323601,32.95139146567718,6444,6511,4258,4340,-161.73573802484464,59.54985917345355,-161.72837183951486,59.55587788585715
200,2686,135212.67541550632,13.521267541550632,578,11.152566827212606,78.09530900967982,151,221,7333,7492,-161.4595060749779,60.11489948716473,-161.4452228619604,60.12118769415356
4230,2682,135011.3162562874,13.501131625628739,271,5.232869498816879,36.76211782252051,4230,4275,3239,3351,-161.82727635229642,59.75072247098267,-161.81721522111428,59.75476488976121
2661,2680,134910.63667667794,13.491063667667794,528,10.199209802578576,55.02089552238806,2058,2130,1546,1666,-161.97936112989785,59.943411099426314,-161.96858134648843,59.949878969471975
4548,2674,134608.59793784955,13.460859793784955,378,7.309894320290956,130.17950635751683,4798,4858,8376,8611,-161.36581179084422,59.698350689918506,-161.34470138166742,59.70374058162322
1362,2667,134256.21940921643,13.425621940921642,354,6.8547521141673435,48.59392575928009,980,1046,1416,1530,-161.9910392285914,60.04078847622487,-161.98079843435244,60.04671735710006
1351,2662,134004.52046019278,13.400452046019279,249,4.826088942958818,59.50563486100676,974,1025,8042,8190,-161.39581552133382,60.04267493832152,-161.38252045512886,60.04725634627053
3583,2659,133853.5010907786,13.385350109077859,239,4.634882538037673,34.30011282437006,2843,2890,2816,2920,-161.86527508881468,59.87513913783323,-161.85593260985985,59.87936121966859
1736,2654,133601.80214175495,13.360180214175495,477,9.259081775630188,124.14318010550113,1278,1481,4710,4794,-161.69513417400245,60.00171176136567,-161.68758832561585,60.019947561633295
4689,2631,132443.98697624615,13.244398697624614,779,15.187176270494646,409.5188141391106,5064,5318,6613,6878,-161.5241847754345,59.65702818684901,-161.50037942040532,59.67984539506564
2647,2629,132343.30739663666,13.234330739663667,590,11.506857068913837,52.07303157093952,2046,2096,138,273,-162.10584392190188,59.94646537139232,-162.09371666556626,59.95095694781291
2063,2614,131588.2105495657,13.15882105495657,377,7.373752536723656,132.2662586074981,1556,1691,5564,5723,-161.61841804873865,59.98284714039916,-161.60413483572114,59.994974396734776
1682,2602,130984.13307190895,13.098413307190894,351,6.881030301990398,59.66026133743274,1232,1371,4872,4930,-161.6805814663997,60.011593229490984,-161.67537123775182,60.02407981194025
2382,2600,130883.45349229948,13.088345349229948,346,6.785618275781167,57.30615384615385,1823,1888,3050,3178,-161.84425451116627,59.965150329302006,-161.83275607552955,59.97098937864878
74,2571,129423.5995879623,12.94235995879623,513,10.117339575864245,170.45663166083236,46,111,12506,12772,-160.99480757850287,60.12478095529004,-160.9709123919453,60.13062000463682
1570,2565,129121.56084913392,12.912156084913391,448,8.845743241202445,42.45614035087719,1133,1207,1835,1926,-161.9533998181868,60.02632560015054,-161.9452251491013,60.03297313325303
122,2563,129020.88126952446,12.902088126952446,601,11.871351627572581,143.28365197034725,87,144,8008,8254,-161.3988697932998,60.12181651485245,-161.3767712373105,60.12693691197193
4580,2563,129020.88126952446,12.902088126952446,428,8.454140593346198,88.40265314085056,4892,4959,2834,3005,-161.86365812130327,59.689277705548896,-161.8482969299448,59.6952964179525
16,2563,129020.88126952446,12.902088126952446,595,11.752835637946232,140.46039797112758,0,121,4978,5157,-161.67105932438804,60.123882640005924,-161.6549794808023,60.13475225494377
605,2559,128819.52211030554,12.881952211030553,614,12.13761137967054,122.54787026182102,448,547,16177,16358,-160.66503603770258,60.08561440890243,-160.64877653106004,60.09450773021521
300,2558,128769.1823205008,12.87691823205008,339,6.702694544112912,173.39953088350273,234,366,2150,2351,-161.92510288673705,60.10187391554499,-161.90704674952624,60.11373167729537
1637,2558,128769.1823205008,12.87691823205008,649,12.83200223931941,293.18060985144643,1192,1315,8014,8324,-161.39833080412936,60.016623795082054,-161.37048303032165,60.02767307307672
258,2558,128769.1823205008,12.87691823205008,553,10.933894049836107,127.9061767005473,195,270,3261,3472,-161.82530005867136,60.11049774227254,-161.80634560617645,60.117235106903436
6,2555,128618.1629510866,12.86181629510866,214,4.233682847131779,45.24461839530333,0,46,3624,3748,-161.79269121385784,60.13062000463682,-161.78155210433474,60.13475225494377
3338,2537,127712.04673460146,12.771204673460145,576,11.435686731495,145.7091052424123,2607,2668,3567,3810,-161.7978116109773,59.89508173714068,-161.7759825495732,59.90056146037381
3728,2535,127611.367154992,12.7611367154992,228,4.528411297104056,31.816962524654834,3099,3143,14260,14358,-160.8372430776683,59.85241176114501,-160.82843958788393,59.85636434839513
1719,2525,127107.96925694469,12.710796925694469,539,10.726500910463683,46.865742574257425,1264,1356,1705,1785,-161.96507791688035,60.01294070241716,-161.9578913946074,60.021205203031066
1123,2524,127057.62946713997,12.705762946713996,274,5.453883886307525,29.74484944532488,807,856,5780,5868,-161.59901443860164,60.057856466623136,-161.5911092641014,60.06225821151533
2550,2518,126755.59072831158,12.675559072831158,475,9.465983578855965,221.01509134233518,1962,2045,4647,4937,-161.7007935602924,59.951046779341326,-161.67474241705293,59.95850279619952
3010,2518,126755.59072831158,12.675559072831158,572,11.399037067590761,114.0969023034154,2340,2432,907,1083,-162.0367634765531,59.916281977845905,-162.0209531275526,59.9245464784598
5302,2516,126654.91114870211,12.665491114870212,383,7.635605033586717,105.82511923688395,7666,7712,6141,6353,-161.56658525684495,59.44197150783079,-161.5475409728216,59.446103758137745
816,2515,126604.57135889739,12.66045713588974,338,6.739810806082709,33.90218687872763,596,658,10318,10402,-161.1913589626682,60.0756431092487,-161.1838131142816,60.081212664010245
642,2513,126503.89177928792,12.650389177928792,307,6.124097991030234,50.43215280541186,474,522,172,302,-162.1027896499359,60.08786019711273,-162.09111155124234,60.092172110476504
4737,2504,126050.83367104534,12.605083367104534,708,14.148685575500538,314.91373801916933,5320,5473,6855,7146,-161.5024455455588,59.64310429994516,-161.47630457079092,59.656848523792185
5157,2489,125295.7368239744,12.529573682397439,470,9.420748495195209,117.15548413017277,7152,7197,16480,16705,-160.63781708459376,59.48823474496295,-160.61760499070107,59.49227716374149
3093,2488,125245.39703416967,12.524539703416966,386,7.738594968728636,50.368167202572344,2411,2511,8053,8130,-161.3948273745213,59.90918528710136,-161.38791034683356,59.918168439942555
2774,2478,124741.99913612235,12.474199913612235,512,10.28535556723594,71.86602098466506,2145,2248,4520,4628,-161.7122021644007,59.9328109790737,-161.70250035933222,59.94206362650013
1338,2476,124641.3195565129,12.46413195565129,326,6.551523149123847,52.92568659127625,963,1080,7794,7858,-161.41809374038,60.03773420425886,-161.41234452256163,60.04824449308306
2587,2475,124590.97976670816,12.459097976670815,485,9.748866808014357,150.34343434343435,1997,2077,4380,4605,-161.7247785783784,59.948172170432144,-161.7045664844857,59.955358692705104
2314,2472,124439.96039729397,12.443996039729397,277,5.571287057960723,81.19093851132686,1762,1875,4654,4765,-161.7001647395935,59.96631813917136,-161.69019343993978,59.97646910188191
193,2470,124339.28081768451,12.433928081768451,357,7.183229456525888,158.65425101214575,148,213,1679,1927,-161.96741353661906,60.115618139392026,-161.9451353175729,60.1214571887388
3752,2467,124188.26144827032,12.418826144827031,607,12.220926055095095,112.15079043372518,3152,3320,11855,11950,-161.05328790349904,59.83651158061609,-161.0447539082999,59.851603277389295
4856,2465,124087.58186866085,12.408758186866086,227,4.572117631348568,36.511156186612574,5737,5780,3527,3634,-161.80140487211378,59.61552602072268,-161.7917928985737,59.6193887764444
644,2462,123936.56249924666,12.393656249924666,428,8.625807159161102,59.27051177904143,475,542,44,168,-162.1142880855726,60.08606356654449,-162.10314897604954,60.09208227894809
2885,2462,123936.56249924666,12.393656249924666,391,7.8801182225046515,32.760357432981316,2241,2297,2397,2483,-161.9029144992193,59.928409234181515,-161.89518898777587,59.933439799772586
3157,2458,123735.20334002774,12.373520334002775,291,5.869512741360451,47.585028478437756,2458,2505,3147,3271,-161.83554085291033,59.90972427627183,-161.82440174338723,59.91394635810719
2222,2458,123735.20334002774,12.373520334002775,435,8.774013891724385,109.16354759967453,1692,1832,4497,4616,-161.71426828955418,59.970180894893076,-161.70357833767318,59.982757308870745
1138,2448,123231.80544198044,12.323180544198044,341,6.892054011449129,38.751633986928105,815,866,8393,8496,-161.36428465486122,60.05695815133902,-161.3550320074348,60.06153955928803
3908,2442,122929.76670315205,12.292976670315205,589,11.919072596653297,112.43898443898443,3557,3701,12277,12395,-161.0153789985092,59.802285768291135,-161.0047788781566,59.81522150838246
1840,2441,122879.42691334733,12.287942691334733,492,9.958208453750968,85.9336337566571,1367,1482,8284,8398,-161.37407629145812,60.001621929837256,-161.36383549721916,60.01195255560463
3545,2435,122577.38817451894,12.257738817451894,225,4.559666042023736,27.761806981519506,2794,2857,5871,5938,-161.59083976951615,59.878103578270824,-161.58482105711258,59.88376296456077
3982,2434,122527.04838471422,12.252704838471422,611,12.384569745842875,171.45275267050124,3813,3873,10371,10634,-161.1865978916624,59.78683474540428,-161.16297219969005,59.792224637108994
543,2429,122275.34943569056,12.227534943569056,474,9.617552911299565,98.84726224783861,407,475,4644,4821,-161.70106305487764,60.09208227894809,-161.68516287434872,60.098190822880106
5151,2415,121570.59237842434,12.157059237842434,1054,21.44776504111324,1073.3333333333333,7140,7231,10098,10812,-161.21112189891883,59.485180472996944,-161.14698218763272,59.49335514208243
4387,2401,120865.8353211581,12.08658353211581,389,7.938775510204081,92.78800499791754,4442,4534,3588,3732,-161.79592514888066,59.72745610512398,-161.78298940878932,59.73572060573788
1084,2398,120714.8159517439,12.07148159517439,289,5.90164732943276,95.28106755629692,781,889,7798,7929,-161.41773441426633,60.05489202618554,-161.40596648404437,60.06459383125404
3823,2398,120714.8159517439,12.07148159517439,425,8.678893131518764,89.7814845704754,3308,3396,1546,1690,-161.97936112989785,59.82968438445678,-161.96642538980655,59.837589558957035
1713,2397,120664.47616193918,12.066447616193917,211,4.309713877834892,31.779724655819773,1258,1316,2768,2848,-161.86958700217846,60.01653396355364,-161.8624004799055,60.02174419220153
1076,2397,120664.47616193918,12.066447616193917,339,6.924137462493026,180.62745098039215,774,884,7526,7745,-161.4421685899944,60.05534118382761,-161.42249548527218,60.06522265195292
1456,2395,120563.79658232971,12.056379658232972,358,7.315268443525164,74.35657620041754,1049,1123,104,241,-162.1088981938679,60.03387144853715,-162.09659127447546,60.04051898163963
738,2383,119959.71910467296,11.995971910467295,666,13.64307315955962,275.3252203105329,539,612,9328,9660,-161.28029217579603,60.079775359555654,-161.25046810836326,60.08633306112973
2539,2376,119607.34057603983,11.960734057603982,583,11.96038987349183,415.8400673400673,1958,2067,2002,2390,-161.938397952942,59.94907048571626,-161.90354331991816,59.95886212231317
4701,2369,119254.96204740672,11.925496204740671,304,6.245842855527124,28.097931616715915,5110,5167,6508,6580,-161.53361708591774,59.67059274763921,-161.5271492158721,59.675713144758696
903,2359,118751.56414935942,11.875156414935942,465,9.573902105519482,54.93853327681221,660,717,2995,3118,-161.84919524522894,60.0703430490724,-161.83814596723428,60.07546344619188
3832,2336,117593.74898385062,11.759374898385062,406,8.400199769314035,86.68664383561644,3331,3420,1767,1903,-161.9595083621188,59.827528427774894,-161.94729127425478,59.83552343380356
402,2327,117140.69087560804,11.714069087560803,350,7.2555418707646195,40.76665234207134,312,371,6418,6513,-161.54170192347482,60.10142475790293,-161.5331679282757,60.10672481807924
1377,2316,116586.95318775601,11.658695318775601,321,6.670152370260146,38.343696027633854,993,1059,535,618,-162.07018080512233,60.03962066635551,-162.06272478826415,60.0455495472307
1505,2312,116385.59402853707,11.638559402853707,265,5.511273441601032,36.37543252595156,1085,1134,7237,7333,-161.46812990170545,60.03288330172462,-161.4595060749779,60.0372850466168
2114,2310,116284.91444892762,11.628491444892763,475,9.882973245595688,150.69264069264068,1603,1701,8212,8409,-161.3805441615038,59.98194882511504,-161.36284735040664,59.99075231489941
2989,2291,115328.45844263774,11.532845844263774,527,11.010272573320062,108.25141859450022,2318,2375,2717,2909,-161.87416841012745,59.92140237496538,-161.85692075667237,59.926522772084866
3,2287,115127.09928341882,11.512709928341883,256,5.353118816811362,83.88456493222563,0,120,1359,1458,-161.9961596257109,60.12397247153434,-161.9872663043981,60.13475225494377
1014,2268,114170.64327712894,11.417064327712893,461,9.680090114291875,91.68253968253968,737,834,8015,8146,-161.39824097260095,60.0598327602482,-161.38647304237898,60.06854641850416
1761,2262,113868.60453830055,11.386860453830055,395,8.305213387240805,74.31476569407604,1300,1399,801,907,-162.04628561856475,60.00907794669545,-162.0367634765531,60.01797126800823
4584,2261,113818.26474849583,11.381826474849582,370,7.781287162049419,87.18973905351615,4904,4986,3403,3543,-161.81254398163685,59.686852254281774,-161.7999675676592,59.694218439611554
12,2254,113465.8862198627,11.346588621986271,279,5.876615109602328,51.891748003549246,0,47,4767,4891,-161.69001377688295,60.13053017310841,-161.67887466735988,60.13475225494377
3446,2248,113163.84748103432,11.316384748103431,426,8.984862714984434,43.85943060498221,2706,2814,11768,11817,-161.06110324647088,59.88196633399254,-161.0567015015787,59.891668139061025
635,2242,112861.80874220595,11.286180874220594,432,9.123593826863052,59.74843889384478,467,513,1431,1568,-161.98969175566523,60.08866868086844,-161.9773848362728,60.09280093117539
4141,2241,112811.4689524012,11.28114689524012,210,4.436069753671346,26.566711289602857,4097,4150,6135,6204,-161.5671242460154,59.76195141203417,-161.560925870555,59.76671248304
2934,2238,112660.44958298701,11.266044958298702,189,3.9951377955412166,33.058087578194815,2270,2325,5849,5930,-161.5928160631412,59.92589395138598,-161.58553970933986,59.93083468544864
5145,2230,112257.73126454918,11.225773126454918,704,14.908028956044461,331.6591928251121,7121,7176,9717,10092,-161.2453477112438,59.4901212070596,-161.2116608880893,59.49506194112226
482,2229,112207.39147474445,11.220739147474445,187,3.9608333702630913,46.51592642440556,368,414,9004,9119,-161.30939759100153,60.09756200218122,-161.29906696523415,60.10169425248817
3327,2228,112157.05168493971,11.21570516849397,431,9.131028049981621,90.8886894075404,2599,2665,4416,4575,-161.72154464335554,59.89535123172592,-161.70726143033806,59.90128011260111
1888,2226,112056.37210533026,11.205637210533025,382,8.09656455492658,126.19047619047619,1408,1526,3151,3298,-161.83518152679667,59.99766934258713,-161.82197629212013,60.008269462939744
3959,2221,111804.6731563066,11.18046731563066,356,7.553978052750205,79.42368302566412,3741,3853,14604,14702,-160.8063410318946,59.78863137597252,-160.7975375421102,59.798692507154655
136,2206,111049.57630923564,11.104957630923563,256,5.4505108845861265,44.12692656391659,101,158,10493,10592,-161.1756384451961,60.120558873454684,-161.16674512388335,60.12567927057416
4422,2201,110797.87736021199,11.0797877360212,526,11.21180983120252,256.9304861426624,4517,4618,4173,4448,-161.74337370475965,59.71991025673737,-161.71867003444638,59.72898324110698
4184,2200,110747.53757040726,11.074753757040726,550,11.726039399558573,305.6363636363636,4167,4259,6370,6688,-161.5460138368386,59.75215977543726,-161.5174474108036,59.76042427605117
834,2184,109942.10093353156,10.994210093353155,468,10.014275524755362,135.5018315018315,607,684,11439,11634,-161.0906578193184,60.07330748950999,-161.07314067127808,60.08022451719771
4382,2169,109187.00408646061,10.91870040864606,275,5.904769075340949,34.10972798524666,4437,4474,2738,2837,-161.8722819480308,59.732845996828694,-161.86338862671803,59.73616976337994
2640,2166,109035.98471704642,10.903598471704642,421,9.045922646594018,158.539242843952,2042,2117,2690,2908,-161.87659386139458,59.944578909295664,-161.85701058820078,59.951316273926565
4121,2163,108884.96534763223,10.888496534763222,264,5.676434973495405,30.77392510402219,4069,4118,7128,7208,-161.47792153830235,59.76482602094335,-161.47073501602938,59.76922776583554
875,2161,108784.28576802276,10.878428576802277,475,10.218007713291057,142.02498843128183,640,687,9380,9610,-161.27562093631863,60.07303799492476,-161.25495968478387,60.07726007676012
1296,2152,108331.22765978018,10.833122765978018,343,7.393890022540741,67.1003717472119,939,1024,3365,3470,-161.81595757971652,60.04276476984993,-161.80652526923328,60.05040044976494
413,2143,107878.16955153762,10.787816955153762,225,4.860393513388911,37.108726084927675,322,383,9335,9415,-161.27966335509717,60.100346779561995,-161.2724768328242,60.10582650279512
5252,2141,107777.48997192815,10.777748997192814,245,5.294899857652541,41.47781410555815,7514,7558,4696,4801,-161.6963918154002,59.45580556320623,-161.68695950491696,59.45975815045636
2329,2130,107223.75228407612,10.722375228407612,227,4.918538276697938,39.48356807511737,1772,1823,3739,3833,-161.78236058809046,59.97098937864878,-161.77391642441972,59.97557078659779
1616,2130,107223.75228407612,10.722375228407612,241,5.221884249710146,40.58028169014084,1174,1213,1139,1247,-162.01592256196153,60.02578661098007,-162.00622075689304,60.02929004058814
4380,2129,107173.41249427138,10.717341249427138,225,4.876347954698636,38.419915453264444,4436,4473,5193,5299,-161.65174554577948,59.73293582835711,-161.64222340376782,59.73625959490835
3319,2121,106770.69417583355,10.677069417583354,539,11.703571991479182,144.7034417727487,2589,2670,9886,10082,-161.23016618294218,59.89490207408386,-161.21255920337344,59.902178427885225
4042,2115,106468.65543700516,10.646865543700516,229,4.979437624307942,30.98628841607565,3931,3982,5913,5990,-161.58706684532285,59.777043108807376,-161.58014981763515,59.78162451675639
3418,2115,106468.65543700516,10.646865543700516,314,6.827700497959362,41.42600472813239,2676,2741,4963,5046,-161.6724067973142,59.88852403556661,-161.66495078045602,59.89436308491339
1997,2112,106317.63606759097,10.631763606759097,406,8.834441039751665,58.00189393939394,1500,1584,8479,8570,-161.3565591434178,59.99245911393924,-161.3483844743323,60.00000496232584
237,2102,105814.23816954366,10.581423816954366,411,8.964487501025468,56.95337773549001,177,222,6322,6450,-161.55032575020238,60.114809655636314,-161.53882731456565,60.11885207441485
249,2099,105663.21880012947,10.566321880012946,202,4.409051281884654,41.74178180085755,185,239,4339,4433,-161.72846167104328,60.11328251965331,-161.72001750737255,60.11813342218756
1324,2097,105562.53922052,10.556253922052,328,7.162664817412574,84.12017167381974,955,1039,3010,3136,-161.84784777230277,60.041417296923754,-161.83652899972284,60.04896314531035
4760,2097,105562.53922052,10.556253922052,438,9.564778018374108,172.8202193609919,5405,5477,7113,7342,-161.47926901122852,59.642744973831505,-161.45869759122218,59.649212843877166
227,2093,105361.18006130109,10.536118006130108,317,6.929065202259391,40.73769708552317,172,234,2317,2401,-161.91010102149224,60.11373167729537,-161.90255517310564,60.11930123205691
992,2091,105260.50048169162,10.526050048169163,586,12.815058693432375,48.97178383548541,723,791,14056,14148,-160.85556870946434,60.06369551596992,-160.84730420885043,60.06980405990193
3336,2088,105109.48111227743,10.510948111227743,460,10.066826519245396,181.73180076628353,2605,2652,2416,2677,-161.90120770017947,59.896519041595276,-161.87776167126395,59.900741123430635
938,2080,104706.76279383959,10.470676279383959,224,4.911524908119364,25.876923076923077,683,728,10915,10986,-161.13772954020627,60.06935490225987,-161.13135150168904,60.07339732103841
3200,2077,104555.7434244254,10.45557434244254,481,10.554236656939644,68.79345209436687,2485,2544,1725,1855,-161.9632812863121,59.906220846663764,-161.95160318761856,59.91152090684007
5391,2077,104555.7434244254,10.45557434244254,369,8.096701302309206,49.30187770823303,7956,7993,7963,8086,-161.40291221207835,59.416728848347034,-161.3918629340837,59.42005261489828
4166,2074,104404.7240550112,10.44047240550112,195,4.2818380321378235,42.81774349083896,4144,4178,2909,3024,-161.85692075667237,59.75943612923864,-161.84659013090499,59.76249040120464
4713,2072,104304.04447540175,10.430404447540175,390,8.567808115693062,51.922779922779924,5181,5254,2912,3003,-161.85665126208713,59.662777404667374,-161.84847659300164,59.66933510624145
2313,2059,103649.62720794024,10.364962720794024,318,7.008078319268034,64.34968431277319,1761,1792,3552,3703,-161.79915908390348,59.97377415602955,-161.78559452311328,59.976558933410324
2941,2047,103045.54973028348,10.304554973028349,422,9.327248115123494,149.93453834880313,2276,2323,1632,1862,-161.97163561845443,59.92607361444281,-161.9509743669197,59.930295696278165
2024,2043,102844.19057106455,10.284419057106454,219,4.845180174679795,29.141458639255998,1524,1573,4855,4928,-161.6821086023827,59.99344726075177,-161.67555090080864,59.99784900564396
3365,2043,102844.19057106455,10.284419057106454,356,7.876183297653,47.647577092511014,2629,2681,5981,6085,-161.58095830139084,59.89391392727133,-161.571615822436,59.898585166748745
3242,2039,102642.83141184563,10.264283141184563,218,4.827784551766334,30.65228052967141,2518,2576,7637,7704,-161.43219729034067,59.90334623775458,-161.42617857793707,59.90855646640247
960,2031,102240.1130934078,10.22401130934078,243,5.392017733995532,25.595273264401772,699,734,9742,9821,-161.2431019230335,60.068815913089395,-161.23600523228896,60.071960016583816
2977,2031,102240.1130934078,10.22401130934078,422,9.363915570971663,41.981290004923686,2309,2368,347,434,-162.0870691324638,59.92203119566427,-162.07925378949196,59.92733125584057
373,2025,101938.07435457941,10.193807435457941,315,7.0,38.71604938271605,298,351,10284,10371,-161.19441323463423,60.10322138847118,-161.1865978916624,60.10798245947701
234,2025,101938.07435457941,10.193807435457941,444,9.866666666666667,235.11111111111111,174,217,10884,11186,-161.14051431758705,60.11525881327837,-161.11338519600665,60.11912156900009
3318,2024,101887.73456477467,10.188773456477467,507,11.269449590425712,92.20553359683794,2589,2678,7528,7655,-161.44198892693757,59.89418342185656,-161.43058032282923,59.902178427885225
5198,2024,101887.73456477467,10.188773456477467,232,5.15682900390289,63.32213438735178,7329,7394,9373,9487,-161.2762497570175,59.4705379338658,-161.26600896277856,59.476376983212575
2560,2017,101535.35603614156,10.153535603614156,360,8.015849445948263,107.66286564204263,1969,2032,2863,3033,-161.86105300697932,59.95221458921068,-161.8457816471493,59.95787397550064
3741,2011,101233.31729731317,10.123331729731317,475,10.592234191218166,71.80507210343113,3125,3191,14438,14562,-160.82125306561096,59.84809984778123,-160.8101139560879,59.85402872865642
5112,2006,100981.61834828953,10.098161834828954,842,18.799514217011385,1360.4705882352941,6975,7082,8945,9664,-161.31469765117782,59.498565370730326,-161.25010878224964,59.5081773442704
96,2006,100981.61834828953,10.098161834828954,255,5.6934395787861085,39.0827517447657,64,102,9022,9124,-161.30778062349012,60.125589439045754,-161.29861780759208,60.12900303712541
1947,2004,100880.93876868006,10.088093876868006,463,10.342657244743032,120.79041916167665,1457,1539,1421,1585,-161.99059007094937,59.99650153271777,-161.9758577002898,60.00386771804756
4966,2004,100880.93876868006,10.088093876868006,335,7.483348114446902,39.68263473053892,6442,6502,5278,5359,-161.64410986586446,59.55066765720926,-161.63683351206308,59.55605754891398
3596,2002,100780.25918907061,10.078025918907061,252,5.6320759689726945,38.603396603396604,2866,2923,5908,5990,-161.58751600296492,59.872174697395636,-161.58014981763515,59.87729509451511
4142,1992,100276.86129102329,10.02768612910233,199,4.458701613734798,46.393574297188756,4097,4149,7283,7383,-161.4639976513985,59.76204124356258,-161.4550144985573,59.76671248304
4921,1989,100125.84192160911,10.012584192160912,397,8.901703307217868,90.38511814982404,6098,6239,8714,8785,-161.335448734241,59.5742933491816,-161.32907069572374,59.586959594687684
4732,1987,100025.16234199965,10.002516234199964,543,12.181503547857382,88.77705083039758,5278,5329,3854,4013,-161.77202996232307,59.65604004003648,-161.75774674930557,59.660621447985484
1342,1981,99723.12360317126,9.972312360317126,394,8.852256390915242,95.95961635537607,966,1026,10350,10508,-161.18848435375904,60.042585106793105,-161.17429097226994,60.04797499849782
3100,1980,99672.78381336654,9.967278381336653,324,7.281358514603014,61.163636363636364,2418,2476,5650,5766,-161.6106925372952,59.91232939059578,-161.60027207999943,59.91753961924367
4631,1966,98968.0267561003,9.89680267561003,380,8.570217421577048,60.89318413021363,4980,5010,7588,7731,-161.43659903523283,59.68469629759989,-161.42375312666994,59.68739124345225
1500,1959,98615.64822746719,9.861564822746718,328,7.410655518362918,45.94180704441041,1077,1154,737,810,-162.05203483638311,60.03108667115638,-162.04547713480906,60.0380036988441
982,1959,98615.64822746719,9.861564822746718,594,13.420516396059675,233.2700357325166,715,811,8573,8815,-161.34811497974707,60.061898885401675,-161.32637574987137,60.070522712129225
2310,1958,98565.30843766246,9.856530843766246,330,7.457746142641883,37.23186925434116,1757,1817,1114,1189,-162.01816835017183,59.97152836781925,-162.01143098554093,59.97691825952397
1315,1954,98363.94927844354,9.836394927844355,234,5.293629937195784,52.40532241555783,947,1013,3711,3805,-161.78487587088597,60.04375291666246,-161.77643170721527,60.04968179753765
2644,1949,98112.25032941988,9.811225032941989,207,4.68882933946776,36.85171883016932,2045,2107,5953,6025,-161.58347358418638,59.94547722457979,-161.5770057141407,59.951046779341326
814,1947,98011.57074981042,9.801157074981042,251,5.688408094196674,79.73086800205444,596,638,502,657,-162.07314524555994,60.077439739816946,-162.0592213586561,60.081212664010245
2047,1935,97407.49327215366,9.740749327215367,444,10.093516224163007,199.94005167958656,1543,1661,7997,8190,-161.39985794011235,59.98554208625152,-161.38252045512886,59.99614220660413
3897,1931,97206.13411293473,9.720613411293472,406,9.239211240128691,182.72190574831694,3509,3578,5347,5575,-161.63791149040404,59.81333504628581,-161.6174299019261,59.81953342174623
2001,1930,97155.79432313,9.715579432313,247,5.62235545203392,34.48911917098446,1504,1560,1634,1707,-161.9714559553976,59.99461507062112,-161.96489825382352,59.99964563621219
2557,1928,97055.11474352053,9.705511474352054,606,13.80127181583059,220.4896265560166,1964,2109,13273,13454,-160.92590679621088,59.94529756152296,-160.90964728956834,59.9583231331427
3822,1925,96904.09537410636,9.690409537410636,296,6.746466126410567,83.95012987012987,3307,3341,2907,3074,-161.8571004197292,59.83462511851944,-161.8420985544844,59.83767939048544
1233,1921,96702.73621488742,9.670273621488743,388,8.852542963367743,305.4429984383134,890,1014,11312,11571,-161.10206642342672,60.04366308513405,-161.07880005756803,60.054802194657135
3321,1918,96551.71684547323,9.655171684547323,298,6.804433321435391,44.45464025026069,2592,2629,6917,7026,-161.49687599079726,59.898585166748745,-161.48708435420036,59.90190893329999
2860,1917,96501.3770556685,9.65013770556685,461,10.529066507683071,191.56807511737088,2216,2284,5286,5521,-161.64339121363716,59.92957704405087,-161.62228080446036,59.93568558798288
2356,1917,96501.3770556685,9.65013770556685,392,8.953132475079748,333.8549817423057,1800,1884,7446,7762,-161.44935511226734,59.96550965541565,-161.42096834928915,59.97305550380226
3948,1915,96400.69747605904,9.640069747605903,353,8.066596177467881,202.02819843342036,3696,3761,2356,2602,-161.90659759188418,59.79689587658642,-161.88449903589483,59.802734925933194
4438,1910,96148.9985270354,9.61489985270354,437,9.99918844874462,63.405235602094244,4547,4606,4400,4515,-161.72298194781015,59.720988235078316,-161.71265132204277,59.726288295254626
4598,1908,96048.31894742593,9.604831894742592,299,6.845134770109669,96.9077568134172,4921,4962,5797,5971,-161.59748730261865,59.689008210963664,-161.58185661667497,59.69269130362855
24,1906,95947.63936781647,9.594763936781648,288,6.596765400259817,42.31689401888772,0,23,9322,9441,-161.28083116496651,60.132686129790294,-161.2701412130855,60.13475225494377
1946,1904,95846.95978820701,9.584695978820701,392,8.98364527087647,112.1029411764706,1455,1549,10021,10158,-161.21803892660657,59.995603217433654,-161.20573200721412,60.00404738110438
3631,1894,95343.5618901597,9.53435618901597,283,6.5027408728594205,41.98732840549103,2912,2968,2572,2657,-161.8871939817472,59.8681322786171,-161.8795583018322,59.87316284420817
4591,1888,95041.52315133132,9.504152315133132,419,9.643019122484937,83.90042372881356,4914,4961,4566,4718,-161.70806991409376,59.68909804249208,-161.69441552177514,59.693320124327435
1823,1887,94991.1833615266,9.499118336152659,252,5.8011566195032485,57.710651828298886,1350,1427,3030,3118,-161.84605114173453,60.00656266389991,-161.83814596723428,60.013479691587634
4632,1885,94890.50378191713,9.489050378191713,483,11.12478056887282,309.65305039787796,4981,5044,5571,5890,-161.61778922803975,59.681642025633884,-161.58913297047633,59.68730141192383
121,1881,94689.14462269821,9.46891446226982,235,5.418429966950918,145.97341839447103,85,119,1399,1627,-161.99256636457443,60.12406230306275,-161.9720847760965,60.12711657502875
1385,1880,94638.80483289348,9.463880483289348,306,7.0573637414209704,79.2531914893617,999,1070,6847,6969,-161.5031641977861,60.03863251954298,-161.49220475131983,60.04501055806023
2240,1878,94538.12525328402,9.453812525328402,263,6.068871675021702,41.15228966986155,1710,1748,1340,1441,-161.99786642475073,59.977726743279675,-161.9887934403811,59.98114034135933
912,1872,94236.08651445563,9.423608651445562,296,6.841302420111159,68.46367521367522,664,704,5712,5851,-161.60512298253366,60.07151085894176,-161.59263640008442,60.07510412007824
5055,1866,93934.04777562724,9.393404777562724,206,4.7688251657982486,35.67202572347267,6809,6852,6317,6403,-161.55077490784444,59.51922662226507,-161.54304939640102,59.523089377986786
338,1862,93732.68861640833,9.373268861640833,190,4.403152859263555,48.98174006444683,272,334,4755,4844,-161.6910917552239,60.10474852445418,-161.68309674919524,60.110318079215716
4173,1860,93632.00903679886,9.363200903679886,241,5.588053693910028,53.686021505376345,4158,4205,6163,6274,-161.56460896321988,59.75701067797151,-161.55463766356615,59.76123275980687
1783,1858,93531.32945718941,9.35313294571894,227,5.266268555577258,50.396124865446716,1315,1357,7105,7216,-161.47998766345583,60.01285087088875,-161.4700163638021,60.016623795082054
1889,1855,93380.31008777521,9.338031008777522,220,5.107998062338293,49.166576819407005,1410,1457,3927,4031,-161.765472260749,60.00386771804756,-161.75612978179416,60.00808979988292
3666,1854,93329.97029797047,9.332997029797047,404,9.382671259127118,142.50053937432577,2969,3061,2826,2991,-161.86437677353055,59.859777946474786,-161.8495545713426,59.86804244708868
3347,1854,93329.97029797047,9.332997029797047,323,7.5014921205397505,45.98921251348436,2615,2689,7064,7136,-161.48367075612072,59.89319527504403,-161.47720288607505,59.899842808146516
412,1852,93229.29071836102,9.322929071836102,190,4.415024417231645,31.622030237580994,322,365,8252,8330,-161.37695090036732,60.101963747073405,-161.36994404115117,60.10582650279512
5244,1846,92927.25197953264,9.292725197953263,699,16.269017540844686,393.2307692307692,7490,7772,12124,12268,-161.02912322235622,59.43658161612608,-161.0161874822649,59.46191410713825
1846,1843,92776.23261011844,9.277623261011845,217,5.054719567667338,31.25339120998372,1374,1419,4857,4932,-161.68192893932587,60.00728131612721,-161.675191574695,60.011323734905744
4497,1835,92373.51429168059,9.23735142916806,397,9.267710786125063,127.65994550408719,4673,4729,3912,4098,-161.7668197336752,59.70993895708365,-161.75011106939056,59.714969522674714
1696,1829,92071.47555285222,9.207147555285221,274,6.406837517565893,37.53089119737562,1243,1297,5104,5181,-161.65974055180814,60.018240762593464,-161.6528235241204,60.023091665127716
1317,1827,91970.79597324276,9.197079597324276,874,20.447591438143444,487.7591680350301,950,1154,6721,6989,-161.514482970366,60.03108667115638,-161.4904081207516,60.04941230295241
4371,1824,91819.77660382856,9.181977660382856,621,14.540494724805798,609.0548245614035,4418,4477,6654,7122,-161.5205016827696,59.73257650224346,-161.4784605274728,59.737876562419764
4787,1822,91719.0970242191,9.17190970242191,232,5.435178337141411,128.57080131723382,5483,5535,7324,7514,-161.4603145587336,59.637534745183615,-161.44324656833533,59.64220598466104
1159,1822,91719.0970242191,9.17190970242191,344,8.059057534382093,189.76070252469813,831,953,8095,8267,-161.39105445032797,60.04914280836718,-161.37560342744112,60.06010225483344
5384,1818,91517.73786500018,9.151773786500017,455,10.671229428409427,50.16721672167217,7943,7985,6399,6508,-161.54340872251464,59.41744750057433,-161.53361708591774,59.42122042476763
3906,1816,91417.05828539073,9.141705828539072,545,12.78905868414215,215.7907488986784,3552,3593,4626,4898,-161.70268002238905,59.81198757335962,-161.67824584666099,59.815670666024516
4615,1815,91366.71849558598,9.1366718495586,330,7.745966692414833,36.10798898071625,4952,5001,2796,2875,-161.86707171938292,59.6855047813556,-161.8599750286384,59.68990652624778
4116,1814,91316.37870578126,9.131637870578126,442,10.377760123548741,144.51157662624036,4063,4126,5377,5570,-161.63521654455167,59.764107368716054,-161.61787905956817,59.76976675500601
4614,1808,91014.33996695287,9.101433996695288,310,7.290586729972879,102.26769911504425,4951,5034,2994,3126,-161.84928507675735,59.682540340918,-161.83742731500698,59.689996357776195
3877,1807,90964.00017714815,9.096400017714815,321,7.551373579959229,69.3503043718871,3453,3510,3251,3371,-161.8261983739555,59.819443590217816,-161.81541859054605,59.8245639873373
3520,1802,90712.30122812449,9.071230122812448,439,10.341585501122424,86.1465038845727,2771,2808,4185,4345,-161.74229572641872,59.88250532316301,-161.7279226818728,59.88582908971425
2837,1801,90661.96143831976,9.066196143831975,473,11.145621340661357,93.33703498056636,2196,2245,4906,5062,-161.6775271944337,59.93308047365894,-161.66351347600144,59.937482218551125
2806,1791,90158.56354027246,9.015856354027246,169,3.993364121546959,42.53266331658291,2172,2231,5694,5773,-161.60673995004507,59.934338115056704,-161.59964325930054,59.93963817523301
4922,1791,90158.56354027246,9.015856354027246,375,8.8610150626042,167.67392518146286,6102,6259,4998,5115,-161.6692626938198,59.57249671861336,-161.6587524049956,59.58660026857404
1670,1789,90057.88396066299,9.005788396066299,367,8.676826110227246,70.04807154835103,1225,1270,2437,2569,-161.89932123808282,60.02066621386059,-161.88746347633244,60.024708632639125
3075,1786,89906.8645912488,8.99068645912488,243,5.749969570005658,32.79059350503919,2402,2445,616,694,-162.06290445132097,59.91511416797655,-162.05589759210486,59.91897692369826
2271,1781,89655.16564222515,8.965516564222515,167,3.957168209189821,36.22459292532285,1726,1777,3141,3217,-161.8360798420808,59.97512162895573,-161.82925264592149,59.97970303690474
721,1780,89604.82585242041,8.960482585242042,356,8.438009243891594,61.17977528089887,530,581,15807,15921,-160.69827370321502,60.08256013693642,-160.68803290897606,60.087141544885434
4812,1777,89453.80648300622,8.945380648300622,276,6.547347145421279,148.67529544175576,5569,5677,7016,7165,-161.48798266948447,59.62477866814912,-161.4745977717511,59.63448047321761
2636,1777,89453.80648300622,8.945380648300622,453,10.746189336506664,122.20371412492966,2041,2102,3941,4113,-161.76421461935124,59.94592638222185,-161.74876359646439,59.95140610545498
2534,1776,89403.4666932015,8.94034666932015,177,4.200024131204808,32.97522522522522,1954,1996,3777,3856,-161.77894699001078,59.95544852423351,-161.77185029926625,59.95922144842682
2135,1774,89302.78711359203,8.930278711359202,289,6.8615310823231415,118.24351747463359,1619,1737,5510,5621,-161.62326895127288,59.978714890092206,-161.61329765161915,59.98931501044482
5253,1758,88497.35047671634,8.849735047671635,446,10.637153425237242,85.63367463026167,7515,7618,9260,9351,-161.28640071972805,59.45041567150152,-161.27822605064256,59.459668318927946
3383,1752,88195.31173788797,8.819531173788796,323,7.71676849346507,48.666666666666664,2648,2689,3073,3178,-161.8421883860128,59.89319527504403,-161.83275607552955,59.89687836770892
2716,1752,88195.31173788797,8.819531173788796,310,7.406186479796197,65.20776255707763,2104,2158,4679,4794,-161.6979189513832,59.94089581663078,-161.68758832561585,59.94574671916502
3920,1752,88195.31173788797,8.819531173788796,401,9.580260575478308,97.82876712328768,3601,3644,6725,6889,-161.51412364425235,59.80740616541062,-161.4993912735928,59.81126892113233
3732,1750,88094.6321582785,8.80946321582785,257,6.143475051978783,57.06057142857143,3108,3163,1665,1768,-161.96867117801685,59.85061513057676,-161.9594185305904,59.85555586463942
3969,1749,88044.29236847378,8.804429236847378,263,6.288699513143357,32.93310463121784,3783,3825,5343,5421,-161.6382708165177,59.79114665876806,-161.63126395730154,59.794919582961356
3607,1745,87842.93320925484,8.784293320925483,257,6.15227029635621,50.20974212034384,2880,2921,585,692,-162.06568922870176,59.872354360452455,-162.05607725516165,59.87603745311735
4353,1743,87742.25362964539,8.77422536296454,304,7.281567672432615,246.8938611589214,4401,4501,6059,6287,-161.57395144217472,59.73042054556157,-161.55346985369678,59.73940369840277
4969,1730,87087.8363621839,8.708783636218389,221,5.313359757019512,24.055491329479768,6451,6500,5385,5438,-161.63449789232436,59.55084732026608,-161.62973682131855,59.555249065158264
2920,1725,86836.13741316024,8.683613741316023,314,7.560231573786306,53.57449275362319,2260,2306,2036,2142,-161.935343680976,59.92760075042581,-161.92582153896433,59.931733000732756
1145,1722,86685.11804374604,8.668511804374605,479,11.543006490449523,113.45180023228804,817,879,10860,11019,-161.14267027426894,60.05579034146967,-161.12838706125143,60.0613598962312
702,1721,86634.77825394132,8.663477825394132,385,9.280476905736482,40.49738524113887,518,579,2796,2867,-161.86707171938292,60.08273979999325,-161.86069368086567,60.08821952322638
1389,1720,86584.43846413659,8.65844384641366,285,6.871960215928373,79.59302325581395,1004,1025,11473,11637,-161.08760354735242,60.04267493832152,-161.07287117669284,60.04456140041817
3642,1699,85527.30287823724,8.552730287823724,528,12.809649099984899,253.28781636256622,2928,3150,11749,11855,-161.0628100455107,59.85178294044612,-161.05328790349904,59.87172553975358
1181,1689,85023.90498018994,8.502390498018993,422,10.268278190823642,56.89757252812315,847,909,9570,9663,-161.25855294592034,60.053095395617305,-161.25019861377805,60.05866495037885
4753,1687,84923.22540058047,8.492322540058048,650,15.825440789144462,1086.7314759928868,5396,5572,5097,5598,-161.660369372507,59.634210978632375,-161.61536377677263,59.65002132763288
3495,1685,84822.54582097102,8.482254582097102,273,6.65062858188041,60.01424332344214,2747,2808,3299,3397,-161.8218864605917,59.88250532316301,-161.81308297080733,59.88798504639614
606,1683,84721.86624136155,8.472186624136155,408,9.945304968128976,224.00237670825905,449,542,11842,12056,-161.0544557133684,60.08606356654449,-161.03523176628823,60.09441789868681
3052,1677,84419.82750253317,8.441982750253317,239,5.8362161715407765,29.38819320214669,2376,2430,4261,4318,-161.7354685302594,59.916461640902725,-161.73034813313993,59.92131254343697
511,1677,84419.82750253317,8.441982750253317,409,9.987499640837564,28.33870005963029,387,446,14477,14527,-160.8177496360029,60.09468739327204,-160.8132580595823,60.09998745344834
2327,1676,84369.48771272844,8.436948771272844,395,9.648506382734123,250.53937947494035,1771,1878,8889,9106,-161.31972821676888,59.966048644586124,-161.3002347751035,59.975660618126206
4899,1670,84067.44897390006,8.406744897390006,371,9.078532947510954,63.638323353293416,5961,6010,11904,12018,-161.04888615860685,59.594864769187936,-161.0386453643679,59.59926651408012
778,1667,83916.42960448586,8.391642960448586,406,9.9439340120132,211.65926814637072,569,635,9665,9896,-161.25001895072123,60.07770923440218,-161.22926786765805,60.08363811527737
1583,1662,83664.7306554622,8.36647306554622,231,5.666259630033365,49.21540312876053,1143,1219,3812,3879,-161.77580288651637,60.0252476218096,-161.76978417411277,60.03207481796891
4648,1662,83664.7306554622,8.36647306554622,251,6.156844879386903,47.848375451263536,5004,5073,3116,3188,-161.83832563029108,59.679036911309936,-161.83185776024544,59.685235286770364
2215,1661,83614.39086565748,8.361439086565747,315,7.729043250787684,104.18783865141481,1685,1776,8230,8347,-161.37892719399238,59.97521146048414,-161.36841690516817,59.98338612956963
3246,1659,83513.71128604801,8.351371128604802,341,8.372037905191029,49.99638336347197,2523,2578,1260,1349,-162.00505294702367,59.90316657469776,-161.997057940995,59.908107308760414
4559,1659,83513.71128604801,8.351371128604802,220,5.401314777542599,61.72393007836046,4833,4903,3527,3617,-161.80140487211378,59.69430827113997,-161.7933200345567,59.70059647812881
4128,1657,83413.03170643856,8.341303170643856,428,10.514352061625083,108.49487024743513,4077,4117,5286,5458,-161.64339121363716,59.764915852471766,-161.6279401907503,59.76850911360824
1168,1653,83211.67254721964,8.321167254721964,284,6.985249344794601,132.50090744101632,837,891,6309,6489,-161.55149356007172,60.05471236312872,-161.5353238849576,60.059563265662966
3671,1653,83211.67254721964,8.321167254721964,373,9.174288752142205,99.71929824561404,2976,3046,2344,2477,-161.9076755702251,59.86112541940096,-161.89572797694632,59.8674136263898
3484,1648,82959.97359819598,8.295997359819598,255,6.281474148297369,46.89563106796116,2737,2785,5906,5997,-161.58769566602174,59.884571448316485,-161.57952099693625,59.88888336168026
631,1648,82959.97359819598,8.295997359819598,304,7.488502514048628,61.36165048543689,465,526,379,477,-162.0841945235546,60.08750087099909,-162.07539103377025,60.09298059423221
951,1645,82808.95422878179,8.28089542287818,531,13.092168010756833,141.23039513677813,694,765,4317,4487,-161.73043796466834,60.06603113570863,-161.71516660483832,60.072409174225875
2381,1643,82708.27464917232,8.270827464917232,343,8.46204515207834,51.18685331710286,1822,1866,1034,1135,-162.02535487244478,59.96712662292707,-162.01628188807518,59.971079210177194
2423,1641,82607.59506956287,8.260759506956287,326,8.047543067364392,45.08470444850701,1850,1896,2182,2272,-161.92222827782786,59.96443167707471,-161.91414344027078,59.96856392738166
372,1640,82557.25527975813,8.255725527975812,329,8.124075932442874,184.4512195121951,296,377,12165,12359,-161.02544012969133,60.10088576873246,-161.00801281317942,60.108162122533834
2378,1634,82255.21654092976,8.225521654092976,335,8.287409157921164,175.8237454100367,1819,1896,6650,6841,-161.52086100888326,59.96443167707471,-161.50370318695659,59.97134870476243
2304,1631,82104.19717151557,8.210419717151556,205,5.0760615619782685,38.320049049662785,1750,1818,4150,4207,-161.74543982991312,59.97143853629084,-161.74031943279365,59.977547080222855
1818,1628,81953.17780210137,8.195317780210138,243,6.022531404723807,124.38574938574939,1346,1416,875,1030,-162.0396380854623,60.007550810712445,-162.02571419855843,60.01383901770128
2599,1628,81953.17780210137,8.195317780210138,319,7.906121473690924,55.28255528255528,2012,2081,6133,6214,-161.56730390907222,59.9478128443185,-161.56002755527086,59.95401121977892
1156,1628,81953.17780210137,8.195317780210138,311,7.70784883485228,40.255528255528255,831,882,2432,2509,-161.89977039572486,60.05552084688443,-161.89285336803715,60.06010225483344
925,1613,81198.08095503041,8.119808095503041,278,6.921936521500868,39.370117792932426,675,716,3378,3463,-161.81478976984715,60.07043288060081,-161.80715408993214,60.074115973265705
3334,1612,81147.74116522569,8.114774116522568,178,4.433405784341789,77.73945409429281,2605,2673,588,697,-162.06541973411652,59.89463257949862,-162.05562809751962,59.900741123430635
97,1612,81147.74116522569,8.114774116522568,199,4.956448039797843,76.863523573201,65,134,4864,4971,-161.681300118627,60.122714830136566,-161.67168814508693,60.128913205596994
215,1611,81097.40137542094,8.109740137542094,171,4.2603800286860345,41.31843575418994,158,201,7488,7574,-161.44558218807404,60.116696117732964,-161.43785667663062,60.120558873454684
2103,1611,81097.40137542094,8.109740137542094,340,8.470931051188607,101.31346989447547,1595,1660,7539,7676,-161.44100078012502,59.985631917779926,-161.42869386073258,59.99147096712671
2098,1610,81047.06158561622,8.104706158561623,403,10.04366244352642,198.97888198757764,1590,1652,3923,4144,-161.76583158686265,59.986350570007225,-161.7459788190836,59.99192012476877
3041,1604,80745.02284678783,8.074502284678783,298,7.440704924639943,46.80548628428928,2367,2398,3566,3672,-161.79790144250572,59.919336249811906,-161.78837930049406,59.92212102719268
4919,1594,80241.62494874053,8.024162494874053,301,7.539149182033646,84.03764115432874,6087,6158,11928,12040,-161.04673020192496,59.58156970298297,-161.03666907074285,59.587947741500216
1017,1593,80191.2851589358,8.01912851589358,363,9.09491693883423,61.10734463276836,740,794,8142,8244,-161.38683236849263,60.06342602138468,-161.3776695525946,60.06827692391892
4492,1576,79335.50873225537,7.9335508732255375,260,6.549305384178419,67.43401015228426,4665,4718,3164,3274,-161.83401371692733,59.71092710389618,-161.82413224880202,59.71568817490201
916,1573,79184.4893628412,7.918448936284119,233,5.874779350930836,42.97520661157025,666,713,10604,10687,-161.1656671455424,60.070702375186045,-161.1582111286842,60.07492445702141
3697,1568,78932.79041381754,7.893279041381754,309,7.803428406665828,43.7780612244898,3040,3070,14161,14262,-160.8461363989811,59.858969462719074,-160.83706341461146,59.861664408571436
811,1568,78932.79041381754,7.893279041381754,268,6.768022048499812,43.11224489795919,594,650,9929,10003,-161.22630342722047,60.076361761476,-161.21965589411798,60.08139232706707
1605,1568,78932.79041381754,7.893279041381754,297,7.500382643300165,156.89795918367346,1165,1255,4242,4400,-161.73717532929925,60.02201368678677,-161.72298194781015,60.03009852434385
2706,1565,78781.77104440334,7.878177104440335,305,7.70979212227477,63.00063897763578,2095,2154,2643,2741,-161.88081594322995,59.941255142744424,-161.87201245344556,59.94655520292073
3921,1564,78731.43125459862,7.873143125459862,305,7.7122564957186475,49.41432225063939,3605,3659,1748,1833,-161.96121516115863,59.806058692484434,-161.95357948124362,59.810909595018686
2796,1561,78580.41188518443,7.858041188518443,326,8.251181655906626,83.02370275464446,2166,2208,4950,5088,-161.67357460718358,59.93640424021018,-161.66117785626273,59.94017716440348
3858,1560,78530.0720953797,7.85300720953797,173,4.380097762636859,30.464102564102564,3413,3459,1809,1872,-161.9557354379255,59.82402499816683,-161.95007605163556,59.82815724847378
760,1558,78429.39251577023,7.8429392515770235,358,9.069833195692706,53.23748395378691,554,596,7654,7756,-161.43067015435764,60.081212664010245,-161.42150733845963,60.08498558820355
4553,1556,78328.71293616077,7.832871293616076,193,4.89274422133675,31.105398457583547,4816,4858,4584,4652,-161.70645294658235,59.698350689918506,-161.70034440265033,59.702123614111805
3692,1556,78328.71293616077,7.832871293616076,288,7.30108982251287,188.79434447300773,3019,3064,951,1177,-162.03281088930297,59.859508451889546,-162.01250896388186,59.863550870668085
2675,1553,78177.69356674657,7.817769356674657,243,6.16624172613373,85.31616226658082,2071,2122,1430,1561,-161.98978158719365,59.944129751653605,-161.97801365697168,59.94871115960262
1899,1553,78177.69356674657,7.817769356674657,158,4.009325896004648,38.33612363168062,1421,1483,4507,4567,-161.71336997427008,60.00153209830884,-161.70798008256534,60.007101653070386
1410,1551,78077.01398713712,7.8077013987137125,322,8.176171129516312,79.88652482269504,1019,1057,10706,10844,-161.15650432964438,60.03980032941234,-161.14410757872352,60.04321392749199
4719,1542,77623.95587889454,7.762395587889454,274,6.977637059667562,58.36575875486381,5205,5239,2667,2783,-161.87865998654806,59.66412487759355,-161.86823952925226,59.66717914955956
1336,1542,77623.95587889454,7.762395587889454,304,7.741611920215106,80.35278858625162,962,1035,3644,3747,-161.79089458328957,60.0417766230374,-161.78164193586315,60.048334324611474
4178,1541,77573.61608908982,7.757361608908981,208,5.298610741971744,34.32835820895522,4162,4195,3144,3226,-161.83581034749557,59.75790899325563,-161.82844416216577,59.76087343369323
1291,1539,77472.93650948035,7.747293650948035,257,6.551093733859374,65.70760233918129,937,972,1513,1637,-161.98232557033546,60.04743600932735,-161.97118646081236,60.05058011282177
2770,1537,77372.25692987088,7.737225692987089,180,4.591298947435626,39.372804163955756,2144,2181,1373,1459,-161.99490198431312,59.9388296914773,-161.9871764728697,59.94215345802854
273,1536,77321.91714006616,7.732191714006616,355,9.05800894466696,70.8984375,207,259,6190,6303,-161.56218351195275,60.111485889085074,-161.5520325492422,60.1161571285625
447,1532,77120.55798084724,7.712055798084724,185,4.726529205345264,37.59791122715405,344,400,9440,9504,-161.27023104461392,60.09881964357899,-161.26448182679553,60.103850209170055
3056,1532,77120.55798084724,7.712055798084724,303,7.74128837416008,97.25587467362924,2382,2435,2039,2179,-161.93507418639078,59.916012483260666,-161.9224977724131,59.920773554266496
2799,1528,76919.19882162832,7.691919882162832,617,15.784233136481678,318.85078534031413,2168,2250,9660,9927,-161.25046810836326,59.93263131601688,-161.2264830902773,59.93999750134666
4909,1525,76768.17945221413,7.676817945221413,649,16.6191870152899,1031.1580327868853,6032,6137,12731,13253,-160.97459548461018,59.58345616507962,-160.92770342677915,59.59288847556287
4968,1524,76717.83966240939,7.671783966240938,281,7.1980330500787675,32.338582677165356,6447,6484,4344,4418,-161.7280125134012,59.55228462472067,-161.72136498029874,59.55560839127192
1178,1520,76516.48050319047,7.6516480503190465,307,7.874383852253558,66.52894736842106,844,881,9914,10036,-161.22765090014664,60.05561067841284,-161.2166914536804,60.05893444496408
2350,1515,76264.78155416681,7.626478155416681,274,7.039539438880299,90.36303630363037,1787,1830,7752,7894,-161.4218666645733,59.970360557949896,-161.40911058753878,59.97422331367161
1737,1515,76264.78155416681,7.626478155416681,338,8.683811424604166,178.4818481848185,1278,1379,4916,5075,-161.67662887914958,60.010874577263685,-161.66234566613207,60.019947561633295
1198,1513,76164.10197455736,7.616410197455735,323,8.303918122174332,69.38268341044282,864,907,2014,2133,-161.93731997460105,60.05327505867413,-161.92663002272005,60.057137814395844
968,1512,76113.76218475262,7.611376218475262,167,4.294776573944891,46.7962962962963,704,741,5772,5868,-161.59973309082895,60.06818709239052,-161.5911092641014,60.07151085894176
2289,1511,76063.42239494789,7.606342239494789,160,4.11611737404671,27.542025148908007,1739,1785,3263,3319,-161.82512039561453,59.974402976728435,-161.82008983002348,59.97853522703539
4344,1510,76013.08260514316,7.601308260514316,244,6.27915715439074,58.81059602649007,4385,4435,5385,5484,-161.63449789232436,59.73634942643676,-161.6256045710116,59.74084100285736
627,1509,75962.74281533844,7.5962742815338435,223,5.740639079788963,48.31013916500994,463,548,6656,6706,-161.52032201971278,60.08552457737402,-161.51583044329217,60.093160257289036
3811,1501,75560.02449690059,7.556002449690059,312,8.05312143354681,56.02931379080613,3268,3328,3312,3397,-161.82071865072234,59.83579292838879,-161.81308297080733,59.84118282009351
47,1500,75509.68470709586,7.550968470709586,244,6.300052909830732,60.0,17,50,9121,9238,-161.29888730217732,60.13026067852317,-161.2883770133531,60.133225118960766
4304,1499,75459.34491729112,7.5459344917291125,384,9.91814396547122,49.3555703802535,4332,4390,14341,14419,-160.82996672386693,59.7403918452153,-160.8229598646508,59.745602073863196
1107,1497,75358.66533768167,7.535866533768167,311,8.038027521696213,72.74549098196393,801,851,9728,9843,-161.24435956443128,60.0583056242652,-161.2340289386639,60.06279720068579
2373,1496,75308.32554787694,7.530832554787694,294,7.601189042926782,79.10160427807487,1818,1885,425,530,-162.08006227324765,59.96541982388724,-162.0706299627644,59.97143853629084
2564,1491,75056.62659885328,7.505662659885329,354,9.167785432612972,57.18578135479544,1971,2015,1296,1398,-162.00181901200085,59.95374172519369,-161.9926561961028,59.95769431244381
4174,1486,74804.92764982962,7.480492764982962,305,7.912075715418435,40.06460296096905,4158,4204,14151,14227,-160.8470347142652,59.75710050949992,-160.8402075181059,59.76123275980687
3557,1484,74704.24807022017,7.470424807022018,260,6.749263711465145,63.924528301886795,2808,2838,894,1018,-162.03793128642246,59.87981037731065,-162.02679217689936,59.88250532316301
3249,1477,74351.86954158706,7.435186954158706,338,8.794809819220806,43.68043331076507,2524,2566,13505,13590,-160.90506588161932,59.9042445530387,-160.8974302017043,59.908017477232
2250,1475,74251.1899619776,7.425118996197759,316,8.22793917398807,138.51118644067796,1714,1775,6384,6549,-161.54475619544084,59.97530129201255,-161.52993399325285,59.98078101524568
1189,1468,73898.81143334448,7.389881143334448,195,5.089458571975835,83.44686648501363,855,909,6623,6744,-161.5232864601504,60.053095395617305,-161.51241684521253,60.05794629815155
2624,1464,73697.45227412556,7.369745227412556,271,7.082698460780241,47.60655737704918,2032,2067,1356,1453,-161.99642912029614,59.94907048571626,-161.98771546204017,59.95221458921068
3582,1463,73647.11248432082,7.364711248432083,291,7.60800564071283,64.00273410799727,2841,2876,3716,3834,-161.78442671324393,59.876396779230994,-161.7738265928913,59.879540882725415
1037,1462,73596.7726945161,7.35967726945161,342,8.9444248545176,66.5827633378933,754,822,4304,4392,-161.73160577453768,60.06091073858914,-161.72370060003743,60.06701928252116
1745,1459,73445.7533251019,7.344575332510191,233,6.099978089602107,49.96572995202193,1285,1354,7576,7642,-161.4376770135738,60.01312036547399,-161.4317481326986,60.01931874093441
1171,1457,73345.07374549244,7.3345073745492435,197,5.161030793063124,46.39670555936856,838,877,8331,8422,-161.36985420962276,60.055970004526486,-161.36167954053727,60.05947343413455
1234,1456,73294.73395568771,7.329473395568772,331,8.674557023873874,170.33241758241758,891,953,7179,7366,-161.47334013035334,60.04914280836718,-161.4565416345403,60.05471236312872
1724,1447,72841.67584744513,7.284167584744513,280,7.360778781549227,295.58811333794057,1270,1401,8330,8526,-161.36994404115117,60.00889828363862,-161.35233706158243,60.02066621386059
537,1441,72539.63710861675,7.253963710861675,252,6.638478459150286,108.82442748091603,403,439,7907,8069,-161.40794277766943,60.095316213970925,-161.3933900700667,60.09855014899375
4061,1441,72539.63710861675,7.253963710861675,253,6.664821627638978,118.94240111034004,3968,4055,10322,10442,-161.19099963655458,59.7704854072333,-161.18021985314513,59.77830075020514
3533,1439,72438.9575290073,7.2438957529007295,320,8.435669987887437,162.79082696316885,2785,2826,3657,3858,-161.78972677342023,59.88088835565159,-161.77167063620942,59.884571448316485
4220,1434,72187.25857998364,7.218725857998364,157,4.145959704205794,39.500697350069736,4215,4257,5309,5386,-161.64132508848368,59.75233943849409,-161.63440806079595,59.75611236268739
4076,1434,72187.25857998364,7.218725857998364,162,4.277996637460755,27.338912133891213,3996,4036,1917,1976,-161.94603363285702,59.77219220627313,-161.94073357268073,59.77578546740961
1830,1430,71985.89942076472,7.198589942076472,274,7.2457366292668475,129.3006993006993,1357,1446,3594,3720,-161.79538615971018,60.00485586486009,-161.78406738713028,60.01285087088875
2494,1429,71935.55963096,7.193555963095999,305,8.068331339801146,43.039888033589925,1913,1963,11307,11381,-161.1025155810688,59.958412964671105,-161.09586804796632,59.9629045410917
51,1429,71935.55963096,7.193555963095999,225,5.95204770968937,51.77326801959412,20,73,4426,4509,-161.72064632807144,60.128194553369696,-161.71319031121325,60.13295562437553
162,1425,71734.20047174106,7.173420047174106,306,8.106138025238069,77.3501754385965,129,173,7592,7714,-161.4362397091192,60.1192114005285,-161.42528026265293,60.123163987778625
2875,1419,71432.16173291267,7.143216173291267,280,7.433046224826585,49.116279069767444,2230,2271,16385,16476,-160.6463510797929,59.930744853920224,-160.63817641070742,59.93442794658512
3727,1417,71331.48215330322,7.133148215330322,233,6.189719890415611,90.44742413549753,3099,3167,913,1024,-162.0362244873826,59.85025580446312,-162.02625318772888,59.85636434839513
3651,1414,71180.46278388903,7.118046278388903,164,4.361331953354963,76.08486562942008,2941,3000,1160,1265,-162.01403609986488,59.865257669707916,-162.0046037893816,59.87055772988422
4853,1412,71079.78320427956,7.107978320427956,614,16.33996126915913,198.93767705382436,5722,5912,12012,12087,-161.03918435353836,59.603668258972306,-161.03244698890748,59.62073624937058
1428,1405,70727.40467564645,7.072740467564645,348,9.284127196112422,289.71103202846973,1030,1196,8935,9088,-161.31559596646196,60.027313746963074,-161.30185174261493,60.04222578067946
3184,1402,70576.38530623226,7.057638530623226,200,5.341410906376335,33.89728958630528,2475,2524,3311,3371,-161.82080848225075,59.908017477232,-161.81541859054605,59.912419222124186
3127,1398,70375.02614701334,7.037502614701334,187,5.001358899745443,36.535050071530755,2435,2490,3757,3815,-161.78074362057905,59.91107174919801,-161.77553339193113,59.916012483260666
3612,1398,70375.02614701334,7.037502614701334,248,6.632818219983261,62.67238912732475,2886,2935,1844,1943,-161.9525913344311,59.87109671905469,-161.9436980131183,59.875498463946876
3457,1394,70173.66698779442,7.017366698779442,154,4.124671196842967,23.76183644189383,2715,2753,5673,5726,-161.60862641214175,59.88744605722567,-161.6038653411359,59.89085965530532
1310,1393,70123.32719798968,7.012332719798968,179,4.795981208280478,96.16367552045944,945,1011,8193,8310,-161.38225096054362,60.04393257971929,-161.3717406717194,60.04986146059448
4039,1392,70072.98740818496,7.007298740818496,252,6.754308969478107,34.14080459770115,3927,3968,12144,12212,-161.02732659178798,59.77830075020514,-161.02121804785597,59.781983842870034
4683,1389,69921.96803877076,6.992196803877076,275,7.378729182484754,89.20374370050396,5048,5105,3277,3396,-161.82386275421678,59.676162302400755,-161.81317280233574,59.68128269952024
2040,1385,69720.60887955184,6.972060887955185,303,8.141749605741955,152.77978339350182,1539,1634,4271,4406,-161.7345702149753,59.98796753751864,-161.72244295863968,59.99650153271777
483,1381,69519.24972033293,6.951924972033293,153,4.117130107078195,28.3881245474294,369,417,8173,8224,-161.38404759111185,60.09729250759599,-161.37946618316283,60.10160442095976
4755,1377,69317.89056111399,6.931789056111399,259,6.979636320490027,221.281045751634,5398,5560,6810,6924,-161.50648796433734,59.63528895697332,-161.49624717009837,59.64984166457605
4889,1375,69217.21098150454,6.921721098150454,253,6.82290260812801,88.07563636363636,5898,5943,11001,11130,-161.13000402876284,59.60088348159154,-161.1184157615977,59.60492590037008
3199,1370,68965.51203248088,6.896551203248088,239,6.457101562151675,65.69343065693431,2484,2554,7487,7567,-161.44567201960245,59.905322531379646,-161.43848549732948,59.91161073836848
4729,1368,68864.83245287143,6.886483245287143,489,13.221045822157148,493.92105263157896,5258,5343,3921,4247,-161.76601124991947,59.65478239863871,-161.73672617165718,59.66241807855373
1912,1367,68814.49266306669,6.881449266306669,161,4.354533327170622,43.55230431602048,1432,1493,8862,8923,-161.322153668036,60.000633783024725,-161.3166739448029,60.006113506257854
552,1365,68713.81308345724,6.871381308345724,156,4.222389303293981,35.45787545787546,413,449,9095,9169,-161.30122292191604,60.09441789868681,-161.29457538881354,60.097651833709634
5378,1365,68713.81308345724,6.871381308345724,244,6.604249935921354,93.89304029304029,7929,7972,3828,3964,-161.7743655820618,59.418615310443684,-161.76214849419776,59.422478066165404
2106,1363,68613.13350384777,6.861313350384777,361,9.778208061706351,109.31474688187821,1598,1674,6569,6686,-161.52813736268462,59.98437427638216,-161.5176270738604,59.99120147254147
1289,1361,68512.4539242383,6.85124539242383,291,7.887945955911455,201.74577516531963,934,999,4889,5086,-161.6790543304167,60.04501055806023,-161.66135751931955,60.05084960740701
4362,1360,68462.11413443358,6.846211413443358,217,5.884238668331049,116.4735294117647,4409,4444,2549,2713,-161.88926010690068,59.735540942681055,-161.8745277362411,59.738685046175476
2567,1357,68311.09476501938,6.831109476501939,400,10.858505795958061,197.73323507737658,1975,2036,253,451,-162.0955132961345,59.95185526309704,-162.07772665350893,59.95733498633017
4879,1356,68260.75497521466,6.826075497521466,148,4.019128304792407,39.0117994100295,5858,5904,4526,4595,-161.71166317523023,59.604386911199605,-161.70546479976983,59.60851916150656
139,1355,68210.41518540992,6.821041518540992,209,5.677754870457485,70.01033210332103,106,208,1616,1668,-161.973072922909,60.116067297034085,-161.9684016834316,60.1252301129321
1633,1353,68109.73560580047,6.810973560580047,238,6.470354249141739,66.51884700665188,1188,1249,1300,1389,-162.0014596858872,60.02255267595724,-161.99346467985853,60.02803239919037
3154,1353,68109.73560580047,6.810973560580047,223,6.062558813271461,43.28455284552845,2455,2505,16255,16326,-160.65802917848646,59.90972427627183,-160.6516511399692,59.91421585269243
996,1353,68109.73560580047,6.810973560580047,249,6.769404235446609,32.59423503325942,726,775,1455,1511,-161.98753579898334,60.06513282042451,-161.9825052333923,60.069534565316694
2436,1353,68109.73560580047,6.810973560580047,221,6.008186088488757,73.80339985218033,1863,1916,199,304,-162.10036419866876,59.96263504650647,-162.0909318881855,59.9673961175123
371,1350,67958.71623638627,6.795871623638627,207,5.633826408401309,82.63407407407408,295,325,11088,11225,-161.122188685791,60.105557008209885,-161.1098817663986,60.10825195406225
3505,1348,67858.0366567768,6.785803665677681,259,7.05431450360182,41.317507418397625,2759,2815,2667,2729,-161.87865998654806,59.881876502464124,-161.87309043178652,59.886907068055194
3133,1348,67858.0366567768,6.785803665677681,405,11.030877891732576,254.74480712166172,2445,2583,13360,13515,-160.91809145323904,59.9027174170557,-160.9041675663352,59.91511416797655
5286,1347,67807.69686697208,6.780769686697208,164,4.468482384223343,42.051967334818116,7608,7637,15692,15782,-160.70860432898237,59.448708872461694,-160.7005194914253,59.451313986785635
662,1346,67757.35707716735,6.775735707716735,237,6.459900311588502,51.78008915304606,489,552,3396,3465,-161.81317280233574,60.08516525126037,-161.8069744268753,60.09082463755033
2554,1345,67707.01728736261,6.770701728736261,188,5.126213701602591,45.72788104089219,1964,2000,4308,4396,-161.73124644842406,59.955089198119865,-161.7233412739238,59.9583231331427
509,1344,67656.67749755789,6.765667749755789,309,8.428666010365205,58.333333333333336,387,437,7507,7597,-161.44387538903422,60.095495877027744,-161.43579055147714,60.09998745344834
3825,1337,67304.29896892478,6.730429896892478,209,5.715846832379183,71.8773373223635,3311,3354,3345,3457,-161.81775421028476,59.83345730865008,-161.80769307910262,59.837320064371795
1702,1331,67002.26023009639,6.700226023009639,419,11.48484121618936,113.10593538692713,1246,1314,10208,10334,-161.20124043079352,60.01671362661047,-161.18992165821362,60.022822170542476
808,1331,67002.26023009639,6.700226023009639,387,10.60771730469041,156.22539444027046,593,642,8598,8777,-161.34586919153676,60.0770804137033,-161.32978934795102,60.081482158595485
5122,1330,66951.92044029167,6.695192044029167,270,7.403514710945603,97.44360902255639,7006,7031,7799,7954,-161.41764458273792,59.50314677867934,-161.40372069583407,59.50539256688963
2477,1329,66901.58065048693,6.690158065048693,305,8.366375426238143,96.43641835966892,1902,1949,12412,12544,-161.00325174217357,59.959670606068876,-160.9913939804232,59.963892687904234
1762,1327,66800.90107087747,6.680090107087747,269,7.384427289259078,105.40768651092691,1300,1338,3784,3933,-161.77831816931192,60.01455766992858,-161.76493327157854,60.01797126800823
226,1324,66649.88170146328,6.664988170146328,258,7.090481258088134,85.26888217522658,171,201,9477,9615,-161.26690727806266,60.116696117732964,-161.2545105271418,60.119391063585326
4865,1322,66549.20212185381,6.654920212185381,272,7.480888408250852,121.02874432677761,5788,5836,3881,4033,-161.76960451105595,59.61049545513162,-161.75595011873733,59.61480736849539
902,1319,66398.18275243962,6.639818275243962,293,8.067616073721181,40.80667172100076,660,711,243,308,-162.09641161141863,60.07088203824287,-162.09057256207186,60.07546344619188
5311,1317,66297.50317283017,6.629750317283017,297,8.183961202053675,65.63097949886105,7708,7753,14764,14866,-160.79196798734867,59.43828841516591,-160.78280517145066,59.442330833944446
1753,1314,66146.48380341598,6.614648380341598,187,5.158743372288093,107.59208523592085,1294,1350,8069,8201,-161.3933900700667,60.013479691587634,-161.3815323083163,60.018510257178704
5123,1314,66146.48380341598,6.614648380341598,199,5.489785727729041,40.25875190258752,7009,7047,4966,5043,-161.67213730272897,59.50170947422475,-161.66522027504126,59.5051230723044
2269,1313,66096.14401361124,6.6096144013611235,145,4.001618103791392,31.076923076923077,1725,1761,2864,2929,-161.8609631754509,59.976558933410324,-161.85512412610413,59.97979286843315
1829,1310,65945.12464419704,6.594512464419704,172,4.752179090361624,41.08702290076336,1356,1383,14007,14096,-160.85997045435653,60.01051525115004,-160.85197544832786,60.01294070241716
4671,1309,65894.78485439232,6.589478485439232,356,9.839661872245522,41.83040488922842,5030,5063,11510,11594,-161.08427978080115,59.679935226594054,-161.07673393241456,59.68289966703165
3008,1308,65844.44506458759,6.584444506458759,299,8.2673688909595,71.58715596330275,2338,2379,2097,2209,-161.92986395774287,59.921043048851736,-161.91980282656073,59.92472614151663
2573,1306,65743.76548497812,6.5743765484978125,334,9.242189699638509,362.43797856049,1981,2071,4431,4685,-161.72019717042937,59.94871115960262,-161.69737996221275,59.956795997159695
2845,1305,65693.4256951734,6.56934256951734,314,8.692093558024784,93.86973180076629,2201,2255,5145,5266,-161.65605745914326,59.932182158374815,-161.6451878442054,59.937033060909066
218,1304,65643.08590536867,6.564308590536867,338,9.360044308006922,238.77607361963192,162,214,12527,12754,-160.99292111640622,60.11552830786361,-160.9725293594567,60.12019954734103
1916,1303,65592.74611556393,6.559274611556393,270,7.479827052802167,99.46277820414429,1433,1452,11527,11688,-161.08275264481816,60.00431687568962,-161.06828976874385,60.00602367472944
1615,1298,65341.04716654028,6.534104716654028,275,7.633001497733822,82.884437596302,1173,1209,1373,1501,-161.99490198431312,60.02614593709372,-161.9834035486764,60.02937987211655
272,1296,65240.36758693082,6.524036758693082,172,4.777777777777778,29.040123456790123,206,249,9784,9838,-161.2393289988402,60.11238420436919,-161.23447809630596,60.116246960090905
2417,1292,65039.0084277119,6.50390084277119,242,6.732620097303353,59.81733746130031,1847,1874,3317,3429,-161.8202694930803,59.96640797069977,-161.81020836189816,59.96883342196689
4912,1285,64686.62989907878,6.4686629899078785,531,14.812997762901857,44.824902723735406,6042,6072,3402,3492,-161.81263381316526,59.58929521442639,-161.8045489756082,59.591990160278755
1755,1282,64535.61052966459,6.453561052966459,218,6.088530430909606,39.840873634945396,1297,1333,4759,4836,-161.69073242911026,60.01500682757064,-161.68381540142255,60.018240762593464
2671,1282,64535.61052966459,6.453561052966459,153,4.273142917106283,83.9188767550702,2067,2106,3780,3905,-161.77867749542557,59.945567056108196,-161.76744855437406,59.94907048571626
485,1281,64485.270739859865,6.448527073985987,223,6.230606131932305,49.57377049180328,370,414,6618,6700,-161.52373561779243,60.09756200218122,-161.51636943246265,60.101514589431346
5178,1280,64434.93095005513,6.443493095005513,256,7.155417527999327,123.753125,7228,7263,13013,13177,-160.949262993598,59.48230586408776,-160.93453062293844,59.48544996758218
504,1279,64384.5911602504,6.43845911602504,140,3.914648418943977,32.53792025019546,384,429,9158,9215,-161.2955635356261,60.09621452925504,-161.2904431385066,60.10025694803358
252,1278,64334.25137044567,6.433425137044567,152,4.251852215369891,36.50704225352113,188,238,5028,5086,-161.66656774796743,60.113372351181724,-161.66135751931955,60.11786392760232
1790,1276,64233.57179083621,6.423357179083621,167,4.675102466481384,77.26959247648902,1323,1385,2197,2292,-161.92088080490169,60.01033558809321,-161.91234680970254,60.015905142854756
548,1276,64233.57179083621,6.423357179083621,249,6.970661761400386,68.66457680250784,410,448,15404,15514,-160.73447580916502,60.09450773021521,-160.7245943410397,60.097921328294866
2508,1275,64183.23200103148,6.418323200103148,335,9.381876562987667,153.22666666666666,1929,1968,262,444,-162.0947048123788,59.957963807029046,-162.07835547420783,59.96146723663711
2596,1267,63780.513682593635,6.378051368259364,304,8.540538920425472,73.90370955011839,2007,2097,1682,1745,-161.96714404203382,59.94637553986391,-161.96148465574387,59.95446037742098
4129,1265,63679.834102984176,6.367983410298417,199,5.595099493299556,92.46166007905138,4080,4138,2089,2202,-161.93058260997017,59.76302939037511,-161.92043164725962,59.76823961902301
2702,1264,63629.49431317944,6.362949431317944,244,6.863036195648746,89.31645569620254,2089,2162,5613,5708,-161.61401630384646,59.94053649051713,-161.6054823086473,59.9470941920912
1140,1262,63528.81473356998,6.352881473356998,321,9.03598195488819,91.60063391442155,815,866,11520,11639,-161.08338146551705,60.05695815133902,-161.07269151363602,60.06153955928803
257,1262,63528.81473356998,6.352881473356998,231,6.502529070340099,84.21236133122028,191,276,5212,5290,-161.65003874673965,60.10995875310207,-161.6430318875235,60.11759443301709
4530,1262,63528.81473356998,6.352881473356998,210,5.911390063945545,41.19175911251981,4754,4788,4575,4655,-161.70726143033806,59.70463889690734,-161.7000749080651,59.70769316887335
4084,1259,63377.79536415579,6.337779536415579,342,9.638584098061761,270.8943606036537,4013,4088,14773,14990,-160.79115950359298,59.76752096679571,-160.77166606192756,59.77425833142661
5246,1258,63327.45557435106,6.332745557435106,253,7.133131011597702,53.73608903020668,7497,7547,3625,3705,-161.79260138232942,59.456793710018765,-161.78541486005645,59.46128528643936
3754,1256,63226.7759947416,6.32267759947416,203,5.727976377028469,67.88535031847134,3159,3232,4406,4479,-161.72244295863968,59.84441675511634,-161.7158852570656,59.850974456690416
1643,1254,63126.09641513214,6.312609641513214,178,5.026564203051655,33.84051036682616,1199,1239,1659,1722,-161.9692101671873,60.02345099124136,-161.96355078089735,60.02704425237784
1655,1248,62824.05767630375,6.282405767630375,257,7.274879944379027,48.49038461538461,1213,1255,19,100,-162.1165338737829,60.02201368678677,-162.10925751998155,60.02578661098007
3328,1247,62773.71788649902,6.277371788649902,182,5.153925793276251,59.32959101844427,2601,2648,7761,7850,-161.42105818081757,59.89687836770892,-161.4130631747889,59.90110044954428
1334,1244,62622.698517084835,6.262269851708483,165,4.678145811270878,34.77813504823151,961,1003,2237,2299,-161.9172875437652,60.04465123194658,-161.91171798900365,60.04842415613988
480,1243,62572.3587272801,6.25723587272801,432,12.253162200423832,424.0353982300885,367,482,5445,5693,-161.62910800061965,60.09145345824921,-161.60682978157348,60.101784084016586
5136,1241,62471.67914767064,6.247167914767064,262,7.43730172102794,66.83642224012893,7090,7128,5030,5136,-161.6663880849106,59.49443312042337,-161.65686594289895,59.49784671850303
1444,1241,62471.67914767064,6.247167914767064,367,10.417899738997153,81.48589846897663,1041,1089,10339,10450,-161.18947250057155,60.036925720503156,-161.17950120091783,60.04123763386693
3936,1240,62421.33935786591,6.242133935786591,249,7.071124836375957,85.70645161290322,3649,3697,1880,1995,-161.94935739940826,59.80264509440478,-161.9390267736409,59.80695700776856
1683,1239,62370.999568061176,6.237099956806118,153,4.346661071412591,30.376109765940274,1233,1270,7010,7070,-161.48852165865495,60.02066621386059,-161.48313176695024,60.023989980411834
148,1237,62270.319988451716,6.227031998845171,252,7.1649916888559115,257.15117219078417,117,160,5708,5947,-161.6054823086473,60.12037921039786,-161.58401257335686,60.12424196611957
3106,1236,62219.98019864698,6.2219980198646985,247,7.025669531258892,43.54692556634304,2421,2452,2074,2159,-161.93193008289634,59.91448534727766,-161.92429440298133,59.91727012465844
354,1235,62169.64040884226,6.216964040884226,291,8.28055622141607,171.33603238866397,285,330,8543,8728,-161.35080992559944,60.105107850567826,-161.3341910928432,60.109150269346365
2431,1235,62169.64040884226,6.216964040884226,261,7.4268906315793615,63.48178137651822,1856,1897,5105,5204,-161.65965072027973,59.96434184554629,-161.65075739896693,59.96802493821119
647,1234,62119.30061903752,6.211930061903752,252,7.173695873100606,59.07617504051864,476,514,8554,8651,-161.3498217787869,60.088578849340024,-161.34110812053095,60.09199244741968
623,1229,61867.60167001387,6.186760167001387,214,6.104327587620886,36.569568755085434,462,523,5479,5524,-161.62605372865366,60.08777036558432,-161.62201130987512,60.09325008881745
3271,1228,61817.261880209146,6.181726188020915,444,12.670209230884762,255.37459283387622,2542,2589,11300,11533,-161.10314440176768,59.902178427885225,-161.0822136556477,59.90640050972059
4855,1227,61766.92209040441,6.176692209040441,222,6.337685631893094,53.41157294213529,5734,5761,3347,3448,-161.81757454722793,59.61723281976251,-161.80850156285834,59.619658271029635
4264,1227,61766.92209040441,6.176692209040441,323,9.22104711306968,84.50203748981255,4271,4322,12403,12513,-161.0040602259293,59.746500389147315,-160.99417875780398,59.75108179709632
1825,1225,61666.24251079495,6.1666242510794955,262,7.485714285714286,66.77224489795918,1351,1387,603,710,-162.06407226119032,60.01015592503639,-162.05446028765024,60.01338986005922
168,1224,61615.90272099022,6.161590272099022,188,5.373622334465277,32.029411764705884,135,172,7836,7898,-161.4143208161867,60.11930123205691,-161.40875126142515,60.12262499860816
3324,1224,61615.90272099022,6.161590272099022,235,6.717027918081596,61.33660130718954,2594,2625,15746,15852,-160.70375342644815,59.8989444928624,-160.69423128443648,59.901729270243166
1133,1224,61615.90272099022,6.161590272099022,216,6.173949065130318,30.748366013071895,813,852,1946,2004,-161.94342851853307,60.05821579273679,-161.93821828988519,60.061719222344855
343,1222,61515.22314138076,6.151522314138076,382,10.9276747428909,63.243862520458265,274,316,14586,14683,-160.807957999406,60.10636549196559,-160.79924434115003,60.1101384161589
4191,1221,61464.88335157603,6.146488335157603,310,8.871639008998208,160.003276003276,4179,4223,5108,5285,-161.6593812256945,59.7553937104601,-161.64348104516557,59.75934629771022
4877,1221,61464.88335157603,6.146488335157603,284,8.127566059856424,165.84766584766584,5852,5914,3623,3786,-161.79278104538622,59.603488595915486,-161.7781385062551,59.60905815067703
1056,1221,61464.88335157603,6.146488335157603,140,4.0065466492249975,35.433251433251435,765,791,11247,11325,-161.10790547277352,60.06369551596992,-161.10089861355738,60.06603113570863
4373,1220,61414.543561771294,6.141454356177129,284,8.130896347256929,77.75737704918033,4421,4504,4629,4700,-161.7024105278038,59.73015105097634,-161.69603248928655,59.73760706783453
1102,1217,61263.52419235711,6.126352419235711,191,5.475049854757386,69.10435497124075,798,834,1082,1191,-162.021042959081,60.0598327602482,-162.0112513224841,60.06306669527103
264,1215,61162.84461274764,6.116284461274764,172,4.934467670723524,76.06255144032922,199,256,730,825,-162.052663657082,60.11175538367031,-162.04412966188286,60.11687578078979
1679,1213,61062.16503313818,6.106216503313818,208,5.972180629170229,60.098928276999175,1230,1316,8648,8697,-161.3413776151162,60.01653396355364,-161.336975870224,60.024259474997066
1422,1208,60810.46608411453,6.081046608411453,159,4.574710934305067,57.6953642384106,1027,1078,2521,2602,-161.8917753896962,60.03791386731569,-161.88449903589483,60.04249527526469
3914,1206,60709.78650450507,6.070978650450507,194,5.586349152092796,37.97346600331675,3579,3616,1895,1965,-161.9480099264821,59.809921448206154,-161.94172171949324,59.813245214757394
1611,1206,60709.78650450507,6.070978650450507,141,4.060181600232393,44.6301824212272,1170,1217,131,200,-162.10647274260077,60.025427284866424,-162.10027436714034,60.02964936670178
601,1206,60709.78650450507,6.070978650450507,272,7.832407058604333,90.29850746268657,444,493,9557,9673,-161.25972075578971,60.09046531143668,-161.24930029849392,60.094867056328866
1344,1205,60659.44671470034,6.065944671470033,407,11.724676958984034,619.498755186722,968,1132,2781,3049,-161.8684191923091,60.03306296478144,-161.84434434269468,60.047795335441
2907,1205,60659.44671470034,6.065944671470033,258,7.432350504712238,51.86721991701245,2252,2315,451,513,-162.07772665350893,59.9267922666701,-162.0721570987474,59.932451652960054
3465,1203,60558.76713509088,6.055876713509088,253,7.294368636066884,123.85369908561928,2720,2787,2973,3099,-161.851171538854,59.88439178525966,-161.8398527662741,59.89041049766326
4008,1202,60508.427345286145,6.050842734528614,142,4.095775186218103,38.8153078202995,3867,3895,2039,2119,-161.93507418639078,59.784858451779215,-161.9278876641178,59.78737373457475
2419,1200,60407.747765676686,6.040774776567669,171,4.9363448015713,62.56333333333333,1848,1932,15470,15523,-160.72854692828983,59.96119774205188,-160.723785857284,59.968743590438486
2223,1195,60156.048816653034,6.015604881665303,248,7.174104991340609,140.6694560669456,1693,1818,2304,2384,-161.9112688313616,59.97143853629084,-161.90408230908864,59.98266747734233
3381,1195,60156.048816653034,6.015604881665303,314,9.083342610003836,48.20083682008368,2646,2708,15855,15913,-160.69396178985124,59.891488476004206,-160.68875156120333,59.89705803076574
840,1194,60105.7090268483,6.01057090268483,147,4.2541732392732605,42.02345058626466,612,654,3862,3932,-161.77131131009577,60.076002435362355,-161.76502310310693,60.079775359555654
1005,1193,60055.369237043575,6.005536923704358,313,9.062001207477588,49.90444258172674,731,762,9334,9425,-161.27975318662558,60.06630063029386,-161.2715785175401,60.069085407674635
1267,1192,60005.02944723884,6.000502944723884,247,7.154162912589129,134.2281879194631,911,968,3504,3647,-161.80347099726725,60.047795335441,-161.79062508870436,60.05291573256048
600,1190,59904.34986762938,5.9904349867629385,217,6.290515736829065,37.76806722689076,443,477,7511,7583,-161.44351606292057,60.09190261589127,-161.4370481928749,60.09495688785727
3004,1190,59904.34986762938,5.9904349867629385,228,6.609389806437912,88.21512605042017,2333,2381,3881,3995,-161.76960451105595,59.92086338579491,-161.75936371681698,59.92517529915869
1523,1188,59803.670288019915,5.980367028801991,377,10.937879382549681,173.4983164983165,1099,1169,7622,7779,-161.43354476326684,60.029739198230196,-161.41944121330616,60.03602740521904
2499,1186,59702.990708410456,5.970299070841046,187,5.429992903700033,73.8752107925801,1919,1972,7250,7345,-161.46696209183608,59.9576044809154,-161.45842809663694,59.96236555192123
690,1184,59602.311128801,5.960231112880099,278,8.079210892695441,87.57094594594595,506,529,15251,15389,-160.74822003301205,60.08723137641385,-160.73582328209122,60.08929750156732
2608,1181,59451.291759386804,5.94512917593868,245,7.129205534246737,136.83657917019474,2016,2109,7402,7510,-161.45330769951747,59.94529756152296,-161.44360589444898,59.953651893665274
409,1180,59400.95196958208,5.940095196958207,321,9.344671281320291,103.8135593220339,320,373,6713,6835,-161.5152016225933,60.101245094846114,-161.50424217612704,60.106006165851944
1867,1176,59199.59281036315,5.9199592810363155,173,5.044782446446307,68.58503401360544,1390,1443,8887,8976,-161.3199078798257,60.00512535944532,-161.31191287379704,60.009886430451154
5051,1176,59199.59281036315,5.9199592810363155,170,4.957300669918336,35.38775510204081,6781,6816,4296,4363,-161.732324426765,59.52246055728791,-161.7263057143614,59.52560466078232
1503,1174,59098.91323075369,5.909891323075369,278,8.113546835307128,71.63543441226575,1083,1114,199,313,-162.10036419866876,60.03467993229285,-162.0901234044298,60.03746470967363
1360,1168,58796.87449192531,5.879687449192531,165,4.827947321840386,66.16780821917808,978,1012,1608,1713,-161.97379157513632,60.043842748190876,-161.96435926465307,60.046897020156884
65,1166,58696.19491231585,5.869619491231584,298,8.727040448595599,57.97598627787307,39,90,105,184,-162.1088083623395,60.12666741738669,-162.10171167159493,60.1312488253357
818,1166,58696.19491231585,5.869619491231584,157,4.597803189360769,43.80445969125214,597,668,6269,6311,-161.55508682120822,60.074744793964584,-161.5513138970149,60.08112283248183
695,1164,58595.51533270639,5.859551533270639,282,8.265566382823744,120.16838487972508,511,540,9466,9624,-161.2678954248752,60.086243229601315,-161.2537020433861,60.088848343925264
4954,1163,58545.175542901656,5.854517554290165,341,9.99918311366837,118.98882201203783,6352,6446,12503,12595,-160.9950770730881,59.55569822280032,-160.9868125724742,59.56414238647105
2817,1161,58444.4959632922,5.84444959632922,259,7.601226157944552,53.83290267011197,2177,2214,1574,1662,-161.9768458471023,59.93586525103971,-161.96894067260206,59.93918901759095
3756,1160,58394.15617348746,5.839415617348746,173,5.079454898802185,29.186206896551724,3160,3188,4709,4773,-161.69522400553086,59.84836934236647,-161.6894747877125,59.850884625162
2524,1154,58092.11743465908,5.809211743465908,235,6.917751510561199,64.1109185441941,1943,1983,158,254,-162.10404729133364,59.95661633410287,-162.0954234646061,59.96020959523935
4566,1152,57991.43785504962,5.7991437855049615,226,6.658588856173323,82.34722222222223,4853,4895,3048,3160,-161.8444341742231,59.695026923367266,-161.83437304304096,59.698799847560565
3803,1150,57890.75827544016,5.789075827544016,141,4.157863163568099,28.17391304347826,3258,3296,1060,1112,-162.02301925270606,59.83866753729797,-162.01834801322863,59.84208113537763
3555,1150,57890.75827544016,5.789075827544016,177,5.219445247883359,72.12521739130435,2806,2861,826,915,-162.04403983035445,59.87774425215717,-162.0360448243258,59.88268498621983
832,1150,57890.75827544016,5.789075827544016,188,5.543817551424132,44.41391304347826,607,659,5532,5593,-161.6212926576478,60.075553277720296,-161.6158129344147,60.08022451719771
3426,1149,57840.418485635426,5.784041848563542,201,5.929745348289533,72.18798955613578,2684,2719,2921,3030,-161.85584277833144,59.890500329191674,-161.84605114173453,59.89364443268609
91,1147,57739.73890602597,5.773973890602597,204,6.023493672646424,39.18395815170009,61,96,7752,7823,-161.4218666645733,60.12612842821622,-161.41548862605603,60.12927253171064
5212,1144,57588.719536611774,5.758871953661178,329,9.72708891402041,164.64685314685315,7391,7451,15451,15608,-160.73025372732965,59.465417536746315,-160.71615017736897,59.47080742845103
392,1144,57588.719536611774,5.758871953661178,139,4.109621152124124,56.39510489510489,307,338,4557,4653,-161.70887839784947,60.10438919834053,-161.70025457112192,60.1071739757213
2730,1143,57538.37974680704,5.753837974680704,378,11.180692018643034,98.77165354330708,2112,2239,13394,13435,-160.91503718127305,59.93361946282941,-160.91135408860816,59.945028066937724
742,1143,57538.37974680704,5.753837974680704,207,6.122759914971185,60.05599300087489,542,603,1581,1651,-161.97621702640345,60.08058384331136,-161.9699288194146,60.08606356654449
3322,1143,57538.37974680704,5.753837974680704,293,8.666515241964046,135.81452318460194,2593,2667,11639,11762,-161.07269151363602,59.89517156866909,-161.06164223564136,59.90181910177158
4181,1142,57488.039957002315,5.748803995700231,139,4.113218195396666,38.61646234676007,4166,4195,3376,3452,-161.81496943290398,59.75790899325563,-161.8081422367447,59.760514107579574
4507,1141,57437.70016719758,5.7437700167197585,243,7.193884343970645,41.651183172655564,4697,4740,5933,5999,-161.58527021475462,59.70895081027112,-161.57934133387943,59.71281356599283
1854,1141,57437.70016719758,5.7437700167197585,282,8.348458374484451,108.59246275197195,1379,1423,1268,1400,-162.0043342947964,60.00692199001356,-161.99247653304602,60.010874577263685
5025,1137,57236.34100797866,5.723634100797867,134,3.973969833265975,80.2145998240985,6707,6752,11294,11400,-161.10368339093816,59.52820977510627,-161.09416124892647,59.53225219388481
4378,1136,57186.00121817393,5.718600121817393,185,5.488865169146571,84.59507042253522,4434,4480,3815,3924,-161.77553339193113,59.73230700765822,-161.76574175533423,59.73643925796517
2166,1136,57186.00121817393,5.718600121817393,229,6.79432499315981,49.86267605633803,1652,1683,970,1058,-162.03110409026314,59.98356579262646,-162.0231989157629,59.986350570007225
2104,1135,57135.661428369196,5.713566142836919,261,7.747160912401599,218.5057268722467,1597,1697,5092,5241,-161.66081853014907,59.982308151228686,-161.6474336324157,59.99129130406988
4852,1133,57034.98184875974,5.703498184875974,268,7.961957207698908,61.51456310679612,5711,5731,3292,3404,-161.82251528129058,59.619927765614875,-161.81245415010847,59.62172439618311
2302,1132,56984.64205895501,5.698464205895501,260,7.727697877610932,157.31802120141342,1749,1812,5668,5816,-161.60907556978378,59.97197752546131,-161.59578050357882,59.97763691175127
3824,1132,56984.64205895501,5.698464205895501,143,4.250233832686012,55.21201413427562,3309,3342,3299,3391,-161.8218864605917,59.83453528699103,-161.8136219599778,59.83749972742862
4708,1131,56934.30226915028,5.693430226915027,331,9.84230210359837,97.45711759504863,5155,5203,3125,3243,-161.8375171465354,59.667358812616385,-161.82691702618277,59.67167072598016
4964,1128,56783.282899736085,5.678328289973608,232,6.907699476434799,80.85460992907801,6436,6490,9140,9237,-161.2971805031375,59.5517456355502,-161.28846684488153,59.55659653808445
2848,1128,56783.282899736085,5.678328289973608,176,5.240323740743641,76.62765957446808,2204,2281,7716,7786,-161.4251005995961,59.929846538636106,-161.41881239260726,59.936763566323826
895,1127,56732.94310993135,5.6732943109931355,292,8.69802984352369,47.7586512866016,658,698,711,787,-162.05437045612183,60.07204984811223,-162.04754325996254,60.0756431092487
4815,1123,56531.58395071243,5.653158395071244,313,9.340163086511701,62.06233303650935,5575,5614,14520,14613,-160.8138868802812,59.63043805443907,-160.80553254813887,59.633941484047135
1685,1123,56531.58395071243,5.653158395071244,329,9.817615512659266,62.06233303650935,1234,1257,13390,13499,-160.9153965073867,60.021834023729944,-160.9056048707898,60.02390014888342
5045,1122,56481.2441609077,5.64812441609077,321,9.583157016125842,104.24598930481284,6769,6795,6666,6811,-161.51942370442868,59.52434701938456,-161.50639813280893,59.526682639123266
1980,1122,56481.2441609077,5.64812441609077,157,4.687089257108277,48.80213903743316,1488,1531,7956,8030,-161.40354103277724,59.99722018494507,-161.39689349967477,60.001082940666784
3021,1119,56330.22479149351,5.633022479149351,267,7.981715028671947,127.68900804289544,2351,2436,8575,8679,-161.34793531669024,59.91592265173225,-161.3385928377354,59.92355833164727
5221,1115,56128.86563227459,5.612886563227459,159,4.761674348472065,29.05829596412556,7421,7461,9780,9830,-161.23968832495385,59.4645192214622,-161.23519674853324,59.46811248259867
2064,1113,56028.18605266513,5.6028186052665125,279,8.36289455815602,100.23000898472597,1556,1597,10963,11089,-161.13341762684252,59.99129130406988,-161.1220988542626,59.994974396734776
4974,1112,55977.846262860396,5.59778462628604,178,5.337865280746198,56.20503597122302,6469,6502,4424,4516,-161.72082599112827,59.55066765720926,-161.71256149051436,59.553632097646855
3410,1106,55675.80752403201,5.567580752403201,256,7.697725175350575,78.15189873417721,2670,2705,10369,10481,-161.1867775547192,59.89175797058944,-161.17671642353707,59.89490207408386
1742,1105,55625.467734227284,5.562546773422729,167,5.02383459392816,58.38552036199095,1282,1346,4322,4385,-161.72998880702627,60.01383901770128,-161.72432942073632,60.01958823551965
854,1105,55625.467734227284,5.562546773422729,209,6.287313952880153,51.261538461538464,625,669,11060,11135,-161.12470396858654,60.07465496243617,-161.11796660395564,60.078607549686296
3174,1102,55474.44836481309,5.54744483648131,148,4.458316725152957,34.86025408348458,2469,2508,5399,5458,-161.6332402509266,59.90945478168659,-161.6279401907503,59.91295821129466
2784,1102,55474.44836481309,5.54744483648131,207,6.235618662882852,72.16333938294011,2154,2210,5377,5462,-161.63521654455167,59.936224577153354,-161.62758086463666,59.941255142744424
4020,1102,55474.44836481309,5.54744483648131,141,4.247450393557885,40.01814882032668,3895,3917,5899,5982,-161.58832448672064,59.78288215815415,-161.58086846986245,59.784858451779215
4731,1100,55373.76878520363,5.537376878520363,346,10.43229252239062,112.64,5275,5324,8423,8550,-161.36158970900885,59.65648919767854,-161.35018110490054,59.660890942570724
1399,1096,55172.40962598471,5.51724096259847,438,13.230273843930876,248.6167883211679,1013,1097,5551,5728,-161.619585858608,60.03620706827586,-161.60368567807907,60.04375291666246
2021,1095,55122.06983617997,5.512206983617998,278,8.401130604495442,66.57534246575342,1521,1558,10948,11046,-161.13476509976869,59.99479473367795,-161.1259616099843,59.99811850022919
3800,1094,55071.73004637525,5.507173004637525,323,9.765485990783944,150.67276051188298,3254,3291,1308,1474,-162.0007410336599,59.83911669494004,-161.98582899994352,59.84244046149128
4789,1093,55021.390256570514,5.502139025657051,311,9.406981892493949,54.47026532479414,5499,5526,14395,14490,-160.82511582133267,59.63834322893932,-160.81658182613356,59.64076868020644
4771,1092,54971.05046676578,5.497105046676578,314,9.5020722629002,91.44322344322345,5441,5493,15973,16079,-160.68336166949862,59.641307669376914,-160.67383952748696,59.64597890885434
342,1089,54820.031097351595,5.482003109735159,149,4.515151515151516,43.64003673094582,274,312,4687,4758,-161.69720029915592,60.10672481807924,-161.69082226063867,60.1101384161589
1157,1087,54719.35151774213,5.471935151774213,133,4.034009056861073,24.74333026678933,831,862,2875,2926,-161.8599750286384,60.05731747745267,-161.85539362068937,60.06010225483344
5186,1086,54669.0117279374,5.46690117279374,275,8.344835524223061,171.84530386740332,7255,7339,10860,10992,-161.14267027426894,59.475478667928456,-161.13081251251856,59.483024516315055
3411,1086,54669.0117279374,5.46690117279374,266,8.071731816157579,256.707182320442,2670,2682,10492,10744,-161.17572827672453,59.893824095742914,-161.15309073156473,59.89490207408386
2693,1085,54618.67193813267,5.461867193813267,220,6.678944147908079,135.9041474654378,2083,2199,5512,5588,-161.62308928821605,59.937212723965885,-161.61626209205676,59.94763318126167
2244,1084,54568.33214832794,5.456833214832795,206,6.256804414077106,53.13653136531365,1711,1756,2372,2447,-161.9051602874296,59.97700809105238,-161.8984229227987,59.98105050983092
3849,1083,54517.99235852321,5.451799235852321,256,7.779035205923379,48.0,3383,3434,2655,2718,-161.87973796488902,59.82627078637713,-161.87407857859904,59.830852194326134
2884,1081,54417.31277891375,5.441731277891375,240,7.299588776069682,41.57631822386679,2240,2276,3746,3816,-161.78173176739156,59.930295696278165,-161.77544356040272,59.933529631301
1934,1079,54316.633199304284,5.431663319930428,210,6.393056938253822,77.94253938832252,1444,1525,9952,10016,-161.224237302067,59.997759174115544,-161.21848808424863,60.00503552791691
4444,1077,54215.953619694825,5.421595361969483,314,9.568013874775282,98.677808727948,4557,4603,12187,12304,-161.02346383606627,59.721257729663556,-161.0129535472421,59.7253899799705
2144,1076,54165.61382989009,5.416561382989009,168,5.121570391137415,34.97769516728624,1627,1663,1469,1530,-161.9862781575856,59.985362423194694,-161.98079843435244,59.98859635821752
1887,1076,54165.61382989009,5.416561382989009,408,12.438099521333724,226.7992565055762,1407,1433,16284,16505,-160.6554240641625,60.00602367472944,-160.63557129638346,60.00835929446815
4098,1075,54115.274040085365,5.411527404008536,305,9.302412790288885,348.4130232558139,4031,4114,11538,11761,-161.08176449800564,59.765185347057,-161.06173206716977,59.77264136391519
1757,1074,54064.93425028063,5.406493425028064,223,6.80460190432549,53.63128491620112,1298,1336,5118,5200,-161.65848291041036,60.014737332985405,-161.65111672508058,60.01815093106506
2194,1074,54064.93425028063,5.406493425028064,136,4.1498917443420025,54.52886405959032,1672,1692,1784,1885,-161.95798122613581,59.982757308870745,-161.94890824176622,59.98455393943899
5030,1073,54014.594460475906,5.401459446047591,358,10.92906894462068,259.8173345759553,6738,6783,6837,7056,-161.5040625130702,59.5254249977255,-161.484389408348,59.52946741650403
2925,1068,53762.895511452254,5.376289551145225,285,8.72085837440999,70.29588014981273,2262,2301,1476,1574,-161.9856493368867,59.92804990806787,-161.9768458471023,59.931553337675936
261,1068,53762.895511452254,5.376289551145225,192,5.875104589076204,82.0374531835206,197,271,4563,4637,-161.708339408679,60.11040791074413,-161.7016918755765,60.11705544384662
5316,1065,53611.87614203806,5.361187614203806,179,5.485020146671265,74.67042253521127,7722,7753,3421,3531,-161.81092701412544,59.43828841516591,-161.80104554600013,59.441073192546675
432,1065,53611.87614203806,5.361187614203806,142,4.351245032554859,42.20093896713615,337,394,8841,8890,-161.32404013013266,60.099358632749464,-161.3196383852405,60.10447902986894
1593,1065,53611.87614203806,5.361187614203806,209,6.404297266225108,101.01784037558686,1150,1189,1010,1135,-162.02751082912667,60.02794256766196,-162.01628188807518,60.031445997270026
2410,1064,53561.53635223333,5.3561536352233325,152,4.65985898008574,36.84586466165413,1841,1890,1252,1302,-162.00577159925098,59.96497066624518,-162.00128002283037,59.969372411137364
1717,1062,53460.85677262387,5.346085677262387,238,7.303225301993365,119.33709981167608,1259,1344,3979,4072,-161.7608010212716,60.014018680758106,-161.75244668912927,60.021654360673125
90,1061,53410.516982819136,5.341051698281913,148,4.543641142856824,36.20735155513666,61,96,1681,1744,-161.96723387356224,60.12612842821622,-161.9615744872723,60.12927253171064
3506,1057,53209.15782360022,5.3209157823600215,211,6.490003957765126,67.9508041627247,2759,2806,5515,5602,-161.6228197936308,59.88268498621983,-161.61500445065897,59.886907068055194
3758,1056,53158.818033795484,5.315881803379549,137,4.215883566042145,30.00378787878788,3166,3207,4587,4635,-161.7061834519971,59.84666254332664,-161.70187153863333,59.85034563599153
2668,1054,53058.138454186024,5.305813845418602,181,5.575171987884962,50.18975332068311,2066,2089,2957,3049,-161.8526088433086,59.9470941920912,-161.84434434269468,59.949160317244676
4990,1054,53058.138454186024,5.305813845418602,493,15.185413204570642,817.0626185958255,6569,6609,8845,9269,-161.323680804019,59.54105568366918,-161.28559223597236,59.54464894480566
1265,1050,52856.7792949671,5.28567792949671,273,8.424962907930219,53.04380952380952,909,948,13446,13525,-160.91036594179562,60.04959196600924,-160.90326925105109,60.053095395617305
4323,1048,52756.09971535764,5.275609971535764,160,4.942416505721724,33.01145038167939,4357,4397,2755,2808,-161.8707548120478,59.739763024516414,-161.86599374104196,59.743356285652894
1278,1046,52655.42013574818,5.265542013574818,177,5.472772864812491,72.82600382409179,923,987,8574,8648,-161.34802514821865,60.04608853640117,-161.3413776151162,60.05183775421954
4751,1046,52655.42013574818,5.265542013574818,192,5.936567175389821,51.45697896749522,5384,5422,3496,3574,-161.80418964949456,59.64768570789416,-161.7971827902784,59.65109930597382
534,1045,52605.08034594345,5.260508034594345,196,6.06314460391951,49.74545454545454,401,432,9485,9568,-161.26618862583538,60.0959450346698,-161.25873260897717,60.09872981205058
3422,1045,52605.08034594345,5.260508034594345,131,4.052407873027836,41.400956937799045,2680,2709,5834,5909,-161.5941635360674,59.89139864447579,-161.5874261714365,59.89400375879974
2496,1044,52554.74055613871,5.255474055613871,138,4.270992778072193,35.310344827586206,1915,1958,2985,3038,-161.85009356051305,59.95886212231317,-161.84533248950723,59.962724878034884
4395,1044,52554.74055613871,5.255474055613871,149,4.611434231396789,76.17241379310344,4463,4511,5546,5639,-161.62003501625006,59.72952223027745,-161.61168068410774,59.733834143641225
1115,1043,52504.40076633399,5.2504400766333985,253,7.833906196116301,156.48705656759347,804,842,5430,5594,-161.63045547354582,60.05911410802091,-161.61572310288628,60.06252770610056
4341,1040,52353.381396919794,5.235338139691979,293,9.08554430865952,413.7846153846154,4384,4453,3331,3590,-161.81901185168252,59.73473245892535,-161.79574548582383,59.74093083438577
1239,1037,52202.3620275056,5.22023620275056,252,7.825483184961165,67.2092574734812,894,953,1055,1128,-162.02346841034813,60.04914280836718,-162.01691070877405,60.05444286854348
3060,1034,52051.34265809141,5.205134265809141,204,6.3440982184254535,45.96131528046422,2385,2423,16552,16623,-160.6313492145481,59.91709046160161,-160.62497117603087,59.920504059681264
3853,1034,52051.34265809141,5.205134265809141,143,4.447088457033528,42.64990328820116,3397,3445,2781,2838,-161.8684191923091,59.82528263956459,-161.86329879518962,59.82959455292837
5081,1034,52051.34265809141,5.205134265809141,141,4.3848914156764165,42.64990328820116,6884,6915,5274,5348,-161.6444691919781,59.513567235975124,-161.63782165887562,59.51635201335589
3894,1032,51950.66307848195,5.195066307848195,230,7.159587273193939,51.25968992248062,3494,3564,1717,1762,-161.96399993853942,59.81459268768357,-161.95995751976088,59.820880894672406
4587,1030,51849.98349887249,5.184998349887249,284,8.849112730466532,70.77669902912622,4906,4939,6277,6379,-161.55436816898091,59.69107433611714,-161.5452053530829,59.694038776554734
3007,1029,51799.64370906776,5.1799643709067755,137,4.270835851761564,78.38289601554908,2337,2396,7438,7521,-161.45007376449465,59.91951591286873,-161.44261774763643,59.924815973045035
5039,1027,51698.9641294583,5.16989641294583,329,10.266222586365178,104.7555988315482,6748,6785,6534,6661,-161.53128146617905,59.525245334668675,-161.5198728620707,59.528569101219915
1147,1025,51598.28454984884,5.159828454984884,234,7.308932056386764,57.13560975609756,821,847,2249,2344,-161.91620956542425,60.05866495037885,-161.9076755702251,60.06100057011756
1064,1024,51547.944760044105,5.154794476004411,238,7.4375,102.515625,768,800,8367,8497,-161.36662027459994,60.062887032214206,-161.3549421759064,60.06576164112339
1018,1022,51447.265180434646,5.1447265180434645,228,7.13196821682434,212.48140900195693,741,769,2861,3066,-161.86123267003615,60.06567180959498,-161.8428172067117,60.06818709239052
2321,1020,51346.58560082519,5.134658560082519,203,6.356176554514268,155.2980392156863,1767,1834,5317,5449,-161.64060643625638,59.97000123183625,-161.628748674506,59.97601994423985
3773,1018,51245.90602121572,5.124590602121572,146,4.5759257278927254,32.53831041257367,3191,3231,4077,4128,-161.7519975314872,59.844506586644755,-161.7474161235382,59.84809984778123
2577,1018,51245.90602121572,5.124590602121572,192,6.017655751749338,27.724950884086443,1984,2014,142,196,-162.10548459578823,59.9538315567221,-162.100633693254,59.956526502574455
3965,1018,51245.90602121572,5.124590602121572,163,5.108738997578865,105.68172888015717,3768,3806,13311,13437,-160.92249319813124,59.79285345780788,-160.91117442555134,59.79626705588753
1879,1015,51094.88665180153,5.1094886651801525,146,4.582683190192715,58.65615763546798,1398,1439,3350,3431,-161.8173050526427,60.00548468555897,-161.81002869884134,60.00916777822386
651,1012,50943.867282387335,5.094386728238733,141,4.432297024906617,27.229249011857707,480,512,344,395,-162.08733862704904,60.08875851239685,-162.08275721910002,60.09163312130603
686,1012,50943.867282387335,5.094386728238733,234,7.355726977504599,194.79841897233203,503,540,12251,12436,-161.0177146182479,60.086243229601315,-161.00109578549169,60.089566996152556
4849,1011,50893.52749258261,5.089352749258261,146,4.591739885173804,44.454995054401586,5703,5726,3850,3933,-161.77238928843673,59.620376923256934,-161.76493327157854,59.6224430484104
3121,1010,50843.187702777876,5.084318770277788,234,7.363006273672365,59.91683168316832,2432,2465,4099,4189,-161.75002123786214,59.91331753740831,-161.74193640030506,59.916281977845905
9,1010,50843.187702777876,5.084318770277788,127,3.996161524599959,34.253465346534654,0,32,4066,4127,-161.75298567829975,60.13187764603459,-161.7475059550666,60.13475225494377
31,1007,50692.16833336368,5.069216833336368,171,5.388667353720825,78.97120158887786,7,61,4921,5008,-161.6761797215075,60.12927253171064,-161.66836437853567,60.134123434244884
219,1006,50641.82854355896,5.064182854355896,205,6.463308276474175,62.1272365805169,164,201,97,185,-162.10952701456677,60.116696117732964,-162.1016218400665,60.12001988428421
5396,1002,50440.46938434003,5.044046938434003,390,12.320568460327987,340.375249500998,7965,8003,4830,5084,-161.684354390593,59.415830533062916,-161.66153718237638,59.41924413114257
3588,1002,50440.46938434003,5.044046938434003,183,5.781189816000055,70.61477045908184,2849,2887,4500,4595,-161.71399879496894,59.87540863241846,-161.70546479976983,59.878822230498116
4828,1001,50390.129594535305,5.0390129594535304,159,5.025509352866061,48.35164835164835,5638,5665,3784,3867,-161.77831816931192,59.625856646490064,-161.77086215245373,59.628282097757186
1224,999,50289.45001492584,5.028945001492584,215,6.802298969559576,44.14414414414414,882,918,1389,1458,-161.99346467985853,60.0522869118616,-161.9872663043981,60.05552084688443
5351,996,50138.430645511646,5.013843064551165,236,7.47794615618884,79.8433734939759,7818,7856,9025,9128,-161.30751112890488,59.42903576773947,-161.29825848147843,59.432449365819124
4860,995,50088.09085570692,5.008809085570692,206,6.530639036966886,86.87035175879397,5752,5804,5117,5212,-161.65857274193877,59.6133700640408,-161.65003874673965,59.61804130351822
2341,995,50088.09085570692,5.008809085570692,306,9.700852161708093,89.2502512562814,1779,1811,6032,6149,-161.57637689344185,59.972067356989726,-161.56586660461764,59.97494196589891
4727,992,49937.07148629273,4.993707148629273,163,5.175255175257763,29.133064516129032,5237,5277,2925,2970,-161.85548345221778,59.6607112795139,-161.85144103343924,59.66430454065038
2582,991,49886.731696487994,4.988673169648799,181,5.749654488807653,56.201816347124115,1994,2030,3836,3918,-161.77364692983448,59.95239425226751,-161.7662807445047,59.95562818729034
4484,990,49836.39190668327,4.983639190668327,230,7.309879850882874,83.78181818181818,4638,4669,5654,5767,-161.61033321118157,59.71532884878837,-161.60018224847101,59.718113626169135
2643,989,49786.052116878534,4.978605211687854,164,5.214896606140925,55.365015166835185,2043,2089,4936,5007,-161.67483224858134,59.9470941920912,-161.66845421006408,59.95122644239815
4402,989,49786.052116878534,4.978605211687854,310,9.857426511607848,294.8432760364004,4479,4559,7127,7317,-161.47801136983077,59.72521031691368,-161.46094337943248,59.732396839186634
1396,988,49735.71232707381,4.973571232707381,152,4.835764198615911,65.29959514170041,1011,1067,4895,4966,-161.67851534124623,60.03890201412822,-161.67213730272897,60.04393257971929
5349,987,49685.372537269075,4.9685372537269075,233,7.416471714023033,48.149949341438706,7813,7849,8295,8368,-161.3730881446456,59.42966458843836,-161.36653044307153,59.43289852346119
1751,987,49685.372537269075,4.9685372537269075,126,4.010624188699151,35.80952380952381,1292,1320,2671,2737,-161.8783006604344,60.016174637439995,-161.87237177955922,60.01868992023553
636,987,49685.372537269075,4.9685372537269075,192,6.111427335160611,32.82674772036474,468,514,1926,1970,-161.9452251491013,60.088578849340024,-161.94127256185118,60.092711099646976
1962,987,49685.372537269075,4.9685372537269075,173,5.5066506717853425,59.335359675785206,1473,1507,8400,8487,-161.36365583416233,59.99937614162696,-161.3558404911905,60.00243041359296
1788,986,49635.03274746434,4.963503274746434,217,6.910687844988529,43.038539553752535,1321,1373,539,590,-162.06982147900868,60.01141356643416,-162.0652400710597,60.01608480591158
4900,985,49584.692957659616,4.958469295765962,175,5.575963643925204,41.4253807106599,5964,6013,6615,6667,-161.52400511237767,59.5945952746027,-161.51933387290026,59.59899701949489
5355,981,49383.33379844069,4.938333379844069,135,4.310218283495181,55.81651376146789,7859,7882,3397,3491,-161.81308297080733,59.42670014800076,-161.8046388071366,59.42876627315424
2877,979,49282.65421883123,4.928265421883123,143,4.57029982051924,62.82328907048008,2232,2257,7100,7199,-161.48043682109787,59.932002495317995,-161.4715434997851,59.93424828352829
2014,978,49232.3144290265,4.92323144290265,250,7.994118492388492,89.58691206543968,1517,1541,5956,6080,-161.58320408960114,59.99632186966095,-161.57206498007807,59.998477826342835
3511,973,48980.615480002845,4.8980615480002845,172,5.514066847282512,34.0431654676259,2762,2796,6367,6424,-161.54628333142384,59.883583301503954,-161.54116293430437,59.886637573469955
3332,973,48980.615480002845,4.8980615480002845,237,7.597871179104392,77.15930113052416,2602,2637,5622,5724,-161.61320782009074,59.89786651452145,-161.60404500419273,59.90101061801587
5095,971,48879.935900393386,4.887993590039339,223,7.156410563433332,145.59835221421216,6920,6951,16522,16679,-160.63404416040046,59.51033330095229,-160.61994061043978,59.51311807833306
3856,969,48779.25632078393,4.877925632078393,136,4.368949450182002,45.5108359133127,3405,3430,3383,3463,-161.81434061220511,59.826630112490776,-161.80715408993214,59.82887590070107
4245,969,48779.25632078393,4.877925632078393,213,6.842545830064458,196.17750257997935,4251,4329,11688,11828,-161.06828976874385,59.74587156844843,-161.05571335476617,59.75287842766456
3281,968,48728.91653097919,4.872891653097919,138,4.435487991079253,33.47107438016529,2557,2588,6854,6913,-161.5025353770872,59.90226825941364,-161.49723531691092,59.905053036794406
1398,965,48577.897161565,4.8577897161565,189,6.0841252708076965,52.928497409326425,1012,1039,11692,11778,-161.0679304426302,60.041417296923754,-161.06020493118677,60.043842748190876
1661,965,48577.897161565,4.8577897161565,123,3.9595100968748502,46.5740932642487,1216,1240,7549,7631,-161.44010246484092,60.02336115971295,-161.43273627951112,60.02551711639484
4779,963,48477.21758195554,4.847721758195554,190,6.122664430622536,38.2803738317757,5458,5487,3841,3908,-161.77319777219242,59.64184665854739,-161.76717905978882,59.644451772871335
2548,962,48426.87779215081,4.842687779215081,304,9.801353379331248,199.42203742203742,1961,2042,965,1103,-162.0315532479052,59.951316273926565,-162.01915649698435,59.95859262772793
352,961,48376.53800234608,4.837653800234608,162,5.225806451612903,71.42976066597295,280,350,6645,6706,-161.52131016652532,60.10331121999959,-161.51583044329217,60.109599426988424
870,961,48376.53800234608,4.837653800234608,222,7.161290322580645,109.23621227887617,639,762,2176,2215,-161.92276726699833,60.06630063029386,-161.91926383739028,60.07734990828853
1909,959,48275.858422736615,4.8275858422736615,308,9.94583872929765,324.6757038581856,1428,1565,6764,6906,-161.5106202146443,59.994165912979064,-161.49786413760978,60.0064728323715
19,958,48225.51863293189,4.822551863293189,139,4.490886154771108,76.09603340292276,0,18,5775,5892,-161.5994635962437,60.13313528743235,-161.5889533074195,60.13475225494377
2929,957,48175.178843127156,4.817517884312716,214,6.9176375670370245,84.28004179728318,2266,2304,7277,7381,-161.46453664056895,59.92778041348263,-161.45519416161412,59.93119401156228
4684,956,48124.83905332243,4.812483905332243,203,6.5654892076344815,49.71129707112971,5050,5098,15879,15940,-160.69180583316935,59.67679112309964,-160.68632610993623,59.68110303646341
4442,956,48124.83905332243,4.812483905332243,206,6.662516141737454,58.25941422594142,4553,4614,5470,5527,-161.62686221240935,59.720269582851024,-161.62174181528988,59.725749306084154
1675,954,48024.15947371296,4.802415947371296,190,6.151477128262673,83.35849056603773,1229,1272,2737,2835,-161.87237177955922,60.02048655080377,-161.86356828977486,60.02434930652548
1306,953,47973.81968390824,4.797381968390824,222,7.19128538714828,38.68205666316894,943,998,3244,3285,-161.82682719465436,60.04510038958864,-161.82314410198947,60.0500411236513
851,952,47923.479894103504,4.7923479894103505,125,4.051273272201027,39.53361344537815,623,655,662,727,-162.05877220101402,60.07591260383394,-162.05293315166725,60.07878721274312
2128,952,47923.479894103504,4.7923479894103505,206,6.676498352587293,40.35294117647059,1614,1660,11162,11214,-161.11554115268854,59.985631917779926,-161.1108699132111,59.98976416808688
2690,951,47873.14010429877,4.787314010429877,222,7.198843229893289,42.90641430073607,2081,2128,5150,5204,-161.6556083015012,59.94359076248313,-161.65075739896693,59.9478128443185
4431,951,47873.14010429877,4.787314010429877,261,8.463504878388056,87.21766561514195,4535,4593,5300,5386,-161.6421335722394,59.722156044947674,-161.63440806079595,59.727366273595564
4005,948,47722.12073488458,4.772212073488458,157,5.099122949323803,65.92827004219409,3866,3893,1939,2037,-161.94405733923196,59.78503811483604,-161.93525384944758,59.78746356610316
4940,948,47722.12073488458,4.772212073488458,187,6.073477653016249,49.21518987341772,6220,6255,12275,12348,-161.01555866156602,59.57285604472701,-161.00900095999197,59.576000148221425
5191,947,47671.78094507985,4.767178094507985,121,3.93197167680026,34.21330517423443,7290,7310,16187,16257,-160.66413772241847,59.4780837822524,-160.65784951542963,59.47988041282064
4894,947,47671.78094507985,4.767178094507985,217,7.051552511286417,59.81414994720169,5931,5973,3839,3916,-161.77337743524924,59.59818853573918,-161.76646040756154,59.60196145993248
255,947,47671.78094507985,4.767178094507985,190,6.174170401587186,93.7740232312566,190,225,6077,6191,-161.5723344746633,60.11454016105108,-161.56209368042434,60.117684264545495
3470,946,47621.44115527512,4.762144115527512,150,4.876920665717663,44.858350951374206,2723,2746,2832,2912,-161.8638377843601,59.88807487792455,-161.85665126208713,59.89014100307802
1880,946,47621.44115527512,4.762144115527512,179,5.8197919944230785,69.276955602537,1400,1475,6541,6594,-161.53065264548016,60.00225075053614,-161.52589157447431,60.008988115167035
719,944,47520.76157566566,4.752076157566566,246,8.006618025320668,79.52966101694915,528,565,9756,9856,-161.24184428163574,60.08399744139102,-161.23286112879453,60.08732120794226
4313,944,47520.76157566566,4.752076157566566,191,6.21652049933434,66.20762711864407,4342,4365,5662,5764,-161.60961455895426,59.7426376334256,-161.60045174305625,59.74470375857907
160,944,47520.76157566566,4.752076157566566,178,5.793406538646662,115.36016949152543,128,164,6283,6412,-161.55382917981044,60.12001988428421,-161.5422409126453,60.12325381930704
986,944,47520.76157566566,4.752076157566566,384,12.498135454159092,226.10593220338984,717,783,4149,4314,-161.74552966144154,60.06441416819721,-161.73070745925358,60.0703430490724
3466,942,47420.0819960562,4.74200819960562,277,9.025147692447383,115.60509554140127,2720,2766,3964,4083,-161.76214849419776,59.88627824735631,-161.75145854231673,59.89041049766326
2889,938,47218.722836837274,4.7218722836837275,129,4.211999307491788,37.68017057569296,2243,2267,16053,16123,-160.67617514722568,59.93110418003388,-160.66988694023684,59.93326013671576
4590,937,47168.38304703255,4.716838304703255,303,9.898578533829738,150.88153681963715,4913,4993,4290,4398,-161.73286341593547,59.686223433582896,-161.72316161086698,59.69340995585585
194,935,47067.70346742308,4.706770346742308,195,6.377181916635354,72.29946524064171,148,173,12161,12266,-161.025799455805,60.1192114005285,-161.01636714532174,60.1214571887388
650,935,47067.70346742308,4.706770346742308,145,4.742007066216032,41.92941176470588,479,510,10582,10650,-161.16764343916745,60.08893817545368,-161.16153489523543,60.091722952834445
3275,933,46967.02388781362,4.696702388781362,122,3.994100687277072,44.60450160771704,2550,2589,4005,4068,-161.75846540153287,59.902178427885225,-161.75280601524292,59.90568185749329
964,930,46816.00451839943,4.681600451839943,272,8.91923136666176,76.08172043010752,702,728,11265,11372,-161.10628850526209,60.06935490225987,-161.096676531722,60.071690521998576
766,928,46715.32493878997,4.671532493878997,135,4.431592109015636,76.24568965517241,558,586,11190,11295,-161.113025869893,60.08211097929436,-161.10359355940975,60.0846262620899
2568,926,46614.64535918051,4.661464535918051,142,4.666409537295502,59.131749460043196,1975,2016,3022,3098,-161.8467697939618,59.953651893665274,-161.83994259780252,59.95733498633017
5148,926,46614.64535918051,4.661464535918051,253,8.314095865744802,58.125269978401725,7129,7166,16830,16909,-160.60637604964958,59.49101952234372,-160.59927935890505,59.49434328889496
2839,925,46564.30556937578,4.656430556937578,235,7.726752403351792,75.34702702702702,2199,2226,1887,1992,-161.9487285787094,59.93478727269876,-161.93929626822612,59.937212723965885
965,925,46564.30556937578,4.656430556937578,169,5.556685770921076,41.53081081081081,703,744,1701,1758,-161.965437242994,60.06791759780528,-161.96031684587453,60.07160069047017
4410,922,46413.286199961585,4.641328619996158,264,8.694376969591952,122.4468546637744,4487,4554,12112,12213,-161.03020120069718,59.72565947455574,-161.02112821632755,59.73167818695934
4867,921,46362.94641015686,4.636294641015686,172,5.667592694342856,41.71118349619978,5792,5824,4510,4576,-161.71310047968484,59.61157343347256,-161.70717159880965,59.614448042381746
2858,921,46362.94641015686,4.636294641015686,204,6.7220285444531545,56.442996742671006,2214,2234,16559,16653,-160.63072039384923,59.93406862047147,-160.6222762301785,59.93586525103971
1172,919,46262.26683054739,4.626226683054739,130,4.288304310901275,27.856365614798694,839,879,1347,1387,-161.99723760405183,60.05579034146967,-161.99364434291536,60.05938360260614
3535,919,46262.26683054739,4.626226683054739,166,5.47583473545855,31.447225244831337,2786,2816,2727,2782,-161.87327009484335,59.88178667093571,-161.86832936078068,59.88448161678807
4664,919,46262.26683054739,4.626226683054739,144,4.750121698229104,64.78346028291621,5022,5076,2986,3054,-161.85000372898466,59.6787674167247,-161.84389518505265,59.68361831925895
698,918,46211.92704074267,4.621192704074267,142,4.686698370089592,40.15686274509804,514,555,8226,8281,-161.379286520106,60.08489575667514,-161.37434578604336,60.088578849340024
1256,916,46111.2474611332,4.61112474611332,141,4.658771133208383,31.550218340611355,905,938,11140,11192,-161.1175174463136,60.05049028129336,-161.11284620683617,60.05345472173095
3938,915,46060.907671328474,4.606090767132847,165,5.454731740485112,39.45355191256831,3651,3700,1662,1708,-161.96894067260206,59.80237559981955,-161.96480842229514,59.80677734471173
1703,914,46010.56788152374,4.601056788152374,154,5.093867252748293,56.87527352297593,1246,1269,16150,16241,-160.6674614889697,60.020756045389,-160.65928681988422,60.022822170542476
1857,914,46010.56788152374,4.601056788152374,183,6.053101995148945,70.58643326039387,1379,1445,6229,6290,-161.5586800823447,60.004945696388496,-161.55320035911157,60.010874577263685
1739,913,45960.228091719015,4.5960228091719015,174,5.758559513197008,39.539978094194964,1279,1329,7099,7144,-161.48052665262628,60.01536615368428,-161.47648423384774,60.01985773010488
720,912,45909.88830191428,4.590988830191428,143,4.7352031765075315,39.583333333333336,529,556,239,307,-162.09677093753228,60.084805925146725,-162.09066239360027,60.08723137641385
974,910,45809.20872230482,4.580920872230482,245,8.1216709156145,44.83956043956044,709,744,2085,2151,-161.93094193608383,60.06791759780528,-161.92501305520864,60.0710617012997
777,910,45809.20872230482,4.580920872230482,215,7.127180599416805,98.9010989010989,564,615,5953,6052,-161.58347358418638,60.07950586497042,-161.5745802628736,60.084087272919426
3967,910,45809.20872230482,4.580920872230482,247,8.187970270027678,285.8241758241758,3773,3830,2121,2319,-161.92770800106098,59.79069750112599,-161.9099213584354,59.795817898245474
1843,909,45758.86893250009,4.575886893250009,190,6.301902204663265,118.35423542354235,1372,1463,4590,4663,-161.70591395741187,60.00332872887709,-161.6993562558378,60.01150339796257
4356,908,45708.52914269536,4.570852914269536,154,5.110669499319784,41.44933920704846,4405,4433,3600,3669,-161.7948471705397,59.73652908949359,-161.7886487950793,59.73904437228912
4809,908,45708.52914269536,4.570852914269536,118,3.9159675384398347,44.93832599118943,5553,5616,6986,7024,-161.49067761533684,59.63025839138225,-161.4872640172572,59.6359177776722
4610,907,45658.18935289063,4.565818935289063,176,5.84398408150409,122.99448732083793,4946,4977,5950,6086,-161.58374307877162,59.687660738037486,-161.5715259909076,59.690445515418254
1060,907,45658.18935289063,4.565818935289063,214,7.105753371828837,125.95810363836824,766,784,15201,15352,-160.75271160943265,60.0643243366688,-160.73914704864245,60.065941304180214
594,906,45607.849563085896,4.56078495630859,171,5.681094475282566,38.18543046357616,441,481,3,56,-162.1179711782375,60.09154328977762,-162.11321010723168,60.0951365509141
1110,903,45456.8301936717,4.5456830193671705,193,6.422637842423315,35.880398671096344,803,858,2531,2566,-161.8908770744121,60.057676803566316,-161.88773297091765,60.062617537628974
3022,902,45406.49040386698,4.540649040386698,173,5.760269918534032,54.63858093126386,2352,2389,419,493,-162.08060126241813,59.92014473356762,-162.07395372931563,59.92346850011886
5250,898,45205.13124464805,4.520513124464805,130,4.338156187728999,35.28285077951002,7512,7558,9930,9973,-161.22621359569206,59.45580556320623,-161.22235083997035,59.459937813513186
2552,897,45154.791454843325,4.515479145484332,210,7.011695914588867,81.27090301003345,1963,2001,4220,4317,-161.7391516229243,59.95499936659145,-161.73043796466834,59.958412964671105
2015,895,45054.11187523386,4.505411187523386,217,7.2535100345439,47.4145251396648,1518,1559,1971,2033,-161.94118273032277,59.994704902149536,-161.93561317556123,59.99838799481443
369,894,45003.77208542913,4.500377208542913,156,5.217420484307079,58.147651006711406,295,344,4881,4946,-161.679772982644,60.103850209170055,-161.67393393329723,60.10825195406225
5350,893,44953.4322956244,4.49534322956244,160,5.354195851282038,46.60246360582307,7818,7845,3446,3521,-161.80868122591514,59.430023914552,-161.80194386128426,59.432449365819124
217,893,44953.4322956244,4.49534322956244,289,9.671016256378179,48.44792833146697,160,210,14596,14650,-160.8070596841219,60.11588763397726,-160.80220878158764,60.12037921039786
4569,892,44903.09250581967,4.4903092505819675,236,7.901864456152616,174.03139013452915,4861,4932,6869,6995,-161.50118790416104,59.69170315681602,-161.48986913158114,59.69808119533327
146,890,44802.41292621021,4.480241292621021,128,4.290569748185542,31.712359550561796,114,145,12384,12437,-161.00576702496912,60.121726683324034,-161.0010059539633,60.12451146070481
5356,889,44752.07313640548,4.475207313640548,217,7.277946409325083,64.79190101237346,7864,7906,8123,8201,-161.38853916753246,59.42454419131887,-161.3815323083163,59.42831711551218
4225,889,44752.07313640548,4.475207313640548,231,7.74749133895896,62.65016872890889,4224,4290,10391,10443,-161.18480126109415,59.749374998056496,-161.18013002161672,59.755303878931684
4961,888,44701.73334660075,4.470173334660075,152,5.100786019626585,48.72072072072072,6411,6446,4350,4419,-161.72747352423073,59.55569822280032,-161.72127514877033,59.558842326294744
3901,887,44651.393556796014,4.465139355679601,215,7.2189934871355526,68.22547914317926,3527,3557,1786,1879,-161.957801563079,59.81522150838246,-161.94944723093667,59.81791645423481
3724,885,44550.713977186555,4.455071397718656,139,4.6724338858970595,46.106214689265535,3087,3141,1064,1111,-162.0226599265924,59.852591424201826,-162.01843784475705,59.85744232673608
5411,885,44550.713977186555,4.455071397718656,167,5.613643589531,75.2135593220339,7991,8003,7946,8063,-161.40443934806137,59.415830533062916,-161.39392905923717,59.41690851140386
428,885,44550.713977186555,4.455071397718656,204,6.857384983618706,115.70621468926554,336,431,5129,5194,-161.65749476359784,60.09603486619822,-161.65165571425106,60.104568861397354
2299,884,44500.37418738182,4.450037418738182,242,8.139340807355381,231.1131221719457,1747,1802,8490,8661,-161.35557099660525,59.97287584074543,-161.34020980524681,59.97781657480809
2260,880,44299.0150281629,4.42990150281629,182,6.135218748415503,52.04090909090909,1719,1761,9289,9354,-161.28379560540412,59.976558933410324,-161.27795655605735,59.98033185760362
2637,877,44147.99565874871,4.414799565874871,357,12.05503344013916,184.2690992018244,2041,2079,9044,9207,-161.30580432986505,59.94799250737532,-161.2911617907339,59.95140610545498
3812,877,44147.99565874871,4.414799565874871,117,3.95080927870107,41.163055872291906,3268,3300,4061,4124,-161.7534348359418,59.83830821118433,-161.74777544965184,59.84118282009351
28,875,44047.31607913925,4.404731607913925,199,6.727427867638992,45.714285714285715,4,30,10266,10340,-161.19603020214564,60.13205730909141,-161.18938266904314,60.134392928830124
2963,875,44047.31607913925,4.404731607913925,245,8.282511696339462,73.73257142857143,2299,2320,1495,1601,-161.98394253784687,59.92634310902804,-161.9744203958352,59.92822957112469
4,873,43946.63649952979,4.394663649952979,148,5.0090410813258535,44.90721649484536,0,20,2005,2084,-161.93812845835677,60.13295562437553,-161.93103176761224,60.13475225494377
1560,873,43946.63649952979,4.394663649952979,191,6.464370584684041,95.01030927835052,1121,1149,7798,7914,-161.41773441426633,60.03153582879844,-161.40731395697054,60.034051111593975
4488,871,43845.956919920325,4.384595691992033,218,7.386648208531499,96.5556831228473,4642,4698,4154,4243,-161.7450805037995,59.71272373446442,-161.73708549777083,59.71775430005549
4803,870,43795.6171301156,4.37956171301156,316,10.713403357208804,195.1080459770115,5539,5636,7247,7356,-161.46723158642132,59.628461760814005,-161.45743994982442,59.63717541906997
3030,867,43644.59776070141,4.364459776070141,149,5.060305300544367,33.333333333333336,2358,2385,2204,2262,-161.9202519842028,59.920504059681264,-161.9150417555549,59.922929510948386
1542,867,43644.59776070141,4.364459776070141,345,11.716814286495346,336.33217993079586,1108,1199,5976,6155,-161.5814074590329,60.02704425237784,-161.56532761544716,60.035218921463326
3395,866,43594.25797089667,4.359425797089667,127,4.315635679294214,39.94919168591224,2659,2711,2678,2719,-161.87767183973554,59.891218981418966,-161.87398874707063,59.89589022089639
2958,864,43493.578391287214,4.3493578391287215,179,6.089703666085956,54.0,2292,2335,988,1053,-162.02948712275173,59.92499563610186,-162.02364807340496,59.928858391823574
1720,864,43493.578391287214,4.3493578391287215,128,4.354648431614539,80.66666666666667,1264,1290,7971,8077,-161.40219355985107,60.01886958329235,-161.3926714178394,60.021205203031066
1339,863,43443.23860148248,4.344323860148248,180,6.127271258128178,101.52491309385863,963,1014,8493,8590,-161.35530150202004,60.04366308513405,-161.34658784376407,60.04824449308306
1648,863,43443.23860148248,4.344323860148248,198,6.739998383940995,80.7601390498262,1202,1255,9345,9424,-161.27876503981304,60.02201368678677,-161.2716683490685,60.0267747577926
3313,863,43443.23860148248,4.344323860148248,212,7.2165639262398535,77.13093858632676,2587,2641,7682,7757,-161.42815487156213,59.89750718840781,-161.42141750693122,59.90235809094205
3594,863,43443.23860148248,4.344323860148248,176,5.9911096746142185,38.382387022016225,2865,2897,15014,15073,-160.7695101052457,59.874510317134344,-160.76421004506938,59.877384926043526
4738,862,43392.898811677755,4.339289881167775,355,12.091347983400546,356.0510440835267,5323,5372,3970,4198,-161.76160950502728,59.65217728431476,-161.74112791654937,59.656579029206945
2032,862,43392.898811677755,4.339289881167775,125,4.2575168955635725,70.20417633410673,1532,1582,8906,8979,-161.31820108078588,59.99263877699606,-161.31164337921183,59.99713035341666
3888,861,43342.55902187302,4.334255902187302,199,6.7819018570804195,134.2624854819977,3475,3525,3120,3240,-161.83796630417746,59.81809611729164,-161.827186520768,59.82258769371224
881,858,43191.53965245883,4.319153965245883,151,5.155055002091838,44.773892773892776,646,678,151,217,-162.10467611203254,60.073846478680466,-162.09874723115735,60.07672108758965
239,858,43191.53965245883,4.319153965245883,139,4.7453817568924865,98.01864801864802,179,205,7596,7715,-161.43588038300555,60.11633679161932,-161.42519043112452,60.118672411358034
3001,857,43141.1998626541,4.3141199862654105,267,9.12054625889682,125.53558926487747,2332,2369,3668,3795,-161.78873862660768,59.921941364135854,-161.77733002249937,59.925265130687094
739,855,43040.520283044636,4.304052028304463,231,7.900033311055687,141.6421052631579,539,586,11713,11840,-161.06604398053355,60.08211097929436,-161.0546353764252,60.08633306112973
4102,853,42939.84070343518,4.293984070343518,247,8.457118923864074,79.24970691676437,4042,4084,13910,13998,-160.86868411261247,59.76788029290936,-160.86077893811222,59.77165321710266
3844,853,42939.84070343518,4.293984070343518,143,4.896226745394991,98.59320046893318,3369,3401,2777,2890,-161.86877851842274,59.829235226814724,-161.8586275557122,59.832109835723905
5199,848,42688.141754411525,4.268814175441152,160,5.494422557947561,51.0188679245283,7330,7368,4846,4912,-161.68291708613842,59.47287355360451,-161.67698820526323,59.47628715168416
2833,847,42637.80196460679,4.263780196460679,232,7.971614339830975,99.29161747343565,2194,2223,3890,4006,-161.76879602730025,59.935056767284,-161.75837557000446,59.937661881607944
2735,842,42386.10301558314,4.238610301558314,337,11.613786958005482,462.4418052256532,2114,2168,8694,8952,-161.33724536480923,59.93999750134666,-161.31406883047893,59.944848403880904
1961,842,42386.10301558314,4.238610301558314,176,6.065360547801083,69.55344418052256,1473,1529,4650,4715,-161.70052406570716,59.9973998480019,-161.69468501636038,60.00243041359296
1052,841,42335.76322577841,4.233576322577841,221,7.620689655172414,152.39476813317478,764,817,11609,11735,-161.07538645948839,60.0613598962312,-161.0640676869085,60.06612096723704
4536,841,42335.76322577841,4.233576322577841,167,5.758620689655173,32.76575505350773,4778,4814,4432,4479,-161.72010733890096,59.70230327716863,-161.7158852570656,59.705537212191466
2479,840,42285.42343597368,4.228542343597368,134,4.623439247593773,46.67142857142857,1906,1939,172,238,-162.1027896499359,59.960568921352994,-162.0968607690607,59.96353336179059
4917,835,42033.72448695003,4.203372448695003,209,7.23274324515252,100.7185628742515,6065,6120,12055,12145,-161.03532159781665,59.58498330106262,-161.02723676025957,59.58992403512528
158,834,41983.384697145295,4.198338469714529,246,8.518283341092658,92.66666666666667,126,161,12867,12971,-160.96237839674615,60.120289378869444,-160.9530359177913,60.123433482363865
2606,833,41933.04490734057,4.193304490734057,206,7.137476965354942,66.86194477791116,2015,2040,130,223,-162.10656257412919,59.951495936983385,-162.09820824198687,59.95374172519369
2528,833,41933.04490734057,4.193304490734057,178,6.16733446520961,62.40576230492197,1947,1974,1572,1659,-161.97702551015914,59.95742481785857,-161.9692101671873,59.9598502691257
4759,833,41933.04490734057,4.193304490734057,170,5.8901508937395155,69.14765906362545,5404,5488,6612,6648,-161.5242746069629,59.64175682701897,-161.52104067194009,59.64930267540558
2249,832,41882.705117535836,4.188270511753584,146,5.061639290555216,36.38942307692308,1712,1739,7573,7633,-161.43794650815903,59.97853522703539,-161.4325566164543,59.98096067830251
3663,831,41832.3653277311,4.18323653277311,168,5.827855430342066,77.63658243080626,2965,3019,712,785,-162.05428062459342,59.863550870668085,-162.04772292301936,59.86840177320233
580,831,41832.3653277311,4.18323653277311,186,6.452268512164431,58.24308062575211,433,470,360,433,-162.08590132259442,60.09253143659015,-162.07934362102037,60.0958552031414
3514,831,41832.3653277311,4.18323653277311,165,5.723786583371672,42.53188929001203,2765,2804,6170,6225,-161.563980142521,59.882864649276655,-161.55903940845835,59.88636807888472
161,831,41832.3653277311,4.18323653277311,133,4.613718882354136,27.802647412755714,128,162,9949,9991,-161.22450679665224,60.12019954734103,-161.22073387245894,60.12325381930704
2449,831,41832.3653277311,4.18323653277311,163,5.654407352058076,108.30324909747293,1872,1953,6824,6893,-161.50523032293958,59.95931127995523,-161.49903194747915,59.966587633756596
2176,830,41782.025537926376,4.178202553792637,179,6.213180703780578,56.212048192771086,1659,1689,1280,1358,-162.00325631645543,59.983026803455985,-161.99624945723932,59.98572174930834
3258,828,41681.34595831692,4.168134595831692,308,10.703739921596505,122.1304347826087,2534,2566,11188,11315,-161.11320553294982,59.9042445530387,-161.1017969288415,59.90711916194788
797,828,41681.34595831692,4.168134595831692,114,3.9617738670844203,52.2512077294686,589,624,5117,5186,-161.65857274193877,60.07869738121471,-161.65237436647834,60.08184148470913
4773,827,41631.006168512184,4.163100616851218,342,11.892505235394328,312.0483675937122,5445,5540,13742,13901,-160.8837758093857,59.637085587541556,-160.8694925963682,59.64561958274069
3316,825,41530.326588902724,4.153032658890273,140,4.874174366759539,35.03030303030303,2589,2612,4704,4766,-161.69567316317293,59.90011230273175,-161.69010360841136,59.902178427885225
2750,823,41429.64700929326,4.142964700929325,112,3.904074576504199,33.482381530984206,2122,2151,2453,2507,-161.8978839336282,59.941524637329664,-161.89303303109398,59.944129751653605
920,822,41379.30721948853,4.1379307219488535,119,4.150601633170177,46.73479318734793,669,713,9619,9673,-161.25415120102818,60.070702375186045,-161.24930029849392,60.07465496243617
2409,822,41379.30721948853,4.1379307219488535,246,8.580235308906417,168.35036496350364,1841,1920,321,428,-162.0894047522025,59.962275720392824,-162.0797927786624,59.969372411137364
796,822,41379.30721948853,4.1379307219488535,157,5.476003835358973,37.68369829683698,589,642,4741,4776,-161.69234939662167,60.0770804137033,-161.68920529312726,60.08184148470913
4280,816,41077.26848066015,4.107726848066014,152,5.321064319306437,70.58823529411765,4292,4341,6261,6332,-161.5558054734355,59.744793590107484,-161.54942743491824,59.74919533499967
5383,816,41077.26848066015,4.107726848066014,398,13.932786836078696,649.4901960784314,7938,7962,5153,5493,-161.65533880691595,59.41951362572781,-161.62479608725587,59.42166958240969
4798,815,41026.92869085541,4.1026928690855415,298,10.438484717150477,259.6319018404908,5529,5648,12066,12177,-161.03433345100413,59.62738378247306,-161.0243621513504,59.63807373435409
4715,814,40976.58890105069,4.097658890105069,117,4.1008478778117725,39.8034398034398,5191,5220,2850,2911,-161.86222081684866,59.66583167663338,-161.85674109361554,59.66843679095733
3940,814,40976.58890105069,4.097658890105069,218,7.640896045837319,233.53316953316954,3675,3710,12537,12720,-160.9920228011221,59.80147728453543,-160.9755836314227,59.804621388029844
1215,812,40875.90932144123,4.087590932144122,141,4.948129964722355,33.12315270935961,874,907,10331,10380,-161.19019115279886,60.05327505867413,-161.18578940790667,60.056239499111726
3314,812,40875.90932144123,4.087590932144122,263,9.229490643418293,479.5270935960591,2587,2667,10604,10836,-161.1656671455424,59.89517156866909,-161.14482623095083,59.90235809094205
4663,806,40573.87058261284,4.057387058261284,212,7.467381508969277,65.63275434243177,5021,5055,4354,4435,-161.7271141981171,59.68065387882135,-161.71983784431572,59.68370815078736
4728,804,40473.191003003376,4.047319100300338,321,11.320797134530501,545.0796019900497,5241,5440,15371,15503,-160.73744024960263,59.64606874038275,-160.72558248785225,59.66394521453673
4506,803,40422.85121319865,4.042285121319865,233,8.222391443252821,34.316313823163135,4696,4730,15709,15758,-160.70707719299938,59.70984912555524,-160.7026754481072,59.712903397521245
581,803,40422.85121319865,4.042285121319865,190,6.704954395785562,142.27148194271481,433,488,4512,4626,-161.712920816628,60.09091446907874,-161.70268002238905,60.0958552031414
3975,803,40422.85121319865,4.042285121319865,124,4.37586497409163,112.07970112079701,3800,3841,1823,1932,-161.95447779652775,59.78970935431346,-161.94468615993085,59.79339244697835
2973,803,40422.85121319865,4.042285121319865,158,5.575698918600626,37.70361145703612,2307,2343,2096,2147,-161.92995378927128,59.92427698387456,-161.92537238132226,59.9275109188974
1042,802,40372.51142339392,4.037251142339391,162,5.720418867526234,56.03990024937656,759,830,2218,2253,-161.91899434280504,60.06019208636185,-161.9158502393106,60.0665701248791
2948,802,40372.51142339392,4.037251142339391,142,5.014194315979785,38.62344139650873,2279,2304,1735,1798,-161.962382971028,59.92778041348263,-161.95672358473806,59.93002620169293
4783,801,40322.17163358919,4.032217163358919,255,9.009981980054059,135.95505617977528,5471,5536,7148,7248,-161.4761249077341,59.6374449136552,-161.4671417548929,59.64328396300198
3101,800,40271.83184378446,4.027183184378446,300,10.606601717798213,158.42,2418,2472,10537,10661,-161.171685857946,59.912688716709425,-161.16054674842292,59.91753961924367
3048,799,40221.492053979724,4.022149205397972,160,5.6603931014178,87.22903629536921,2371,2450,8934,8987,-161.31568579799037,59.91466501033449,-161.31092472698452,59.921761701079035
1483,797,40120.812474370265,4.012081247437027,223,7.8990652687803316,208.86323713927226,1065,1117,11201,11353,-161.11203772308045,60.03441043770762,-161.09838333076183,60.03908167718504
2775,796,40070.47268456554,4.007047268456554,168,5.954602122070021,95.69849246231156,2145,2207,6255,6331,-161.55634446260598,59.93649407173859,-161.54951726644666,59.94206362650013
5140,791,39818.77373554188,3.981877373554188,261,9.280091655678852,51.585335018963335,7106,7140,5670,5737,-161.60889590672696,59.49335514208243,-161.60287719432336,59.496409414048436
3264,790,39768.43394573715,3.976843394573715,228,8.111875963398948,146.32911392405063,2537,2579,13511,13639,-160.90452689244884,59.90307674316934,-160.89302845681212,59.90684966736265
1700,790,39768.43394573715,3.976843394573715,234,8.325346383488395,120.08101265822785,1245,1279,12823,12943,-160.96633098399627,60.01985773010488,-160.95555120058685,60.02291200207089
4401,789,39718.09415593242,3.971809415593242,201,7.15578948781449,77.95183776932826,4473,4515,4660,4742,-161.69962575042305,59.72916290416381,-161.69225956509325,59.73293582835711
4915,788,39667.75436612769,3.9667754366127688,362,12.895716047811646,78.05076142131979,6060,6085,3384,3483,-161.8142507806767,59.58812740455704,-161.8053574593639,59.59037319276734
3272,788,39667.75436612769,3.9667754366127688,189,6.732846223857462,44.85279187817259,2542,2590,15291,15337,-160.74462677187557,59.90208859635681,-160.74049452156862,59.90640050972059
4630,787,39617.41457632296,3.961741457632296,171,6.095491699585888,79.41550190597205,4980,5021,4280,4364,-161.73376173121957,59.68370815078736,-161.72621588283297,59.68739124345225
58,787,39617.41457632296,3.961741457632296,201,7.1648762082851665,83.27318932655655,31,67,2484,2576,-161.89509915624745,60.12873354254017,-161.88683465563355,60.131967477563
707,787,39617.41457632296,3.961741457632296,187,6.6658301042255035,117.428208386277,521,551,5706,5828,-161.60566197170414,60.085255082788784,-161.5947025252379,60.087950028641146
3590,787,39617.41457632296,3.961741457632296,144,5.133045641756538,37.590851334180435,2852,2887,1031,1082,-162.02562436703002,59.87540863241846,-162.021042959081,59.87855273591288
2749,786,39567.07478651823,3.956707478651823,128,4.565608800041098,36.76844783715013,2122,2150,1986,2043,-161.9398352573966,59.94161446885807,-161.93471486027713,59.944129751653605
1875,783,39416.055417104035,3.9416055417104037,149,5.324825589694381,34.34993614303959,1396,1429,94,143,-162.109796509152,60.00638300084309,-162.1053947642598,60.00934744128068
1028,782,39365.71562729931,3.936571562729931,241,8.618142405218427,58.56265984654731,745,793,2300,2359,-161.91162815747523,60.06351585291309,-161.90632809729894,60.067827766276864
3548,782,39365.71562729931,3.936571562729931,183,6.544066639647187,124.48081841432226,2796,2853,1351,1450,-161.99687827793818,59.87846290438447,-161.9879849566254,59.883583301503954
4278,781,39315.375837494576,3.9315375837494577,321,11.486283084780437,392.9782330345711,4290,4317,6961,7211,-161.49292340354714,59.746949546789374,-161.47046552144414,59.749374998056496
2956,781,39315.375837494576,3.9315375837494577,136,4.86646261535869,60.850192061459666,2289,2324,4635,4709,-161.70187153863333,59.92598378291439,-161.69522400553086,59.929127886408814
3606,781,39315.375837494576,3.9315375837494577,154,5.510553255626752,34.43790012804097,2879,2915,1264,1310,-162.00469362091002,59.87289334962293,-162.00056137060307,59.87612728464576
3978,780,39265.03604768985,3.926503604768985,146,5.22763858048786,64.32820512820513,3805,3838,1934,2013,-161.94450649687403,59.7899788488987,-161.93740980612947,59.79294328933629
4147,779,39214.696257885116,3.9214696257885118,113,4.048645156035105,46.34146341463415,4104,4134,5777,5842,-161.59928393318688,59.76338871648876,-161.5934448838401,59.76608366234112
1212,777,39114.01667827566,3.911401667827566,269,9.650321244844656,231.37194337194336,873,938,11335,11482,-161.10000029827327,60.05049028129336,-161.0867950635967,60.05632933064014
357,777,39114.01667827566,3.911401667827566,119,4.269101219838343,41.6988416988417,287,313,6026,6090,-161.57691588261233,60.10663498655083,-161.57116666479394,60.10897060628954
619,777,39114.01667827566,3.911401667827566,225,8.071830037509471,79.15572715572715,459,490,9827,9920,-161.23546624311848,60.09073480602191,-161.22711191097616,60.09351958340268
3292,777,39114.01667827566,3.911401667827566,212,7.605457635342257,60.04633204633205,2570,2590,15745,15833,-160.70384325797656,59.90208859635681,-160.6959380834763,59.903885226925055
1869,776,39063.67688847092,3.906367688847092,181,6.49752133549053,56.829896907216494,1391,1430,16574,16640,-160.62937292092303,60.00629316931468,-160.62344404004784,60.00979659892275
4231,775,39013.33709866619,3.901333709866619,154,5.531843302424667,75.56645161290322,4231,4261,2076,2167,-161.93175041983952,59.751980112380444,-161.92357575075403,59.7546750582328
292,775,39013.33709866619,3.901333709866619,167,5.998817087694282,87.2258064516129,228,256,12490,12592,-160.99624488295746,60.11175538367031,-160.98708206705945,60.11427066646584
729,774,38962.997308861464,3.8962997308861462,158,5.679192722047756,120.97674418604652,534,563,12523,12647,-160.99328044251985,60.08417710444784,-160.98214133299678,60.08678221877179
5274,773,38912.65751905673,3.891265751905673,131,4.7117425082897215,102.8771021992238,7588,7661,6392,6460,-161.54403754321353,59.446552915779804,-161.53792899928152,59.45311061735388
1118,769,38711.29835983781,3.871129835983781,323,11.647677902490095,231.5786736020806,805,892,6474,6598,-161.53667135788376,60.05462253160031,-161.52553224836066,60.06243787457215
2812,767,38610.618780228346,3.8610618780228347,133,4.8023516620828905,45.10560625814863,2175,2205,2616,2679,-161.88324139449708,59.93667373479541,-161.87758200820713,59.939368680647775
1836,767,38610.618780228346,3.8610618780228347,289,10.435185190541018,355.2594524119948,1362,1438,16077,16262,-160.6740191905438,60.00557451708738,-160.65740035778757,60.01240171324669
1384,766,38560.27899042362,3.856027899042362,166,5.997823800298371,176.79373368146213,999,1084,3138,3237,-161.83634933666602,60.037374878145215,-161.82745601535325,60.04501055806023
2263,766,38560.27899042362,3.856027899042362,157,5.672640582209905,52.21932114882507,1720,1748,12684,12756,-160.97881756644554,59.977726743279675,-160.97234969639987,59.98024202607521
4678,765,38509.93920061889,3.850993920061889,203,7.3394804895312005,63.26797385620915,5042,5060,9124,9216,-161.29861780759208,59.680204721179294,-161.29035330697818,59.681821688690704
4606,765,38509.93920061889,3.850993920061889,163,5.893277437406826,57.64705882352941,4938,4996,3741,3788,-161.78218092503363,59.685953938997656,-161.77795884319826,59.69116416764555
2737,764,38459.59941081416,3.845959941081416,150,5.426809539693163,35.204188481675395,2116,2151,393,440,-162.08293688215684,59.941524637329664,-162.07871480032148,59.94466874082408
3085,763,38409.25962100943,3.840925962100943,149,5.394162176207174,41.52555701179554,2407,2434,364,426,-162.0855419964808,59.91610231478908,-162.07997244171924,59.9185277660562
3377,762,38358.919831204694,3.835891983120469,113,4.093558091412534,27.973753280839894,2642,2672,5815,5858,-161.59587033510724,59.89472241102703,-161.59200757938552,59.897417356879394
1881,762,38358.919831204694,3.835891983120469,114,4.129784269212645,51.44881889763779,1401,1425,4012,4087,-161.75783658083398,60.00674232695674,-161.7510992162031,60.00889828363862
1548,761,38308.58004139997,3.830858004139997,180,6.524994902349723,84.77792378449409,1113,1159,8811,8892,-161.32673507598503,60.030637513514314,-161.31945872218367,60.03476976382127
5281,761,38308.58004139997,3.830858004139997,251,9.098742891609891,79.52168199737189,7595,7629,16238,16327,-160.65955631446946,59.449427524688986,-160.6515613084408,59.45248179665499
1059,760,38258.240251595234,3.8258240251595232,112,4.062667000616066,27.28421052631579,766,791,10055,10102,-161.21498465464055,60.06369551596992,-161.2107625728052,60.065941304180214
4603,759,38207.9004617905,3.82079004617905,115,4.174235549683609,49.586297760210805,4934,4960,2874,2945,-161.86006486016677,59.68918787402049,-161.85368682164955,59.6915234937592
5258,759,38207.9004617905,3.82079004617905,144,5.22686886221252,43.64163372859025,7541,7573,4036,4095,-161.7556806241521,59.454458090280056,-161.7503805639758,59.45733269918924
2621,759,38207.9004617905,3.82079004617905,197,7.150646985110184,148.74308300395256,2030,2081,2992,3109,-161.84946473981418,59.9478128443185,-161.83895445098997,59.95239425226751
3979,759,38207.9004617905,3.82079004617905,151,5.480952765236739,53.76021080368906,3806,3834,1716,1789,-161.96408977006783,59.790338175012344,-161.95753206849375,59.79285345780788
186,759,38207.9004617905,3.82079004617905,145,5.263166562644551,47.56258234519104,145,172,370,438,-162.08500300731032,60.11930123205691,-162.0788944633783,60.121726683324034
4595,758,38157.560671985775,3.8157560671985773,116,4.2133097312944585,36.35356200527705,4917,4957,3083,3126,-161.8412900707287,59.68945736860572,-161.83742731500698,59.6930506297422
1395,757,38107.22088218104,3.810722088218104,159,5.778953295269271,54.97490092470277,1010,1044,1604,1672,-161.97415090124997,60.040968139281695,-161.96804235731796,60.044022411247695
4884,757,38107.22088218104,3.810722088218104,172,6.2514463319894,46.689564068692206,5876,5898,15311,15383,-160.74283014130734,59.60492590037008,-160.73636227126167,59.60690219399514
4259,756,38056.88109237631,3.805688109237631,202,7.34666897127841,40.973544973544975,4263,4310,13214,13255,-160.9312068563872,59.74757836748826,-160.92752376372232,59.75180044932362
625,756,38056.88109237631,3.805688109237631,142,5.164490068918486,71.19576719576719,462,501,9761,9838,-161.24139512399367,60.08974665920938,-161.23447809630596,60.09325008881745
2942,755,38006.54130257158,3.800654130257158,126,4.585609509055086,57.30331125827814,2276,2312,3480,3548,-161.80562695394914,59.92706176125534,-161.79951841001713,59.930295696278165
2468,755,38006.54130257158,3.800654130257158,110,4.003309888857615,60.6569536423841,1894,1917,4194,4278,-161.741487242663,59.96254521497806,-161.7339413942764,59.96461134013153
4939,754,37956.20151276685,3.795620151276685,155,5.64476706565153,41.08222811671087,6203,6235,9786,9842,-161.23914933578337,59.57465267529525,-161.2341187701923,59.57752728420443
347,753,37905.86172296212,3.790586172296212,119,4.336601076620071,40.20717131474104,276,302,7405,7466,-161.45303820493223,60.10762313336336,-161.4475584816991,60.10995875310207
1211,751,37805.18214335266,3.780518214335266,216,7.881951943823329,267.2490013315579,873,926,4287,4458,-161.7331329105207,60.0515682596343,-161.71777171916224,60.05632933064014
4951,750,37754.84235354793,3.775484235354793,180,6.572670690061993,88.752,6335,6373,11206,11297,-161.1115885654384,59.5622559243744,-161.10341389635292,59.56566952245405
3933,750,37754.84235354793,3.775484235354793,144,5.258136552049595,53.333333333333336,3642,3668,16647,16721,-160.62281521934898,59.80525020872873,-160.61616768624648,59.80758582846744
1695,747,37603.82298413374,3.760382298413374,118,4.317394226261153,37.78313253012048,1243,1272,101,156,-162.10916768845314,60.02048655080377,-162.10422695439047,60.023091665127716
238,747,37603.82298413374,3.760382298413374,118,4.317394226261153,47.31459170013387,177,206,7849,7914,-161.41315300631732,60.116246960090905,-161.40731395697054,60.11885207441485
761,744,37452.803614719545,3.7452803614719543,158,5.792561043343455,62.70967741935484,555,577,9911,9997,-161.22792039473188,60.082919463050075,-161.22019488328846,60.08489575667514
2899,744,37452.803614719545,3.7452803614719543,325,11.915078095484956,184.00537634408602,2249,2295,9936,10075,-161.22567460652158,59.92858889723834,-161.2131880240723,59.93272114754529
2140,744,37452.803614719545,3.7452803614719543,139,5.095987246992027,93.6774193548387,1623,1650,5977,6082,-161.5813176275045,59.98653023306405,-161.57188531702124,59.988955684331174
60,743,37402.46382491481,3.740246382491481,136,4.98935610007996,72.4414535666218,32,51,9857,9954,-161.2327712972661,60.13017084699476,-161.22405763901017,60.13187764603459
405,742,37352.124035110086,3.735212403511009,119,4.368627434375396,34.501347708894876,315,337,4125,4183,-161.74768561812343,60.10447902986894,-161.74247538947554,60.106455323494
2439,742,37352.124035110086,3.735212403511009,161,5.910495940625537,38.94878706199461,1864,1889,1304,1364,-162.00110035977355,59.96506049777359,-161.99571046806884,59.96730628598389
2386,741,37301.78424530535,3.730178424530535,111,4.07768688895708,56.16194331983806,1829,1872,5024,5083,-161.6669270740811,59.966587633756596,-161.6616270139048,59.97045038947831
5135,741,37301.78424530535,3.730178424530535,251,9.220715397551595,143.42240215924426,7084,7158,9631,9720,-161.25307322268722,59.49173817457102,-161.24507821665856,59.4983857076735
167,741,37301.78424530535,3.730178424530535,133,4.8858770831647895,29.560053981106613,132,167,10598,10637,-161.16620613471287,60.11975038969897,-161.1627027051048,60.12289449319339
1206,741,37301.78424530535,3.730178424530535,166,6.098162374476354,39.92442645074224,869,912,2486,2529,-161.89491949319063,60.05282590103207,-161.89105673746892,60.056688656753785
4078,739,37201.10466569589,3.720110466569589,118,4.340700167388487,74.09472259810555,3999,4030,5724,5810,-161.60404500419273,59.772731195443605,-161.5963194927493,59.77551597282437
3854,736,37050.0852962817,3.70500852962817,297,10.947565244501112,542.695652173913,3399,3478,6445,6682,-161.53927647220772,59.822318199127,-161.51798639997406,59.82941488987154
3956,734,36949.40571667224,3.694940571667224,185,6.82847460236145,103.78201634877384,3730,3770,5878,5976,-161.5902109488173,59.796087392830714,-161.5814074590329,59.79968065396719
1309,734,36949.40571667224,3.694940571667224,136,5.0198515995738235,77.1716621253406,945,1005,6375,6434,-161.54556467919653,60.044471568889755,-161.54026461902023,60.04986146059448
2660,733,36899.06592686751,3.689906592686751,274,10.120420915597714,103.92360163710778,2057,2109,9438,9524,-161.27041070767072,59.94529756152296,-161.2626851962273,59.94996880100038
1341,733,36899.06592686751,3.689906592686751,157,5.7989273129519745,97.98635743519782,964,1052,2325,2371,-161.90938236926496,60.040249487054396,-161.905250118958,60.04815466155465
1249,733,36899.06592686751,3.689906592686751,150,5.540376413648383,61.315143246930425,901,941,6063,6129,-161.57359211606106,60.050220786708124,-161.56766323518588,60.053814047844604
4120,732,36848.72613706278,3.684872613706278,121,4.472288689275166,44.26229508196721,4068,4101,7355,7412,-161.45752978135283,59.76635315692636,-161.45240938423333,59.76931759736395
914,730,36748.046557453315,3.6748046557453313,245,9.067856824920664,195.73150684931508,666,794,1862,1923,-161.9509743669197,60.06342602138468,-161.94549464368654,60.07492445702141
1735,729,36697.70676764859,3.669770676764859,296,10.962962962962964,313.42112482853224,1277,1370,6499,6645,-161.53442556967346,60.0116830610194,-161.52131016652532,60.02003739316171
1891,729,36697.70676764859,3.669770676764859,161,5.962962962962963,92.72976680384087,1411,1459,8490,8572,-161.35557099660525,60.00368805499073,-161.34820481127548,60.007999968354504
969,729,36697.70676764859,3.669770676764859,188,6.962962962962963,55.972565157750346,704,744,8133,8194,-161.38764085224832,60.06791759780528,-161.3821611290152,60.07151085894176
2433,727,36597.02718803912,3.659702718803912,155,5.748631797030201,72.76478679504814,1860,1901,460,534,-162.07691816975324,59.96398251943265,-162.07027063665075,59.96766561209754
3892,726,36546.6873982344,3.65466873982344,145,5.3814547379327395,132.36914600550963,3488,3528,2804,2919,-161.86635306715561,59.817826622706406,-161.85602244138823,59.82141988384288
2696,725,36496.34760842966,3.6496347608429662,151,5.607999212946966,54.07448275862069,2085,2114,3099,3169,-161.8398527662741,59.944848403880904,-161.83356455928526,59.94745351820485
2432,725,36496.34760842966,3.6496347608429662,125,4.642383454426296,46.69793103448276,1857,1888,2306,2367,-161.91108916830478,59.965150329302006,-161.90560944507163,59.96793510668277
3843,724,36446.00781862493,3.644600781862493,110,4.088117804359415,36.248618784530386,3366,3403,2749,2793,-161.8712938012183,59.8290555637579,-161.86734121396816,59.83237933030914
4197,724,36446.00781862493,3.644600781862493,176,6.540988486975063,59.75690607734806,4195,4229,14685,14755,-160.79906467809323,59.754854721289625,-160.7927764711044,59.75790899325563
4757,723,36395.668028820204,3.6395668028820203,289,10.748025647765946,488.01659751037346,5400,5454,4404,4647,-161.7226226216965,59.64481109898498,-161.7007935602924,59.649662001519225
3024,723,36395.668028820204,3.6395668028820203,189,7.028985631237937,122.8271092669433,2353,2413,1613,1702,-161.97334241749425,59.91798877688573,-161.9653474114656,59.923378668590445
4045,723,36395.668028820204,3.6395668028820203,114,4.23970561884193,42.84370677731673,3938,3982,1887,1931,-161.9487285787094,59.777043108807376,-161.94477599145927,59.7809956960575
187,723,36395.668028820204,3.6395668028820203,157,5.8388928259489745,42.84370677731673,145,170,588,651,-162.06541973411652,60.11948089511374,-162.05976034782657,60.121726683324034
317,722,36345.32823901547,3.634532823901547,205,7.629310007539066,90.77008310249307,249,291,16045,16131,-160.67689379945296,60.10861128017589,-160.66916828800953,60.11238420436919
3190,722,36345.32823901547,3.634532823901547,217,8.075903764077937,93.62880886426593,2480,2517,2802,2895,-161.86653273021244,59.908646297930886,-161.85817839807012,59.91197006448213
3487,721,36294.988449210745,3.6294988449210743,175,6.5173405738337635,44.9375866851595,2739,2783,14106,14152,-160.85107713304373,59.884751111373305,-160.84694488273678,59.88870369862343
284,721,36294.988449210745,3.6294988449210743,143,5.325598297475589,142.0249653259362,222,247,1976,2111,-161.94073357268073,60.11256386742602,-161.9286063163451,60.114809655636314
2335,721,36294.988449210745,3.6294988449210743,157,5.84698554338229,101.10957004160888,1775,1797,3056,3169,-161.84371552199582,59.97332499838749,-161.83356455928526,59.97530129201255
975,720,36244.64865940601,3.624464865940601,148,5.515634344499481,50.138888888888886,709,730,10425,10499,-161.18174698912813,60.06917523920305,-161.17509945602566,60.0710617012997
2972,720,36244.64865940601,3.624464865940601,164,6.111919138499425,58.93888888888889,2304,2331,8756,8832,-161.33167581004767,59.92535496221551,-161.32484861388838,59.92778041348263
585,720,36244.64865940601,3.624464865940601,178,6.633668333249376,88.2,435,463,9366,9464,-161.2768785777164,60.093160257289036,-161.26807508793203,60.09567554008457
3840,720,36244.64865940601,3.624464865940601,168,6.260990336999411,112.02222222222223,3361,3394,1275,1384,-162.0037054740975,59.8298640475136,-161.9939138375006,59.8328284879512
2312,718,36143.96907979655,3.614396907979655,186,6.941458349017306,98.54596100278552,1759,1785,15551,15658,-160.72127057448847,59.974402976728435,-160.7116586009484,59.97673859646714
288,717,36093.62928999182,3.609362928999182,200,7.4691368697327105,201.39470013947002,227,292,1288,1413,-162.00253766422813,60.10852144864748,-161.99130872317664,60.114360497994255
2213,716,36043.28950018709,3.6043289500187092,130,4.858328102887583,80.44692737430168,1684,1704,8912,9012,-161.31766209161543,59.9816793305298,-161.30867893877422,59.983475961098044
614,716,36043.28950018709,3.6043289500187092,192,7.175376890418584,95.87150837988827,456,509,5956,6034,-161.58320408960114,60.08902800698208,-161.57619723038502,60.09378907798792
1114,714,35942.609920577626,3.594260992057763,226,8.457837430785853,93.22689075630252,804,825,4401,4509,-161.72289211628174,60.06064124400391,-161.71319031121325,60.06252770610056
501,713,35892.2701307729,3.58922701307729,122,4.568935906266143,37.72230014025246,378,415,5930,5975,-161.58553970933986,60.09747217065281,-161.58149729056132,60.100795937204055
970,711,35791.590551163434,3.5791590551163432,216,8.100632886667372,272.29254571026723,706,769,10174,10331,-161.20429470275954,60.06567180959498,-161.19019115279886,60.07133119588493
3707,710,35741.25076135871,3.574125076135871,162,6.079751662830493,192.81690140845072,3059,3111,4675,4808,-161.69827827749685,59.85528637005419,-161.68633068421806,59.859957609531605
4472,710,35741.25076135871,3.574125076135871,133,4.9914010565213305,57.47042253521127,4605,4643,12310,12373,-161.0124145580716,59.717664468527076,-161.00675517178166,59.72107806660673
658,710,35741.25076135871,3.574125076135871,221,8.293982206700857,93.75211267605634,484,505,11964,12072,-161.04349626690214,60.089387333095736,-161.03379446183365,60.091273795192386
666,710,35741.25076135871,3.574125076135871,135,5.06645971902541,50.84507042253521,491,516,9995,10065,-161.22037454634528,60.088399186283205,-161.21408633935644,60.0906449744935
3503,710,35741.25076135871,3.574125076135871,139,5.216577044033571,48.72676056338028,2755,2790,1925,1983,-161.94531498062972,59.884122290674426,-161.94010475198183,59.88726639416884
813,709,35690.910971553974,3.5690910971553973,145,5.445589304867927,44.68829337094499,596,632,367,420,-162.08527250189556,60.07797872898742,-162.08051143088971,60.081212664010245
4818,708,35640.57118174924,3.564057118174924,162,6.0883328268229135,99.93785310734464,5584,5597,7737,7857,-161.42321413749946,59.63196519042207,-161.41243435409004,59.63313300029143
3433,708,35640.57118174924,3.564057118174924,195,7.328548773027581,144.63276836158192,2686,2729,7661,7778,-161.43004133365878,59.88960201390755,-161.41953104483457,59.89346476962927
5230,707,35590.231391944515,3.5590231391944513,220,8.273951558890616,122.25742574257426,7449,7494,15416,15518,-160.7333978308241,59.4615547810246,-160.72423501492605,59.46559719980314
4716,706,35539.89160213978,3.553989160213978,215,8.09163174207105,222.11898016997168,5191,5239,3401,3551,-161.81272364469368,59.66412487759355,-161.7992489154319,59.66843679095733
5155,706,35539.89160213978,3.553989160213978,114,4.290446598121394,30.192634560906516,7147,7171,10676,10725,-161.15919927549675,59.49057036470166,-161.15479753060455,59.49272632138355
1705,705,35489.551812335056,3.5489551812335054,105,3.9545287800622244,34.51914893617021,1249,1285,7065,7107,-161.4835809245923,60.01931874093441,-161.479808000399,60.02255267595724
540,704,35439.21202253032,3.543921202253032,125,4.711114759027557,34.56818181818182,405,431,342,394,-162.08751829010586,60.09603486619822,-162.08284705062843,60.09837048593693
3420,702,35338.53244292086,3.5338532442920862,195,7.359800721939872,79.33903133903134,2677,2704,1322,1413,-161.99948339226214,59.89184780211785,-161.99130872317664,59.89427325338497
3929,700,35237.852863311404,3.5237852863311403,229,8.655386431911303,104.14285714285714,3628,3667,6912,7008,-161.49732514843933,59.80534004025714,-161.48870132171177,59.80884346986521
4315,699,35187.51307350667,3.518751307350667,163,6.165226216948705,86.57510729613733,4345,4391,4836,4913,-161.68381540142255,59.740302013686886,-161.67689837373482,59.74443426399384
5202,698,35137.17328370194,3.513717328370194,118,4.466365868216341,105.99426934097421,7345,7409,7190,7262,-161.4723519835408,59.469190460939615,-161.46588411349515,59.474939678757984
4434,698,35137.17328370194,3.513717328370194,162,6.131790429246163,60.796561604584525,4539,4578,5004,5068,-161.66872370464932,59.72350351787385,-161.66297448683096,59.72700694748192
5119,697,35086.83349389721,3.508683349389721,192,7.272518583154274,69.44045911047345,6996,7037,11869,11938,-161.05203026210128,59.502607789508865,-161.04583188664085,59.50629088217375
2380,697,35086.83349389721,3.508683349389721,119,4.507446413517493,34.91535150645624,1820,1842,5975,6031,-161.58149729056132,59.96928257960895,-161.57646672497026,59.971258873234014
2075,696,35036.49370409248,3.503649370409248,180,6.82288239221013,216.29885057471265,1569,1593,6454,6624,-161.538467988452,59.99165063018353,-161.52319662862197,59.99380658686542
1727,695,34986.153914287745,3.4986153914287743,168,6.3726032312114045,46.618705035971225,1272,1306,10934,10990,-161.13602274116644,60.01743227883776,-161.1309921755754,60.02048655080377
450,694,34935.81412448302,3.493581412448302,149,5.655962654108369,112.96829971181556,346,384,10276,10378,-161.1951318868615,60.10025694803358,-161.1859690709635,60.103670546113236
1554,693,34885.474334678285,3.4885474334678284,158,6.001923693540932,71.11688311688312,1115,1134,648,740,-162.06002984241178,60.03288330172462,-162.0517653417979,60.03459010076444
3142,692,34835.13454487355,3.483513454487355,167,6.348387442602041,140.67052023121389,2450,2515,9431,9522,-161.2710395283696,59.90882596098771,-161.26286485928412,59.91466501033449
3827,691,34784.794755068826,3.4784794755068824,269,10.233242275419775,102.39652677279305,3314,3368,11952,12031,-161.0445742452431,59.83219966725232,-161.03747755449854,59.83705056978656
4446,689,34684.11517545937,3.4684115175459365,222,8.457526427129999,331.6168359941945,4560,4595,7343,7547,-161.45860775969376,59.72197638189085,-161.44028212789775,59.72512048538527
1559,688,34633.77538565463,3.4633775385654633,133,5.070577463559105,55.83720930232558,1119,1153,9144,9208,-161.29682117702384,60.03117650268479,-161.29107195920548,60.034230774650794
1479,688,34633.77538565463,3.4633775385654633,179,6.824311022384059,74.23837209302326,1062,1100,7574,7649,-161.43785667663062,60.035937573690624,-161.4311193119997,60.03935117177028
2196,687,34583.4355958499,3.45834355958499,107,4.082304626383359,47.161572052401745,1673,1696,4983,5050,-161.67061016674597,59.9823979827571,-161.66459145434237,59.984464107910576
2133,686,34533.095806045174,3.4533095806045173,113,4.3143600480148505,26.174927113702623,1618,1645,516,556,-162.07188760416216,59.98697939070611,-162.06829434302568,59.98940484197323
46,685,34482.75601624044,3.448275601624044,122,4.661380391395308,78.57518248175182,16,59,3092,3165,-161.84048158697297,60.12945219476747,-161.83392388539892,60.13331495048918
3845,685,34482.75601624044,3.448275601624044,242,9.246344710800528,257.51824817518246,3374,3447,12037,12174,-161.03693856532806,59.82510297650777,-161.02463164593564,59.831660678081846
1321,684,34432.416226435715,3.4432416226435714,142,5.429505701603295,46.32163742690059,952,990,7420,7471,-161.45169073200606,60.04581904181594,-161.44710932405704,60.04923263989559
701,684,34432.416226435715,3.4432416226435714,190,7.264831572567789,69.47953216374269,517,554,2892,2964,-161.85844789265536,60.08498558820355,-161.85198002260972,60.08830935475479
1392,684,34432.416226435715,3.4432416226435714,202,7.723663040308913,36.49707602339181,1008,1043,10341,10385,-161.18929283751473,60.0410579708101,-161.1853402502646,60.04420207430452
4872,684,34432.416226435715,3.4432416226435714,150,5.735393346764044,49.49707602339181,5813,5855,4293,4343,-161.73259392135023,59.60878865609179,-161.72810234492962,59.61256158028509
4790,683,34382.07643663098,3.438207643663098,288,11.020013737824685,206.9926793557833,5500,5523,15727,15892,-160.70546022548797,59.63861272352456,-160.69063802329998,59.640678848678036
3928,683,34382.07643663098,3.438207643663098,115,4.40035270781194,40.34553440702782,3626,3651,1606,1664,-161.97397123819314,59.80677734471173,-161.96876100954526,59.80902313292203
4386,683,34382.07643663098,3.438207643663098,112,4.285560898042934,32.94289897510981,4442,4472,3242,3287,-161.82700685771118,59.73302565988552,-161.82296443893264,59.73572060573788
1638,683,34382.07643663098,3.438207643663098,306,11.70876459643873,368.9663250366032,1192,1261,10321,10503,-161.19108946808296,60.0214746976163,-161.174740129912,60.02767307307672
4310,680,34231.05706721679,3.423105706721679,159,6.097371661336594,77.79411764705883,4338,4370,5569,5652,-161.61796889109658,59.742188475783536,-161.6105128742384,59.745063084692724
5041,680,34231.05706721679,3.423105706721679,147,5.637192668028172,67.34705882352941,6750,6772,9454,9539,-161.26897340321614,59.52641314453803,-161.26133772330112,59.528389438163096
2714,676,34029.69790799786,3.4029697907997862,142,5.461538461538462,62.77514792899408,2102,2123,2106,2188,-161.92905547398718,59.94403992012519,-161.92168928865738,59.94592638222185
1023,675,33979.35811819314,3.3979358118193135,137,5.273132458598582,43.828148148148145,742,769,232,291,-162.09739975823118,60.06567180959498,-162.09209969805485,60.0680972608621
2802,674,33929.0183283884,3.3929018328388403,128,4.93037578093661,40.88427299703264,2171,2196,265,323,-162.09443531779357,59.937482218551125,-162.08922508914569,59.93972800676142
4645,673,33878.67853858368,3.3878678538583675,114,4.394377063602689,54.77563150074294,4999,5037,3392,3450,-161.8135321284494,59.68227084633277,-161.8083218998015,59.68568444441242
1221,673,33878.67853858368,3.3878678538583675,253,9.752433307820002,124.962852897474,880,936,4272,4361,-161.73448038344688,60.05066994435018,-161.72648537741821,60.05570050994125
2849,673,33878.67853858368,3.3878678538583675,107,4.124546893030594,40.94502228826151,2205,2226,907,969,-162.0367634765531,59.93478727269876,-162.03119392179156,59.93667373479541
3935,670,33727.659169169485,3.3727659169169484,190,7.34034038821943,132.54328358208954,3645,3686,15267,15375,-160.74678272855746,59.80363324121731,-160.73708092348897,59.807316333882206
1242,670,33727.659169169485,3.3727659169169484,130,5.022338160360663,48.35820895522388,896,919,1826,1893,-161.95420830194251,60.05219708033319,-161.9481895895389,60.05426320548666
849,669,33677.31937936475,3.367731937936475,176,6.8045531226381195,59.79073243647235,620,644,9528,9604,-161.26232587011364,60.07690075064647,-161.25549867395435,60.07905670732836
5064,666,33526.30000995056,3.352630000995056,109,4.2236642076921,41.37537537537538,6841,6879,9823,9868,-161.23582556923213,59.51680117099795,-161.2317831504536,59.520214769077604
2339,666,33526.30000995056,3.352630000995056,190,7.362350453775221,56.510510510510514,1777,1803,3176,3247,-161.83293573858637,59.97278600921702,-161.82655770006912,59.97512162895573
1706,665,33475.96022014583,3.3475960220145833,161,6.2433122113523245,117.89473684210526,1250,1286,8777,8881,-161.32978934795102,60.019228909405996,-161.32044686899619,60.02246284442883
2366,665,33475.96022014583,3.3475960220145833,121,4.692178742693362,50.91127819548872,1810,1842,968,1028,-162.03128375331997,59.96928257960895,-162.02589386161526,59.97215718851814
1623,662,33324.94085073164,3.332494085073164,176,6.840434254160951,141.44410876132932,1180,1264,9512,9581,-161.26376317456825,60.021205203031066,-161.25756479910783,60.028751051417665
5172,662,33324.94085073164,3.332494085073164,124,4.819396860886124,81.30513595166163,7178,7233,10067,10128,-161.21390667629962,59.48500080994012,-161.2084269530665,59.489941544002775
4204,662,33324.94085073164,3.332494085073164,132,5.1303256906207135,52.259818731117825,4201,4215,15609,15688,-160.7160603458406,59.75611236268739,-160.70896365509603,59.75737000408516
1209,661,33274.60106092691,3.3274601060926905,157,6.10659225643765,156.85930408472012,871,910,7999,8121,-161.39967827705553,60.05300556408889,-161.38871883058928,60.05650899369696
4754,660,33224.261271122174,3.3224261271122173,159,6.189066606084108,44.82424242424243,5398,5438,2970,3016,-161.85144103343924,59.64624840343957,-161.8473087831323,59.64984166457605
2790,660,33224.261271122174,3.3224261271122173,104,4.048194509639919,52.41818181818182,2162,2190,3151,3216,-161.83518152679667,59.9380212077216,-161.8293424774499,59.94053649051713
2978,659,33173.92148131745,3.3173921481317445,164,6.388532974479283,105.76024279210925,2310,2331,3607,3718,-161.79421834984083,59.92535496221551,-161.7842470501871,59.92724142431216
4462,659,33173.92148131745,3.3173921481317445,156,6.076897219626635,99.44764795144158,4588,4612,2601,2705,-161.88458886742325,59.720449245907844,-161.8752463884684,59.72260520258973
4388,658,33123.581691512714,3.3123581691512713,291,11.344361104768305,395.2887537993921,4447,4489,6438,6651,-161.53990529290658,59.731498523902516,-161.52077117735485,59.735271448095816
2619,657,33073.24190170799,3.307324190170799,280,10.923840404972186,151.98782343987824,2028,2060,9242,9368,-161.2880176872395,59.94969930641515,-161.27669891465956,59.95257391532433
5196,655,32972.56232209852,3.297256232209852,230,8.986843649392481,108.02442748091603,7311,7377,12065,12132,-161.03442328253254,59.472065069848796,-161.02840457012894,59.477993950723985
5297,655,32972.56232209852,3.297256232209852,170,6.64244965389879,61.06870229007634,7643,7676,9124,9191,-161.29861780759208,59.44520544285363,-161.29259909518848,59.44816988329122
1716,654,32922.222532293796,3.2922222532293794,100,3.9103094350288754,37.211009174311926,1259,1295,63,105,-162.1125812865328,60.01842042565029,-162.1088083623395,60.021654360673125
1174,654,32922.222532293796,3.2922222532293794,115,4.496855850283207,56.36697247706422,839,868,10057,10124,-161.21480499158375,60.0567784882822,-161.20878627918015,60.05938360260614
980,653,32871.88274248906,3.2871882742489063,116,4.539430785130027,25.880551301684534,714,741,2203,2241,-161.9203418157312,60.06818709239052,-161.91692821765156,60.07061254365764
4151,652,32821.542952684336,3.2821542952684335,110,4.307932474933765,29.208588957055216,4119,4156,2817,2849,-161.86518525728627,59.7614124228637,-161.86231064837708,59.76473618941494
3306,652,32821.542952684336,3.2821542952684335,103,4.033791317437981,27.539877300613497,2579,2612,6002,6036,-161.5790718392942,59.90011230273175,-161.5760175673282,59.90307674316934
1778,650,32720.86337307487,3.272086337307487,200,7.844645405527361,93.10153846153847,1311,1377,10286,10343,-161.1942335715774,60.01105424032051,-161.1891131744579,60.0169831211957
3080,649,32670.52358327014,3.267052358327014,101,3.964596793493241,40.43759630200308,2404,2443,6030,6072,-161.57655655649867,59.915293831033374,-161.57278363230537,59.91879726064143
2523,648,32620.18379346541,3.262018379346541,143,5.617570539426461,47.80246913580247,1942,1971,8984,9043,-161.31119422156976,59.95769431244381,-161.30589416139344,59.96029942676776
1223,646,32519.50421385595,3.251950421385595,125,4.918059221028961,52.408668730650156,881,918,7222,7277,-161.46947737463162,60.0522869118616,-161.46453664056895,60.05561067841284
462,644,32418.824634246488,3.241882463424649,175,6.89596605459213,143.50310559006212,354,406,6681,6781,-161.51807623150248,60.09828065440852,-161.5090930786613,60.10295189388594
1859,644,32418.824634246488,3.241882463424649,162,6.383694290536715,127.01242236024845,1380,1435,10333,10421,-161.19001148974203,60.00584401167262,-161.18210631524178,60.01078474573528
2058,643,32368.48484444176,3.236848484444176,134,5.284444145058163,41.82892690513219,1551,1581,1512,1564,-161.98241540186388,59.99272860852447,-161.97774416238644,59.995423554376835
1307,642,32318.145054637025,3.2318145054637024,136,5.367491858154237,72.67289719626169,943,970,10462,10543,-161.1784232225769,60.047615672384175,-161.17114686877554,60.0500411236513
2708,642,32318.145054637025,3.2318145054637024,175,6.906699082183761,94.26168224299066,2096,2124,4023,4118,-161.75684843402146,59.943950088596786,-161.74831443882232,59.94646537139232
3218,641,32267.805264832296,3.2267805264832297,198,7.820529804780306,285.77847113884553,2499,2551,10492,10654,-161.17572827672453,59.90559202596488,-161.1611755691218,59.9102632654423
790,641,32267.805264832296,3.2267805264832297,151,5.9641414167769,85.42277691107644,581,598,9140,9240,-161.2971805031375,60.081033000953425,-161.2881973502963,60.08256013693642
3838,640,32217.465475027566,3.2217465475027565,100,3.952847075210474,32.4,3343,3374,3292,3333,-161.82251528129058,59.831660678081846,-161.8188321886257,59.834445455462614
2059,640,32217.465475027566,3.2217465475027565,110,4.348131782731521,36.1,1551,1597,10035,10065,-161.2167812852088,59.99129130406988,-161.21408633935644,59.995423554376835
5294,636,32016.106315808644,3.2016106315808646,135,5.353098203597473,103.04402515723271,7633,7661,3589,3689,-161.79583531735224,59.446552915779804,-161.78685216451103,59.44906819857534
5021,635,31965.766526003914,3.1965766526003914,123,4.881106109315152,84.76220472440944,6696,6734,12669,12747,-160.9801650393717,59.529826742617686,-160.9731581801556,59.53324034069734
4928,635,31965.766526003914,3.1965766526003914,291,11.54798274642853,518.859842519685,6136,6192,12497,12728,-160.99561606225856,59.57851543101696,-160.97486497919542,59.58354599660803
5229,635,31965.766526003914,3.1965766526003914,111,4.4049006352356255,118.22992125984251,7436,7485,13027,13115,-160.94800535220023,59.46236326478031,-160.94010017769997,59.46676500967249
1413,634,31915.42673619918,3.191542673619918,256,10.167058826106082,325.1041009463722,1021,1053,5719,5914,-161.6044941618348,60.04015965552598,-161.58697701379444,60.043034264435164
3865,633,31865.08694639445,3.186508694639445,110,4.372107484344403,72.34755134281201,3430,3487,14642,14692,-160.80292743381494,59.82150971537129,-160.79843585739434,59.826630112490776
4628,631,31764.40736678499,3.176440736678499,98,3.9013184004243615,112.13312202852615,4975,5016,3380,3472,-161.81461010679033,59.68415730842942,-161.80634560617645,59.687840401094306
4626,630,31714.067576980262,3.1714067576980263,131,5.219164927426853,108.95873015873016,4969,5008,3957,4049,-161.76277731489665,59.68487596065671,-161.75451281428275,59.68837939026478
3515,629,31663.72778717553,3.166372778717553,184,7.336560450025879,91.57392686804451,2766,2789,4704,4801,-161.69567316317293,59.88421212220283,-161.68695950491696,59.88627824735631
5092,628,31613.3879973708,3.16133879973708,107,4.269764831901779,27.745222929936304,6913,6943,16928,16964,-160.5975725598652,59.51105195317959,-160.59433862484238,59.51374689903194
1248,628,31613.3879973708,3.16133879973708,116,4.628903929912209,32.10828025477707,901,927,4630,4675,-161.7023206962754,60.05147842810589,-161.69827827749685,60.053814047844604
1365,628,31613.3879973708,3.16133879973708,105,4.189956143455016,39.7515923566879,983,1025,8649,8686,-161.34128778358777,60.04267493832152,-161.3379640170365,60.04644786251482
4018,628,31613.3879973708,3.16133879973708,100,3.9904344223381107,34.87898089171974,3893,3932,1918,1953,-161.9459438013286,59.781534685227975,-161.9427996978342,59.78503811483604
3231,628,31613.3879973708,3.16133879973708,129,5.147660404816163,72.92356687898089,2511,2535,12268,12351,-161.0161874822649,59.90702933041947,-161.00873146540673,59.90918528710136
2101,627,31563.04820756607,3.156304820756607,110,4.392976851069794,56.37001594896332,1591,1651,15007,15041,-160.77013892594456,59.98644040153564,-160.76708465397857,59.991830293240355
697,626,31512.708417761336,3.1512708417761335,102,4.076739911584901,47.25878594249201,512,550,5533,5581,-161.6212028261194,60.0853449143172,-161.61689091275562,60.08875851239685
852,626,31512.708417761336,3.1512708417761335,149,5.955237713981865,56.460063897763575,623,655,8320,8382,-161.3708423564353,60.07591260383394,-161.36527280167374,60.07878721274312
864,626,31512.708417761336,3.1512708417761335,170,6.794566519308168,46.16613418530351,630,668,14195,14242,-160.84308212701507,60.074744793964584,-160.8388600451797,60.07815839204424
4073,624,31412.028838151877,3.1412028838151875,239,9.567657189853955,89.25641025641026,3991,4083,14080,14106,-160.85341275278245,59.76797012443777,-160.85107713304373,59.77623462505167
1557,624,31412.028838151877,3.1412028838151875,185,7.40592711348528,110.00641025641026,1118,1188,10996,11057,-161.1304531864049,60.02803239919037,-161.12497346317178,60.03432060617921
98,623,31361.689048347147,3.1361689048347148,150,6.009623101612529,62.92776886035313,65,85,12737,12816,-160.9740564954397,60.12711657502875,-160.96695980469516,60.128913205596994
5354,622,31311.349258542417,3.1311349258542416,101,4.049731045811359,27.170418006430868,7843,7868,3635,3675,-161.7917030670453,59.42795778939853,-161.78810980590882,59.43020357760883
1448,622,31311.349258542417,3.1311349258542416,104,4.170020086776052,36.17363344051447,1044,1068,5076,5127,-161.66225583460366,60.038812182599806,-161.65767442665467,60.040968139281695
4602,621,31261.009468737684,3.1261009468737684,194,7.7849518328797425,252.52173913043478,4932,4956,6993,7167,-161.49004879463794,59.689547200134136,-161.47441810869427,59.69170315681602
5017,621,31261.009468737684,3.1261009468737684,135,5.417363388859615,68.33494363929147,6676,6694,15628,15713,-160.71435354680074,59.53342000375416,-160.70671786688573,59.535036971265576
50,621,31261.009468737684,3.1261009468737684,161,6.460707448936281,56.914653784219,18,67,13674,13719,-160.8898843533177,60.12873354254017,-160.88584193453917,60.13313528743235
2891,621,31261.009468737684,3.1261009468737684,177,7.102765332060383,63.130434782608695,2246,2276,491,560,-162.07413339237246,59.930295696278165,-162.06793501691203,59.93299064213053
1124,620,31210.669678932954,3.1210669678932956,119,4.7791550069698685,47.71612903225807,809,842,7723,7776,-161.42447177889724,60.05911410802091,-161.4197107078914,60.0620785484585
4360,618,31109.99009932349,3.1109990099323492,165,6.63727339035032,104.3948220064725,4408,4437,7679,7777,-161.42842436614737,59.73616976337994,-161.41962087636298,59.73877487770388
3637,618,31109.99009932349,3.1109990099323492,116,4.666204322912952,79.74757281553399,2923,2950,830,914,-162.04368050424083,59.869749246128514,-162.0361346558542,59.872174697395636
2755,617,31059.65030951876,3.105965030951876,151,6.079031100824983,132.5705024311183,2130,2172,7309,7410,-161.46166203165978,59.93963817523301,-161.45258904729016,59.943411099426314
4898,617,31059.65030951876,3.105965030951876,98,3.9453314429195254,56.07131280388979,5948,5990,13846,13897,-160.87443333043086,59.59666139975618,-160.86985192248184,59.60043432394948
3238,617,31059.65030951876,3.105965030951876,108,4.347916284033762,49.06969205834684,2516,2534,550,619,-162.06883333219616,59.90711916194788,-162.06263495673574,59.9087361294593
4930,616,31009.310519714032,3.1009310519714033,114,4.593190894944668,40.52597402597402,6149,6169,3930,3989,-161.76520276616375,59.580581556170436,-161.75990270598746,59.58237818673867
2673,613,30858.29115029984,3.085829115029984,170,6.866235329637164,62.66884176182708,2070,2103,314,379,-162.09003357290138,59.945836550693436,-162.0841945235546,59.94880099113103
2307,612,30807.95136049511,3.080795136049511,97,3.92099260475405,43.947712418300654,1751,1783,3947,3997,-161.76367563018076,59.97458263978526,-161.75918405376015,59.97745724869444
5128,611,30757.61157069038,3.075761157069038,170,6.877463849533247,39.829787234042556,7037,7067,4651,4699,-161.70043423417874,59.4999128436565,-161.69612232081496,59.502607789508865
4253,610,30707.271780885647,3.0707271780885645,131,5.3040349626719,36.885245901639344,4259,4290,5066,5110,-161.6631541498878,59.749374998056496,-161.65920156263766,59.75215977543726
3228,608,30606.592201276188,3.0606592201276186,118,4.785531923357495,39.00657894736842,2508,2550,7863,7898,-161.41189536491956,59.90568185749329,-161.40875126142515,59.90945478168659
2947,608,30606.592201276188,3.0606592201276186,144,5.839971160707452,71.15789473684211,2279,2319,1069,1133,-162.02221076895037,59.92643294055645,-162.01646155113198,59.93002620169293
3521,608,30606.592201276188,3.0606592201276186,218,8.841067451626559,47.5328947368421,2771,2803,16274,16327,-160.65632237944664,59.88295448080507,-160.6515613084408,59.88582908971425
3351,608,30606.592201276188,3.0606592201276186,105,4.258312304682517,55.68421052631579,2622,2638,372,448,-162.0848233442535,59.89777668299304,-162.07799614809417,59.89921398744763
1576,607,30556.252411471458,3.055625241147146,159,6.453610919822181,72.65238879736408,1137,1186,7908,7964,-161.40785294614102,60.02821206224719,-161.40282238054996,60.03261380713938
1452,604,30405.233042057265,3.0405233042057267,97,3.946874025040123,67.55629139072848,1047,1065,1923,2006,-161.94549464368654,60.03908167718504,-161.93803862682836,60.040698644696455
5049,603,30354.893252252536,3.0354893252252535,98,3.990868515639304,38.3150912106136,6773,6800,9512,9561,-161.26376317456825,59.5238978617425,-161.25936142967606,59.52632331300962
1063,603,30354.893252252536,3.0354893252252535,182,7.4116129576158505,174.08955223880596,767,778,11741,11892,-161.063528697738,60.06486332583927,-161.0499641369478,60.0658514726518
1205,602,30304.553462447802,3.0304553462447803,96,3.9126679005082674,67.78073089700996,869,903,207,274,-162.09964554644145,60.05363438478778,-162.09362683403785,60.056688656753785
2055,602,30304.553462447802,3.0304553462447803,167,6.806411868592507,117.53488372093024,1549,1604,11075,11153,-161.12335649566037,59.990662483371,-161.11634963644423,59.995603217433654
4539,601,30254.213672643073,3.025421367264307,152,6.200209325004832,55.11480865224625,4783,4843,4273,4304,-161.73439055191847,59.69969816284468,-161.73160577453768,59.7050880545494
1707,600,30203.873882838343,3.0203873882838344,151,6.164549186004332,91.26,1250,1306,11088,11149,-161.122188685791,60.01743227883776,-161.11670896255788,60.02246284442883
618,599,30153.534093033613,3.015353409303361,141,5.76110381744033,55.298831385642735,459,504,483,529,-162.07485204459977,60.08947716462415,-162.0707197942928,60.09351958340268
295,599,30153.534093033613,3.015353409303361,185,7.558895079620291,72.2270450751252,230,269,15992,16057,-160.6816548704588,60.110587573800956,-160.67581582111202,60.11409100340902
2483,598,30103.194303228884,3.0103194303228884,208,8.50575252913912,209.55852842809364,1909,1979,8025,8132,-161.3973426573168,59.956975660216514,-161.38773068377674,59.963263867205356
481,598,30103.194303228884,3.0103194303228884,113,4.620913633618849,78.0200668896321,367,390,8635,8720,-161.34254542498553,60.09971795886311,-161.33490974507052,60.101784084016586
3185,598,30103.194303228884,3.0103194303228884,181,7.401640421991253,118.32107023411372,2475,2526,15246,15328,-160.7486691906541,59.90783781417518,-160.74130300532434,59.912419222124186
3188,598,30103.194303228884,3.0103194303228884,122,4.988951002668137,80.93645484949833,2477,2500,15849,15936,-160.6945007790217,59.91017343391389,-160.68668543604986,59.912239559067366
5194,597,30052.85451342415,3.005285451342415,174,7.121345928909506,61.74874371859296,7296,7329,15884,15947,-160.6913566755273,59.476376983212575,-160.68569728923734,59.47934142365017
3926,597,30052.85451342415,3.005285451342415,131,5.36147308440888,60.469011725293136,3622,3667,2102,2152,-161.9294148001008,59.80534004025714,-161.92492322368022,59.80938245903568
2311,596,30002.51472361942,3.000251472361942,109,4.464813966828771,46.23489932885906,1757,1797,3697,3740,-161.78613351228375,59.97332499838749,-161.78227075656204,59.97691825952397
3652,595,29952.17493381469,2.9952174933814693,152,6.231392468849987,137.47226890756303,2941,2957,3417,3544,-161.8112863402391,59.86912042542963,-161.79987773613078,59.87055772988422
2649,595,29952.17493381469,2.9952174933814693,134,5.493464413328278,96.80672268907563,2046,2086,6343,6423,-161.54843928810573,59.94736368667644,-161.54125276583278,59.95095694781291
176,594,29901.835144009958,2.9901835144009956,114,4.677476657214644,155.58249158249157,141,188,1007,1112,-162.0277803237119,60.11786392760232,-162.01834801322863,60.12208600943769
4871,592,29801.1555644005,2.9801155564400497,124,5.0963686064660765,124.97297297297297,5808,5860,15435,15519,-160.73169103178427,59.60833949844973,-160.72414518339764,59.613010737927155
1646,590,29700.47598479104,2.9700475984791037,103,4.240442893401984,26.061016949152542,1200,1224,7938,7976,-161.40515800028865,60.02479846416754,-161.401744402209,60.02695442084943
436,590,29700.47598479104,2.9700475984791037,252,10.37467581686699,186.82033898305085,338,360,5902,6046,-161.5880549921354,60.102412904715464,-161.57511925204406,60.10438919834053
2936,589,29650.136194986306,2.9650136194986305,198,8.15844786996026,140.82173174872665,2271,2291,8189,8313,-161.38261028665727,59.92894822335199,-161.37147117713417,59.930744853920224
4512,589,29650.136194986306,2.9650136194986305,140,5.768599504012304,37.188455008488965,4708,4747,4924,4959,-161.6759102269223,59.708321989572234,-161.67276612342786,59.7118254191803
3094,588,29599.796405181576,2.9599796405181578,173,7.13439975498609,102.91836734693878,2411,2456,9348,9426,-161.2784955452278,59.914126021164016,-161.27148868601168,59.918168439942555
3620,588,29599.796405181576,2.9599796405181578,99,4.082691189269497,45.74149659863946,2896,2929,6173,6222,-161.56371064793575,59.87163570822516,-161.55930890304356,59.87460014866276
5247,587,29549.456615376846,2.9549456615376846,113,4.664009140283428,66.78705281090289,7502,7520,5109,5190,-161.65929139416608,59.45921916128589,-161.65201504036472,59.460836128797304
3090,586,29499.116825572113,2.9499116825572114,176,7.270492985993843,106.65529010238907,2409,2427,3972,4079,-161.76142984197045,59.916731135487964,-161.75181786843038,59.918348102999374
3310,586,29499.116825572113,2.9499116825572114,167,6.898706412846431,34.40955631399317,2586,2623,11433,11467,-161.0911968084889,59.89912415591922,-161.0881425365229,59.902447922470465
3073,585,29448.777035767383,2.944877703576738,98,4.051801329914143,63.01538461538462,2399,2431,7714,7778,-161.42528026265293,59.91637180937431,-161.41953104483457,59.9192464182835
1556,585,29448.777035767383,2.944877703576738,118,4.878699560508866,69.75042735042734,1117,1154,2256,2320,-161.91558074472536,60.03108667115638,-161.909831526907,60.03441043770762
3225,584,29398.437245962654,2.9398437245962654,272,11.255440084992204,186.47260273972603,2503,2543,11060,11185,-161.12470396858654,59.90631067819218,-161.11347502753506,59.90990393932865
2776,584,29398.437245962654,2.9398437245962654,132,5.462198864775629,39.56164383561644,2147,2172,16657,16708,-160.62191690406485,59.93963817523301,-160.61733549611583,59.94188396344331
3900,584,29398.437245962654,2.9398437245962654,187,7.7381150584321405,200.28082191780823,3521,3537,7040,7195,-161.4858267128026,59.817018138950694,-161.47190282589875,59.818455443405284
4686,584,29398.437245962654,2.9398437245962654,205,8.482960358174271,271.23972602739724,5054,5096,5852,6009,-161.592546568556,59.67697078615646,-161.57844301859532,59.680743710349766
2322,583,29348.097456157924,2.934809745615792,138,5.715376029281817,80.02744425385934,1767,1818,13192,13249,-160.93318315001227,59.97143853629084,-160.92806275289277,59.97601994423985
5070,583,29348.097456157924,2.934809745615792,106,4.390071442781686,77.0909090909091,6856,6874,8987,9075,-161.31092472698452,59.51725032864001,-161.30301955248427,59.51886729615143
5162,582,29297.757666353195,2.9297757666353195,139,5.761735372413264,98.96907216494846,7158,7186,16850,16942,-160.60457941908135,59.48922289177548,-160.59631491846744,59.49173817457102
2394,581,29247.41787654846,2.9247417876548463,156,6.471970546431174,86.36144578313252,1836,1876,294,366,-162.0918302034696,59.96622830764295,-162.08536233342397,59.96982156877942
2224,581,29247.41787654846,2.9247417876548463,131,5.434795779374896,41.88640275387263,1694,1715,9726,9783,-161.24453922748808,59.98069118371727,-161.2394188303686,59.982577645813926
5382,581,29247.41787654846,2.9247417876548463,107,4.439108003000869,74.46471600688469,7937,7952,9241,9330,-161.28810751876787,59.42041194101193,-161.28011251273924,59.421759413938105
2752,580,29197.07808674373,2.919707808674373,97,4.027705772906389,36.751724137931035,2128,2154,1450,1497,-161.9879849566254,59.941255142744424,-161.98376287479005,59.94359076248313
1586,580,29197.07808674373,2.919707808674373,129,5.356433450566228,62.241379310344826,1144,1169,1967,2037,-161.94154205643642,60.029739198230196,-161.93525384944758,60.0319849864405
4661,580,29197.07808674373,2.919707808674373,173,7.183434007348507,51.00689655172414,5020,5053,11614,11667,-161.07493730184632,59.68083354187817,-161.0701762308405,59.68379798231577
4814,580,29197.07808674373,2.919707808674373,169,7.0173430476410275,66.23448275862069,5570,5585,7569,7652,-161.43830583427268,59.63304316876302,-161.43084981741447,59.634390641689194
4794,580,29197.07808674373,2.919707808674373,98,4.069228512833258,34.765517241379314,5517,5538,15723,15773,-160.70581955160162,59.63726525059838,-160.70132797518102,59.63915171269503
3265,580,29197.07808674373,2.919707808674373,146,6.0623200293230175,149.02758620689656,2538,2579,7300,7406,-161.46247051541548,59.90307674316934,-161.4529483734038,59.90675983583424
1712,579,29146.738296939002,2.9146738296939003,165,6.857165988117907,153.37478411053542,1256,1294,3138,3249,-161.83634933666602,60.018510257178704,-161.8263780370123,60.02192385525836
2769,578,29096.39850713427,2.9096398507134267,137,5.698448766032766,38.92733564013841,2143,2174,6409,6453,-161.54251040723054,59.93945851217619,-161.5385578199804,59.942243289556956
3523,577,29046.05871732954,2.904605871732954,169,7.035562056358645,44.36741767764298,2773,2803,16223,16273,-160.66090378739563,59.88295448080507,-160.65641221097505,59.88564942665742
1240,576,28995.71892752481,2.8995718927524807,136,5.666666666666667,60.0625,894,921,6485,6551,-161.53568321107122,60.05201741727636,-161.52975433019603,60.05444286854348
3595,575,28945.37913772008,2.894537913772008,147,6.130323773277998,117.56521739130434,2866,2902,3599,3693,-161.7949370020681,59.874061159492285,-161.7864928383974,59.87729509451511
5327,575,28945.37913772008,2.894537913772008,149,6.213729538900828,72.37565217391304,7767,7790,13896,13975,-160.86994175401026,59.43496464861466,-160.8628450632657,59.437030773768136
873,575,28945.37913772008,2.894537913772008,163,6.797569898260638,64.11130434782609,639,659,8587,8663,-161.3468573383493,60.075553277720296,-161.34003014219,60.07734990828853
2952,575,28945.37913772008,2.894537913772008,141,5.880106476409509,187.10260869565218,2281,2330,5534,5649,-161.621112994591,59.92544479374392,-161.6107823688236,59.929846538636106
4791,574,28895.03934791535,2.889503934791535,251,10.476537582677512,208.56445993031357,5509,5578,8241,8345,-161.37793904717984,59.6336719894619,-161.368596568225,59.639870364922324
2303,574,28895.03934791535,2.889503934791535,132,5.509573549455903,73.93031358885017,1749,1769,8115,8198,-161.38925781975973,59.975840281183025,-161.38180180290155,59.97763691175127
1417,574,28895.03934791535,2.889503934791535,129,5.38435596878645,53.965156794425084,1023,1052,844,903,-162.04242286284304,60.040249487054396,-162.03712280266674,60.042854601378345
4165,573,28844.699558110617,2.8844699558110616,144,6.0156863012787385,180.94938917975568,4144,4186,2099,2218,-161.92968429468604,59.75871747701134,-161.91899434280504,59.76249040120464
4705,572,28794.359768305887,2.879435976830589,145,6.062754572551408,125.56643356643356,5144,5165,6241,6354,-161.55760210400373,59.67077241069604,-161.54745114129318,59.67265887279269
4941,572,28794.359768305887,2.879435976830589,134,5.602821467047508,37.26573426573427,6223,6257,10763,10802,-161.1513839325249,59.572676381670185,-161.14788050291682,59.57573065363619
4983,572,28794.359768305887,2.879435976830589,232,9.700407316082252,366.72027972027973,6517,6563,9349,9532,-161.27840571369939,59.54518793397613,-161.26196654400002,59.549320184283076
360,572,28794.359768305887,2.879435976830589,161,6.731748180557081,121.84615384615384,289,314,12606,12713,-160.98582442566166,60.10654515502242,-160.9762124521216,60.10879094323271
3791,572,28794.359768305887,2.879435976830589,169,7.0662449845599165,80.06293706293707,3234,3257,2550,2634,-161.88917027537227,59.84217096690604,-161.88162442698567,59.844237092059515
4746,572,28794.359768305887,2.879435976830589,120,5.017452060042545,80.06293706293707,5341,5368,7325,7405,-161.46022472720517,59.65253661042841,-161.45303820493223,59.654962061695535
3180,571,28744.019978501157,2.8744019978501156,147,6.151758537184702,56.74255691768827,2473,2506,3906,3963,-161.76735872284564,59.90963444474342,-161.76223832572617,59.91259888518101
3251,570,28693.680188696424,2.8693680188696424,159,6.659777141837958,77.36842105263158,2525,2556,2259,2333,-161.91531125014015,59.90514286832282,-161.90866371703765,59.90792764570359
1007,570,28693.680188696424,2.8693680188696424,143,5.989610888571245,44.91228070175438,734,755,2134,2193,-161.92654019119163,60.066929450992745,-161.92124013101534,60.068815913089395
3562,570,28693.680188696424,2.8693680188696424,172,7.204287222617162,75.9017543859649,2813,2854,6450,6513,-161.53882731456565,59.87837307285606,-161.5331679282757,59.88205616552095
5053,569,28643.340398891694,2.8643340398891692,96,4.024529358243058,44.99121265377856,6800,6825,5249,5304,-161.6467149801884,59.521652073532195,-161.64177424612575,59.5238978617425
2317,569,28643.340398891694,2.8643340398891692,126,5.282194782694013,141.75043936731106,1764,1791,3352,3467,-161.81712538958587,59.97386398755796,-161.8067947638185,59.976289438825084
547,568,28593.000609086965,2.8593000609086965,145,6.084064847650996,59.605633802816904,410,439,9604,9667,-161.25549867395435,60.095316213970925,-161.2498392876644,60.097921328294866
3440,568,28593.000609086965,2.8593000609086965,157,6.587573662629009,53.30281690140845,2694,2726,14024,14079,-160.85844331837353,59.88987150849279,-160.85350258431086,59.89274611740197
775,568,28593.000609086965,2.8593000609086965,123,5.160965353524638,152.17605633802816,564,620,2059,2150,-161.9332775558225,60.07905670732836,-161.92510288673705,60.084087272919426
1236,567,28542.660819282235,2.8542660819282233,273,11.464922347946558,335.2663139329806,893,960,6576,6727,-161.52750854198572,60.048513987668294,-161.51394398119552,60.054532700071896
2540,566,28492.321029477505,2.8492321029477505,172,7.229699249398216,48.685512367491164,1958,1980,2761,2822,-161.87021582287733,59.95688582868811,-161.8647360996442,59.95886212231317
1066,566,28492.321029477505,2.8492321029477505,164,6.893434168030857,101.76678445229682,770,807,8601,8684,-161.34559969695152,60.06225821151533,-161.33814368009334,60.06558197806657
3382,565,28441.981239672772,2.8441981239672773,123,5.174648891513557,56.077876106194694,2647,2665,1873,1944,-161.94998622010715,59.89535123172592,-161.9436081815899,59.896968199237335
3963,565,28441.981239672772,2.8441981239672773,122,5.132578575322389,39.823008849557525,3764,3786,2546,2599,-161.88952960148592,59.794650088376116,-161.88476853048007,59.79662638200118
3971,564,28391.641449868042,2.839164144986804,154,6.484569792212196,188.43262411347519,3791,3816,3814,3952,-161.77562322345955,59.79195514252376,-161.7632264725387,59.79420093073406
4468,564,28391.641449868042,2.839164144986804,152,6.400354600105544,62.666666666666664,4603,4631,5768,5834,-161.6000924169426,59.71874244686802,-161.5941635360674,59.721257729663556
1355,564,28391.641449868042,2.839164144986804,123,5.179234314559092,51.241134751773046,976,998,6812,6875,-161.5063083012805,60.04510038958864,-161.50064891499056,60.0470766832137
2718,564,28391.641449868042,2.839164144986804,151,6.3582470040522185,45.39007092198582,2107,2132,4076,4131,-161.75208736301562,59.94323143636949,-161.74714662895298,59.94547722457979
527,563,28341.301660063313,2.8341301660063314,131,5.520991750690273,89.12255772646536,395,447,3589,3649,-161.79583531735224,60.094597561743626,-161.79044542564753,60.09926880122105
3947,563,28341.301660063313,2.8341301660063314,152,6.406036229808562,79.82948490230906,3693,3752,2882,2929,-161.8593462079395,59.797704360342124,-161.85512412610413,59.803004420518434
4873,563,28341.301660063313,2.8341301660063314,125,5.26812189951362,100.61101243339255,5815,5855,3782,3861,-161.77849783236874,59.60878865609179,-161.77140114162418,59.61238191722827
2868,563,28341.301660063313,2.8341301660063314,140,5.900296527455254,37.86145648312611,2227,2252,2708,2756,-161.87497689388317,59.932451652960054,-161.8706649805194,59.93469744117035
1693,562,28290.96187025858,2.8290961870258577,95,4.007333135791179,109.43772241992883,1242,1287,9471,9550,-161.26744626723314,60.01913907787759,-161.26034957648858,60.02318149665613
3131,561,28240.62208045385,2.824062208045385,126,5.319724169601439,65.71122994652407,2445,2461,4786,4866,-161.68830697784313,59.91367686352196,-161.68112045557018,59.91511416797655
179,560,28190.28229064912,2.819028229064912,172,7.268326590665242,49.207142857142856,142,162,2095,2158,-161.9300436207997,60.12019954734103,-161.92438423450974,60.121996177909274
1148,559,28139.94250084439,2.813994250084439,120,5.075459213253763,34.06797853309481,825,855,4513,4552,-161.7128309850996,60.05794629815155,-161.70932755549154,60.06064124400391
4452,559,28139.94250084439,2.813994250084439,153,6.471210496898547,54.16100178890876,4567,4600,12303,12357,-161.01304337877048,59.72152722424879,-161.00819247623625,59.72449166468638
3895,559,28139.94250084439,2.813994250084439,155,6.5558014837861105,68.7227191413238,3496,3519,9478,9553,-161.26681744653425,59.81863510646211,-161.26008008190337,59.82070123161559
5226,559,28139.94250084439,2.813994250084439,155,6.5558014837861105,67.3273703041145,7431,7462,3850,3916,-161.77238928843673,59.464429389933784,-161.76646040756154,59.46721416731455
918,558,28089.60271103966,2.8089602711039663,187,7.916341249678542,199.921146953405,667,710,15925,16049,-160.6876735828624,60.070971869771284,-160.6765344733393,60.074834625493
563,557,28039.262921234927,2.8039262921234926,191,8.092929733394383,186.14721723518852,418,441,9938,10076,-161.22549494346475,60.0951365509141,-161.2130981925439,60.097202676067575
1201,556,27988.923131430198,2.79889231314302,155,6.573464205019775,123.46043165467626,865,922,7052,7126,-161.48474873446165,60.05192758574795,-161.47810120135915,60.05704798286743
2177,556,27988.923131430198,2.79889231314302,133,5.6404563823718075,83.9136690647482,1659,1683,9119,9203,-161.29906696523415,59.98356579262646,-161.29152111684755,59.98572174930834
858,556,27988.923131430198,2.79889231314302,96,4.071306862463861,73.38848920863309,627,661,6993,7060,-161.49004879463794,60.07537361466347,-161.48403008223434,60.07842788662948
2601,555,27938.583341625468,2.7938583341625467,156,6.621831215656938,44.98018018018018,2013,2043,704,753,-162.05499927682072,59.95122644239815,-162.05059753192853,59.95392138825051
515,554,27888.243551820735,2.7888243551820735,105,4.461022530951917,45.061371841155236,389,435,6030,6063,-161.57655655649867,60.09567554008457,-161.57359211606106,60.09980779039152
4153,552,27787.563972211276,2.7787563972211275,100,4.256282653793743,37.56521739130435,4120,4144,7181,7229,-161.4731604672965,59.76249040120464,-161.46884855393273,59.76464635788653
3836,552,27787.563972211276,2.7787563972211275,160,6.810052246069989,86.09420289855072,3338,3366,15852,15933,-160.69423128443648,59.83237933030914,-160.6869549306351,59.83489461310467
641,550,27686.884392601816,2.7686884392601816,167,7.120903926277388,58.90909090909091,473,493,12099,12169,-161.03136901056652,60.09046531143668,-161.02508080357768,60.09226194200492
1746,549,27636.544602797083,2.7636544602797084,118,5.036117277360575,40.98360655737705,1289,1324,9823,9863,-161.23582556923213,60.01581531132634,-161.23223230809566,60.01895941482076
2729,549,27636.544602797083,2.7636544602797084,217,9.261334315146142,140.77231329690346,2112,2151,9499,9599,-161.2649309844376,59.941524637329664,-161.25594783159642,59.945028066937724
3834,549,27636.544602797083,2.7636544602797084,147,6.273807116711903,63.01639344262295,3336,3356,4455,4528,-161.71804121374748,59.833277645593256,-161.71148351217343,59.8350742761615
4750,549,27636.544602797083,2.7636544602797084,192,8.194360315705342,215.54826958105647,5375,5407,4278,4418,-161.7339413942764,59.649033180820346,-161.72136498029874,59.65190778972953
1079,549,27636.544602797083,2.7636544602797084,289,12.334219433535646,444.5100182149362,775,822,6272,6472,-161.55481732662298,60.06091073858914,-161.5368510209406,60.06513282042451
5234,548,27586.204812992353,2.758620481299235,129,5.510606892273108,50.284671532846716,7456,7488,3723,3774,-161.78379789254504,59.462093770195075,-161.77921648459602,59.464968379104256
4540,548,27586.204812992353,2.758620481299235,96,4.100916757040452,28.970802919708028,4784,4811,15525,15561,-160.7236061942272,59.70257277175387,-160.72037225920434,59.70499822302099
2707,548,27586.204812992353,2.758620481299235,115,4.912556531871375,39.97080291970803,2095,2133,6353,6389,-161.5475409728216,59.943141604841074,-161.54430703779877,59.94655520292073
1386,548,27586.204812992353,2.758620481299235,270,11.533828379176272,512.5912408759124,1001,1092,5226,5400,-161.64878110534187,60.036656225917916,-161.6331504193982,60.04483089500341
771,547,27535.865023187624,2.7535865023187625,139,5.943210834845277,49.17001828153565,561,592,10819,10870,-161.14635336693382,60.08157199012389,-161.1417719589848,60.084356767504666
4841,547,27535.865023187624,2.7535865023187625,125,5.34461406011266,49.17001828153565,5670,5683,7467,7536,-161.4474686501707,59.62423967897865,-161.44127027471026,59.625407488848
1026,547,27535.865023187624,2.7535865023187625,127,5.430127885074462,91.72943327239489,742,811,16040,16083,-160.67734295709502,60.061898885401675,-160.6734802013733,60.0680972608621
5099,547,27535.865023187624,2.7535865023187625,189,8.081056458890341,49.17001828153565,6937,6967,16332,16384,-160.65111215079872,59.5088959964977,-160.64644091132132,59.51159094235006
3019,546,27485.52523338289,2.748552523338289,126,5.3923022056375025,77.72161172161172,2350,2380,6654,6727,-161.5205016827696,59.92095321732332,-161.51394398119552,59.923648163175685
4397,545,27435.18544357816,2.743518544357816,135,5.782764647854611,143.85321100917432,4467,4504,5465,5568,-161.62731137005142,59.73015105097634,-161.618058722625,59.73347481752758
1085,545,27435.18544357816,2.743518544357816,109,4.669047011971501,35.96330275229358,782,823,8131,8160,-161.38782051530515,60.06082090706073,-161.3852154009812,60.06450399972562
356,545,27435.18544357816,2.743518544357816,174,7.4533411016792765,114.6788990825688,287,322,5755,5845,-161.60126022681195,60.10582650279512,-161.59317538925487,60.10897060628954
948,544,27384.84565377343,2.7384845653773433,180,7.717436331412897,45.88970588235294,690,715,14262,14316,-160.83706341461146,60.070522712129225,-160.83221251207723,60.07276850033952
913,543,27334.5058639687,2.73345058639687,120,5.149692905074494,42.548802946593,664,697,10846,10889,-161.1439279156667,60.07213967964064,-161.14006515994498,60.07510412007824
85,543,27334.5058639687,2.73345058639687,163,6.994999529392855,90.76243093922652,53,86,6443,6521,-161.53945613526452,60.127026743500345,-161.5324492760484,60.12999118393794
2597,543,27334.5058639687,2.73345058639687,184,7.896195787780891,140.28729281767957,2009,2035,6555,6667,-161.5293950040824,59.951945094625444,-161.51933387290026,59.95428071436416
243,542,27284.16607416397,2.7284166074163974,185,7.946430422369819,76.78228782287823,181,222,5311,5372,-161.64114542542686,60.114809655636314,-161.63566570219373,60.11849274830121
1087,542,27284.16607416397,2.7284166074163974,158,6.786681117483412,181.91143911439116,785,821,2452,2573,-161.89797376515662,60.06100057011756,-161.8871041502188,60.06423450514039
1269,542,27284.16607416397,2.7284166074163974,94,4.037645728123043,31.180811808118083,915,945,2141,2176,-161.92591137049274,60.04986146059448,-161.92276726699833,60.05255640644683
4858,540,27183.48649455451,2.718348649455451,91,3.9160164944986104,56.06666666666667,5739,5754,4374,4446,-161.72531756754887,59.6178616404614,-161.7188496975032,59.619209113387576
457,540,27183.48649455451,2.718348649455451,146,6.282839650514254,113.8962962962963,353,394,3140,3223,-161.83616967360922,60.099358632749464,-161.828713656751,60.10304172541435
3108,537,27032.467125140316,2.703246712514032,118,5.0920758536248165,41.899441340782126,2423,2459,942,981,-162.03361937305868,59.913856526578776,-162.03011594345062,59.91709046160161
2888,536,26982.127335335586,2.6982127335335586,105,4.53530923430214,59.11194029850746,2243,2266,1473,1539,-161.98591883147193,59.93119401156228,-161.97998995059675,59.93326013671576
2168,536,26982.127335335586,2.6982127335335586,176,7.602042145115969,57.791044776119406,1653,1675,10866,10932,-161.14213128509846,59.98428444485375,-161.13620240422327,59.98626073847881
2007,536,26982.127335335586,2.6982127335335586,106,4.578502655581208,71.67164179104478,1507,1523,14802,14884,-160.78855438926902,59.99793883717237,-160.78118820393925,59.99937614162696
2209,536,26982.127335335586,2.6982127335335586,199,8.595490834534534,85.44029850746269,1682,1733,10878,10934,-161.14105330675753,59.97907421620586,-161.13602274116644,59.98365562415486
2709,535,26931.787545530857,2.693178754553086,140,6.052727816339637,114.9607476635514,2096,2138,4376,4458,-161.72513790449204,59.942692447199015,-161.71777171916224,59.94646537139232
4509,535,26931.787545530857,2.693178754553086,129,5.577156345055808,134.25046728971964,4702,4744,4446,4538,-161.7188496975032,59.708591484157466,-161.7105851968893,59.71236440835077
2360,535,26931.787545530857,2.693178754553086,114,4.928649793305133,44.32897196261682,1805,1836,1339,1385,-161.99795625627914,59.96982156877942,-161.9938240059722,59.9726063461602
282,534,26881.447755726127,2.6881447755726127,97,4.19760052735678,32.62921348314607,220,243,7163,7206,-161.47477743480792,60.112923193539665,-161.4709146790862,60.11498931869314
4960,534,26881.447755726127,2.6881447755726127,136,5.88529558474765,50.36704119850187,6397,6417,4065,4127,-161.75307550982816,59.55830333712427,-161.7475059550666,59.56009996769251
867,534,26881.447755726127,2.6881447755726127,125,5.409279030098943,38.831460674157306,633,668,6421,6458,-161.54143242888958,60.074744793964584,-161.53810866233835,60.077888897459005
3913,533,26831.107965921394,2.6831107965921395,165,7.146943350099464,90.80675422138837,3575,3618,9348,9415,-161.2784955452278,59.80974178514933,-161.2724768328242,59.81360454087104
1900,533,26831.107965921394,2.6831107965921395,148,6.410591610998307,82.73921200750469,1421,1450,10730,10806,-161.1543483729625,60.00449653874644,-161.1475211768032,60.007101653070386
1688,533,26831.107965921394,2.6831107965921395,118,5.111147365525677,43.347091932457786,1239,1262,1475,1528,-161.9857391684151,60.021384866087885,-161.98097809740926,60.02345099124136
5296,532,26780.768176116664,2.6780768176116663,118,5.115948820192307,73.69172932330827,7637,7666,15081,15151,-160.7634913928421,59.446103758137745,-160.75720318585326,59.448708872461694
2003,532,26780.768176116664,2.6780768176116663,108,4.682393835430248,46.92481203007519,1505,1534,4979,5029,-161.67096949285963,59.99695069035984,-161.66647791643902,59.99955580468378
782,532,26780.768176116664,2.6780768176116663,112,4.8558158293350715,84.4812030075188,575,630,3081,3132,-161.84146973378552,60.07815839204424,-161.8368883258365,60.083099126106895
4111,532,26780.768176116664,2.6780768176116663,150,6.5033247714309,41.17293233082707,4056,4087,12888,12931,-160.9604919346495,59.76761079832412,-160.95662917892778,59.77039557570489
1798,532,26780.768176116664,2.6780768176116663,108,4.682393835430248,110.0827067669173,1332,1372,5944,6025,-161.5842820679421,60.01150339796257,-161.5770057141407,60.01509665909905
2154,531,26730.428386311934,2.6730428386311935,124,5.381141653874053,34.83239171374765,1639,1665,1543,1585,-161.9796306244831,59.98518276013787,-161.9758577002898,59.98751837987658
3743,530,26680.0885965072,2.6680088596507203,97,4.213410754801773,47.10188679245283,3139,3170,3513,3561,-161.80266251351154,59.849986309877885,-161.79835060014778,59.85277108725865
4979,530,26680.0885965072,2.6680088596507203,91,3.9527874091439315,55.8188679245283,6489,6525,3997,4047,-161.75918405376015,59.548601532055784,-161.75469247733957,59.55183546707861
4266,529,26629.74880670247,2.662974880670247,114,4.956521739130435,74.10964083175803,4272,4296,12104,12179,-161.03091985292446,59.74883600888602,-161.02418248829358,59.75099196556791
2852,529,26629.74880670247,2.662974880670247,115,5.0,47.19092627599244,2212,2239,1340,1392,-161.99786642475073,59.93361946282941,-161.9931951852733,59.936044914096534
524,529,26629.74880670247,2.662974880670247,103,4.478260869565218,49.61058601134216,394,419,1534,1590,-161.9804391082388,60.09711284453916,-161.97540854264773,60.099358632749464
82,528,26579.409016897742,2.6579409016897744,124,5.396407334626633,44.916666666666664,51,75,12416,12469,-161.00289241605995,60.128014890312876,-160.9981313450541,60.13017084699476
1772,528,26579.409016897742,2.6579409016897744,106,4.613057882825993,40.371212121212125,1309,1337,1021,1066,-162.02652268231412,60.01464750145699,-162.02248026353558,60.01716278425253
1216,528,26579.409016897742,2.6579409016897744,156,6.789028582272215,68.37121212121212,875,904,4186,4252,-161.7422058948903,60.053544553259364,-161.73627701401512,60.05614966758331
4844,527,26529.069227093012,2.652906922709301,160,6.9697094699045135,98.64136622390892,5691,5715,3170,3260,-161.83347472775685,59.621365070069466,-161.82538989019977,59.62352102675135
2962,527,26529.069227093012,2.652906922709301,134,5.83713168104503,111.12713472485768,2298,2325,8354,8448,-161.36778808446928,59.92589395138598,-161.35934392079855,59.9283194026531
1489,526,26478.729437288282,2.6478729437288284,122,5.319452786402758,58.88973384030418,1068,1102,8637,8691,-161.3423657619287,60.0357579106338,-161.33751485939447,60.038812182599806
3023,526,26478.729437288282,2.6478729437288284,94,4.098594769851305,82.25095057034221,2352,2387,14894,14963,-160.78028988865512,59.92032439662444,-160.7740915131947,59.92346850011886
4246,526,26478.729437288282,2.6478729437288284,99,4.316605129949779,80.67680608365019,4254,4288,5948,6017,-161.58392274182845,59.74955466111332,-161.57772436636802,59.75260893307932
3744,526,26478.729437288282,2.6478729437288284,137,5.973483866698179,45.08745247148289,3139,3162,12711,12765,-160.9763921151784,59.850704962105176,-160.97154121264415,59.85277108725865
1136,526,26478.729437288282,2.6478729437288284,106,4.621819634087642,28.29657794676806,815,849,1579,1606,-161.97639668946027,60.05848528732202,-161.97397123819314,60.06153955928803
2950,525,26428.38964748355,2.642838964748355,184,8.03041836068452,155.80190476190475,2280,2308,1931,2046,-161.94477599145927,59.927421087368984,-161.9344453656919,59.92993637016452
2757,524,26378.04985767882,2.637804985767882,131,5.722761571129798,61.83206106870229,2132,2152,2591,2661,-161.88548718270738,59.94143480580125,-161.87919897571854,59.94323143636949
2537,523,26327.71006787409,2.632771006787409,112,4.897418057802212,66.1491395793499,1957,1981,756,825,-162.0503280373433,59.956795997159695,-162.04412966188286,59.95895195384158
1272,522,26277.370278069357,2.6277370278069356,176,7.70331072777039,226.69731800766283,919,958,5826,5959,-161.5948821882947,60.04869365072512,-161.5829345950159,60.05219708033319
2181,522,26277.370278069357,2.6277370278069356,155,6.784165697752332,78.16858237547893,1661,1685,4302,4379,-161.7317854375945,59.98338612956963,-161.7248684099068,59.98554208625152
4499,522,26277.370278069357,2.6277370278069356,110,4.814569204856493,86.09961685823755,4676,4698,4109,4193,-161.74912292257804,59.71272373446442,-161.7415770741914,59.71470002808948
5360,522,26277.370278069357,2.6277370278069356,149,6.521552832032887,89.37931034482759,7866,7900,9938,10012,-161.22549494346475,59.425083180489345,-161.21884741036226,59.42813745245535
3015,522,26277.370278069357,2.6277370278069356,127,5.558638991061588,55.3639846743295,2346,2374,1595,1652,-161.97495938500566,59.921492206493795,-161.9698389878862,59.92400748928933
1537,522,26277.370278069357,2.6277370278069356,141,6.1714023444069595,181.73180076628353,1106,1123,7817,7954,-161.4160276152265,60.03387144853715,-161.40372069583407,60.03539858452015
2470,520,26176.690698459897,2.6176690698459897,133,5.832435828391745,39.87692307692308,1896,1926,2714,2756,-161.8744379047127,59.96173673122235,-161.8706649805194,59.96443167707471
3014,519,26126.350908655168,2.612635090865517,163,7.154905885290198,128.2543352601156,2343,2407,8061,8126,-161.394108722294,59.9185277660562,-161.38826967294722,59.92427698387456
5241,519,26126.350908655168,2.612635090865517,151,6.628164347722821,45.69556840077071,7482,7504,9904,9959,-161.22854921543077,59.46065646574048,-161.2236084813681,59.46263275936555
2138,519,26126.350908655168,2.612635090865517,150,6.584269219592207,77.07129094412332,1620,1660,4158,4218,-161.74472117768585,59.985631917779926,-161.7393312859811,59.989225178916406
4572,519,26126.350908655168,2.612635090865517,219,9.613033060604621,204.77071290944124,4874,4935,4197,4299,-161.7412177480778,59.691433662230786,-161.73205493217975,59.696913385463915
2701,518,26076.011118850438,2.6076011118850437,157,6.898183970070825,122.5945945945946,2087,2117,10386,10482,-161.1852504187362,59.944578909295664,-161.17662659200866,59.947273855148026
1569,518,26076.011118850438,2.6076011118850437,164,7.205746312685448,85.13513513513513,1132,1164,9983,10056,-161.2214525246862,60.030188355872255,-161.21489482311213,60.03306296478144
2246,518,26076.011118850438,2.6076011118850437,105,4.613435139219341,91.74517374517374,1712,1764,5259,5316,-161.6458166649043,59.976289438825084,-161.6406962677848,59.98096067830251
1301,517,26025.671329045705,2.6025671329045705,107,4.705854619328904,61.28433268858801,940,975,6127,6181,-161.5678428982427,60.047166514742116,-161.56299199570847,60.05031061823654
1179,517,26025.671329045705,2.6025671329045705,121,5.321573915315864,34.73114119922631,844,875,10489,10525,-161.17599777130977,60.05614966758331,-161.17276383628695,60.05893444496408
322,517,26025.671329045705,2.6025671329045705,116,5.101674166749093,48.2862669245648,255,280,15851,15905,-160.6943211159649,60.109599426988424,-160.68947021343064,60.11184521519872
5033,517,26025.671329045705,2.6025671329045705,107,4.705854619328904,48.2862669245648,6744,6763,5296,5356,-161.64249289835303,59.52722162829374,-161.63710300664832,59.52892842733357
900,517,26025.671329045705,2.6025671329045705,106,4.66187466961555,65.48549323017409,658,684,10219,10285,-161.200252283981,60.07330748950999,-161.1943234031058,60.0756431092487
2343,516,25975.331539240975,2.5975331539240973,137,6.031088708330524,77.51937984496124,1780,1824,507,563,-162.07269608791788,59.97089954712037,-162.06766552232682,59.974852134370494
4500,516,25975.331539240975,2.5975331539240973,91,4.006051623781588,43.604651162790695,4683,4706,2653,2705,-161.87991762794582,59.71200508223712,-161.8752463884684,59.714071207390596
5321,516,25975.331539240975,2.5975331539240973,153,6.735449433391023,95.51162790697674,7746,7783,9203,9277,-161.29152111684755,59.435593469313545,-161.28487358374505,59.438917235864785
615,515,25924.991749436245,2.5924991749436246,114,5.023440201327242,58.78834951456311,456,504,6533,6572,-161.53137129770747,60.08947716462415,-161.52786786809938,60.09378907798792
2400,515,25924.991749436245,2.5924991749436246,131,5.772549705033936,87.26990291262136,1837,1891,11289,11341,-161.1041325485802,59.964880834716766,-161.0994613091028,59.96973173725102
906,514,25874.651959631512,2.5874651959631514,108,4.763675787025293,43.77431906614786,661,686,1237,1287,-162.00711907217715,60.073127826453174,-162.00262749575654,60.07537361466347
2261,512,25773.972380022053,2.5773972380022054,109,4.817164946833355,52.53125,1719,1776,16317,16342,-160.65245962372492,59.97521146048414,-160.65021383551462,59.98033185760362
10,512,25773.972380022053,2.5773972380022054,122,5.391689206547425,81.28125,0,15,4349,4436,-161.72756335575914,60.13340478201759,-161.7197480127873,60.13475225494377
4823,510,25673.292800412593,2.5673292800412595,119,5.269408568963567,107.36470588235294,5613,5629,7435,7536,-161.45034325907986,59.62909058151289,-161.44127027471026,59.63052788596748
2162,510,25673.292800412593,2.5673292800412595,98,4.339512939146467,51.45882352941177,1646,1675,1424,1476,-161.99032057636413,59.98428444485375,-161.9856493368867,59.9868895591777
2638,510,25673.292800412593,2.5673292800412595,164,7.262042061428781,124.51764705882353,2041,2088,11545,11624,-161.08113567730675,59.94718402361961,-161.07403898656221,59.95140610545498
4089,510,25673.292800412593,2.5673292800412595,147,6.5092694087197005,58.0078431372549,4021,4067,2453,2493,-161.8978839336282,59.76940742889236,-161.89429067249173,59.77353967919931
3709,509,25622.95301060786,2.562295301060786,109,4.831340058239505,59.481335952848724,3060,3073,14263,14337,-160.83697358308305,59.85869996813384,-160.83032604998058,59.8598677780032
310,508,25572.61322080313,2.557261322080313,100,4.436782547080569,86.81102362204724,243,263,5414,5499,-161.63189277800043,60.11112656297143,-161.62425709808542,60.112923193539665
93,508,25572.61322080313,2.557261322080313,103,4.569886023492987,36.40944881889764,62,85,12382,12427,-161.00594668802594,60.12711657502875,-161.0019042692474,60.12918270018223
2109,507,25522.2734309984,2.55222734309984,168,7.461141940296703,57.001972386587774,1601,1644,10791,10833,-161.14886864972937,59.98706922223452,-161.14509572553607,59.99093197795624
2315,507,25522.2734309984,2.55222734309984,119,5.284975541043498,46.777120315581854,1763,1800,6967,7007,-161.49238441437666,59.97305550380226,-161.4887911532402,59.9763792703535
4324,507,25522.2734309984,2.55222734309984,89,3.9526287659905153,36.481262327416175,4357,4386,4080,4119,-161.75172803690197,59.740751171328945,-161.7482246072939,59.743356285652894
953,506,25471.933641193667,2.5471933641193667,137,6.090392875299103,51.865612648221344,695,721,0,55,-162.11824067282274,60.06998372295875,-162.11329993876006,60.07231934269746
2435,506,25471.933641193667,2.5471933641193667,153,6.801679634458122,49.33596837944664,1860,1904,13951,13986,-160.86500101994758,59.963713024847415,-160.86185691645318,59.96766561209754
2662,505,25421.593851388938,2.542159385138894,90,4.004947435409863,65.59207920792079,2058,2077,2561,2633,-161.88818212855972,59.948172170432144,-161.88171425851408,59.949878969471975
3927,504,25371.254061584208,2.5371254061584207,164,7.305140612272933,52.07142857142857,3623,3644,13329,13389,-160.92087623061983,59.80740616541062,-160.91548633891512,59.80929262750727
4389,504,25371.254061584208,2.5371254061584207,142,6.32518272526071,142.5079365079365,4449,4500,4512,4595,-161.712920816628,59.730510377089985,-161.70546479976983,59.735091785038996
4772,504,25371.254061584208,2.5371254061584207,220,9.799578870122227,262.8888888888889,5443,5511,8133,8247,-161.38764085224832,59.639690701865504,-161.37740005800936,59.64579924579751
2155,503,25320.91427177948,2.532091427177948,110,4.904657582744808,35.69781312127237,1640,1657,2509,2559,-161.89285336803715,59.985901412365166,-161.88836179161655,59.98742854834817
3461,502,25270.57448197475,2.527057448197475,151,6.739459824429522,224.89243027888446,2718,2741,10501,10646,-161.17491979296884,59.88852403556661,-161.1618942213491,59.89059016072009
822,501,25220.234692170015,2.5220234692170016,88,3.9315500541571784,25.037924151696608,600,633,2994,3017,-161.84928507675735,60.077888897459005,-161.84721895160388,60.0808533378966
3409,501,25220.234692170015,2.5220234692170016,91,4.0655801696398095,46.115768463073856,2670,2690,3771,3827,-161.77948597918126,59.893105443515616,-161.7744554135902,59.89490207408386
3072,500,25169.894902365286,2.5169894902365284,127,5.679612662849466,55.112,2399,2424,2899,2957,-161.8578190719565,59.9170006300732,-161.8526088433086,59.9192464182835
1463,500,25169.894902365286,2.5169894902365284,103,4.606300033649567,47.432,1052,1072,6170,6227,-161.563980142521,60.03845285648616,-161.55885974540152,60.040249487054396
3431,499,25119.555112560556,2.5119555112560557,126,5.64053466105165,51.30260521042084,2686,2711,4333,4388,-161.72900066021376,59.891218981418966,-161.72405992615109,59.89346476962927
3357,498,25069.215322755823,2.5069215322755825,102,4.570729292471853,100.75502008032129,2623,2637,3748,3846,-161.78155210433474,59.89786651452145,-161.77274861455038,59.89912415591922
4019,497,25018.875532951093,2.5018875532951093,156,6.997556342653603,113.97183098591549,3894,3934,10696,10775,-161.1574026449285,59.78135502217115,-161.15030595418395,59.78494828330763
333,496,24968.535743146364,2.4968535743146365,92,4.130921946615823,50.33064516129032,268,294,5663,5716,-161.60952472742585,60.10834178559065,-161.60476365642,60.11067740532937
1653,495,24918.195953341634,2.4918195953341633,88,3.9553058597843536,71.4020202020202,1211,1238,6388,6455,-161.5443968693272,60.023540822769775,-161.53837815692359,60.0259662740369
3638,495,24918.195953341634,2.4918195953341633,131,5.8880121321789805,130.33535353535353,2923,2954,3559,3655,-161.7985302632046,59.86938992001486,-161.78990643647705,59.872174697395636
1337,495,24918.195953341634,2.4918195953341633,159,7.146518542110366,74.47272727272727,962,978,9841,9921,-161.23420860172072,60.046897020156884,-161.22702207944775,60.048334324611474
768,494,24867.856163536904,2.4867856163536906,105,4.724173341991399,97.97570850202429,559,582,12650,12737,-160.98187183841154,60.082470305408016,-160.9740564954397,60.084536430561485
815,494,24867.856163536904,2.4867856163536906,111,4.994126104390908,45.54655870445344,596,618,1900,1953,-161.94756076884002,60.07923637038518,-161.9427996978342,60.081212664010245
277,494,24867.856163536904,2.4867856163536906,131,5.893968645722603,97.97570850202429,210,246,1418,1492,-161.99085956553458,60.11265369895443,-161.9842120324321,60.11588763397726
4437,493,24817.51637373217,2.481751637373217,109,4.90911310531039,98.17444219066937,4543,4576,11538,11615,-161.08176449800564,59.72368318093068,-161.0748474703179,59.72664762136827
3462,493,24817.51637373217,2.481751637373217,97,4.368660286377136,55.894523326572006,2719,2743,3108,3167,-161.8390442825184,59.888344372509785,-161.8337442223421,59.890500329191674
3632,492,24767.17658392744,2.476717658392744,121,5.455101289737965,129.0731707317073,2913,2944,12619,12714,-160.98465661579232,59.870288235298986,-160.97612262059317,59.873073012679754
4851,492,24767.17658392744,2.476717658392744,130,5.8608526253383095,61.53658536585366,5710,5729,5450,5518,-161.6286588429776,59.620107428671695,-161.62255029904557,59.621814227711525
1196,492,24767.17658392744,2.476717658392744,143,6.44693788787214,61.53658536585366,861,877,10213,10284,-161.20079127315148,60.055970004526486,-161.19441323463423,60.05740730898108
2073,492,24767.17658392744,2.476717658392744,95,4.282930764670303,62.959349593495936,1563,1612,7419,7458,-161.45178056353447,59.989943831143705,-161.4482771339264,59.99434557603589
3604,491,24716.83679412271,2.471683679412271,164,7.401216391466997,178.4439918533605,2877,2895,3471,3601,-161.80643543770486,59.87468998019117,-161.79475733901128,59.87630694770258
4239,491,24716.83679412271,2.471683679412271,140,6.318111553691339,78.24032586558044,4240,4275,16645,16708,-160.6229948824058,59.75072247098267,-160.61733549611583,59.753866574477094
2455,491,24716.83679412271,2.471683679412271,113,5.099618611193724,78.24032586558044,1879,1899,9402,9480,-161.27364464269357,59.964162182489474,-161.26663778347742,59.96595881305771
75,491,24716.83679412271,2.471683679412271,109,4.919101138231114,43.413441955193484,47,63,362,419,-162.0857216595376,60.129092868653814,-162.08060126241813,60.13053017310841
3508,491,24716.83679412271,2.471683679412271,105,4.7385836652685045,49.564154786150716,2760,2781,2415,2472,-161.90129753170788,59.88493077443013,-161.89617713458838,59.88681723652678
5211,489,24616.15721451325,2.461615721451325,130,5.87880321139975,75.38650306748467,7389,7410,15593,15668,-160.71749765029517,59.4691006294112,-160.71076028566426,59.47098709150786
3567,489,24616.15721451325,2.461615721451325,125,5.652695395576682,33.50511247443763,2819,2848,2841,2876,-161.86302930060438,59.87891206202653,-161.85988519710997,59.88151717635048
229,488,24565.81742470852,2.456581742470852,125,5.658484127657408,52.459016393442624,172,197,7290,7345,-161.4633688306996,60.11705544384662,-161.45842809663694,60.11930123205691
4904,488,24565.81742470852,2.456581742470852,109,4.93419815931726,48.59836065573771,6002,6050,4354,4383,-161.7271141981171,59.591271508051456,-161.72450908379315,59.595583421415235
330,488,24565.81742470852,2.456581742470852,117,5.296341143487334,56.467213114754095,267,295,3281,3336,-161.82350342810312,60.10825195406225,-161.81856269404045,60.110767236857775
869,488,24565.81742470852,2.456581742470852,108,4.8889302862960005,37.90163934426229,636,666,10524,10562,-161.17285366781536,60.07492445702141,-161.16944006973569,60.077619402873765
2189,488,24565.81742470852,2.456581742470852,136,6.15643073089126,62.040983606557376,1668,1709,7794,7840,-161.41809374038,59.98123017288774,-161.41396149007304,59.984913265552635
2954,487,24515.47763490379,2.451547763490379,104,4.712689846066215,53.889117043121146,2286,2307,3613,3673,-161.79367936067035,59.9275109188974,-161.78828946896564,59.92939738099405
1928,487,24515.47763490379,2.451547763490379,113,5.120518775052715,53.889117043121146,1442,1470,1550,1603,-161.9790018037842,60.0026999081782,-161.97424073277838,60.005215190973736
1010,487,24515.47763490379,2.451547763490379,103,4.6673755206232705,59.3429158110883,735,760,10803,10863,-161.1477906713884,60.066480293350686,-161.1424007796837,60.06872608156098
3079,487,24515.47763490379,2.451547763490379,114,5.165833100495659,110.52156057494867,2404,2420,4593,4693,-161.70564446282663,59.91735995618684,-161.69666130998544,59.91879726064143
3342,486,24465.13784509906,2.446513784509906,108,4.898979485566357,29.62962962962963,2612,2633,2035,2074,-161.9354335125044,59.8982258406351,-161.93193008289634,59.90011230273175
2535,486,24465.13784509906,2.446513784509906,98,4.445370273939842,94.23045267489712,1955,1980,3870,3952,-161.7705926578685,59.95688582868811,-161.7632264725387,59.959131616898404
1048,486,24465.13784509906,2.446513784509906,89,4.037121983475979,116.55144032921811,762,821,15692,15752,-160.70860432898237,60.06100057011756,-160.70321443727767,60.06630063029386
5109,485,24414.798055294326,2.4414798055294327,102,4.631581413702298,58.19381443298969,6962,6981,11938,12003,-161.04583188664085,59.507638355099935,-161.03999283729408,59.50934515413976
3560,485,24414.798055294326,2.4414798055294327,113,5.131065683807448,52.78350515463917,2810,2835,3063,3118,-161.84308670129693,59.88007987189589,-161.83814596723428,59.88232566010618
715,485,24414.798055294326,2.4414798055294327,107,4.858619718295548,120.75051546391752,526,544,9872,9975,-161.23142382433994,60.08588390348767,-161.22217117691352,60.08750087099909
4769,485,24414.798055294326,2.4414798055294327,200,9.081532183729996,307.2082474226804,5428,5448,4642,4815,-161.70124271793446,59.64535008815545,-161.6857018635192,59.6471467187237
4936,484,24364.458265489597,2.4364458265489595,94,4.2727272727272725,34.917355371900825,6190,6229,8730,8756,-161.3340114297864,59.57519166446572,-161.33167581004767,59.57869509407379
3748,484,24364.458265489597,2.4364458265489595,138,6.2727272727272725,65.46280991735537,3150,3179,14518,14578,-160.81406654333801,59.84917782612217,-160.8086766516333,59.85178294044612
620,483,24314.118475684867,2.4314118475684867,90,4.09514179673961,37.175983436853,460,477,2940,2990,-161.85413597929158,60.09190261589127,-161.849644402871,60.093429751874275
1769,483,24314.118475684867,2.4314118475684867,133,6.051709544070758,64.13250517598344,1304,1329,187,250,-162.1014421770097,60.01536615368428,-162.09578279071974,60.017611941894586
3922,483,24314.118475684867,2.4314118475684867,129,5.869703241993442,123.26293995859213,3605,3627,5544,5644,-161.62021467930688,59.80893330139362,-161.61123152646567,59.810909595018686
4599,483,24314.118475684867,2.4314118475684867,108,4.914170156087533,94.81573498964804,4924,4964,3562,3629,-161.79826076861937,59.68882854790684,-161.79224205621577,59.69242180904332
1281,482,24263.778685880134,2.4263778685880135,170,7.743287817462708,46.6804979253112,925,955,13515,13560,-160.9041675663352,60.04896314531035,-160.90012514755668,60.051658091162714
4416,482,24263.778685880134,2.4263778685880135,93,4.236033923670775,31.900414937759336,4507,4526,4222,4265,-161.73897195986748,59.728174757351276,-161.73510920414577,59.7298815563911
4874,482,24263.778685880134,2.4263778685880135,182,8.28987283987184,345.36099585062243,5843,5903,3316,3460,-161.82035932460872,59.60447674272802,-161.80742358451738,59.609866634432734
3725,481,24213.438896075404,2.4213438896075403,124,5.65391333208566,61.50519750519751,3090,3116,14428,14488,-160.8221513808951,59.85483721241213,-160.81676148919038,59.85717283215084
3512,481,24213.438896075404,2.4213438896075403,92,4.19483892380549,71.92515592515592,2764,2784,3167,3240,-161.8337442223421,59.88466127984489,-161.827186520768,59.886457910413135
5203,480,24163.099106270674,2.4163099106270676,94,4.290493367123801,61.63333333333333,7349,7370,16198,16263,-160.66314957560593,59.47269389054768,-160.65731052625915,59.47458035264433
3881,480,24163.099106270674,2.4163099106270676,149,6.800888422355812,90.13333333333334,3457,3483,9091,9169,-161.3015822480297,59.82186904148494,-161.29457538881354,59.82420466122365
206,479,24112.759316465945,2.4112759316465944,99,4.523425457611043,54.78914405010438,155,180,3450,3506,-161.8083218998015,60.11858257982962,-161.80329133421043,60.120828368039916
5139,478,24062.419526661215,2.4062419526661216,127,5.808844792578623,52.22594142259414,7102,7117,5420,5484,-161.63135378882995,59.495421267235905,-161.6256045710116,59.49676874016208
3688,478,24062.419526661215,2.4062419526661216,89,4.070765248342499,38.69456066945607,3005,3034,874,913,-162.0397279169907,59.86220339774191,-162.0362244873826,59.864808512065856
514,478,24062.419526661215,2.4062419526661216,106,4.848327149711292,61.89121338912134,388,410,15425,15489,-160.73258934706837,60.097921328294866,-160.72684012925,60.09989762191993
3237,478,24062.419526661215,2.4062419526661216,117,5.351455438832274,64.80334728033473,2515,2554,8078,8127,-161.392581586311,59.905322531379646,-161.3881798414188,59.90882596098771
3829,478,24062.419526661215,2.4062419526661216,127,5.808844792578623,49.61506276150627,3324,3350,1235,1286,-162.00729873523397,59.83381663476373,-162.00271732728496,59.836152254502444
5166,477,24012.07973685648,2.401207973685648,96,4.395538046358049,36.528301886792455,7169,7187,12133,12181,-161.02831473860053,59.48913306024707,-161.02400282523675,59.49075002775849
503,476,23961.739947051752,2.3961739947051752,86,3.941803537221309,48.53781512605042,383,418,9700,9741,-161.2468748472268,60.097202676067575,-161.2431917545619,60.100346779561995
4832,476,23961.739947051752,2.3961739947051752,187,8.571130947213776,113.07563025210084,5648,5724,12028,12068,-161.03774704908378,59.620556586313754,-161.0341537879473,59.62738378247306
2781,476,23961.739947051752,2.3961739947051752,142,6.508559328900301,57.890756302521005,2150,2202,1741,1772,-161.96184398185753,59.93694322938065,-161.95905920447674,59.94161446885807
5154,475,23911.400157247022,2.391140015724702,96,4.404782090314786,44.87578947368421,7145,7165,10490,10543,-161.17590793978135,59.49110935387213,-161.17114686877554,59.49290598444037
1409,474,23861.06036744229,2.386106036744229,111,5.098398855138342,107.75527426160338,1019,1062,8469,8539,-161.3574574587019,60.03935117177028,-161.3511692517131,60.04321392749199
779,474,23861.06036744229,2.386106036744229,141,6.476344491662218,68.35443037974683,570,596,3195,3259,-161.83122893954655,60.081212664010245,-161.8254797217282,60.083548283748954
280,474,23861.06036744229,2.386106036744229,126,5.78737167340028,160.70886075949366,215,242,6663,6774,-161.5196931990139,60.11301302506808,-161.50972189936016,60.1154384763352
2782,474,23861.06036744229,2.386106036744229,105,4.822809727833566,109.67088607594937,2151,2181,6012,6096,-161.57817352401008,59.9388296914773,-161.57062767562348,59.941524637329664
4164,474,23861.06036744229,2.386106036744229,94,4.317562994441478,29.37552742616034,4138,4161,3167,3203,-161.8337442223421,59.76096326522164,-161.83051028731924,59.76302939037511
4107,473,23810.72057763756,2.381072057763756,128,5.8854462703577965,121.77589852008457,4052,4070,6985,7087,-161.49076744686525,59.769137934307125,-161.48160463096724,59.77075490181854
901,473,23810.72057763756,2.381072057763756,113,5.195745535550242,34.6384778012685,658,678,14343,14387,-160.8297870608101,60.073846478680466,-160.82583447355998,60.0756431092487
4896,472,23760.38078783283,2.376038078783283,99,4.556844358596701,30.508474576271187,5945,5969,14452,14488,-160.8199954242132,59.59854786185283,-160.81676148919038,59.60070381853471
1219,472,23760.38078783283,2.376038078783283,127,5.845648823654353,126.13559322033899,878,902,3540,3638,-161.80023706224443,60.05372421631619,-161.79143357246005,60.05588017299807
3980,472,23760.38078783283,2.376038078783283,90,4.142585780542455,38.04237288135593,3806,3834,3407,3446,-161.81218465552323,59.790338175012344,-161.80868122591514,59.79285345780788
1482,472,23760.38078783283,2.376038078783283,102,4.694930551281449,106.30508474576271,1064,1079,2184,2281,-161.92204861477103,60.037824035787274,-161.9133349565151,60.03917150871345
3458,472,23760.38078783283,2.376038078783283,126,5.7996200927594375,88.16949152542372,2717,2739,10214,10294,-161.20070144162307,59.88870369862343,-161.1935149193501,59.890679992248494
419,472,23760.38078783283,2.376038078783283,88,4.050528318752623,56.983050847457626,327,352,4764,4821,-161.6902832714682,60.10313155694276,-161.68516287434872,60.10537734515306
1266,471,23710.0409980281,2.37100409980281,104,4.792067046874551,53.00212314225053,910,943,6344,6390,-161.5483494565773,60.0500411236513,-161.54421720627036,60.05300556408889
2744,471,23710.0409980281,2.37100409980281,115,5.29892029221705,99.05732484076434,2120,2156,7362,7434,-161.45690096065394,59.9410754796876,-161.45043309060827,59.94430941471043
3876,470,23659.70120822337,2.365970120822337,104,4.797162281750202,39.353191489361706,3453,3481,3212,3252,-161.82970180356355,59.822048704541764,-161.82610854242708,59.8245639873373
4806,470,23659.70120822337,2.365970120822337,127,5.85807317098342,135.11489361702127,5549,5585,2946,3036,-161.85359699012113,59.63304316876302,-161.84551215256405,59.63627710378585
5159,470,23659.70120822337,2.365970120822337,173,7.9798949494498554,186.41702127659573,7155,7186,16291,16408,-160.6547952434636,59.48922289177548,-160.64428495463943,59.49200766915625
1831,468,23559.021628613908,2.3559021628613905,111,5.130976815083369,60.30769230769231,1358,1388,1723,1777,-161.96346094936894,60.01006609350798,-161.9586100468347,60.01276103936034
1487,468,23559.021628613908,2.3559021628613905,128,5.91680209306911,45.547008547008545,1067,1098,10194,10236,-161.2024980721913,60.036117236747444,-161.198725147998,60.03890201412822
4321,468,23559.021628613908,2.3559021628613905,119,5.5007769459001885,94.23076923076923,4353,4372,5969,6055,-161.5820362797318,59.742008812726716,-161.57431076828837,59.74371561176654
3439,467,23508.681838809178,2.350868183880918,105,4.858820540518849,140.33404710920772,2694,2754,12368,12436,-161.0072043294237,59.88735622569725,-161.00109578549169,59.89274611740197
189,467,23508.681838809178,2.350868183880918,103,4.766271577842299,33.99571734475375,146,167,7759,7801,-161.4212378438744,60.11975038969897,-161.4174649196811,60.12163685179563
94,467,23508.681838809178,2.350868183880918,133,6.154506017990542,99.90578158458244,63,113,6647,6705,-161.5211305034685,60.12460129223322,-161.5159202748206,60.129092868653814
3813,467,23508.681838809178,2.350868183880918,116,5.367839835239871,41.97002141327623,3269,3319,14710,14730,-160.79681888988293,59.8366014121445,-160.7950222593147,59.8410929885651
3162,465,23408.002259199715,2.3408002259199714,218,10.109507927571668,136.56774193548387,2461,2486,10743,10844,-161.15318056309314,59.911431075311654,-161.14410757872352,59.91367686352196
2071,465,23408.002259199715,2.3408002259199714,89,4.127276172265498,29.944086021505377,1563,1598,52,76,-162.1135694333453,59.99120147254147,-162.11141347666342,59.99434557603589
2724,464,23357.662469394985,2.3357662469394986,100,4.642383454426297,43.456896551724135,2110,2152,7782,7811,-161.41917171872092,59.94143480580125,-161.416566604397,59.94520772999455
5059,463,23307.322679590256,2.3307322679590254,104,4.8332898883378,34.289416846652266,6821,6845,5723,5762,-161.60413483572114,59.51985544296396,-161.60063140611308,59.52201139964584
5280,463,23307.322679590256,2.3307322679590254,133,6.181034184124302,146.00431965442763,7591,7612,4266,4375,-161.73501937261736,59.45095466067199,-161.72522773602046,59.45284112276864
3534,463,23307.322679590256,2.3307322679590254,124,5.762768713018146,79.61987041036717,2785,2808,5996,6069,-161.57961082846467,59.88250532316301,-161.57305312689058,59.884571448316485
1654,463,23307.322679590256,2.3307322679590254,106,4.926237770805835,84.67386609071275,1212,1255,708,764,-162.05463995070707,60.02201368678677,-162.049609385116,60.02587644250848
2592,462,23256.982889785526,2.3256982889785527,118,5.489856841350978,51.333333333333336,2003,2026,1906,1960,-161.94702177966957,59.952753578381156,-161.9421708771353,59.95481970353463
4949,462,23256.982889785526,2.3256982889785527,95,4.419799999392737,32.21645021645022,6319,6338,14709,14751,-160.79690872141134,59.56540002786882,-160.79313579721804,59.56710682690864
3531,462,23256.982889785526,2.3256982889785527,107,4.978090525631819,37.714285714285715,2782,2804,832,876,-162.043500841184,59.882864649276655,-162.03954825393387,59.88484094290172
604,462,23256.982889785526,2.3256982889785527,171,7.955639998906926,306.008658008658,446,481,9450,9603,-161.2693327293298,60.09154328977762,-161.25558850548276,60.09468739327204
2994,462,23256.982889785526,2.3256982889785527,93,4.32675157835289,67.04761904761905,2326,2355,8449,8508,-161.35925408927017,59.923199005533625,-161.35395402909384,59.92580411985757
1227,461,23206.643099980793,2.320664309998079,89,4.145143252210339,50.11713665943601,884,922,7816,7854,-161.41611744675492,60.05192758574795,-161.41270384867528,60.05534118382761
3500,461,23206.643099980793,2.320664309998079,127,5.914979696974304,52.78958785249458,2751,2769,16694,16754,-160.6185931375136,59.886008752771076,-160.6132032458089,59.887625720282486
1789,461,23206.643099980793,2.320664309998079,97,4.517740398476437,36.65943600867679,1321,1353,11031,11064,-161.1273090829105,60.0132101970024,-161.1243446424729,60.01608480591158
3091,461,23206.643099980793,2.320664309998079,98,4.5643150417596985,48.80694143167028,2410,2440,5629,5674,-161.61257899939187,59.915563325618606,-161.60853658061333,59.91825827147097
3952,460,23156.303310176063,2.3156303310176063,207,9.651424765287247,200.90434782608696,3715,3739,9810,9938,-161.23699337910148,59.79887217021148,-161.22549494346475,59.80102812689337
2579,459,23105.963520371333,2.3105963520371335,90,4.20084025208403,33.49891067538126,1988,2017,4149,4182,-161.74552966144154,59.95356206213686,-161.74256522100396,59.95616717646081
345,459,23105.963520371333,2.3105963520371335,89,4.154164249283096,62.96296296296296,275,296,8042,8106,-161.39581552133382,60.108162122533834,-161.39006630351545,60.11004858463048
1376,459,23105.963520371333,2.3105963520371335,107,4.994332299699901,70.58823529411765,992,1028,6700,6754,-161.51636943246265,60.042405443736286,-161.51151852992842,60.04563937875911
1989,459,23105.963520371333,2.3105963520371335,98,4.574248274491499,123.4074074074074,1494,1519,6583,6677,-161.52687972128686,59.998298163286016,-161.51843555761613,60.00054395149631
2011,459,23105.963520371333,2.3105963520371335,121,5.647796338912973,133.99564270152504,1513,1538,4501,4600,-161.71390896344053,59.996591364246186,-161.70501564212776,59.99883715245649
2551,458,23055.6237305666,2.30556237305666,123,5.747412556246773,129.99126637554585,1963,2022,160,223,-162.10386762827682,59.9531129044948,-162.09820824198687,59.958412964671105
448,458,23055.6237305666,2.30556237305666,161,7.523035947607564,171.17903930131004,345,378,402,509,-162.08212839840112,60.100795937204055,-162.07251642486105,60.10376037764165
4563,457,23005.28394076187,2.300528394076187,136,6.361811668259837,47.92997811816193,4846,4880,14589,14629,-160.80768850482076,59.69637439629344,-160.8040952436843,59.69942866825945
1402,456,22954.94415095714,2.295494415095714,90,4.214636152117623,49.3421052631579,1014,1035,2795,2849,-161.86716155091133,60.0417766230374,-161.86231064837708,60.04366308513405
2159,456,22954.94415095714,2.295494415095714,121,5.666344160069248,75.86842105263158,1642,1656,8980,9059,-161.31155354768342,59.98599124389358,-161.30445685693886,59.98724888529134
1536,456,22954.94415095714,2.295494415095714,223,10.442931799135888,244.640350877193,1106,1134,5392,5531,-161.6338690716255,60.03288330172462,-161.62138248917623,60.03539858452015
880,455,22904.60436115241,2.290460436115241,104,4.875595201760352,37.142857142857146,646,674,23,60,-162.11617454766926,60.07420580479411,-162.11285078111803,60.07672108758965
2023,455,22904.60436115241,2.290460436115241,108,5.06311809413575,72.8,1523,1576,7296,7334,-161.46282984152913,59.99317776616653,-161.45941624344948,59.99793883717237
2491,455,22904.60436115241,2.290460436115241,140,6.563301233138936,135.17362637362638,1912,1964,9614,9686,-161.25460035867022,59.9583231331427,-161.24813248862458,59.962994372620116
2699,455,22904.60436115241,2.290460436115241,130,6.09449400220044,65.01978021978022,2086,2124,1102,1150,-162.01924632851276,59.943950088596786,-162.01493441514899,59.94736368667644
2427,454,22854.26457134768,2.285426457134768,151,7.086781142405375,74.57268722466961,1851,1870,12720,12793,-160.9755836314227,59.96676729681342,-160.96902592984864,59.968474095853246
2036,454,22854.26457134768,2.285426457134768,117,5.491082077228006,84.61674008810573,1536,1580,14956,15010,-160.77472033389358,59.992818440052886,-160.76986943135933,59.99677102730301
4881,454,22854.26457134768,2.285426457134768,102,4.787097195532107,46.951541850220266,5869,5904,8214,8252,-161.38036449844697,59.604386911199605,-161.37695090036732,59.607531014694025
4635,453,22803.924781542948,2.280392478154295,128,6.013964617407226,129.280353200883,4986,5019,3636,3724,-161.79161323551688,59.68388781384418,-161.78370806101663,59.686852254281774
5144,453,22803.924781542948,2.280392478154295,158,7.423487574612045,137.9690949227373,7120,7151,16694,16788,-160.6185931375136,59.4923669952699,-160.61014897384288,59.49515177265067
3577,453,22803.924781542948,2.280392478154295,86,4.0406324773204805,35.04635761589404,2832,2854,6727,6768,-161.51394398119552,59.87837307285606,-161.51026088853064,59.88034936648112
4279,453,22803.924781542948,2.280392478154295,115,5.403171335951805,33.94260485651214,4292,4321,3263,3296,-161.82512039561453,59.74659022067573,-161.82215595517695,59.74919533499967
1208,452,22753.58499173822,2.275358499173822,127,5.973577514235842,95.71681415929204,869,890,11264,11347,-161.1063783367905,60.054802194657135,-161.0989223199323,60.056688656753785
4675,452,22753.58499173822,2.275358499173822,83,3.9039916037919284,44.610619469026545,5040,5075,4160,4196,-161.74454151462902,59.67885724825311,-161.74130757960617,59.68200135174753
318,451,22703.24520193349,2.270324520193349,104,4.897168737219316,95.9290465631929,250,284,4383,4453,-161.72450908379315,60.10924010087478,-161.7182208768043,60.11229437284078
100,451,22703.24520193349,2.270324520193349,122,5.7447556340457355,83.45011086474501,67,93,5132,5203,-161.6572252690126,60.12639792280146,-161.65084723049534,60.12873354254017
1732,450,22652.905412128755,2.2652905412128757,119,5.609713797413277,38.72,1276,1303,2658,2697,-161.87946847030378,60.017701773423,-161.8759650406957,60.02012722469012
4516,450,22652.905412128755,2.2652905412128757,178,8.391000470080364,171.7422222222222,4721,4740,13192,13312,-160.93318315001227,59.70895081027112,-160.92240336660282,59.71065760931094
2385,450,22652.905412128755,2.2652905412128757,108,5.091168824543142,43.55555555555556,1828,1853,10227,10272,-161.1995336317537,59.96829443279642,-161.19549121297516,59.97054022100672
4168,450,22652.905412128755,2.2652905412128757,117,5.5154328932550705,67.28,4147,4184,14382,14432,-160.82628363120205,59.758897140068164,-160.82179205478144,59.762220906619405
3301,449,22602.565622324026,2.2602565622324025,122,5.757535973832706,121.95100222717149,2576,2588,11929,12034,-161.04664037039655,59.90226825941364,-161.0372080599133,59.90334623775458
4999,449,22602.565622324026,2.2602565622324025,138,6.51262265892552,98.21826280623608,6589,6604,7243,7333,-161.46759091253497,59.54150484131124,-161.4595060749779,59.542852314237415
1104,449,22602.565622324026,2.2602565622324025,122,5.757535973832706,43.652561247216035,799,821,2343,2391,-161.90776540175352,60.06100057011756,-161.90345348838977,60.06297686374262
33,448,22552.225832519296,2.2552225832519297,104,4.913538149119954,118.08035714285714,8,40,824,907,-162.04421949341128,60.13115899380729,-162.0367634765531,60.13403360271647
993,448,22552.225832519296,2.2552225832519297,185,8.740428438338379,332.58035714285717,725,779,4489,4628,-161.7149869417815,60.064773494310856,-161.70250035933222,60.06962439684511
2511,447,22501.886042714566,2.2501886042714565,127,6.006893876973107,102.45190156599553,1931,1975,9759,9822,-161.2415747870505,59.95733498633017,-161.23591540076055,59.96128757358029
2193,446,22451.546252909837,2.2451546252909838,131,6.203029781915958,112.50224215246637,1672,1741,857,900,-162.0412550529737,59.97835556397856,-162.03739229725198,59.98455393943899
411,446,22451.546252909837,2.2451546252909838,158,7.481516836203979,42.699551569506724,321,343,14549,14596,-160.81128176595723,60.10394004069847,-160.8070596841219,60.10591633432353
2747,446,22451.546252909837,2.2451546252909838,92,4.356326259055481,40.26008968609865,2122,2150,352,391,-162.08661997482173,59.94161446885807,-162.08311654521367,59.944129751653605
4070,446,22451.546252909837,2.2451546252909838,93,4.403677631436519,46.493273542600896,3985,4005,2039,2091,-161.93507418639078,59.7749769836539,-161.93040294691335,59.776773614222144
977,445,22401.206463105103,2.2401206463105106,131,6.209995567133701,84.5752808988764,711,735,10123,10196,-161.20887611070856,60.06872608156098,-161.20231840913448,60.07088203824287
5262,445,22401.206463105103,2.2401206463105106,83,3.9345773440618106,34.55280898876404,7548,7582,3499,3527,-161.80392015490932,59.45364960652435,-161.80140487211378,59.45670387849035
2823,445,22401.206463105103,2.2401206463105106,127,6.020377381877711,99.10112359550561,2187,2210,7295,7377,-161.46291967305754,59.936224577153354,-161.45555348772777,59.93829070230683
4822,444,22350.866673300374,2.2350866673300374,119,5.6474900747273695,54.810810810810814,5611,5629,3811,3871,-161.7758927180448,59.62909058151289,-161.77050282634008,59.63070754902431
1994,443,22300.526883495644,2.2300526883495646,109,5.178746285786821,115.29571106094808,1497,1523,3123,3210,-161.83769680959222,59.99793883717237,-161.82988146662038,60.00027445691108
2808,443,22300.526883495644,2.2300526883495646,86,4.085983308051987,50.79006772009029,2173,2203,686,731,-162.05661624433213,59.93685339785224,-162.0525738255536,59.9395483437046
3669,443,22300.526883495644,2.2300526883495646,99,4.703631947641241,40.53273137697517,2974,3007,947,981,-162.03317021541662,59.86462884900903,-162.03011594345062,59.867593289446624
119,442,22250.18709369091,2.225018709369091,107,5.089470987453087,48.2262443438914,84,111,8055,8101,-161.39464771146447,60.12478095529004,-161.39051546115752,60.127206406557164
1468,442,22250.18709369091,2.225018709369091,83,3.9479074014823006,37.067873303167424,1055,1076,9577,9620,-161.25792412522148,60.03809353037251,-161.25406136949977,60.03997999246916
3896,442,22250.18709369091,2.225018709369091,96,4.566254343883143,65.38461538461539,3500,3527,14797,14855,-160.7890035469111,59.81791645423481,-160.78379331826318,59.820341905501934
1669,442,22250.18709369091,2.225018709369091,134,6.37373002167022,68.49773755656109,1224,1245,6195,6261,-161.5617343543107,60.02291200207089,-161.5558054734355,60.02479846416754
1357,441,22199.84730388618,2.219984730388618,83,3.9523809523809526,71.84580498866214,977,1006,4712,4772,-161.69495451094562,60.04438173736135,-161.6895646192409,60.04698685168529
2751,441,22199.84730388618,2.219984730388618,131,6.238095238095238,56.60770975056689,2126,2144,234,295,-162.09722009517435,59.94215345802854,-162.0917403719412,59.94377042553996
5003,440,22149.50751408145,2.214950751408145,148,7.055623160417383,137.53636363636363,6606,6623,7341,7447,-161.4587874227506,59.539798042271414,-161.44926528073893,59.54132517825441
1062,439,22099.167724276722,2.2099167724276723,82,3.913646471207451,35.0250569476082,767,801,7982,8010,-161.40120541303853,60.06279720068579,-161.398690130243,60.0658514726518
922,439,22099.167724276722,2.2099167724276723,91,4.343193035120463,51.252847380410024,672,703,643,687,-162.06047900005385,60.07160069047017,-162.05652641280372,60.07438546785094
991,439,22099.167724276722,2.2099167724276723,214,10.213662741931639,301.8132118451025,723,779,6143,6269,-161.56640559378812,60.064773494310856,-161.55508682120822,60.06980405990193
3491,439,22099.167724276722,2.2099167724276723,116,5.536377934878833,118.41457858769931,2741,2778,15030,15107,-160.7680728007911,59.885200269015364,-160.76115577310338,59.88852403556661
945,439,22099.167724276722,2.2099167724276723,121,5.775014914830507,80.51025056947609,689,702,2077,2158,-161.9316605883111,60.071690521998576,-161.92438423450974,60.072858331867934
4464,439,22099.167724276722,2.2099167724276723,140,6.681835438646867,108.25512528473804,4589,4606,13937,14029,-160.86625866134537,59.720988235078316,-160.85799416073147,59.72251537106132
1828,439,22099.167724276722,2.2099167724276723,102,4.868194391014146,65.83143507972665,1355,1399,3968,4009,-161.7617891680841,60.00907794669545,-161.75810607541922,60.013030533945575
2354,438,22048.827934471992,2.204882793447199,111,5.303785156499212,70.72146118721462,1795,1829,9334,9388,-161.27975318662558,59.97045038947831,-161.27490228409133,59.973504661444316
4770,438,22048.827934471992,2.204882793447199,130,6.211640273377456,161.54337899543378,5429,5445,7279,7396,-161.46435697751213,59.64561958274069,-161.45384668868795,59.64705688719528
3657,436,21948.14835486253,2.194814835486253,82,3.9270877694067203,37.57798165137615,2952,2988,1682,1710,-161.96714404203382,59.86633564804886,-161.9646287592383,59.86956958307169
453,435,21897.8085650578,2.18978085650578,170,8.15087612525153,148.31264367816092,349,421,6106,6161,-161.56972936033935,60.096933181482335,-161.5647886262767,60.103401051527996
3198,435,21897.8085650578,2.18978085650578,186,8.918017407628145,109.25057471264368,2483,2506,10935,11021,-161.13593290963803,59.90963444474342,-161.1282073981946,59.911700569896894
1862,435,21897.8085650578,2.18978085650578,123,5.897398608270225,35.34712643678161,1387,1418,13224,13255,-160.93030854110307,60.00737114765562,-160.92752376372232,60.01015592503639
4931,435,21897.8085650578,2.18978085650578,84,4.027491732477227,33.10344827586207,6162,6193,4139,4168,-161.74642797672567,59.57842559948855,-161.74382286240171,59.58121037686932
3958,434,21847.468775253066,2.1847468775253067,139,6.672213514248738,115.61290322580645,3735,3786,11017,11078,-161.12856672430826,59.794650088376116,-161.12308700107513,59.79923149632513
2262,434,21847.468775253066,2.1847468775253067,88,4.22413517448841,25.889400921658986,1720,1741,9175,9207,-161.29403639964306,59.97835556397856,-161.2911617907339,59.98024202607521
1681,433,21797.128985448337,2.1797128985448335,82,3.9406685169241444,36.66512702078522,1232,1262,4211,4244,-161.73996010668,60.021384866087885,-161.73699566624242,60.02407981194025
2570,433,21797.128985448337,2.1797128985448335,135,6.487685972984871,90.540415704388,1975,2019,9836,9891,-161.23465775936276,59.95338239908004,-161.22971702530012,59.95733498633017
3602,433,21797.128985448337,2.1797128985448335,86,4.132896249457029,69.92147806004618,2876,2898,887,952,-162.03856010712133,59.87442048560593,-162.03272105777455,59.876396779230994
2603,432,21746.789195643607,2.1746789195643608,120,5.773502691896257,59.25925925925926,2014,2047,1126,1173,-162.01709037183088,59.950867116284506,-162.0128682899955,59.9538315567221
1726,432,21746.789195643607,2.1746789195643608,160,7.69800358919501,88.92592592592592,1271,1298,12957,13028,-160.95429355918907,60.01815093106506,-160.9479155206718,60.02057638233218
5036,432,21746.789195643607,2.1746789195643608,133,6.398965483518352,96.33333333333333,6747,6767,15202,15284,-160.75262177790424,59.52686230218009,-160.74525559257447,59.52865893274833
4795,431,21696.449405838877,2.1696449405838876,114,5.491186779793604,70.24593967517401,5522,5541,7397,7465,-161.45375685715953,59.63699575601314,-161.44764831322752,59.63870255505297
5237,431,21696.449405838877,2.1696449405838876,119,5.732028305223148,40.42691415313225,7468,7500,6423,6457,-161.54125276583278,59.46101579185413,-161.53819849386676,59.46389040076331
1298,430,21646.109616034148,2.164610961603415,125,6.028035277130152,80.45581395348837,939,964,10094,10162,-161.2114812250325,60.04815466155465,-161.20537268110047,60.05040044976494
2278,430,21646.109616034148,2.164610961603415,95,4.581306810618916,82.19534883720931,1733,1777,9256,9306,-161.2867600458417,59.97512162895573,-161.2822684694211,59.97907421620586
3205,430,21646.109616034148,2.164610961603415,127,6.124483841564234,143.03255813953487,2487,2533,4223,4301,-161.73888212833907,59.907208993476296,-161.73187526912292,59.91134124378325
2617,430,21646.109616034148,2.164610961603415,101,4.870652503921162,45.58139534883721,2027,2047,1485,1535,-161.98484085313098,59.950867116284506,-161.9803492767104,59.95266374685274
3274,428,21545.430036424685,2.1545430036424684,106,5.1237033919420165,79.10280373831776,2545,2562,14455,14530,-160.81972592962796,59.90460387915235,-160.81298856499708,59.90613101513535
4619,428,21545.430036424685,2.1545430036424684,96,4.640335147419185,47.11214953271028,4963,4990,5612,5656,-161.61410613537487,59.68649292816813,-161.61015354812474,59.68891837943525
2413,428,21545.430036424685,2.1545430036424684,125,6.042103056535397,107.0,1843,1884,1636,1702,-161.97127629234078,59.96550965541565,-161.9653474114656,59.969192748080545
370,428,21545.430036424685,2.1545430036424684,105,5.075366567489733,80.83177570093459,295,312,8407,8483,-161.36302701346347,60.10672481807924,-161.35619981730414,60.10825195406225
2486,427,21495.090246619955,2.1495090246619957,126,6.097567373047424,59.95316159250586,1910,1951,10063,10102,-161.21426600241327,59.95949094301205,-161.2107625728052,59.96317403567694
2290,426,21444.75045681522,2.144475045681522,123,5.959369472271563,66.25352112676056,1739,1767,8849,8905,-161.32332147790538,59.97601994423985,-161.3182909123143,59.97853522703539
716,426,21444.75045681522,2.144475045681522,121,5.862469155649261,149.07042253521126,527,556,7297,7394,-161.46274001000072,60.084805925146725,-161.45402635174477,60.08741103947067
3519,426,21444.75045681522,2.144475045681522,81,3.924462823203225,64.68544600938966,2770,2797,1204,1260,-162.01008351261476,59.88349346997554,-162.00505294702367,59.88591892124266
3904,425,21394.410667010492,2.1394410667010493,105,5.093248125762992,42.24941176470588,3541,3574,14757,14791,-160.79259680804756,59.81369437239945,-160.78954253608154,59.81665881283705
2228,425,21394.410667010492,2.1394410667010493,95,4.608176875690326,57.26117647058823,1699,1748,5341,5370,-161.6384504795745,59.977726743279675,-161.63584536525056,59.98212848817186
4155,425,21394.410667010492,2.1394410667010493,91,4.41414837566126,60.23529411764706,4125,4146,7014,7073,-161.4881623325413,59.76231073814782,-161.482862272365,59.76419720024447
565,424,21344.070877205762,2.134407087720576,152,7.381772553915208,206.64150943396226,419,474,1101,1194,-162.01933616004118,60.092172110476504,-162.01098182789886,60.09711284453916
2187,424,21344.070877205762,2.134407087720576,83,4.030836328782646,48.905660377358494,1666,1699,8161,8200,-161.38512556945278,59.98212848817186,-161.38162213984472,59.985092928609454
1662,424,21344.070877205762,2.134407087720576,100,4.856429311786321,60.37735849056604,1217,1261,10925,10961,-161.13683122492216,60.0214746976163,-161.13359728989934,60.025427284866424
4859,424,21344.070877205762,2.134407087720576,82,3.982272035664783,44.91509433962264,5739,5769,11126,11165,-161.11877508771136,59.616514167535215,-161.1152716581033,59.619209113387576
1853,423,21293.731087401033,2.1293731087401033,102,4.959409710928415,36.349881796690305,1379,1408,681,714,-162.0570654019742,60.008269462939744,-162.0541009615366,60.010874577263685
451,423,21293.731087401033,2.1293731087401033,102,4.959409710928415,81.7872340425532,348,371,6589,6659,-161.52634073211638,60.10142475790293,-161.52005252512754,60.10349088305641
4491,423,21293.731087401033,2.1293731087401033,132,6.41805962590736,112.34988179669031,4660,4711,6761,6819,-161.51088970922953,59.71155592459506,-161.50567948058165,59.71613733254407
2736,422,21243.391297596303,2.12433912975963,134,6.523017939050555,59.156398104265406,2115,2134,667,727,-162.05832304337196,59.94305177331266,-162.05293315166725,59.94475857235249
1288,422,21243.391297596303,2.12433912975963,97,4.721886120058984,94.7867298578199,934,949,4659,4744,-161.69971558195144,60.049502134480825,-161.69207990203643,60.05084960740701
2069,421,21193.05150779157,2.119305150779157,89,4.337594591574356,52.02850356294537,1562,1597,4021,4060,-161.7570280970783,59.99129130406988,-161.7535246674702,59.9944354075643
3375,421,21193.05150779157,2.119305150779157,104,5.068649859817225,45.235154394299286,2640,2671,939,977,-162.03388886764392,59.894812242555446,-162.03047526956425,59.897597019936214
711,420,21142.71171798684,2.114271171798684,152,7.416840554408853,137.14285714285714,523,545,9000,9098,-161.30975691711518,60.085794071959256,-161.3009534273308,60.08777036558432
1969,420,21142.71171798684,2.114271171798684,89,4.342755324620973,28.80952380952381,1481,1505,144,175,-162.10530493273143,59.99955580468378,-162.10252015535065,60.00171176136567
285,419,21092.37192818211,2.109237192818211,88,4.299081324965077,37.89021479713604,224,243,3207,3251,-161.83015096120562,60.112923193539665,-161.8261983739555,60.114629992579495
3674,419,21092.37192818211,2.109237192818211,113,5.5204112468301565,61.097852028639615,2982,3024,2061,2099,-161.93309789276572,59.863101713026026,-161.92968429468604,59.866874637219325
468,418,21042.032138377377,2.104203213837738,182,8.901910982410238,394.3444976076555,359,437,1198,1323,-162.0106225017852,60.095495877027744,-161.99939356073372,60.10250273624388
4825,418,21042.032138377377,2.104203213837738,88,4.304220694791763,97.61722488038278,5623,5643,7479,7560,-161.44639067182973,59.62783294011513,-161.43911431802837,59.62962957068336
882,417,20991.692348572647,2.0991692348572646,92,4.505259383244404,44.354916067146284,646,673,3440,3481,-161.80922021508562,60.074295636322525,-161.80553712242073,60.07672108758965
2810,417,20991.692348572647,2.0991692348572646,92,4.505259383244404,32.26858513189448,2173,2208,6526,6549,-161.53200011840633,59.93640424021018,-161.52993399325285,59.9395483437046
2029,417,20991.692348572647,2.0991692348572646,83,4.064527487057451,35.69304556354916,1531,1552,1003,1043,-162.02813964982556,59.99533372284842,-162.02454638868906,59.99722018494507
2652,417,20991.692348572647,2.0991692348572646,117,5.729514650430383,75.98081534772182,2049,2091,13840,13887,-160.8749723196013,59.94691452903438,-160.87075023776595,59.95068745322768
5348,416,20941.352558767918,2.094135255876792,102,5.000961446023693,39.38461538461539,7812,7842,8882,8916,-161.32035703746777,59.43029340913724,-161.31730276550178,59.4329883549896
1036,415,20891.012768963188,2.0891012768963186,123,6.037832532187937,60.15421686746988,753,776,8313,8369,-161.37147117713417,60.065042988896096,-161.3664406115431,60.06710911404957
386,414,20840.67297915846,2.084067297915846,129,6.3400041146605775,139.1304347826087,306,341,5364,5449,-161.636384354421,60.104119703755295,-161.628748674506,60.107263807249716
3211,414,20840.67297915846,2.084067297915846,103,5.062173827984802,46.0,2494,2526,7913,7950,-161.40740378849895,59.90783781417518,-161.40408002194772,59.91071242308436
4303,414,20840.67297915846,2.084067297915846,95,4.66899527823841,58.78260869565217,4330,4347,12516,12577,-160.99390926321874,59.74425460093701,-160.98842953998562,59.745781736920016
4138,413,20790.333189353725,2.0790333189353727,88,4.3301969154850815,68.33898305084746,4094,4112,15460,15526,-160.72944524357396,59.765365010113825,-160.72351636269877,59.766981977625235
2787,413,20790.333189353725,2.0790333189353727,129,6.347675023836085,43.4769975786925,2158,2198,5965,5992,-161.58239560584545,59.9373025554943,-161.57997015457832,59.94089581663078
2824,413,20790.333189353725,2.0790333189353727,123,6.052434325053012,38.440677966101696,2188,2220,1995,2026,-161.9390267736409,59.935326261869236,-161.93624199626012,59.93820087077842
3501,413,20790.333189353725,2.0790333189353727,90,4.428610481746106,75.00242130750605,2753,2777,7889,7953,-161.40955974518084,59.88529010054378,-161.40381052736248,59.88744605722567
654,413,20790.333189353725,2.0790333189353727,106,5.215919011834303,50.20823244552058,480,503,8360,8409,-161.3672490952988,60.089566996152556,-161.36284735040664,60.09163312130603
1534,413,20790.333189353725,2.0790333189353727,105,5.1667122287037905,60.445520581113804,1105,1133,10372,10423,-161.18650806013397,60.03297313325303,-161.18192665218496,60.035488416048565
512,413,20790.333189353725,2.0790333189353727,97,4.773057963659692,55.94188861985472,388,411,421,474,-162.0804215993613,60.09783149676646,-162.07566052835548,60.09989762191993
1183,412,20739.993399548996,2.0739993399548995,130,6.404640308067906,39.76699029126213,852,879,13918,13955,-160.8679654603852,60.05579034146967,-160.86464169383393,60.05821579273679
4355,412,20739.993399548996,2.0739993399548995,106,5.222245174270754,65.28155339805825,4404,4443,4596,4639,-161.70537496824141,59.73563077420947,-161.7015122125197,59.739134203817535
1883,412,20739.993399548996,2.0739993399548995,94,4.631047607372178,57.56310679611651,1401,1421,10706,10763,-161.15650432964438,60.007101653070386,-161.1513839325249,60.00889828363862
4205,412,20739.993399548996,2.0739993399548995,90,4.433981751739319,56.077669902912625,4202,4223,11404,11459,-161.09380192281284,59.7553937104601,-161.08886118875017,59.75728017255675
1001,412,20739.993399548996,2.0739993399548995,80,3.9413171126571727,33.79611650485437,727,760,10766,10792,-161.15111443793967,60.066480293350686,-161.14877881820095,60.06944473378828
2874,412,20739.993399548996,2.0739993399548995,115,5.665643349444686,156.59223300970874,2230,2266,5591,5682,-161.61599259747152,59.93119401156228,-161.60781792838603,59.93442794658512
4723,411,20689.653609744266,2.0689653609744267,148,7.300301630271453,221.90754257907543,5222,5271,3968,4070,-161.7617891680841,59.66125026868437,-161.7526263521861,59.665652013576555
3792,411,20689.653609744266,2.0689653609744267,126,6.215121658204075,147.24087591240877,3237,3244,5211,5327,-161.65012857826807,59.8433387767754,-161.63970812097227,59.84396759747428
2672,411,20689.653609744266,2.0689653609744267,160,7.892217978671841,63.85401459854015,2069,2096,8981,9035,-161.311463716155,59.94646537139232,-161.30661281362075,59.94889082265944
4650,411,20689.653609744266,2.0689653609744267,117,5.7711843969037835,59.21167883211679,5004,5025,7752,7809,-161.4218666645733,59.68334882467371,-161.4167462674538,59.685235286770364
4157,409,20588.974030134803,2.0588974030134803,79,3.906298593829775,49.30073349633252,4129,4146,12964,13018,-160.95366473849018,59.76231073814782,-160.94881383595595,59.76383787413082
2854,409,20588.974030134803,2.0588974030134803,99,4.895234946698072,47.92176039119804,2212,2254,7847,7875,-161.41333266937414,59.93227198990323,-161.4108173865786,59.936044914096534
3134,409,20588.974030134803,2.0588974030134803,93,4.598554040837583,46.562347188264056,2446,2486,233,262,-162.09730992670276,59.911431075311654,-162.0947048123788,59.915024336448134
4429,408,20538.634240330073,2.053863424033007,101,5.0002450920322055,86.62745098039215,4531,4563,5274,5336,-161.6444691919781,59.72485099080003,-161.63889963721655,59.72772559970922
2844,407,20488.294450525344,2.0488294450525344,83,4.11415725590186,28.65847665847666,2200,2225,16357,16386,-160.64886636258842,59.934877104227176,-160.6462612482645,59.93712289243747
3110,407,20488.294450525344,2.0488294450525344,167,8.277882671513382,187.16461916461915,2423,2469,1720,1812,-161.96373044395418,59.91295821129466,-161.95546594334027,59.91709046160161
2654,407,20488.294450525344,2.0488294450525344,166,8.22831451180372,261.12039312039315,2051,2088,6685,6811,-161.51771690538882,59.94718402361961,-161.50639813280893,59.95050779017085
3541,407,20488.294450525344,2.0488294450525344,106,5.254224929224063,59.793611793611795,2790,2809,746,805,-162.05122635262742,59.882415491634596,-162.04592629245113,59.884122290674426
4735,407,20488.294450525344,2.0488294450525344,122,6.047315484578638,66.08353808353809,5304,5335,5361,5412,-161.63665384900625,59.65550105086601,-161.63207244105726,59.658285828246775
5163,407,20488.294450525344,2.0488294450525344,107,5.303793088933723,58.270270270270274,7163,7183,11942,11999,-161.0454725605272,59.489492386360716,-161.04035216340773,59.49128901692896
4295,405,20387.61487091588,2.038761487091588,89,4.422445555499584,96.8,4318,4358,5837,5896,-161.59389404148217,59.74326645412448,-161.58859398130588,59.74685971526096
2602,405,20387.61487091588,2.038761487091588,110,5.465943944999486,61.6395061728395,2013,2030,8668,8730,-161.33958098454792,59.95239425226751,-161.3340114297864,59.95392138825051
5388,405,20387.61487091588,2.038761487091588,162,8.049844718999243,234.2320987654321,7950,7991,8681,8794,-161.33841317467858,59.41690851140386,-161.32826221196802,59.42059160406875
1982,404,20337.27508111115,2.0337275081111152,114,5.671711984196938,60.23762376237624,1489,1505,605,667,-162.0638925981335,59.99955580468378,-162.05832304337196,60.00099310913837
1008,404,20337.27508111115,2.0337275081111152,99,4.925434091539446,44.445544554455445,734,754,6823,6870,-161.505320154468,60.06701928252116,-161.50109807263263,60.068815913089395
1698,404,20337.27508111115,2.0337275081111152,150,7.462778926574919,61.79207920792079,1244,1277,1658,1704,-161.9692999987157,60.02003739316171,-161.96516774840876,60.0230018335993
5164,403,20286.93529130642,2.028693529130642,89,4.433405784341789,44.55583126550869,7164,7180,9979,10030,-161.22181185079987,59.489761880945956,-161.21723044285085,59.491199185400546
4175,403,20286.93529130642,2.028693529130642,89,4.433405784341789,99.25558312655087,4159,4174,7017,7102,-161.48789283795608,59.75979545535228,-161.48025715804104,59.76114292827846
5153,402,20236.595501501688,2.023659550150169,94,4.688293879705874,40.756218905472636,7142,7158,5282,5330,-161.6437505397508,59.49173817457102,-161.63943862638703,59.49317547902561
4122,402,20236.595501501688,2.023659550150169,126,6.284308817478087,157.97014925373134,4070,4084,6854,6966,-161.5025353770872,59.76788029290936,-161.49247424590507,59.769137934307125
2370,401,20186.25571169696,2.0186255711696957,112,5.59301309771593,88.13965087281795,1813,1839,13458,13526,-160.9092879634547,59.96955207419419,-160.90317941952267,59.9718876939329
3165,400,20135.91592189223,2.013591592189223,96,4.8,60.84,2463,2483,314,372,-162.09003357290138,59.911700569896894,-162.0848233442535,59.91349720046513
2308,400,20135.91592189223,2.013591592189223,103,5.15,88.36,1751,1786,16047,16106,-160.67671413639613,59.97431314520002,-160.67141407621983,59.97745724869444
4810,400,20135.91592189223,2.013591592189223,81,4.05,30.25,5566,5584,4150,4187,-161.74543982991312,59.63313300029143,-161.7421160633619,59.63474996780285
4534,399,20085.5761320875,2.0085576132087497,132,6.608265501047217,72.43107769423558,4774,4806,16364,16417,-160.64823754188956,59.70302192939593,-160.6434764708837,59.70589653830511
3972,399,20085.5761320875,2.0085576132087497,111,5.556950534971524,46.35588972431078,3791,3812,13575,13622,-160.89877767463048,59.79231446863741,-160.89455559279511,59.79420093073406
4346,398,20035.23634228277,2.003523634228277,95,4.7619197176123125,50.663316582914575,4388,4408,12864,12915,-160.9626478913314,59.73877487770388,-160.95806648338237,59.740571508272126
398,398,20035.23634228277,2.003523634228277,115,5.764429131846483,142.321608040201,311,341,883,972,-162.03891943323498,60.104119703755295,-162.03092442720632,60.10681464960765
4652,398,20035.23634228277,2.003523634228277,146,7.3183187239094485,130.61306532663318,5006,5063,6562,6619,-161.5287661833835,59.679935226594054,-161.523645786264,59.68505562371354
3135,398,20035.23634228277,2.003523634228277,84,4.210539539783518,43.778894472361806,2446,2466,3346,3392,-161.81766437875635,59.9132277058799,-161.8135321284494,59.915024336448134
3016,397,19984.896552478036,1.9984896552478035,98,4.918479009639257,38.730478589420656,2346,2371,16181,16218,-160.66467671158892,59.921761701079035,-160.6613529450377,59.92400748928933
3538,397,19984.896552478036,1.9984896552478035,93,4.6675362030250085,69.41057934508817,2789,2809,2029,2092,-161.93597250167488,59.882415491634596,-161.93031311538493,59.88421212220283
1734,397,19984.896552478036,1.9984896552478035,128,6.424135849324744,87.14357682619648,1277,1329,1653,1694,-161.96974915635778,60.01536615368428,-161.9660660636929,60.02003739316171
2835,397,19984.896552478036,1.9984896552478035,79,3.964896344505115,87.14357682619648,2194,2211,7153,7229,-161.47567575009205,59.93613474562494,-161.46884855393273,59.937661881607944
4337,397,19984.896552478036,1.9984896552478035,90,4.516970519056461,50.79093198992443,4377,4392,5490,5546,-161.6250655818411,59.74021218215847,-161.62003501625006,59.74155965508466
999,396,19934.556762673306,1.9934556762673306,108,5.4272042023997455,87.36363636363636,727,752,8251,8319,-161.37704073189573,60.067198945577985,-161.37093218796372,60.06944473378828
3730,396,19934.556762673306,1.9934556762673306,103,5.175944748584942,95.04040404040404,3101,3135,14010,14073,-160.8597009597713,59.8531304133723,-160.85404157348134,59.856184685338306
3931,396,19934.556762673306,1.9934556762673306,114,5.728715546977509,76.45454545454545,3631,3648,6127,6197,-161.5678428982427,59.807046839296966,-161.56155469125386,59.80857397527997
1213,395,19884.216972868577,1.9884216972868576,99,4.981230593723613,28.445569620253163,874,895,2167,2199,-161.92357575075403,60.054353037015076,-161.92070114184486,60.056239499111726
2485,395,19884.216972868577,1.9884216972868576,111,5.585016120235567,64.81012658227849,1910,1926,9718,9782,-161.24525787971538,59.96173673122235,-161.23950866189702,59.96317403567694
2544,394,19833.877183063843,1.9833877183063844,163,8.211821366316018,179.58375634517768,1959,1981,2408,2519,-161.90192635240675,59.956795997159695,-161.89195505275302,59.95877229078476
45,394,19833.877183063843,1.9833877183063844,114,5.743237029202613,109.80710659898477,15,31,12275,12363,-161.01555866156602,60.131967477563,-161.00765348706577,60.13340478201759
2110,394,19833.877183063843,1.9833877183063844,127,6.3981675676204555,158.62944162436548,1602,1637,1585,1675,-161.9758577002898,59.9876980429334,-161.96777286273272,59.99084214642782
2143,393,19783.537393259114,1.9783537393259114,106,5.346992686436374,25.44529262086514,1626,1645,12976,13007,-160.95258676014925,59.98697939070611,-160.94980198276846,59.988686189745934
5176,392,19733.197603454384,1.9733197603454384,176,8.889342392059454,98.0,7225,7265,11982,12040,-161.04187929939073,59.48212620103094,-161.03666907074285,59.48571946216742
683,392,19733.197603454384,1.9733197603454384,93,4.69720933216778,66.94897959183673,502,549,7237,7271,-161.46812990170545,60.08543474584561,-161.46507562973943,60.08965682768097
1464,392,19733.197603454384,1.9733197603454384,90,4.545686450484949,52.89795918367347,1053,1091,5129,5163,-161.65749476359784,60.03674605744633,-161.65444049163182,60.04015965552598
374,392,19733.197603454384,1.9733197603454384,205,10.35406358166016,232.66326530612244,299,339,1303,1414,-162.00119019130196,60.10429936681212,-161.99121889164823,60.107892627948594
5057,392,19733.197603454384,1.9733197603454384,119,6.010407640085654,51.43877551020408,6819,6853,9339,9376,-161.27930402898352,59.51913679073666,-161.27598026243228,59.52219106270267
5320,391,19682.857813649654,1.9682857813649655,133,6.726099107741509,159.846547314578,7746,7772,3612,3711,-161.79376919219877,59.43658161612608,-161.78487587088597,59.438917235864785
2183,391,19682.857813649654,1.9682857813649655,106,5.36065041669624,68.78772378516624,1663,1689,4855,4911,-161.6821086023827,59.983026803455985,-161.67707803679164,59.985362423194694
2917,391,19682.857813649654,1.9682857813649655,105,5.310078242953823,51.570332480818415,2259,2278,2541,2593,-161.88997875912796,59.930116033221346,-161.88530751965055,59.93182283226117
5005,391,19682.857813649654,1.9682857813649655,114,5.765227806635579,53.033248081841435,6613,6639,12668,12714,-160.98025487090013,59.53836073781682,-160.97612262059317,59.54069635755553
250,390,19632.518023844925,1.9632518023844925,101,5.114333803772516,84.93333333333334,187,208,5238,5308,-161.64770312700094,60.116067297034085,-161.6414149200121,60.117953759130735
2531,390,19632.518023844925,1.9632518023844925,113,5.721977424022716,50.256410256410255,1950,1975,12364,12409,-161.00756365553735,59.95733498633017,-161.00352123675881,59.95958077454046
2233,390,19632.518023844925,1.9632518023844925,113,5.721977424022716,74.1025641025641,1705,1717,9786,9859,-161.23914933578337,59.98051152066045,-161.2325916342093,59.981589499001394
143,389,19582.17823404019,1.958217823404019,124,6.287049569386083,111.21850899742931,113,151,9584,9650,-161.2572953045226,60.12118769415356,-161.2513664236474,60.12460129223322
2861,389,19582.17823404019,1.958217823404019,82,4.157565037819829,53.30591259640103,2219,2238,527,580,-162.07089945734964,59.93370929435782,-162.0661383863438,59.93541609339765
1917,389,19582.17823404019,1.958217823404019,86,4.360373088445186,57.840616966580974,1435,1459,3560,3611,-161.7984404316762,60.00368805499073,-161.79385902372718,60.00584401167262
5326,388,19531.83844423546,1.953183844423546,90,4.569057743101286,99.01030927835052,7765,7801,13525,13587,-160.90326925105109,59.43397650180213,-160.89769969628955,59.43721043682496
5201,388,19531.83844423546,1.953183844423546,88,4.467523126587924,38.36082474226804,7338,7367,9686,9718,-161.24813248862458,59.47296338513292,-161.24525787971538,59.47556849945686
2946,388,19531.83844423546,1.953183844423546,160,8.122769321068953,54.93814432989691,2277,2298,1568,1620,-161.9773848362728,59.9283194026531,-161.9727135967954,59.93020586474975
3591,387,19481.498654430732,1.9481498654430731,87,4.422458539645535,153.83979328165375,2853,2896,10482,10561,-161.17662659200866,59.87460014866276,-161.1695299012641,59.87846290438447
5020,387,19481.498654430732,1.9481498654430731,116,5.8966113861940475,49.2093023255814,6696,6714,5841,5892,-161.59353471536852,59.53162337318592,-161.5889533074195,59.53324034069734
8,387,19481.498654430732,1.9481498654430731,82,4.1682942557578615,31.266149870801033,0,14,3986,4027,-161.7601722005727,60.133494613546006,-161.7564891079078,60.13475225494377
493,387,19481.498654430732,1.9481498654430731,108,5.489948531973768,49.2093023255814,374,392,15485,15536,-160.72719945536366,60.09953829580628,-160.72261804741464,60.1011552633177
857,386,19431.158864626,1.9431158864626,134,6.820420420694454,76.64248704663213,627,653,5810,5870,-161.5963194927493,60.07609226689077,-161.59092960104456,60.07842788662948
1894,386,19431.158864626,1.9431158864626,108,5.497055264440307,46.51813471502591,1414,1424,14465,14522,-160.81882761434386,60.00683215848515,-160.81370721722436,60.00773047376927
2487,386,19431.158864626,1.9431158864626,109,5.547953924296235,34.86010362694301,1911,1940,2324,2353,-161.90947220079335,59.96047908982458,-161.90686708646942,59.96308420414853
4970,386,19431.158864626,1.9431158864626,171,8.703670835363818,422.83937823834196,6451,6503,9555,9705,-161.25990041884654,59.55057782568085,-161.24642568958475,59.555249065158264
4725,386,19431.158864626,1.9431158864626,83,4.2245887680420875,134.67357512953367,5228,5262,11919,11999,-161.04753868568068,59.662058752440075,-161.04035216340773,59.66511302440608
2390,385,19380.81907482127,1.938081907482127,108,5.504189667526356,64.84155844155845,1834,1855,898,956,-162.0375719603088,59.9681147697396,-162.0323617316609,59.97000123183625
3400,384,19330.47928501654,1.933047928501654,102,5.205165703414254,78.84375,2664,2680,3177,3248,-161.83284590705796,59.89400375879974,-161.8264678685407,59.89544106325433
5130,384,19330.47928501654,1.933047928501654,99,5.052072594490305,33.84375,7044,7061,16299,16339,-160.65407659123633,59.500451832826975,-160.65048333009986,59.50197896880998
1154,384,19330.47928501654,1.933047928501654,124,6.327848502189878,130.66666666666666,829,860,9643,9724,-161.2519952443463,60.05749714050949,-161.2447188905449,60.060281917890265
4060,383,19280.13949521181,1.928013949521181,99,5.058663690045201,63.54046997389034,3968,3990,6190,6246,-161.56218351195275,59.77632445658008,-161.5571529463617,59.77830075020514
5009,383,19280.13949521181,1.928013949521181,107,5.467444594291278,117.34725848563968,6622,6668,4692,4752,-161.69675114151386,59.535755623492875,-161.69136124980915,59.53988787379982
2430,383,19280.13949521181,1.928013949521181,105,5.365249368229758,90.3289817232376,1854,1880,9885,9952,-161.2302560144706,59.9658689815293,-161.224237302067,59.96820460126801
1112,382,19229.79970540708,1.922979970540708,107,5.474596258034164,51.30890052356021,804,832,1890,1932,-161.94845908412415,60.060012423305025,-161.94468615993085,60.06252770610056
2013,382,19229.79970540708,1.922979970540708,130,6.651378631256461,58.90052356020942,1516,1546,6618,6663,-161.52373561779243,59.995872712018894,-161.5196931990139,59.99856765787125
1414,382,19229.79970540708,1.922979970540708,80,4.093156080773206,68.70157068062828,1021,1058,8996,9040,-161.3101162432288,60.039710497883924,-161.30616365597868,60.043034264435164
244,381,19179.459915602347,1.9179459915602346,91,4.662071228164895,102.89763779527559,181,192,10890,10978,-161.13997532841657,60.117504601488676,-161.13207015391632,60.11849274830121
3120,381,19179.459915602347,1.9179459915602346,100,5.123155195785599,111.38057742782152,2431,2459,7760,7835,-161.42114801234598,59.913856526578776,-161.4144106477151,59.91637180937431
2395,381,19179.459915602347,1.9179459915602346,100,5.123155195785599,109.22834645669292,1836,1863,685,760,-162.05670607586055,59.9673961175123,-162.04996871122964,59.96982156877942
2792,381,19179.459915602347,1.9179459915602346,79,4.0472926046706235,40.356955380577425,2162,2184,16293,16333,-160.6546155804068,59.93856019689207,-160.6510223192703,59.94053649051713
1161,380,19129.120125797617,1.9129120125797616,82,4.206511243549132,33.01052631578948,832,852,6163,6199,-161.56460896321988,60.05821579273679,-161.56137502819703,60.060012423305025
5141,380,19129.120125797617,1.9129120125797616,129,6.617560370949245,95.0,7109,7134,16490,16560,-160.63691876930966,59.4938941312529,-160.63063056232082,59.496139919463204
4234,379,19078.780335992888,1.9078780335992886,83,4.2634236245813675,76.2532981530343,4237,4276,11936,11982,-161.04601154969768,59.75063263945426,-161.04187929939073,59.754136069062326
5372,379,19078.780335992888,1.9078780335992886,77,3.955224326418859,33.0976253298153,7917,7946,7915,7942,-161.40722412544213,59.4209509301824,-161.40479867417503,59.42355604450634
3277,379,19078.780335992888,1.9078780335992886,117,6.009886314168915,127.70448548812665,2552,2585,4263,4340,-161.7352888672026,59.90253775399887,-161.72837183951486,59.905502194436465
1449,378,19028.440546188154,1.9028440546188155,80,4.114755998989118,47.5026455026455,1046,1072,1826,1867,-161.95420830194251,60.03845285648616,-161.95052520927763,60.04078847622487
3885,378,19028.440546188154,1.9028440546188155,135,6.943650748294136,89.56613756613757,3463,3484,13769,13840,-160.88135035811857,59.82177920995653,-160.8749723196013,59.82366567205318
4496,378,19028.440546188154,1.9028440546188155,131,6.73791294834468,247.71428571428572,4673,4700,3822,3948,-161.77490457123224,59.71254407140759,-161.76358579865234,59.714969522674714
2285,377,18978.100756383425,1.8978100756383425,90,4.635235823621443,32.09549071618037,1737,1760,3113,3145,-161.83859512487632,59.97664876493874,-161.83572051596715,59.978714890092206
2053,377,18978.100756383425,1.8978100756383425,87,4.480727962834061,36.93368700265252,1549,1563,2441,2486,-161.89896191196917,59.99434557603589,-161.89491949319063,59.995603217433654
3696,377,18978.100756383425,1.8978100756383425,78,4.017204380471917,56.54111405835544,3039,3056,2083,2139,-161.93112159914065,59.860227104116845,-161.92609103354957,59.86175424009985
3711,377,18978.100756383425,1.8978100756383425,92,4.738241064146363,89.80371352785146,3063,3076,967,1046,-162.03137358484838,59.85843047354861,-162.02427689410382,59.85959828341796
4009,376,18927.760966578695,1.8927760966578695,147,7.580946160002131,119.53191489361703,3872,3914,13988,14052,-160.86167725339635,59.78315165273939,-160.855928035578,59.78692457693269
3268,376,18927.760966578695,1.8927760966578695,98,5.053964106668087,39.58510638297872,2541,2555,890,937,-162.0382906125361,59.90523269985123,-162.03406853070075,59.906490341249
3899,376,18927.760966578695,1.8927760966578695,88,4.538253483538691,56.691489361702125,3516,3543,12246,12292,-161.01816377588997,59.81647914978022,-161.01403152558302,59.81890460104734
1132,376,18927.760966578695,1.8927760966578695,137,7.065235536872734,55.148936170212764,812,831,11020,11073,-161.12829722972302,60.06010225483344,-161.1235361587172,60.06180905387326
1318,376,18927.760966578695,1.8927760966578695,81,4.177256047348113,61.4468085106383,951,972,7490,7545,-161.44540252501722,60.04743600932735,-161.44046179095454,60.049322471424006
2630,376,18927.760966578695,1.8927760966578695,118,6.085385352926881,90.04255319148936,2037,2059,3387,3457,-161.81398128609146,59.94978913794356,-161.80769307910262,59.951765431568624
4831,375,18877.421176773965,1.8877421176773965,169,8.727122473454045,94.25066666666666,5643,5701,8476,8512,-161.35682863800304,59.62262271146723,-161.3535947029802,59.62783294011513
3989,375,18877.421176773965,1.8877421176773965,100,5.163977794943222,46.464,3827,3852,2079,2120,-161.93148092525428,59.78872120750093,-161.9277978325894,59.79096699571123
3686,375,18877.421176773965,1.8877421176773965,131,6.764810911375622,38.4,2998,3018,15474,15514,-160.72818760217618,59.8636407021965,-160.7245943410397,59.865437332764735
5204,374,18827.081386969236,1.8827081386969235,111,5.739673358944713,100.63101604278074,7352,7382,15739,15806,-160.704382247147,59.47161591220674,-160.6983635347434,59.4743108580591
1507,374,18827.081386969236,1.8827081386969235,99,5.11916813095069,68.44919786096257,1085,1116,11119,11168,-161.11940390841025,60.034500269236034,-161.11500216351806,60.0372850466168
4316,374,18827.081386969236,1.8827081386969235,83,4.291827826958659,60.160427807486634,4345,4367,14539,14592,-160.81218008124137,59.742457970368775,-160.80741901023552,59.74443426399384
1607,374,18827.081386969236,1.8827081386969235,78,4.03328398196115,32.35294117647059,1167,1188,7289,7323,-161.46345866222802,60.02803239919037,-161.460404390262,60.02991886128702
947,374,18827.081386969236,1.8827081386969235,99,5.11916813095069,37.22994652406417,690,713,116,152,-162.10782021552694,60.070702375186045,-162.10458628050412,60.07276850033952
3122,373,18776.741597164502,1.8776741597164501,94,4.8671355069378786,84.94369973190348,2433,2450,4412,4484,-161.7219039694692,59.91466501033449,-161.71543609942356,59.91619214631749
2622,373,18776.741597164502,1.8776741597164501,77,3.9869088727044324,37.32975871313673,2030,2052,7074,7111,-161.48277244083658,59.95041795864245,-161.47944867428535,59.95239425226751
4991,373,18776.741597164502,1.8776741597164501,76,3.9351308353965826,75.66756032171581,6573,6582,12832,12907,-160.96552250024055,59.5434811349363,-160.95878513560967,59.544289618692005
2733,372,18726.401807359773,1.8726401807359772,115,5.962472244699946,87.09677419354838,2114,2152,6124,6176,-161.56811239282794,59.94143480580125,-161.5634411533505,59.944848403880904
2325,372,18726.401807359773,1.8726401807359772,91,4.718130211023435,89.04301075268818,1769,1808,574,626,-162.06667737551427,59.97233685157496,-162.06200613603684,59.975840281183025
3742,372,18726.401807359773,1.8726401807359772,101,5.236606058388648,45.43010752688172,3128,3144,14374,14423,-160.82700228342932,59.85232192961659,-160.82260053853716,59.853759234071184
188,372,18726.401807359773,1.8726401807359772,92,4.7699777957599565,123.10752688172043,145,204,1087,1135,-162.02059380143893,60.11642662314773,-162.01628188807518,60.121726683324034
3759,371,18676.062017555043,1.8676062017555044,76,3.945723400548854,26.954177897574123,3168,3188,2507,2537,-161.89303303109398,59.84836934236647,-161.8903380852416,59.850165972934704
2288,371,18676.062017555043,1.8676062017555044,107,5.555163208667466,36.26954177897574,1739,1762,1590,1625,-161.97540854264773,59.97646910188191,-161.97226443915332,59.97853522703539
839,371,18676.062017555043,1.8676062017555044,76,3.945723400548854,31.439353099730457,611,638,11288,11315,-161.1042223801086,60.077439739816946,-161.1017969288415,60.07986519108407
5310,371,18676.062017555043,1.8676062017555044,101,5.243658729676766,44.16172506738545,7708,7733,9569,9608,-161.25864277744876,59.44008504573414,-161.2551393478407,59.442330833944446
1170,371,18676.062017555043,1.8676062017555044,83,4.309145292704669,97.30458221024259,838,866,7019,7086,-161.48771317489926,60.05695815133902,-161.48169446249565,60.05947343413455
2910,371,18676.062017555043,1.8676062017555044,83,4.309145292704669,54.350404312668466,2253,2281,6615,6658,-161.52400511237767,59.929846538636106,-161.52014235665595,59.93236182143164
5295,371,18676.062017555043,1.8676062017555044,134,6.956933364125611,157.8544474393531,7634,7700,4017,4072,-161.75738742319191,59.44304948617174,-161.75244668912927,59.44897836704693
2503,371,18676.062017555043,1.8676062017555044,78,4.049558226879087,81.60646900269542,1923,1948,12384,12446,-161.00576702496912,59.95976043759729,-161.00019747020758,59.962006225807585
1903,371,18676.062017555043,1.8676062017555044,100,5.19174131651165,89.28301886792453,1424,1450,5549,5614,-161.61976552166482,60.00449653874644,-161.61392647231804,60.00683215848515
4980,370,18625.72222775031,1.862572222775031,78,4.055026910298284,57.61081081081081,6493,6513,4523,4576,-161.71193266981547,59.54967951039673,-161.70717159880965,59.551476140964965
4673,370,18625.72222775031,1.862572222775031,93,4.834839777663339,45.67567567567568,5035,5064,15686,15722,-160.70914331815285,59.67984539506564,-160.70590938313003,59.68245050938959
2089,370,18625.72222775031,1.862572222775031,87,4.522914630717317,35.12432432432433,1581,1602,2300,2336,-161.91162815747523,59.99084214642782,-161.90839422245242,59.99272860852447
5303,369,18575.38243794558,1.857538243794558,100,5.2057920629535355,80.17344173441734,7676,7696,9169,9235,-161.29457538881354,59.443408812285384,-161.28864650793835,59.44520544285363
3917,369,18575.38243794558,1.857538243794558,82,4.268749491621899,40.33604336043361,3593,3615,10622,10661,-161.16405017803098,59.81001127973456,-161.16054674842292,59.81198757335962
2931,368,18525.04264814085,1.852504264814085,106,5.525631972512482,106.53260869565217,2269,2301,3814,3881,-161.77562322345955,59.92804990806787,-161.76960451105595,59.93092451697705
576,368,18525.04264814085,1.852504264814085,141,7.350133095511886,192.27173913043478,430,478,75,160,-162.11150330819183,60.09181278436286,-162.10386762827682,60.09612469772663
3955,367,18474.70285833612,1.847470285833612,120,6.263949011662567,39.237057220708444,3728,3749,13710,13749,-160.88665041829486,59.79797385492736,-160.8831469886868,59.79986031702401
705,367,18474.70285833612,1.847470285833612,83,4.332564733066609,69.75476839237058,518,553,5432,5477,-161.63027581048902,60.08507541973196,-161.62623339171049,60.08821952322638
1437,367,18474.70285833612,1.847470285833612,83,4.332564733066609,31.78201634877384,1039,1060,7628,7661,-161.43300577409636,60.0395308348271,-161.43004133365878,60.041417296923754
61,366,18424.36306853139,1.842436306853139,95,4.965729548148508,170.76502732240436,35,88,5588,5660,-161.61626209205676,60.12684708044352,-161.6097942220111,60.13160815144935
3125,366,18424.36306853139,1.842436306853139,100,5.227083734893167,29.55191256830601,2434,2462,16041,16065,-160.6772531255666,59.91358703199354,-160.67509716888472,59.91610231478908
4300,365,18374.023278726658,1.8374023278726657,99,5.181896833643116,130.2027397260274,4329,4351,14435,14522,-160.8215225601962,59.743895274823366,-160.81370721722436,59.74587156844843
672,364,18323.683488921928,1.832368348892193,137,7.180751131545141,87.04395604395604,496,506,9704,9783,-161.24651552111314,60.08929750156732,-161.2394188303686,60.09019581685144
4200,364,18323.683488921928,1.832368348892193,111,5.817980843806647,58.56043956043956,4198,4213,5000,5058,-161.66908303076298,59.756292025744216,-161.6638728021151,59.75763949867039
5165,364,18323.683488921928,1.832368348892193,99,5.189009941773496,107.7032967032967,7167,7184,10825,10907,-161.14581437776334,59.4894025548323,-161.13844819243357,59.49092969081531
2743,364,18323.683488921928,1.832368348892193,113,5.922809327478839,60.175824175824175,2120,2139,871,926,-162.03999741157594,59.9426026156706,-162.03505667751327,59.94430941471043
2399,364,18323.683488921928,1.832368348892193,127,6.656608713184181,97.0989010989011,1837,1852,3597,3676,-161.79511666512494,59.96838426432483,-161.7880199743804,59.96973173725102
4973,363,18273.3436991172,1.82733436991172,117,6.140907408653293,50.95316804407714,6462,6486,15073,15117,-160.76421004506938,59.55210496166385,-160.76025745781925,59.55426091834573
2490,363,18273.3436991172,1.82733436991172,95,4.9862068702740405,48.0,1912,1938,9469,9509,-161.26762593028997,59.96065875288141,-161.2640326691535,59.962994372620116
3283,363,18273.3436991172,1.82733436991172,106,5.563557139463667,53.99449035812672,2558,2592,14528,14564,-160.81316822805388,59.90190893329999,-160.80993429303106,59.90496320526599
3345,363,18273.3436991172,1.82733436991172,110,5.773502691896258,58.72176308539945,2613,2646,14035,14075,-160.85745517156099,59.89705803076574,-160.8538619104245,59.900022471203336
824,363,18273.3436991172,1.82733436991172,158,8.292849321087353,271.6143250688705,601,666,1416,1508,-161.9910392285914,60.07492445702141,-161.9827747279775,60.080763506368186
769,362,18223.003909312465,1.8223003909312465,75,3.9419124842072755,48.13259668508287,560,575,5315,5366,-161.6407860993132,60.083099126106895,-161.6362046913642,60.08444659903308
332,362,18223.003909312465,1.8223003909312465,108,5.676353977258477,67.22651933701657,267,281,12393,12457,-161.00495854121343,60.10950959546001,-160.99920932339504,60.110767236857775
3664,362,18223.003909312465,1.8223003909312465,77,4.047030150452803,52.607734806629836,2968,2991,14440,14486,-160.82107340255413,59.86606615346362,-160.8169411522472,59.8681322786171
5143,362,18223.003909312465,1.8223003909312465,90,4.730294981048731,43.85635359116022,7114,7140,10523,10560,-161.17294349934377,59.49335514208243,-161.1696197327925,59.495690761821145
5179,362,18223.003909312465,1.8223003909312465,97,5.098206812908076,63.8232044198895,7231,7246,7817,7878,-161.4160276152265,59.48383300007077,-161.4105478919934,59.485180472996944
4717,362,18223.003909312465,1.8223003909312465,135,7.0954424715730955,126.50828729281768,5202,5235,3227,3301,-161.82835433063735,59.664484203707204,-161.8217067975349,59.6674486441448
2756,362,18223.003909312465,1.8223003909312465,88,4.625177314803203,77.96685082872928,2131,2147,5132,5200,-161.6572252690126,59.94188396344331,-161.65111672508058,59.9433212678979
3848,361,18172.664119507735,1.8172664119507735,170,8.947368421052632,379.22437673130196,3379,3410,6746,6900,-161.5122371821557,59.82842674305901,-161.49840312678026,59.83121152043979
4634,360,18122.324329703006,1.8122324329703006,79,4.163665585888366,90.0,4984,5009,16163,16228,-160.66629367910036,59.6847861291283,-160.6604546297536,59.6870319173386
4510,360,18122.324329703006,1.8122324329703006,120,6.324555320336758,49.87777777777778,4706,4725,16437,16485,-160.64167984031548,59.7102982831973,-160.6373679269517,59.71200508223712
737,360,18122.324329703006,1.8122324329703006,92,4.8488257455915145,38.67777777777778,538,566,11219,11250,-161.11042075556904,60.08390760986261,-161.10763597818828,60.08642289265814
5336,360,18122.324329703006,1.8122324329703006,115,6.061032181989393,72.9,7789,7803,15362,15429,-160.73824873335832,59.43379683874531,-160.73223002095472,59.43505448014307
1884,359,18071.984539898276,1.8071984539898276,80,4.222238511754076,57.760445682451255,1403,1436,7426,7465,-161.45115174283558,60.00575418014421,-161.44764831322752,60.0087186205818
1747,359,18071.984539898276,1.8071984539898276,95,5.013908232707966,109.2033426183844,1290,1322,9467,9534,-161.2678055933468,60.01599497438317,-161.2617868809432,60.01886958329235
2571,358,18021.644750093546,1.8021644750093546,101,5.338015868075068,98.72625698324022,1978,2017,7342,7397,-161.45869759122218,59.95356206213686,-161.45375685715953,59.95706549174493
2042,358,18021.644750093546,1.8021644750093546,76,4.016724811620843,33.798882681564244,1540,1560,1177,1212,-162.01250896388186,59.99461507062112,-162.00936486038745,59.996411701189366
3161,358,18021.644750093546,1.8021644750093546,79,4.175279738395351,47.20670391061452,2461,2485,7149,7190,-161.4760350762057,59.91152090684007,-161.4723519835408,59.91367686352196
3296,357,17971.304960288813,1.7971304960288814,123,6.509850325507046,40.33613445378151,2574,2596,16041,16079,-160.6772531255666,59.90154960718634,-160.67383952748696,59.9035259008114
4277,357,17971.304960288813,1.7971304960288814,92,4.869156341029661,79.05882352941177,4287,4309,14105,14167,-160.85116696457214,59.747668199016665,-160.8455974098106,59.74964449264173
4607,356,17920.965170484084,1.7920965170484084,90,4.7699904600286205,48.943820224719104,4939,4964,14755,14796,-160.7927764711044,59.68882854790684,-160.7890933784395,59.69107433611714
3857,356,17920.965170484084,1.7920965170484084,93,4.9289901420295745,68.35955056179775,3406,3445,12482,12521,-160.99696353518476,59.82528263956459,-160.99346010557667,59.82878606917266
846,356,17920.965170484084,1.7920965170484084,95,5.034989930030211,83.10112359550561,617,639,4945,5009,-161.67402376482562,60.07734990828853,-161.66827454700726,60.079326201913595
2586,355,17870.625380679354,1.7870625380679355,97,5.14822545661247,63.38028169014085,1997,2024,4271,4319,-161.7345702149753,59.952933241437975,-161.7302583016115,59.955358692705104
915,355,17870.625380679354,1.7870625380679355,84,4.458257096447912,52.10140845070423,666,689,9936,9981,-161.22567460652158,60.072858331867934,-161.22163218774304,60.07492445702141
1819,355,17870.625380679354,1.7870625380679355,132,7.005832580132433,65.08169014084507,1347,1384,9685,9724,-161.248222320153,60.010425419621626,-161.2447188905449,60.01374918617287
5329,355,17870.625380679354,1.7870625380679355,84,4.458257096447912,40.563380281690144,7773,7789,9022,9066,-161.30778062349012,59.43505448014307,-161.30382803624,59.43649178459766
4552,355,17870.625380679354,1.7870625380679355,95,5.042076478125614,34.08450704225352,4802,4826,15542,15573,-160.72207905824416,59.70122529882769,-160.7192942808634,59.703381255509576
3247,354,17820.28559087462,1.782028559087462,110,5.846434037980073,55.367231638418076,2524,2542,5624,5676,-161.6130281570339,59.90640050972059,-161.6083569175565,59.908017477232
2773,354,17820.28559087462,1.782028559087462,108,5.740135237289526,91.52542372881356,2145,2181,3757,3811,-161.78074362057905,59.9388296914773,-161.7758927180448,59.94206362650013
1039,354,17820.28559087462,1.782028559087462,75,3.9862050258955044,34.18079096045198,756,780,14205,14236,-160.84218381173096,60.06468366278245,-160.83939903435018,60.06683961946433
4950,353,17769.94580106989,1.776994580106989,174,9.26108554017488,200.44192634560906,6327,6356,10178,10282,-161.2039353766459,59.5637830603574,-161.19459289769105,59.56638817468135
26,353,17769.94580106989,1.776994580106989,85,4.5240935110049705,67.1841359773371,0,18,9817,9876,-161.2363645584026,60.13313528743235,-161.2310644982263,60.13475225494377
1128,353,17769.94580106989,1.776994580106989,109,5.801484619994609,49.359773371104815,811,838,2827,2866,-161.86428694200214,60.05947343413455,-161.86078351239408,60.061898885401675
4665,352,17719.60601126516,1.771960601126516,111,5.916319878868189,58.90909090909091,5023,5064,16080,16111,-160.67374969595855,59.67984539506564,-160.67096491857777,59.683528487730534
2834,352,17719.60601126516,1.771960601126516,129,6.875723102468436,70.92045454545455,2194,2214,4846,4905,-161.68291708613842,59.93586525103971,-161.67761702596212,59.937661881607944
1134,352,17719.60601126516,1.771960601126516,93,4.956916655267943,35.63636363636363,813,836,2028,2061,-161.9360623332033,60.05965309719138,-161.93309789276572,60.061719222344855
2186,351,17669.26622146043,1.7669266221460431,133,7.099014818692197,43.806267806267805,1665,1682,12683,12728,-160.97890739797396,59.98365562415486,-160.97486497919542,59.98518276013787
4513,351,17669.26622146043,1.7669266221460431,127,6.778758511082023,76.62678062678063,4711,4726,4855,4922,-161.6821086023827,59.71020845166888,-161.6760898899791,59.71155592459506
5175,351,17669.26622146043,1.7669266221460431,82,4.376836204005715,39.66951566951567,7224,7244,4841,4880,-161.68336624378048,59.48401266312759,-161.67986281417242,59.48580929369583
3033,351,17669.26622146043,1.7669266221460431,76,4.056579896395541,46.67806267806268,2362,2386,1676,1716,-161.9676830312043,59.92041422815285,-161.96408977006783,59.92257018483474
4364,351,17669.26622146043,1.7669266221460431,103,5.4977332806413255,135.3960113960114,4410,4433,4208,4294,-161.74022960126524,59.73652908949359,-161.73250408982182,59.73859521464706
4876,350,17618.926431655702,1.7618926431655701,89,4.757250106041154,56.0,5849,5876,4487,4530,-161.71516660483832,59.60690219399514,-161.7113038491166,59.60932764526226
4348,350,17618.926431655702,1.7618926431655701,92,4.917606851188609,49.78285714285714,4394,4424,6347,6383,-161.54807996199207,59.73733757324929,-161.54484602696925,59.74003251910165
5208,350,17618.926431655702,1.7618926431655701,84,4.48998886412873,64.28571428571429,7368,7385,16142,16200,-160.668180141197,59.471346417621504,-160.6629699125491,59.47287355360451
4504,350,17618.926431655702,1.7618926431655701,106,5.665938328543397,64.28571428571429,4688,4706,5723,5780,-161.60413483572114,59.71200508223712,-161.59901443860164,59.71362204974854
762,350,17618.926431655702,1.7618926431655701,100,5.3452248382484875,133.30285714285714,556,588,8021,8097,-161.39770198343047,60.081931316237544,-161.39087478727117,60.084805925146725
3373,349,17568.58664185097,1.756858664185097,102,5.45993482123633,49.92550143266476,2636,2652,13359,13409,-160.91818128476746,59.896519041595276,-160.91368970834688,59.89795634604987
941,349,17568.58664185097,1.756858664185097,98,5.2458197302074545,69.73065902578797,685,706,3325,3382,-161.819550840853,60.07133119588493,-161.81443044373353,60.07321765798158
1429,349,17568.58664185097,1.756858664185097,113,6.048751321565738,73.35243553008596,1031,1080,9719,9750,-161.24516804818697,60.03773420425886,-161.24238327080622,60.042135949151046
3212,347,17467.90706224151,1.746790706224151,81,4.348307829469654,59.757925072046106,2495,2551,276,292,-162.09344717098105,59.90559202596488,-162.09200986652644,59.91062259155595
758,347,17467.90706224151,1.746790706224151,84,4.509356267598159,131.97694524495677,553,579,6523,6604,-161.53226961299157,60.08273979999325,-161.5249932591902,60.08507541973196
2219,347,17467.90706224151,1.746790706224151,89,4.7777703311456685,119.93083573487031,1691,1719,3533,3607,-161.8008658829433,59.98033185760362,-161.79421834984083,59.98284714039916
5404,346,17417.567272436776,1.7417567272436776,88,4.730909309020139,45.884393063583815,7979,8003,8110,8149,-161.3897069774018,59.415830533062916,-161.38620354779374,59.417986489744806
5392,346,17417.567272436776,1.7417567272436776,78,4.1933059784496685,70.33526011560694,7960,7985,8054,8107,-161.39473754299289,59.41744750057433,-161.38997647198704,59.41969328878463
751,346,17417.567272436776,1.7417567272436776,164,8.816694621355714,169.2601156069364,549,581,1320,1409,-161.99966305531896,60.08256013693642,-161.9916680492903,60.08543474584561
2572,346,17417.567272436776,1.7417567272436776,154,8.279091290785242,213.82658959537574,1980,2026,459,549,-162.07700800128165,59.952753578381156,-162.06892316372458,59.95688582868811
1374,345,17367.227482632046,1.7367227482632046,88,4.737760738111857,53.61159420289855,990,1032,10536,10562,-161.1717756894744,60.04204611762263,-161.16944006973569,60.04581904181594
1091,345,17367.227482632046,1.7367227482632046,137,7.375832058196868,100.27826086956522,787,808,6966,7038,-161.49247424590507,60.062168379986915,-161.4860063758594,60.064054842083564
4249,345,17367.227482632046,1.7367227482632046,103,5.545333591199105,127.82608695652173,4257,4275,3367,3454,-161.8157779166597,59.75072247098267,-161.80796257368786,59.75233943849409
5352,345,17367.227482632046,1.7367227482632046,84,4.522407977288591,58.446376811594206,7823,7849,5076,5121,-161.66225583460366,59.42966458843836,-161.65821341582512,59.432000208177065
4350,345,17367.227482632046,1.7367227482632046,79,4.253217026259508,66.96811594202899,4396,4429,14370,14413,-160.82736160954298,59.73688841560723,-160.82349885382126,59.73985285604483
4108,345,17367.227482632046,1.7367227482632046,90,4.845437118523489,65.21739130434783,4054,4078,4322,4373,-161.72998880702627,59.768419282079826,-161.72540739907726,59.770575238761715
3690,345,17367.227482632046,1.7367227482632046,108,5.814524542228187,111.35072463768115,3010,3057,4912,4963,-161.67698820526323,59.86013727258843,-161.6724067973142,59.8643593544238
3486,345,17367.227482632046,1.7367227482632046,104,5.599171781404921,85.75072463768116,2738,2769,10305,10360,-161.19252677253758,59.886008752771076,-161.1875860384749,59.888793530151844
1911,344,17316.887692827317,1.7316887692827316,88,4.74464202095129,61.96511627906977,1430,1459,14405,14449,-160.82421750604857,60.00368805499073,-160.82026491879844,60.00629316931468
387,344,17316.887692827317,1.7316887692827316,164,8.84228740268195,173.06976744186048,306,323,5615,5720,-161.61383664078963,60.10573667126671,-161.60440433030638,60.107263807249716
4213,344,17316.887692827317,1.7316887692827316,126,6.79346471181662,125.76744186046511,4207,4219,10321,10413,-161.19108946808296,59.75575303657374,-161.1828249674691,59.75683101491469
2516,344,17316.887692827317,1.7316887692827316,98,5.283805886968482,82.04651162790698,1937,1964,8547,8604,-161.35045059948578,59.9583231331427,-161.3453302023663,59.96074858440982
4765,344,17316.887692827317,1.7316887692827316,149,8.033541603656161,164.6627906976744,5416,5446,4895,4984,-161.67851534124623,59.64552975121228,-161.67052033521756,59.648224697064634
3153,344,17316.887692827317,1.7316887692827316,129,6.955213871621778,178.7906976744186,2454,2482,9515,9611,-161.26349367998301,59.91179040142531,-161.25486985325546,59.91430568422084
3869,342,17216.208113217857,1.7216208113217857,76,4.109609335312651,65.78947368421052,3440,3455,3188,3248,-161.83185776024544,59.82438432428047,-161.8264678685407,59.82573179720666
1784,342,17216.208113217857,1.7216208113217857,92,4.974790248010051,67.55555555555556,1317,1349,10234,10278,-161.19890481105483,60.01356952311605,-161.1949522238047,60.01644413202523
1369,342,17216.208113217857,1.7216208113217857,145,7.8407020213201895,138.95906432748538,986,1010,11218,11303,-161.11051058709745,60.044022411247695,-161.10287490718244,60.046178367929585
3244,342,17216.208113217857,1.7216208113217857,97,5.245159283227989,171.23976608187135,2520,2550,3883,3974,-161.76942484799912,59.90568185749329,-161.76125017891363,59.908376803345654
2316,341,17165.868323413124,1.7165868323413125,80,4.332242888591058,57.47800586510264,1763,1775,14979,15037,-160.7726542087401,59.97530129201255,-160.76744398009222,59.9763792703535
15,340,17115.528533608394,1.7115528533608395,98,5.314796216557077,85.0,0,8,4893,4970,-161.67869500430305,60.13403360271647,-161.67177797661535,60.13475225494377
4693,339,17065.188743803665,1.7065188743803665,116,6.300255180485394,79.33923303834808,5076,5102,4867,4923,-161.68103062404177,59.67643179698599,-161.67600005845068,59.6787674167247
2919,339,17065.188743803665,1.7065188743803665,77,4.182065938770477,34.4070796460177,2259,2276,6745,6782,-161.51232701368411,59.930295696278165,-161.50900324713288,59.93182283226117
1335,339,17065.188743803665,1.7065188743803665,72,3.910503215473693,34.4070796460177,961,980,8340,8375,-161.36904572586707,60.04671735710006,-161.36590162237263,60.04842415613988
4454,338,17014.84895399893,1.7014848953998931,87,4.732176151017664,66.5680473372781,4572,4592,5123,5178,-161.65803375276832,59.72224587647609,-161.65309301870565,59.724042507044324
2882,338,17014.84895399893,1.7014848953998931,87,4.732176151017664,66.5680473372781,2239,2254,1661,1721,-161.96903050413047,59.93227198990323,-161.96364061242576,59.93361946282941
5339,338,17014.84895399893,1.7014848953998931,106,5.765639908136465,156.50887573964496,7795,7807,9006,9109,-161.3092179279447,59.433437512631656,-161.29996528051825,59.4345154909726
3208,338,17014.84895399893,1.7014848953998931,115,6.255175372034843,123.12426035502959,2490,2518,10733,10807,-161.15407887837725,59.90855646640247,-161.14743134527478,59.91107174919801
1799,337,16964.5091641942,1.6964509164194201,93,5.066032809536443,44.166172106824924,1332,1357,10709,10745,-161.15623483505914,60.01285087088875,-161.15300090003632,60.01509665909905
784,337,16964.5091641942,1.6964509164194201,119,6.482343057363836,68.55786350148368,577,602,5023,5074,-161.6670169056095,60.08067367483977,-161.66243549766048,60.082919463050075
687,337,16964.5091641942,1.6964509164194201,78,4.248930743482178,107.12166172106825,505,533,5660,5727,-161.6097942220111,60.0868720503002,-161.6037755096075,60.089387333095736
5108,337,16964.5091641942,1.6964509164194201,83,4.5212980988336,37.22255192878338,6961,6981,12760,12796,-160.97199037028622,59.507638355099935,-160.9687564352634,59.50943498566817
2420,336,16914.169374389472,1.6914169374389472,77,4.200694387042853,107.44047619047619,1848,1883,16425,16485,-160.64275781865643,59.965599486944065,-160.6373679269517,59.968743590438486
4730,336,16914.169374389472,1.6914169374389472,75,4.091585441924857,76.19047619047619,5259,5290,2943,2992,-161.85386648470637,59.65954346964454,-161.84946473981418,59.662328247025314
4257,336,16914.169374389472,1.6914169374389472,98,5.346338310781814,74.29761904761905,4260,4271,12300,12368,-161.01331287335572,59.75108179709632,-161.0072043294237,59.75206994390885
3564,335,16863.829584584742,1.6863829584584742,106,5.7913986659064225,72.64477611940299,2816,2841,6290,6343,-161.55320035911157,59.879540882725415,-161.54843928810573,59.88178667093571
4699,335,16863.829584584742,1.6863829584584742,90,4.917225282373377,72.64477611940299,5101,5132,3524,3571,-161.80167436669902,59.67373685113363,-161.79745228486365,59.6765216285144
3870,335,16863.829584584742,1.6863829584584742,104,5.6821269929647915,90.37611940298507,3440,3459,12878,12946,-160.96139024993363,59.82402499816683,-160.9552817060016,59.82573179720666
3304,335,16863.829584584742,1.6863829584584742,93,5.081132791785824,41.56417910447761,2577,2589,15693,15740,-160.70851449745396,59.902178427885225,-160.7042924156186,59.90325640622617
664,335,16863.829584584742,1.6863829584584742,130,7.10265874120599,103.27164179104477,489,500,9444,9526,-161.26987171850027,60.089836490737795,-161.26250553317047,60.09082463755033
3681,334,16813.489794780013,1.6813489794780012,73,3.994382282701454,63.82035928143713,2991,3013,16132,16183,-160.66907845648112,59.86408985983856,-160.66449704853213,59.86606615346362
1164,334,16813.489794780013,1.6813489794780012,91,4.979298461997703,67.36526946107784,835,866,1077,1121,-162.02149211672307,60.05695815133902,-162.01753952947294,60.05974292871979
418,334,16813.489794780013,1.6813489794780012,97,5.307603855096453,58.68263473053892,326,346,12352,12402,-161.0086416338783,60.103670546113236,-161.0041500574577,60.10546717668147
5292,334,16813.489794780013,1.6813489794780012,131,7.168001082656034,76.64670658682634,7629,7658,16273,16324,-160.65641221097505,59.44682241036504,-160.65183080302603,59.449427524688986
4946,334,16813.489794780013,1.6813489794780012,73,3.994382282701454,40.287425149700596,6287,6307,14816,14854,-160.78729674787127,59.56818480524959,-160.7838831497916,59.56998143581783
3909,334,16813.489794780013,1.6813489794780012,128,7.003848386106659,88.57485029940119,3558,3576,9514,9582,-161.26358351151143,59.81351470934263,-161.2574749675794,59.815131676854044
3096,333,16763.15000497528,1.676315000497528,96,5.260767593771433,71.21921921921921,2414,2443,1231,1279,-162.00765806134763,59.915293831033374,-162.00334614798385,59.917898945357315
2330,333,16763.15000497528,1.676315000497528,106,5.808764218122624,106.13813813813813,1773,1805,659,721,-162.05904169559926,59.9726063461602,-162.05347214083773,59.97548095506938
2340,333,16763.15000497528,1.676315000497528,84,4.603171644550004,106.13813813813813,1777,1808,13469,13532,-160.90829981664214,59.97233685157496,-160.9026404303522,59.97512162895573
5071,333,16763.15000497528,1.676315000497528,101,5.534765905947029,35.027027027027025,6860,6882,9924,9956,-161.2267525848625,59.51653167641272,-161.22387797595334,59.51850797003778
1046,332,16712.81021517055,1.671281021517055,82,4.500334659577304,40.53012048192771,762,779,10268,10309,-161.1958505390888,60.064773494310856,-161.19216744642392,60.06630063029386
3305,332,16712.81021517055,1.671281021517055,152,8.342083759216466,185.25301204819277,2578,2608,11542,11636,-161.081405171892,59.9004716288454,-161.07296100822126,59.90316657469776
2151,332,16712.81021517055,1.671281021517055,78,4.2808061395979236,43.373493975903614,1634,1667,10849,10876,-161.14365842108145,59.98500309708105,-161.14123296981435,59.98796753751864
1073,331,16662.47042536582,1.666247042536582,112,6.156076751208302,79.2870090634441,771,801,11081,11132,-161.1228175064899,60.06279720068579,-161.11823609854088,60.065492146538155
4982,330,16612.130635561087,1.6612130635561086,106,5.835107955169711,126.10909090909091,6507,6540,7085,7154,-161.48178429402407,59.5472540591296,-161.47558591856364,59.550218499567194
1071,330,16612.130635561087,1.6612130635561086,106,5.835107955169711,40.775757575757574,771,793,6526,6562,-161.53200011840633,60.06351585291309,-161.5287661833835,60.065492146538155
3879,329,16561.790845756357,1.6561790845756357,86,4.741333479211753,75.87841945288754,3456,3473,3143,3205,-161.83590017902398,59.82276735676906,-161.83033062426242,59.82429449275206
542,329,16561.790845756357,1.6561790845756357,99,5.458046679557715,147.11246200607903,407,433,1306,1390,-162.00092069671672,60.0958552031414,-161.99337484833012,60.098190822880106
3882,329,16561.790845756357,1.6561790845756357,117,6.450418803113664,114.3951367781155,3457,3503,12184,12235,-161.0237333306515,59.8200724109167,-161.0191519227025,59.82420466122365
3057,328,16511.451055951627,1.6511451055951627,78,4.306829516919015,29.28048780487805,2383,2406,2351,2377,-161.90704674952624,59.918617597584614,-161.90471112978753,59.92068372273809
2095,328,16511.451055951627,1.6511451055951627,79,4.362045279956438,56.390243902439025,1585,1614,13942,13981,-160.8658095037033,59.98976416808688,-160.86230607409524,59.99236928241083
341,327,16461.111266146898,1.6461111266146897,83,4.5899104879574475,78.2874617737003,274,292,3333,3395,-161.8188321886257,60.10852144864748,-161.81326263386416,60.1101384161589
723,327,16461.111266146898,1.6461111266146897,88,4.866411119762113,65.18654434250764,531,543,12459,12520,-160.99902966033824,60.08597373501608,-160.9935499371051,60.08705171335702
2734,327,16461.111266146898,1.6461111266146897,74,4.09220935070905,30.581039755351682,2114,2140,6429,6453,-161.5407137766623,59.942512784142195,-161.5385578199804,59.944848403880904
4190,327,16461.111266146898,1.6461111266146897,97,5.364112257010511,78.2874617737003,4176,4198,6107,6165,-161.56963952881094,59.75763949867039,-161.56442930016306,59.759615792295456
3817,327,16461.111266146898,1.6461111266146897,148,8.1844187014181,264.3302752293578,3295,3315,5981,6108,-161.58095830139084,59.83696073825815,-161.56954969728253,59.838757368826386
1237,326,16410.771476342168,1.6410771476342167,96,5.316948245968429,31.914110429447852,893,911,10279,10312,-161.1948623922763,60.05291573256048,-161.19189795183868,60.054532700071896
5368,326,16410.771476342168,1.6410771476342167,92,5.095408735719744,25.96319018404908,7900,7919,16798,16825,-160.60925065855875,59.42337638144952,-160.60682520729165,59.425083180489345
4672,326,16410.771476342168,1.6410771476342167,85,4.707714592784546,61.852760736196316,5031,5059,4434,4477,-161.71992767584413,59.68029455270771,-161.71606492012242,59.682809835503235
2681,326,16410.771476342168,1.6410771476342167,92,5.095408735719744,42.71165644171779,2073,2096,4230,4266,-161.73825330764018,59.94646537139232,-161.73501937261736,59.94853149654579
2970,326,16410.771476342168,1.6410771476342167,72,3.9877111844763213,48.69938650306749,2302,2322,6632,6675,-161.52247797639467,59.92616344597122,-161.51861522067296,59.927960076539456
3394,326,16410.771476342168,1.6410771476342167,80,4.4307902049736905,28.26993865030675,2657,2682,11486,11509,-161.08643573748304,59.893824095742914,-161.08436961232957,59.89606988395321
1092,325,16360.431686537435,1.6360431686537436,92,5.103241805272108,47.31076923076923,788,813,81,118,-162.11096431902138,60.061719222344855,-162.10764055247012,60.06396501055515
1067,324,16310.091896732705,1.6310091896732706,94,5.222222222222222,69.44444444444444,770,800,9014,9059,-161.3084992757174,60.062887032214206,-161.30445685693886,60.06558197806657
746,324,16310.091896732705,1.6310091896732706,99,5.5,89.19753086419753,544,555,9512,9586,-161.26376317456825,60.08489575667514,-161.25711564146576,60.08588390348767
2125,323,16259.752106927976,1.6259752106927976,101,5.619790329154038,52.3219814241486,1614,1651,2907,2935,-161.8571004197292,59.98644040153564,-161.85458513693365,59.98976416808688
3054,323,16259.752106927976,1.6259752106927976,121,6.732620097303353,181.312693498452,2380,2409,9250,9342,-161.28729903501218,59.918348102999374,-161.27903453439828,59.92095321732332
2353,323,16259.752106927976,1.6259752106927976,90,5.007733956671915,33.48606811145511,1795,1812,7085,7120,-161.48178429402407,59.97197752546131,-161.47864019052963,59.973504661444316
4088,323,16259.752106927976,1.6259752106927976,75,4.173111630559929,75.343653250774,4020,4035,3713,3776,-161.78469620782917,59.772282037801546,-161.7790368215392,59.77362951072772
178,322,16209.412317123244,1.6209412317123244,106,5.907149053298739,161.44099378881987,142,181,217,292,-162.09874723115735,60.11849274830121,-162.09200986652644,60.121996177909274
5238,322,16209.412317123244,1.6209412317123244,88,4.904048270663105,49.30434782608695,7470,7487,3554,3600,-161.79897942084665,59.46218360172348,-161.7948471705397,59.463710737706485
622,321,16159.072527318513,1.6159072527318512,100,5.581455721859476,51.0404984423676,461,477,1972,2020,-161.94109289879438,60.09190261589127,-161.9367809854306,60.09333992034586
966,321,16159.072527318513,1.6159072527318512,93,5.190753821329313,83.78816199376946,703,717,10521,10589,-161.1731231624006,60.0703430490724,-161.16701461846858,60.07160069047017
3109,321,16159.072527318513,1.6159072527318512,79,4.409350020268986,52.64797507788162,2423,2439,1602,1651,-161.9743305643068,59.91565315714702,-161.9699288194146,59.91709046160161
874,320,16108.732737513783,1.6108732737513782,74,4.13672575837461,27.6125,640,659,7895,7923,-161.40902075601036,60.075553277720296,-161.40650547321485,60.07726007676012
2663,320,16108.732737513783,1.6108732737513782,98,5.4783665448744845,92.45,2060,2074,1768,1840,-161.9594185305904,59.948441665017384,-161.95295066054476,59.94969930641515
2301,320,16108.732737513783,1.6108732737513782,133,7.4349260251868,266.45,1748,1801,1011,1104,-162.02742099759826,59.972965672273844,-162.01906666545594,59.977726743279675
1579,320,16108.732737513783,1.6108732737513782,73,4.080824058937116,74.1125,1139,1171,4008,4053,-161.75819590694763,60.02955953517338,-161.7541534881691,60.03243414408256
4135,320,16108.732737513783,1.6108732737513782,79,4.416234255562085,110.45,4090,4127,14723,14780,-160.79565108001356,59.76401753718764,-160.7905306828941,59.76734130373889
2940,320,16108.732737513783,1.6108732737513782,72,4.024922359499621,33.8,2275,2291,6296,6332,-161.5526613699411,59.92894822335199,-161.54942743491824,59.93038552780658
5272,319,16058.392947709053,1.6058392947709053,104,5.822882113940885,157.29153605015674,7585,7610,4371,4458,-161.72558706213408,59.451134323728816,-161.71777171916224,59.45338011193911
314,319,16058.392947709053,1.6058392947709053,100,5.598925109558543,143.56112852664577,248,269,865,951,-162.0405364007464,60.110587573800956,-162.03281088930297,60.112474035897606
182,319,16058.392947709053,1.6058392947709053,101,5.654914360654129,70.53291536050156,142,168,7936,7985,-161.40533766334548,60.119660558170565,-161.40093591845329,60.121996177909274
3703,319,16058.392947709053,1.6058392947709053,83,4.647107840933591,65.00313479623824,3053,3080,3682,3727,-161.78748098520992,59.858071147434956,-161.78343856643139,59.86049659870208
3762,319,16058.392947709053,1.6058392947709053,113,6.326785373801154,90.59561128526646,3171,3200,15694,15750,-160.70842466592555,59.84729136402552,-160.7033941003345,59.84989647834947
2337,318,16008.053157904322,1.6008053157904323,87,4.878717740600785,26.61635220125786,1776,1795,12235,12262,-161.0191519227025,59.973504661444316,-161.0167264714354,59.97521146048414
4668,318,16008.053157904322,1.6008053157904323,83,4.6544088789639675,74.57861635220125,5026,5033,15824,15894,-160.696746567232,59.682630172446416,-160.69045836024316,59.6832589931453
1241,318,16008.053157904322,1.6008053157904323,79,4.43010001732715,40.867924528301884,894,910,10375,10416,-161.18623856554873,60.05300556408889,-161.18255547288385,60.05444286854348
545,318,16008.053157904322,1.6008053157904323,102,5.719875971738852,160.61635220125785,408,446,12073,12148,-161.03370463030524,60.09468739327204,-161.02696726567433,60.09810099135169
2742,318,16008.053157904322,1.6008053157904323,116,6.504956987467714,196.54088050314465,2119,2136,8087,8195,-161.39177310255528,59.94287211025584,-161.3820712974868,59.944399246238845
3475,318,16008.053157904322,1.6008053157904323,81,4.542254448145559,38.0503144654088,2725,2746,1733,1767,-161.96256263408483,59.88807487792455,-161.9595083621188,59.8899613400212
1545,317,15957.71336809959,1.595771336809959,75,4.212419672262978,86.92744479495268,1112,1127,491,559,-162.07413339237246,60.0335121224235,-162.06802484844044,60.03485959534968
2265,317,15957.71336809959,1.595771336809959,99,5.560393967387131,109.13564668769716,1724,1755,739,801,-162.05185517332632,59.977097922580796,-162.04628561856475,59.979882699961564
4674,317,15957.71336809959,1.595771336809959,78,4.3809164591534975,48.504731861198735,5039,5065,15925,15961,-160.6876735828624,59.679755563537235,-160.68443964783955,59.68209118327594
4890,317,15957.71336809959,1.595771336809959,104,5.841221945537996,43.92429022082019,5898,5922,16197,16232,-160.66323940713434,59.60276994368819,-160.66009530363993,59.60492590037008
2481,317,15957.71336809959,1.595771336809959,110,6.178215519319035,118.72555205047318,1908,1932,4181,4254,-161.74265505253237,59.96119774205188,-161.7360973509583,59.96335369873376
4221,316,15907.37357829486,1.590737357829486,92,5.17540434425971,77.0126582278481,4220,4235,14782,14845,-160.79035101983726,59.75431573211915,-160.7846916335473,59.75566320504533
629,316,15907.37357829486,1.590737357829486,78,4.387842813611494,41.12658227848101,464,486,2136,2171,-161.9263605281348,60.09109413213556,-161.9232164246404,60.09307042576062
5200,316,15907.37357829486,1.590737357829486,85,4.781623578935601,83.0506329113924,7336,7368,12616,12665,-160.98492611037756,59.47287355360451,-160.98052436548537,59.47574816251369
1754,315,15857.033788490131,1.5857033788490131,78,4.394802124588286,87.47936507936508,1295,1319,9604,9663,-161.25549867395435,60.0162644689684,-161.25019861377805,60.01842042565029
3082,315,15857.033788490131,1.5857033788490131,79,4.451145741570187,89.6,2405,2418,4531,4602,-161.7112140175882,59.91753961924367,-161.70483597907094,59.91870742911303
1666,315,15857.033788490131,1.5857033788490131,74,4.169427656660681,52.01269841269841,1221,1232,7297,7350,-161.46274001000072,60.02407981194025,-161.4579789389949,60.02506795875278
4654,315,15857.033788490131,1.5857033788490131,78,4.394802124588286,35.66984126984127,5009,5037,3498,3523,-161.80400998643773,59.68227084633277,-161.80176419822743,59.6847861291283
3123,315,15857.033788490131,1.5857033788490131,75,4.225771273642582,64.01269841269841,2433,2443,6862,6923,-161.5018167248599,59.915293831033374,-161.49633700162678,59.91619214631749
2895,315,15857.033788490131,1.5857033788490131,101,5.6907053151720115,53.65079365079365,2247,2269,3691,3734,-161.78667250145423,59.93092451697705,-161.7828097457325,59.93290081060211
3498,314,15806.6939986854,1.58066939986854,70,3.9503285358817024,53.82165605095541,2749,2760,968,1022,-162.03128375331997,59.88681723652678,-162.0264328507857,59.88780538333931
836,314,15806.6939986854,1.58066939986854,97,5.4740266854360735,159.79617834394904,609,634,2408,2495,-161.90192635240675,60.07779906593059,-161.8941110094349,60.080044854140894
3459,314,15806.6939986854,1.58066939986854,89,5.022560567049593,67.88535031847134,2718,2743,3398,3446,-161.81299313927892,59.888344372509785,-161.80868122591514,59.89059016072009
3307,314,15806.6939986854,1.58066939986854,74,4.176061595074943,55.49044585987261,2581,2614,7362,7395,-161.45690096065394,59.89993263967493,-161.45393652021636,59.902897080112524
4718,313,15756.354208880668,1.5756354208880667,97,5.482764163758949,30.68370607028754,5203,5226,13343,13369,-160.91961858922207,59.66529268746291,-160.91728296948335,59.667358812616385
4570,313,15756.354208880668,1.5756354208880667,70,3.9566339326095505,85.9297124600639,4869,4897,2963,3017,-161.8520698541381,59.69484726031044,-161.84721895160388,59.697362543105974
3930,312,15706.014419075938,1.5706014419075938,136,7.69948383218325,97.03846153846153,3629,3650,5601,5667,-161.61509428218739,59.80686717624015,-161.6091654013122,59.808753638336796
3412,312,15706.014419075938,1.5706014419075938,91,5.15186050535791,78.0,2673,2691,707,767,-162.05472978223548,59.89301561198721,-162.04933989053077,59.89463257949862
1078,311,15655.674629271209,1.5655674629271208,122,6.917985320909661,133.81350482315113,775,818,4594,4653,-161.70555463129824,60.061270064702796,-161.70025457112192,60.06513282042451
3204,311,15655.674629271209,1.5655674629271208,93,5.273546187250807,80.27009646302251,2487,2497,2191,2260,-161.92141979407214,59.91044292849912,-161.91522141861174,59.91134124378325
2728,311,15655.674629271209,1.5655674629271208,82,4.649793412414691,44.77170418006431,2112,2133,860,898,-162.04098555838846,59.943141604841074,-162.0375719603088,59.945028066937724
3804,311,15655.674629271209,1.5655674629271208,83,4.706498210127065,95.12540192926045,3261,3269,14852,14930,-160.78406281284842,59.8410929885651,-160.7770559536323,59.84181164079239
3678,310,15605.334839466477,1.5605334839466478,72,4.089325206578867,65.04516129032258,2990,3004,3493,3550,-161.8044591440798,59.86489834359426,-161.7993387469603,59.866155984992034
959,310,15605.334839466477,1.5605334839466478,86,4.884471774524758,59.66451612903226,699,722,291,336,-162.09209969805485,60.06989389143034,-162.0880572792763,60.071960016583816
4870,310,15605.334839466477,1.5605334839466478,88,4.99806414137417,57.92258064516129,5801,5814,13126,13180,-160.93911203088746,59.61247174875668,-160.9342611283532,59.61363955862603
4097,310,15605.334839466477,1.5605334839466478,89,5.054860324798876,59.66451612903226,4030,4047,11897,11948,-161.04951497930574,59.7712040594606,-161.04493357135672,59.772731195443605
5183,310,15605.334839466477,1.5605334839466478,73,4.146121390003573,37.6258064516129,7253,7286,9921,9942,-161.22702207944775,59.48023973893429,-161.2251356173511,59.48320417937188
1246,310,15605.334839466477,1.5605334839466478,71,4.03252902315416,97.66451612903226,900,926,6753,6814,-161.51160836145684,60.0515682596343,-161.5061286382237,60.05390387937301
5398,309,15554.995049661746,1.5554995049661746,120,6.826561487862891,80.78964401294499,7973,8003,4713,4762,-161.6948646794172,59.415830533062916,-161.69046293452502,59.41852547891528
3580,309,15554.995049661746,1.5554995049661746,78,4.437264967110879,63.43042071197411,2838,2858,3798,3848,-161.77706052791413,59.87801374674241,-161.77256895149355,59.87981037731065
3916,309,15554.995049661746,1.5554995049661746,77,4.3803769547120215,59.85760517799353,3591,3617,4684,4726,-161.69746979374116,59.80983161667774,-161.69369686954786,59.81216723641645
2639,307,15454.315470052286,1.5454315470052287,69,3.938038004193912,56.755700325732896,2041,2073,14406,14440,-160.82412767452016,59.94853149654579,-160.82107340255413,59.95140610545498
2828,307,15454.315470052286,1.5454315470052287,80,4.565841164282797,33.88925081433225,2190,2213,4058,4086,-161.75370433052703,59.93595508256812,-161.7511890477315,59.9380212077216
2698,307,15454.315470052286,1.5454315470052287,113,6.44925064454945,154.8013029315961,2085,2111,5017,5100,-161.66755589477998,59.94511789846614,-161.66009987792177,59.94745351820485
2334,307,15454.315470052286,1.5454315470052287,89,5.079498295264611,35.23127035830619,1775,1797,580,610,-162.0661383863438,59.97332499838749,-162.06344344049145,59.97530129201255
4801,306,15403.975680247555,1.5403975680247555,85,4.859126579037751,55.22875816993464,5537,5557,14477,14522,-160.8177496360029,59.63555845155855,-160.81370721722436,59.63735508212679
3847,306,15403.975680247555,1.5403975680247555,90,5.1449575542752655,108.2483660130719,3379,3394,1534,1610,-161.9804391082388,59.8298640475136,-161.9736119120795,59.83121152043979
4057,306,15403.975680247555,1.5403975680247555,89,5.087791359227762,58.6797385620915,3960,3986,15460,15501,-160.72944524357396,59.77668378269373,-160.72576215090908,59.77901940243244
4756,305,15353.635890442823,1.5353635890442823,83,4.752566174805106,31.488524590163934,5399,5417,14474,14505,-160.81801913058814,59.64813486553623,-160.81523435320736,59.64975183304764
3966,305,15353.635890442823,1.5353635890442823,103,5.897762843432843,35.46229508196721,3768,3789,13560,13591,-160.90012514755668,59.79438059379088,-160.8973403701759,59.79626705588753
4618,305,15353.635890442823,1.5353635890442823,89,5.096125175393428,106.22950819672131,4961,4984,6082,6149,-161.57188531702124,59.6870319173386,-161.56586660461764,59.68909804249208
4131,304,15303.296100638094,1.5303296100638093,81,4.645668610878875,116.26315789473684,4082,4110,7211,7277,-161.47046552144414,59.765544673170645,-161.46453664056895,59.76805995596618
3552,304,15303.296100638094,1.5303296100638093,95,5.448623679425841,113.80263157894737,2803,2828,4611,4679,-161.70402749531522,59.880708692594766,-161.6979189513832,59.88295448080507
3902,304,15303.296100638094,1.5303296100638093,134,7.685427084663819,186.32894736842104,3534,3550,4515,4618,-161.71265132204277,59.81585032908134,-161.70339867461635,59.81728763353593
3132,303,15252.956310833364,1.5252956310833363,71,4.078843426312125,80.31683168316832,2445,2466,8121,8178,-161.38871883058928,59.9132277058799,-161.38359843346979,59.91511416797655
4418,303,15252.956310833364,1.5252956310833363,81,4.653328415933551,106.93069306930693,4510,4533,14061,14128,-160.85511955182227,59.72754593665239,-160.84910083941867,59.72961206180587
95,303,15252.956310833364,1.5252956310833363,98,5.629952898289975,84.48844884488449,63,79,14194,14258,-160.84317195854348,60.12765556419922,-160.83742274072512,60.129092868653814
5068,302,15202.616521028633,1.5202616521028633,79,4.545939167422644,43.033112582781456,6854,6871,4453,4493,-161.7182208768043,59.51751982322525,-161.71462761566784,59.51904695920825
5218,302,15202.616521028633,1.5202616521028633,113,6.502419315427327,49.28476821192053,7410,7435,4285,4321,-161.73331257357754,59.466854841200906,-161.7300786385547,59.4691006294112
3330,302,15202.616521028633,1.5202616521028633,70,4.028047363539052,43.033112582781456,2602,2620,5318,5357,-161.64051660472796,59.89939365050446,-161.6370131751199,59.90101061801587
248,301,15152.276731223901,1.5152276731223902,94,5.4180699264198084,102.91029900332227,185,230,300,343,-162.09129121429916,60.11409100340902,-162.08742845857745,60.11813342218756
395,301,15152.276731223901,1.5152276731223902,91,5.245152801108539,44.70431893687708,307,327,11028,11066,-161.12757857749574,60.10537734515306,-161.12416497941607,60.1071739757213
998,300,15101.936941419171,1.5101936941419172,76,4.387862045841155,38.88,727,742,3935,3974,-161.76475360852172,60.0680972608621,-161.76125017891363,60.06944473378828
4633,300,15101.936941419171,1.5101936941419172,122,7.043673284113433,152.65333333333334,4983,4997,5467,5560,-161.6271317069946,59.68586410746924,-161.61877737485227,59.687121748867014
367,300,15101.936941419171,1.5101936941419172,85,4.907477288111819,46.413333333333334,294,308,16280,16325,-160.65578339027616,60.10708414419289,-160.65174097149762,60.10834178559065
5264,300,15101.936941419171,1.5101936941419172,107,6.177647880328995,33.333333333333336,7552,7573,6400,6429,-161.54331889098626,59.454458090280056,-161.5407137766623,59.456344552376706
2722,299,15051.597151614442,1.5051597151614442,79,4.568687962533298,144.69565217391303,2108,2138,6939,7013,-161.4948996971722,59.942692447199015,-161.4882521640697,59.94538739305138
3285,299,15051.597151614442,1.5051597151614442,91,5.262665880892786,71.29096989966555,2560,2598,9312,9347,-161.28172948025065,59.90136994412952,-161.2785853767562,59.904783542209174
5232,299,15051.597151614442,1.5051597151614442,70,4.0482045237636815,40.468227424749166,7451,7465,3807,3848,-161.77625204415844,59.464159895348544,-161.77256895149355,59.465417536746315
1816,299,15051.597151614442,1.5051597151614442,105,6.072306785645522,89.95317725752508,1343,1358,6186,6253,-161.5625428380664,60.01276103936034,-161.5565241256628,60.01410851228652
151,299,15051.597151614442,1.5051597151614442,76,4.395193482943426,61.85953177257525,120,157,13746,13777,-160.88341648327204,60.1206487049831,-160.88063170589126,60.12397247153434
2741,298,15001.25736180971,1.500125736180971,76,4.402561792362541,34.91275167785235,2117,2135,16576,16609,-160.6291932578662,59.942961941784255,-160.62622881742863,59.944578909295664
1808,298,15001.25736180971,1.500125736180971,77,4.460490236998891,33.557046979865774,1337,1357,14393,14423,-160.8252954843895,60.01285087088875,-160.82260053853716,60.01464750145699
4846,297,14950.917572004979,1.4950917572004978,80,4.642070825485276,79.85185185185185,5697,5710,4653,4717,-161.70025457112192,59.621814227711525,-161.69450535330355,59.622982037580876
4083,297,14950.917572004979,1.4950917572004978,98,5.686536761219463,46.88215488215488,4008,4039,3529,3557,-161.80122520905695,59.77192271168789,-161.7987099262614,59.77470748906867
3111,297,14950.917572004979,1.4950917572004978,92,5.338381449308067,32.33670033670034,2424,2442,16181,16212,-160.66467671158892,59.91538366256178,-160.66189193420817,59.9170006300732
3592,297,14950.917572004979,1.4950917572004978,85,4.932200252078106,77.79124579124579,2856,2876,2450,2506,-161.89815342821345,59.876396779230994,-161.8931228626224,59.87819340979924
4545,297,14950.917572004979,1.4950917572004978,83,4.816148481440973,113.993265993266,4793,4839,3893,3939,-161.76852653271501,59.700057488958336,-161.76439428240806,59.70418973926528
4124,296,14900.57778220025,1.4900577782200248,89,5.173019924099958,135.13513513513513,4071,4109,5268,5330,-161.64500818114857,59.76563450469906,-161.63943862638703,59.76904810277871
4105,296,14900.57778220025,1.4900577782200248,89,5.173019924099958,50.28378378378378,4049,4076,7765,7799,-161.42069885470391,59.76859894513665,-161.41764458273792,59.771024396403774
3939,295,14850.23799239552,1.4850237992395519,88,5.123558085708321,132.89491525423728,3673,3718,14495,14549,-160.8161326684915,59.80075863230813,-160.81128176595723,59.80480105108667
4415,295,14850.23799239552,1.4850237992395519,77,4.483113324994782,82.49491525423728,4505,4515,14522,14590,-160.81370721722436,59.72916290416381,-160.80759867329235,59.730061219447926
4487,295,14850.23799239552,1.4850237992395519,107,6.229780854213527,192.0135593220339,4642,4671,3214,3304,-161.82952214050673,59.71514918573154,-161.82143730294965,59.71775430005549
3863,295,14850.23799239552,1.4850237992395519,128,7.45244812466665,176.21694915254238,3426,3454,5157,5243,-161.6549794808023,59.824474155808886,-161.64725396935887,59.82698943860442
4935,295,14850.23799239552,1.4850237992395519,97,5.6475583444739454,47.2,6182,6198,12150,12193,-161.02678760261753,59.57797644184649,-161.0229248468958,59.57941374630108
562,295,14850.23799239552,1.4850237992395519,74,4.308446572072907,48.813559322033896,418,435,9044,9087,-161.30580432986505,60.09567554008457,-161.3019415741433,60.097202676067575
1656,295,14850.23799239552,1.4850237992395519,81,4.716002328890615,64.55593220338983,1213,1232,1811,1861,-161.95555577486869,60.02407981194025,-161.95106419844808,60.02578661098007
3284,295,14850.23799239552,1.4850237992395519,74,4.308446572072907,59.06440677966102,2560,2572,2972,3026,-161.85126137038242,59.90370556386823,-161.84641046784816,59.904783542209174
3250,295,14850.23799239552,1.4850237992395519,72,4.192002070124991,32.55593220338983,2525,2543,626,657,-162.06200613603684,59.90631067819218,-162.0592213586561,59.90792764570359
1910,294,14799.898202590788,1.4799898202590789,91,5.307227776030219,98.29931972789116,1428,1443,11396,11466,-161.09452057504012,60.00512535944532,-161.08823236805128,60.0064728323715
399,294,14799.898202590788,1.4799898202590789,116,6.76525738482973,70.53061224489795,311,321,5564,5626,-161.61841804873865,60.10591633432353,-161.61284849397708,60.10681464960765
564,294,14799.898202590788,1.4799898202590789,95,5.5405125134381406,36.7891156462585,418,441,14889,14918,-160.78073904629719,60.0951365509141,-160.77813393197323,60.097202676067575
3333,294,14799.898202590788,1.4799898202590789,94,5.48219132908616,70.53061224489795,2602,2627,15352,15399,-160.73914704864245,59.89876482980557,-160.73492496680709,59.90101061801587
3676,294,14799.898202590788,1.4799898202590789,90,5.248906591678239,62.91156462585034,2988,2999,13099,13156,-160.9415374821546,59.86534750123633,-160.9364170850351,59.86633564804886
2379,293,14749.558412786057,1.4749558412786057,82,4.790491150263285,136.51877133105802,1820,1839,3409,3490,-161.8120049924664,59.96955207419419,-161.804728638665,59.971258873234014
2546,293,14749.558412786057,1.4749558412786057,83,4.848911774046984,32.77815699658703,1960,1981,10451,10479,-161.1794113693894,59.956795997159695,-161.1768960865939,59.958682459256345
4816,293,14749.558412786057,1.4749558412786057,78,4.55680865512849,38.3481228668942,5582,5612,4345,4368,-161.7279226818728,59.630617717495895,-161.72585655671932,59.633312663348256
461,293,14749.558412786057,1.4749558412786057,79,4.61522927891219,128.4505119453925,353,383,12464,12531,-160.99858050269617,60.100346779561995,-160.99256179029257,60.10304172541435
3050,293,14749.558412786057,1.4749558412786057,69,4.031023041075203,96.32764505119454,2376,2402,634,692,-162.06128748380956,59.91897692369826,-162.05607725516165,59.92131254343697
111,293,14749.558412786057,1.4749558412786057,91,5.316276764316573,113.05119453924915,73,95,3748,3817,-161.78155210433474,60.12621825974463,-161.7753537288743,60.128194553369696
5343,293,14749.558412786057,1.4749558412786057,77,4.498388031344792,91.79522184300342,7804,7831,11999,12054,-161.04035216340773,59.431281555949774,-161.03541142934506,59.433707007216896
5170,293,14749.558412786057,1.4749558412786057,70,4.089443664858902,55.918088737201366,7173,7182,16509,16564,-160.6352119702698,59.48958221788913,-160.63027123620716,59.490390701644834
296,292,14699.218622981327,1.4699218622981327,122,7.139509978963965,231.5068493150685,231,309,280,332,-162.0930878448674,60.106994312664476,-162.08841660538997,60.11400117188061
385,292,14699.218622981327,1.4699218622981327,67,3.920878431070374,27.73972602739726,305,321,11277,11306,-161.10521052692116,60.10591633432353,-161.1026054125972,60.10735363877812
2291,292,14699.218622981327,1.4699218622981327,87,5.09128990303168,108.5068493150685,1739,1762,8969,9035,-161.31254169449593,59.97646910188191,-161.30661281362075,59.97853522703539
3860,292,14699.218622981327,1.4699218622981327,100,5.852057359806529,126.24657534246575,3415,3435,3581,3657,-161.79655396957955,59.82618095484872,-161.78972677342023,59.82797758541695
1049,292,14699.218622981327,1.4699218622981327,89,5.208331050227811,47.68493150684932,763,792,1943,1973,-161.9436980131183,60.063605684441505,-161.94100306726597,60.066210798765454
1333,291,14648.878833176597,1.4648878833176597,76,4.455198901380174,108.87972508591065,960,989,6675,6735,-161.51861522067296,60.04590887334435,-161.51322532896825,60.048513987668294
191,290,14598.539043371866,1.4598539043371865,69,4.051819514651454,69.53103448275863,147,172,1078,1124,-162.02140228519465,60.11930123205691,-162.0172700348877,60.121547020267215
2713,290,14598.539043371866,1.4598539043371865,79,4.639039734166158,149.18620689655174,2100,2162,5771,5813,-161.59982292235736,59.94053649051713,-161.59604999816406,59.94610604527867
4408,290,14598.539043371866,1.4598539043371865,87,5.1088159097779196,63.779310344827586,4483,4493,15808,15866,-160.6981838716866,59.73113919778887,-160.6929736430387,59.73203751307299
5129,289,14548.199253567134,1.4548199253567133,82,4.823529411764706,49.826989619377166,7041,7076,8204,8229,-161.38126281373107,59.4991043599008,-161.3790170255208,59.50224846339521
5046,289,14548.199253567134,1.4548199253567133,85,5.0,60.29065743944636,6769,6781,8988,9042,-161.3108348954561,59.52560466078232,-161.30598399292185,59.526682639123266
400,289,14548.199253567134,1.4548199253567133,83,4.882352941176471,51.50173010380623,311,332,14511,14551,-160.8146953640369,60.104928187511,-160.8111021029004,60.10681464960765
591,289,14548.199253567134,1.4548199253567133,68,4.0,40.3598615916955,438,464,2166,2194,-161.92366558228244,60.09307042576062,-161.92115029948692,60.09540604549934
2280,289,14548.199253567134,1.4548199253567133,77,4.529411764705882,48.17993079584775,1735,1745,1990,2039,-161.93947593128294,59.977996237864915,-161.93507418639078,59.97889455314903
2826,288,14497.859463762405,1.4497859463762404,83,4.890821903206954,80.22222222222223,2189,2207,5092,5150,-161.66081853014907,59.93649407173859,-161.6556083015012,59.93811103925
950,288,14497.859463762405,1.4497859463762404,79,4.655119642811438,34.72222222222222,693,712,2214,2245,-161.91935366891866,60.07079220671446,-161.9165688915379,60.07249900575429
4854,288,14497.859463762405,1.4497859463762404,74,4.360491817317043,51.68055555555556,5729,5743,14286,14333,-160.83490745792957,59.61884978727393,-160.83068537609424,59.620107428671695
2801,287,14447.519673957675,1.4447519673957674,70,4.131969352706687,51.86062717770035,2170,2200,5848,5879,-161.59290589466963,59.93712289243747,-161.59012111728887,59.939817838289834
3624,287,14447.519673957675,1.4447519673957674,72,4.250025619926878,39.149825783972126,2900,2916,3826,3863,-161.77454524511862,59.872803518094514,-161.77122147856736,59.87424082254911
492,287,14447.519673957675,1.4447519673957674,67,3.9548849518764,58.88501742160279,374,389,7588,7638,-161.43659903523283,60.09980779039152,-161.43210745881225,60.1011552633177
3299,287,14447.519673957675,1.4447519673957674,94,5.54864455934898,68.29268292682927,2575,2586,11809,11868,-161.057420153806,59.902447922470465,-161.0521200936297,59.903436069282996
3522,287,14447.519673957675,1.4447519673957674,70,4.131969352706687,89.19860627177701,2773,2805,2928,2976,-161.85521395763254,59.88277481774824,-161.85090204426876,59.88564942665742
5206,287,14447.519673957675,1.4447519673957674,103,6.079897761839839,48.51567944250871,7361,7385,14640,14675,-160.80310709687177,59.471346417621504,-160.79996299337733,59.47350237430339
4788,287,14447.519673957675,1.4447519673957674,83,4.899335089637929,37.68641114982579,5485,5503,6734,6768,-161.51331516049666,59.640409354092796,-161.51026088853064,59.64202632160421
5300,286,14397.179884152943,1.4397179884152944,122,7.214011231066808,208.16783216783216,7653,7695,10210,10290,-161.2010607677367,59.4434986438138,-161.19387424546375,59.4472715680071
3755,286,14397.179884152943,1.4397179884152944,72,4.257449251121395,68.53146853146853,3160,3187,1725,1768,-161.9632812863121,59.84845917389488,-161.9594185305904,59.850884625162
2443,286,14397.179884152943,1.4397179884152944,82,4.848761647110478,40.78321678321678,1868,1897,1098,1123,-162.01960565462642,59.96434184554629,-162.01735986641611,59.96694695987024
5022,286,14397.179884152943,1.4397179884152944,72,4.257449251121395,43.86013986013986,6699,6730,12597,12622,-160.98663290941738,59.53018606873133,-160.98438712120708,59.5329708461121
1345,286,14397.179884152943,1.4397179884152944,70,4.139186771923578,47.04895104895105,968,988,4832,4870,-161.68417472753617,60.04599870487276,-161.68076112945653,60.047795335441
4494,285,14346.840094348212,1.4346840094348212,83,4.916495685400466,96.68771929824561,4665,4699,5694,5743,-161.60673995004507,59.712633902936005,-161.6023382051529,59.71568817490201
11,285,14346.840094348212,1.4346840094348212,94,5.568079450935468,124.0140350877193,0,19,4677,4752,-161.69809861444003,60.13304545590394,-161.69136124980915,60.13475225494377
4268,285,14346.840094348212,1.4346840094348212,66,3.9095025932100094,48.85614035087719,4275,4292,3606,3648,-161.79430818136925,59.74919533499967,-161.79053525717595,59.75072247098267
3932,285,14346.840094348212,1.4346840094348212,69,4.087207256537737,45.6,3634,3655,16454,16490,-160.64015270433248,59.80641801859809,-160.63691876930966,59.80830448069474
859,284,14296.500304543482,1.4296500304543482,101,5.993247373878959,97.02816901408451,627,638,8711,8783,-161.3357182288262,60.077439739816946,-161.32925035878057,60.07842788662948
2576,284,14296.500304543482,1.4296500304543482,69,4.094396720768794,41.070422535211264,1982,2009,9694,9721,-161.24741383639727,59.95428071436416,-161.24498838513014,59.95670616563128
5395,284,14296.500304543482,1.4296500304543482,70,4.153735803678487,45.76056338028169,7965,7982,4559,4599,-161.70869873479265,59.417716995159566,-161.70510547365618,59.41924413114257
2309,284,14296.500304543482,1.4296500304543482,101,5.993247373878959,97.02816901408451,1753,1779,14330,14387,-160.83095487067945,59.97494196589891,-160.82583447355998,59.977277585637616
890,284,14296.500304543482,1.4296500304543482,78,4.628448466956028,35.2112676056338,655,676,3607,3636,-161.79421834984083,60.07402614173729,-161.79161323551688,60.07591260383394
131,284,14296.500304543482,1.4296500304543482,69,4.094396720768794,44.16901408450704,97,111,8989,9031,-161.3107450639277,60.12478095529004,-161.3069721397344,60.12603859668781
4697,283,14246.160514738753,1.4246160514738753,78,4.636618726566559,117.04593639575971,5085,5112,8562,8626,-161.3491031265596,59.67553348170187,-161.34335390874125,59.67795893296899
3949,283,14246.160514738753,1.4246160514738753,121,7.192703409160945,190.19081272084804,3701,3727,9459,9549,-161.26852424557407,59.799950148552426,-161.260439408017,59.802285768291135
3570,283,14246.160514738753,1.4246160514738753,68,4.042180428288796,39.70318021201413,2820,2833,4311,4351,-161.73097695383882,59.88025953495271,-161.72738369270235,59.881427344822065
3731,283,14246.160514738753,1.4246160514738753,95,5.647163833638758,71.25088339222614,3104,3119,14454,14510,-160.81981576115638,59.85456771782689,-160.81478519556532,59.85591519075307
2251,283,14246.160514738753,1.4246160514738753,67,3.982736598461019,69.25795053003533,1714,1734,9046,9096,-161.30562466680823,59.978984384677446,-161.30113309038762,59.98078101524568
899,282,14195.820724934021,1.419582072493402,69,4.108890205810354,47.716312056737586,658,674,7509,7551,-161.4436957259774,60.07420580479411,-161.4399228017841,60.0756431092487
4475,282,14195.820724934021,1.419582072493402,127,7.562739944027753,247.14893617021278,4611,4626,13284,13401,-160.92491864939836,59.71919160451008,-160.91440836057416,59.72053907743626
1592,282,14195.820724934021,1.419582072493402,85,5.061676340491016,41.361702127659576,1149,1170,11058,11091,-161.12488363164337,60.02964936670178,-161.12191919120576,60.03153582879844
3171,282,14195.820724934021,1.419582072493402,72,4.287537606062979,54.52482269503546,2467,2483,2081,2127,-161.93130126219745,59.911700569896894,-161.92716901189053,59.913137874351484
5219,282,14195.820724934021,1.419582072493402,68,4.049341072392813,42.90780141843972,7412,7425,14633,14675,-160.80373591757063,59.467753156485024,-160.79996299337733,59.46892096635438
4328,282,14195.820724934021,1.419582072493402,83,4.942578073655934,77.67375886524823,4361,4394,6538,6579,-161.5309221400654,59.74003251910165,-161.5272390474005,59.74299695953925
756,282,14195.820724934021,1.419582072493402,86,5.121225473908558,107.36170212765957,552,585,2247,2301,-161.91638922848108,60.082200810822776,-161.91153832594682,60.08516525126037
3951,282,14195.820724934021,1.419582072493402,118,7.026797743269881,204.25531914893617,3713,3728,10460,10565,-161.17860288563372,59.79986031702401,-161.16917057515047,59.80120778995019
5313,282,14195.820724934021,1.419582072493402,73,4.3470867394805195,32.680851063829785,7712,7729,7932,7963,-161.40569698945913,59.44044437184779,-161.40291221207835,59.44197150783079
2894,281,14145.48093512929,1.4145480935129289,78,4.65308989292077,54.718861209964416,2246,2265,9065,9108,-161.30391786776838,59.9312838430907,-161.30005511204666,59.93299064213053
235,281,14145.48093512929,1.4145480935129289,73,4.354814899784823,20.555160142348754,175,193,9071,9091,-161.30337887859793,60.11741476996026,-161.3015822480297,60.11903173747168
1047,281,14145.48093512929,1.4145480935129289,129,7.695494822907427,65.8220640569395,762,790,14024,14064,-160.85844331837353,60.063785347498325,-160.85485005723703,60.06630063029386
4000,281,14145.48093512929,1.4145480935129289,94,5.6075698709558,169.12455516014234,3854,3873,3059,3149,-161.84344602741058,59.78683474540428,-161.8353611898535,59.78854154444411
4682,281,14145.48093512929,1.4145480935129289,86,5.130329881938285,63.90035587188612,5047,5059,14047,14102,-160.85637719322006,59.68029455270771,-160.85143645915738,59.681372531048645
4971,281,14145.48093512929,1.4145480935129289,100,5.965499862718936,201.58007117437722,6453,6476,10115,10211,-161.20959476293584,59.55300327694797,-161.2009709362083,59.555069402101445
5236,281,14145.48093512929,1.4145480935129289,84,5.011019884683906,75.85765124555161,7468,7488,4392,4445,-161.72370060003743,59.462093770195075,-161.71893952903162,59.46389040076331
3416,281,14145.48093512929,1.4145480935129289,88,5.249639879192664,54.718861209964416,2675,2696,7467,7508,-161.4474686501707,59.89256645434515,-161.4437855575058,59.8944529164418
5118,280,14095.14114532456,1.409514114532456,66,3.944254410803499,54.91428571428571,6995,7010,14697,14744,-160.79798669975227,59.50503324077599,-160.7937646179169,59.506380713702164
3767,280,14095.14114532456,1.409514114532456,88,5.259005881071332,64.12857142857143,3187,3201,5294,5347,-161.64267256140985,59.84720153249711,-161.63791149040404,59.84845917389488
4579,280,14095.14114532456,1.409514114532456,76,4.541868715470696,30.228571428571428,4891,4911,5713,5739,-161.60503315100524,59.693589618912675,-161.60269753126656,59.69538624948091
3668,280,14095.14114532456,1.409514114532456,68,4.063777271736939,60.357142857142854,2972,2987,5794,5844,-161.59775679720389,59.866425479577266,-161.59326522078328,59.86777295250345
1207,280,14095.14114532456,1.409514114532456,70,4.183300132670378,98.41428571428571,869,892,4479,4539,-161.7158852570656,60.05462253160031,-161.71049536536088,60.056688656753785
256,279,14044.80135551983,1.4044801355519831,75,4.490132550669372,49.90681003584229,190,211,7926,7964,-161.4062359786296,60.115797802448846,-161.40282238054996,60.117684264545495
3801,279,14044.80135551983,1.4044801355519831,100,5.9868434008924964,56.903225806451616,3254,3265,1472,1524,-161.98600866300035,59.84145231467875,-161.98133742352292,59.84244046149128
5322,279,14044.80135551983,1.4044801355519831,75,4.490132550669372,33.03225806451613,7747,7773,6549,6571,-161.52993399325285,59.43649178459766,-161.5279576996278,59.43882740433638
5209,278,13994.461565715099,1.39944615657151,74,4.438225064890097,41.9568345323741,7369,7385,4325,4363,-161.72971931244103,59.471346417621504,-161.7263057143614,59.472783722076095
1691,278,13994.461565715099,1.39944615657151,83,4.978009194403758,43.52517985611511,1240,1273,2078,2100,-161.9315707567827,60.020396719275354,-161.92959446315763,60.02336115971295
3572,278,13994.461565715099,1.39944615657151,72,4.318273036109284,57.10791366906475,2824,2833,4005,4059,-161.75846540153287,59.88025953495271,-161.75361449899862,59.88106801870842
4546,278,13994.461565715099,1.39944615657151,95,5.697721367088638,87.53956834532374,4793,4804,8306,8373,-161.37209999783306,59.70320159245275,-161.36608128542946,59.70418973926528
502,277,13944.121775910367,1.3944121775910368,73,4.386144907320601,59.148014440433215,381,399,11526,11572,-161.08284247634657,60.0989094751074,-161.07871022603962,60.100526442618815
2208,277,13944.121775910367,1.3944121775910368,98,5.888249327635875,101.89169675090253,1680,1695,3013,3082,-161.84757827771753,59.98248781428551,-161.8413799022571,59.98383528721169
128,277,13944.121775910367,1.3944121775910368,87,5.227323382697154,83.40794223826715,95,108,6133,6196,-161.56730390907222,60.12505044987528,-161.56164452278227,60.12621825974463
2981,277,13944.121775910367,1.3944121775910368,78,4.686565791383655,79.07581227436823,2311,2328,5431,5488,-161.63036564201744,59.92562445680075,-161.62524524489794,59.92715159278375
1027,276,13893.781986105638,1.3893781986105638,77,4.634855343802114,73.05797101449275,744,774,3959,4000,-161.76259765183983,60.06522265195292,-161.75891455917494,60.06791759780528
439,276,13893.781986105638,1.3893781986105638,66,3.9727331518303837,28.057971014492754,341,363,9635,9657,-161.25271389657357,60.10214341013023,-161.2507376029485,60.104119703755295
3586,276,13893.781986105638,1.3893781986105638,67,4.0329260783732686,42.26086956521739,2848,2870,1388,1420,-161.99355451138695,59.87693576840147,-161.99067990247775,59.87891206202653
2006,276,13893.781986105638,1.3893781986105638,65,3.9125402252874992,53.927536231884055,1507,1532,8830,8866,-161.3250282769452,59.99713035341666,-161.32179434192236,59.99937614162696
1235,276,13893.781986105638,1.3893781986105638,83,4.996012903059422,34.79710144927536,891,913,14273,14300,-160.83607526779895,60.05273606950366,-160.83364981653182,60.05471236312872
2997,276,13893.781986105638,1.3893781986105638,82,4.935819976516537,77.23188405797102,2329,2343,2557,2616,-161.88854145467337,59.92427698387456,-161.88324139449708,59.925534625272334
4117,276,13893.781986105638,1.3893781986105638,75,4.514469490716345,104.71014492753623,4066,4096,3218,3273,-161.82916281439307,59.766802314568416,-161.82422208033043,59.76949726042077
54,276,13893.781986105638,1.3893781986105638,97,5.838713874659806,150.7826086956522,21,32,11630,11721,-161.07349999739174,60.13187764603459,-161.06532532830624,60.13286579284712
4691,275,13843.442196300908,1.3843442196300908,68,4.100554286257585,54.123636363636365,5074,5086,8609,8658,-161.34488104472425,59.67786910144058,-161.34047929983205,59.67894707978152
3618,275,13843.442196300908,1.3843442196300908,72,4.341763361919796,59.57818181818182,2892,2922,11760,11794,-161.06182189869818,59.87226452892405,-161.05876762673216,59.874959474776404
5102,275,13843.442196300908,1.3843442196300908,96,5.789017815893061,107.57818181818182,6942,6953,12175,12250,-161.02454181440723,59.51015363789546,-161.01780444977632,59.511141784707995
5309,275,13843.442196300908,1.3843442196300908,74,4.462367899750901,65.29454545454546,7701,7723,7961,8006,-161.40309187513517,59.44098336101826,-161.39904945635664,59.442959654643325
1082,275,13843.442196300908,1.3843442196300908,121,7.296574538781879,172.81454545454545,778,804,10651,10734,-161.16144506370702,60.06252770610056,-161.15398904684884,60.06486332583927
4035,275,13843.442196300908,1.3843442196300908,72,4.341763361919796,93.0909090909091,3917,3941,10196,10252,-161.20231840913448,59.78072620147227,-161.1972878435434,59.78288215815415
2172,275,13843.442196300908,1.3843442196300908,69,4.160856555173138,50.63272727272727,1656,1674,6699,6740,-161.51645926399107,59.98437427638216,-161.51277617132618,59.98599124389358
3349,274,13793.102406496177,1.3793102406496176,70,4.228854653311239,57.941605839416056,2618,2639,5934,5976,-161.5851803832262,59.89768685146463,-161.5814074590329,59.89957331356128
4694,274,13793.102406496177,1.3793102406496176,104,6.28286977063384,42.56934306569343,5079,5097,4050,4086,-161.75442298275433,59.67688095462805,-161.7511890477315,59.678497922139464
4862,274,13793.102406496177,1.3793102406496176,84,5.074625583973487,63.59124087591241,5764,5788,3365,3407,-161.81595757971652,59.61480736849539,-161.81218465552323,59.61696332517728
1280,274,13793.102406496177,1.3793102406496176,93,5.618335467970645,131.75182481751824,924,934,16421,16506,-160.64311714477006,60.05084960740701,-160.63548146485505,60.05174792269113
1925,273,13742.762616691445,1.3742762616691444,78,4.720774754816659,61.904761904761905,1439,1468,14102,14138,-160.85143645915738,60.00287957123503,-160.84820252413456,60.00548468555897
1252,273,13742.762616691445,1.3742762616691444,88,5.326002287485462,86.87179487179488,902,918,10318,10379,-161.1913589626682,60.0522869118616,-161.18587923943508,60.05372421631619
3991,273,13742.762616691445,1.3742762616691444,81,4.9023430146173,129.46520146520146,3833,3848,14419,14498,-160.8229598646508,59.78908053361458,-160.81586317390625,59.79042800654076
940,273,13742.762616691445,1.3742762616691444,106,6.415411846289306,214.5201465201465,684,700,11910,12015,-161.0483471694364,60.0718701850554,-161.03891485895312,60.07330748950999
725,272,13692.422826886715,1.3692422826886717,71,4.305007344394911,28.470588235294116,533,548,1304,1333,-162.00110035977355,60.08552457737402,-161.99849524544962,60.0868720503002
2815,272,13692.422826886715,1.3692422826886717,88,5.335783750799325,141.23529411764707,2176,2192,10734,10816,-161.15398904684884,59.93784154466477,-161.14662286151906,59.93927884911936
2816,272,13692.422826886715,1.3692422826886717,66,4.001837813099494,24.720588235294116,2176,2195,16705,16727,-160.61760499070107,59.93757205007954,-160.615628697076,59.93927884911936
4768,272,13692.422826886715,1.3692422826886717,108,6.5484618759809905,153.0,5424,5445,4811,4892,-161.68606118963282,59.64561958274069,-161.67878483583146,59.64750604483734
1652,271,13642.083037081986,1.3642083037081987,93,5.649347674846319,54.92250922509225,1207,1224,11440,11484,-161.09056798779,60.02479846416754,-161.08661540053987,60.02632560015054
4414,271,13642.083037081986,1.3642083037081987,90,5.467110653077082,101.68265682656826,4503,4518,4450,4518,-161.71849037138955,59.72889340957857,-161.71238182745753,59.73024088250475
2753,271,13642.083037081986,1.3642083037081987,83,5.041890935615531,60.457564575645755,2128,2141,1544,1595,-161.97954079295468,59.94242295261378,-161.97495938500566,59.94359076248313
4525,271,13642.083037081986,1.3642083037081987,84,5.10263660953861,46.28782287822878,4742,4758,4526,4566,-161.71166317523023,59.7073338427597,-161.70806991409376,59.70877114721429
2893,271,13642.083037081986,1.3642083037081987,101,6.135313066230948,60.457564575645755,2246,2264,8121,8167,-161.38871883058928,59.93137367461911,-161.38458658028233,59.93299064213053
4137,271,13642.083037081986,1.3642083037081987,71,4.3129428485385874,72.32472324723247,4092,4107,3193,3248,-161.83140860260337,59.765814167755885,-161.8264678685407,59.76716164068206
4311,271,13642.083037081986,1.3642083037081987,88,5.345619305230925,109.1660516605166,4338,4360,11844,11908,-161.05427605031159,59.74308679106766,-161.04852683249322,59.745063084692724
866,271,13642.083037081986,1.3642083037081987,68,4.1307058267693515,38.391143911439116,633,656,1839,1867,-161.95304049207314,60.07582277230553,-161.95052520927763,60.077888897459005
4923,270,13591.743247277254,1.3591743247277255,65,3.9557740264262,44.81481481481482,6106,6122,3966,4005,-161.76196883114093,59.5848036380058,-161.75846540153287,59.58624094246039
1204,270,13591.743247277254,1.3591743247277255,65,3.9557740264262,64.53333333333333,868,892,16120,16162,-160.67015643482208,60.05462253160031,-160.66638351062878,60.0567784882822
3536,270,13591.743247277254,1.3591743247277255,82,4.990361079491514,90.13333333333334,2787,2798,3963,4030,-161.76223832572617,59.88340363844713,-161.75621961332257,59.88439178525966
2998,270,13591.743247277254,1.3591743247277255,81,4.929503017546495,62.592592592592595,2329,2353,6517,6558,-161.53280860216205,59.923378668590445,-161.52912550949716,59.925534625272334
4056,270,13591.743247277254,1.3591743247277255,72,4.3817804600413295,53.333333333333336,3959,3976,6061,6104,-161.5737717791179,59.77758209797785,-161.56990902339618,59.77910923396085
802,270,13591.743247277254,1.3591743247277255,77,4.686070769766421,37.03703703703704,591,609,4976,5008,-161.67123898744487,60.080044854140894,-161.66836437853567,60.081661821652304
4471,270,13591.743247277254,1.3591743247277255,106,6.450954566171957,120.0,4604,4634,12484,12544,-160.99678387212793,59.71847295228278,-160.9913939804232,59.72116789813514
4581,269,13541.403457472523,1.3541403457472523,82,4.999628238967477,48.312267657992564,4893,4920,4706,4736,-161.6954935001161,59.69278113515696,-161.69279855426373,59.695206586424085
2783,269,13541.403457472523,1.3541403457472523,85,5.182541467222385,128.6096654275093,2153,2161,7445,7530,-161.44944494379575,59.94062632204554,-161.44180926388074,59.94134497427284
4688,269,13541.403457472523,1.3541403457472523,73,4.450888554202754,120.4460966542751,5063,5087,7467,7533,-161.4474686501707,59.67777926991217,-161.4415397692955,59.679935226594054
4839,269,13541.403457472523,1.3541403457472523,94,5.731281151987107,139.91078066914497,5667,5681,7669,7752,-161.42932268143147,59.624419342035466,-161.4218666645733,59.62567698343324
4498,269,13541.403457472523,1.3541403457472523,64,3.902148869438031,57.15985130111524,4676,4687,2639,2690,-161.8811752693436,59.71371188127695,-161.87659386139458,59.71470002808948
2319,269,13541.403457472523,1.3541403457472523,67,4.085062097692939,88.1635687732342,1764,1781,6730,6790,-161.51367448661028,59.97476230284208,-161.50828459490558,59.976289438825084
2719,268,13491.063667667793,1.3491063667667793,67,4.092676385936225,41.92537313432836,2107,2123,15866,15903,-160.6929736430387,59.94403992012519,-160.68964987648747,59.94547722457979
3609,268,13491.063667667793,1.3491063667667793,68,4.153761108114377,59.23880597014925,2881,2892,1876,1928,-161.9497167255219,59.874959474776404,-161.9450454860445,59.875947621588935
4217,268,13491.063667667793,1.3491063667667793,66,4.031591663758072,26.328358208955223,4213,4231,2837,2861,-161.86338862671803,59.7546750582328,-161.86123267003615,59.756292025744216
5038,267,13440.723877863064,1.3440723877863063,106,6.4870946504383085,126.80149812734082,6748,6766,6413,6487,-161.54215108111688,59.5269521337085,-161.5355035480144,59.528569101219915
424,267,13440.723877863064,1.3440723877863063,77,4.7123234724882055,43.68539325842696,333,367,4592,4612,-161.70573429435504,60.101784084016586,-161.7039376637868,60.10483835598259
962,267,13440.723877863064,1.3440723877863063,91,5.5691095583951515,53.93258426966292,701,719,1811,1853,-161.95555577486869,60.07016338601558,-161.9517828506754,60.07178035352699
510,267,13440.723877863064,1.3440723877863063,73,4.467527447943364,38.96629213483146,387,402,9865,9901,-161.23205264503883,60.098639980522165,-161.228818710016,60.09998745344834
2923,266,13390.384088058332,1.3390384088058331,76,4.65985898008574,27.804511278195488,2260,2282,16705,16726,-160.61760499070107,59.92975670710769,-160.61571852860442,59.931733000732756
2448,266,13390.384088058332,1.3390384088058331,99,6.0700794609011615,98.66165413533835,1871,1893,9962,10021,-161.22333898678286,59.96470117165995,-161.21803892660657,59.96667746528501
1987,266,13390.384088058332,1.3390384088058331,84,5.150370451673713,106.10526315789474,1493,1504,11209,11282,-161.11131907085317,59.99964563621219,-161.1047613692791,60.000633783024725
4811,266,13390.384088058332,1.3390384088058331,84,5.150370451673713,69.53383458646617,5568,5611,5516,5541,-161.6227299621024,59.63070754902431,-161.62048417389212,59.63457030474602
2829,266,13390.384088058332,1.3390384088058331,98,6.008765526952665,108.64661654135338,2190,2230,6113,6158,-161.56910053964046,59.93442794658512,-161.56505812086195,59.9380212077216
1167,266,13390.384088058332,1.3390384088058331,84,5.150370451673713,150.37593984962405,837,860,2151,2228,-161.92501305520864,60.05749714050949,-161.9180960275209,60.059563265662966
3278,266,13390.384088058332,1.3390384088058331,99,6.0700794609011615,89.15789473684211,2554,2575,4330,4386,-161.729270154799,59.903436069282996,-161.7242395892079,59.905322531379646
3571,266,13390.384088058332,1.3390384088058331,100,6.131393394849659,93.84962406015038,2824,2854,2401,2450,-161.90255517310564,59.87837307285606,-161.89815342821345,59.88106801870842
5132,265,13340.0442982536,1.3340044298253602,83,5.098649469721795,33.343396226415095,7065,7088,7720,7744,-161.42474127348245,59.49802638155985,-161.4225853168006,59.50009250671333
4252,265,13340.0442982536,1.3340044298253602,85,5.221508493088585,119.56226415094339,4258,4287,2488,2548,-161.8947398301338,59.74964449264173,-161.8893499384291,59.75224960696568
3525,265,13340.0442982536,1.3340044298253602,71,4.361495329521054,114.24905660377358,2774,2812,12448,12497,-161.00001780715075,59.88214599704936,-160.99561606225856,59.88555959512902
2332,265,13340.0442982536,1.3340044298253602,87,5.3443675164553754,37.735849056603776,1773,1788,12709,12744,-160.97657177823524,59.9741334821432,-160.9734276747408,59.97548095506938
4159,265,13340.0442982536,1.3340044298253602,106,6.511528238439882,185.97735849056605,4132,4160,14058,14141,-160.8553890464075,59.76105309675005,-160.84793302954932,59.76356837954558
489,265,13340.0442982536,1.3340044298253602,77,4.730072399621424,63.77358490566038,372,393,3076,3120,-161.84191889142758,60.09944846427787,-161.83796630417746,60.10133492637453
494,265,13340.0442982536,1.3340044298253602,103,6.327239703389697,185.97735849056605,375,406,3758,3838,-161.78065378905063,60.09828065440852,-161.77346726677766,60.10106543178929
2447,264,13289.704508448871,1.3289704508448872,64,3.938927711338647,60.13636363636363,1871,1890,6526,6570,-161.53200011840633,59.96497066624518,-161.5280475311562,59.96667746528501
4526,264,13289.704508448871,1.3289704508448872,85,5.2313883666216405,92.18181818181819,4743,4766,4869,4924,-161.68085096098494,59.7066151905324,-161.6759102269223,59.70868131568588
5363,264,13289.704508448871,1.3289704508448872,65,4.000473456828313,25.46969696969697,7876,7894,3222,3245,-161.82880348827942,59.42562216965982,-161.82673736312594,59.427239137171235
5364,264,13289.704508448871,1.3289704508448872,119,7.323943713270297,167.04545454545453,7878,7926,8608,8665,-161.34497087625266,59.422747560750636,-161.33985047913316,59.42705947411441
2513,264,13289.704508448871,1.3289704508448872,65,4.000473456828313,52.74242424242424,1936,1951,544,588,-162.06937232136664,59.95949094301205,-162.06541973411652,59.960838415938234
2274,264,13289.704508448871,1.3289704508448872,68,4.185110693297313,33.46969696969697,1730,1748,1699,1728,-161.96561690605083,59.977726743279675,-161.96301179172687,59.97934371079109
4435,264,13289.704508448871,1.3289704508448872,73,4.492839420745645,52.74242424242424,4539,4561,5745,5782,-161.60215854209608,59.725030653856855,-161.59883477554482,59.72700694748192
577,264,13289.704508448871,1.3289704508448872,65,4.000473456828313,54.54545454545455,430,439,563,614,-162.06766552232682,60.095316213970925,-162.0630841143778,60.09612469772663
2463,263,13239.364718644141,1.3239364718644142,93,5.734625668597329,47.6958174904943,1892,1914,3426,3460,-161.8104778564834,59.9628147095633,-161.80742358451738,59.96479100318836
3497,263,13239.364718644141,1.3239364718644142,74,4.563035478238735,33.59695817490494,2748,2762,3420,3453,-161.81101684565385,59.886637573469955,-161.80805240521627,59.887895214867726
3401,263,13239.364718644141,1.3239364718644142,101,6.227926801379894,137.26235741444867,2664,2688,3824,3895,-161.77472490817544,59.89328510657244,-161.7683468696582,59.89544106325433
3460,263,13239.364718644141,1.3239364718644142,79,4.871348686227838,92.53231939163499,2718,2731,4043,4108,-161.75505180345323,59.88942235085073,-161.74921275410642,59.89059016072009
1461,263,13239.364718644141,1.3239364718644142,91,5.611300385401687,49.41444866920152,1050,1070,10242,10279,-161.19818615882753,60.03863251954298,-161.1948623922763,60.04042915011122
1587,263,13239.364718644141,1.3239364718644142,72,4.4397101950430935,64.25855513307985,1144,1162,3587,3634,-161.79601498040907,60.03036801892908,-161.7917928985737,60.0319849864405
3114,263,13239.364718644141,1.3239364718644142,77,4.748023403032197,87.84790874524715,2427,2436,5258,5325,-161.6459064964327,59.91592265173225,-161.6398877840291,59.916731135487964
2298,263,13239.364718644141,1.3239364718644142,68,4.1930596286518105,47.6958174904943,1746,1765,1551,1588,-161.9789119722558,59.97619960729667,-161.97558820570455,59.9779064063365
806,262,13189.02492883941,1.318902492883941,67,4.139273823541943,64.50381679389314,593,610,6430,6478,-161.5406239451339,60.07995502261248,-161.5363120317701,60.081482158595485
883,262,13189.02492883941,1.318902492883941,81,5.004196712043245,46.18320610687023,647,673,14300,14329,-160.83364981653182,60.074295636322525,-160.83104470220786,60.07663125606123
1126,262,13189.02492883941,1.318902492883941,69,4.262834236184986,41.282442748091604,810,842,1170,1190,-162.01313778458075,60.05911410802091,-162.0113411540125,60.06198871693009
2445,262,13189.02492883941,1.318902492883941,74,4.571735267792594,88.18320610687023,1868,1887,6067,6124,-161.5732327899474,59.96524016083042,-161.56811239282794,59.96694695987024
4883,262,13189.02492883941,1.318902492883941,92,5.683778981579982,54.961832061068705,5871,5897,16005,16039,-160.68048706058943,59.60501573189849,-160.67743278862343,59.6073513516372
1083,261,13138.685139034678,1.3138685139034678,85,5.26136791501647,75.09578544061303,781,792,4438,4497,-161.71956834973048,60.063605684441505,-161.71426828955418,60.06459383125404
1158,261,13138.685139034678,1.3138685139034678,82,5.075672576839418,55.172413793103445,831,844,4325,4372,-161.72971931244103,60.05893444496408,-161.72549723060567,60.06010225483344
4956,261,13138.685139034678,1.3138685139034678,67,4.147195885954159,51.55555555555556,6373,6408,12481,12504,-160.99705336671317,59.55911182087998,-160.9949872415597,59.5622559243744
4906,261,13138.685139034678,1.3138685139034678,120,7.427813527082075,150.20689655172413,6020,6040,13249,13328,-160.92806275289277,59.59216982333558,-160.92096606214824,59.59396645390382
717,261,13138.685139034678,1.3138685139034678,67,4.147195885954159,36.79693486590038,527,541,8143,8178,-161.38674253696422,60.0861533980729,-161.38359843346979,60.08741103947067
566,261,13138.685139034678,1.3138685139034678,85,5.26136791501647,116.0,420,449,6158,6216,-161.56505812086195,60.09441789868681,-161.55984789221404,60.09702301301075
1996,260,13088.345349229949,1.3088345349229948,79,4.899372016273734,69.06153846153846,1500,1514,5781,5834,-161.59892460707323,59.998747320928075,-161.5941635360674,60.00000496232584
2677,260,13088.345349229949,1.3088345349229948,77,4.775337281684526,57.246153846153845,2072,2085,610,658,-162.06344344049145,59.94745351820485,-162.05913152712768,59.9486213280742
1964,259,13038.005559425219,1.3038005559425219,102,6.337971613212241,218.7027027027027,1474,1512,9774,9855,-161.24022731412433,59.9989269839849,-161.23295096032294,60.002340582064555
877,258,12987.665769620487,1.2987665769620487,79,4.9183251702810535,41.92248062015504,645,660,2025,2062,-161.93633182778854,60.07546344619188,-161.9330080612373,60.07681091911806
2634,258,12987.665769620487,1.2987665769620487,98,6.101213502373965,106.8062015503876,2040,2053,631,701,-162.0615569783948,59.950328127114034,-162.05526877140596,59.951495936983385
5116,258,12987.665769620487,1.2987665769620487,73,4.54478148646224,50.372093023255815,6992,7018,8182,8213,-161.38323910735613,59.50431458854869,-161.38045432997538,59.506650208287404
2727,257,12937.325979815756,1.2937325979815757,101,6.300206901673233,80.68482490272373,2111,2128,11360,11415,-161.09775451006297,59.94359076248313,-161.0928137760003,59.94511789846614
3565,257,12937.325979815756,1.2937325979815757,64,3.992210313931554,40.48249027237354,2817,2835,16344,16377,-160.6500341724578,59.88007987189589,-160.64706973202019,59.8816968394073
2653,257,12937.325979815756,1.2937325979815757,68,4.241723458552276,48.809338521400775,2050,2081,6127,6152,-161.5678428982427,59.9478128443185,-161.5655971100324,59.950597621699266
2976,257,12937.325979815756,1.2937325979815757,68,4.241723458552276,50.568093385214006,2308,2318,2429,2476,-161.9000398903101,59.926522772084866,-161.89581780847473,59.927421087368984
551,257,12937.325979815756,1.2937325979815757,97,6.050693757052511,174.87937743190662,411,441,15660,15736,-160.71147893789157,60.0951365509141,-160.70465174173225,60.09783149676646
4156,256,12886.986190011026,1.2886986190011027,69,4.3125,60.0625,4129,4149,12084,12126,-161.03271648349272,59.76204124356258,-161.0289435592994,59.76383787413082
670,256,12886.986190011026,1.2886986190011027,100,6.25,92.640625,495,514,1310,1368,-162.00056137060307,60.088578849340024,-161.99535114195518,60.090285648379854
2108,256,12886.986190011026,1.2886986190011027,66,4.125,45.5625,1600,1622,7811,7843,-161.416566604397,59.98904551585959,-161.4136919954878,59.99102180948465
1791,256,12886.986190011026,1.2886986190011027,103,6.4375,210.25,1323,1337,3679,3781,-161.78775047979516,60.01464750145699,-161.77858766389716,60.015905142854756
2687,256,12886.986190011026,1.2886986190011027,92,5.75,50.765625,2081,2107,119,150,-162.1075507209417,59.94547722457979,-162.10476594356095,59.9478128443185
4932,256,12886.986190011026,1.2886986190011027,86,5.375,33.0625,6178,6201,11651,11674,-161.07161353529509,59.577706947261255,-161.0695474101416,59.57977307241473
3614,255,12836.646400206297,1.2836646400206297,84,5.260284045115256,52.76862745098039,2887,2905,2596,2636,-161.8850380250653,59.873791664907046,-161.88144476392884,59.87540863241846
979,255,12836.646400206297,1.2836646400206297,79,4.947171899572681,33.1921568627451,714,733,2002,2029,-161.938397952942,60.06890574461781,-161.93597250167488,60.07061254365764
3587,255,12836.646400206297,1.2836646400206297,73,4.571437324921591,81.31764705882352,2849,2885,4442,4478,-161.71920902361686,59.87558829547529,-161.715975088594,59.878822230498116
1331,255,12836.646400206297,1.2836646400206297,76,4.759304612247137,68.32941176470588,960,976,2730,2780,-161.8730006002581,60.0470766832137,-161.8685090238375,60.048513987668294
174,255,12836.646400206297,1.2836646400206297,68,4.258325179379017,34.65098039215686,139,156,171,201,-162.1028794814643,60.1207385365115,-162.10018453561193,60.12226567249451
3474,255,12836.646400206297,1.2836646400206297,74,4.6340597540301065,97.89803921568627,2725,2741,428,491,-162.0797927786624,59.88852403556661,-162.07413339237246,59.8899613400212
1919,255,12836.646400206297,1.2836646400206297,93,5.82388590709189,47.450980392156865,1437,1460,5535,5567,-161.62102316306257,60.00359822346232,-161.6181485541534,60.005664348615795
4662,255,12836.646400206297,1.2836646400206297,70,4.383570037596047,66.27450980392157,5021,5048,3684,3722,-161.7873013221531,59.68128269952024,-161.78388772407345,59.68370815078736
2650,255,12836.646400206297,1.2836646400206297,72,4.508814895813076,76.86274509803921,2047,2096,1254,1275,-162.00559193619415,59.94646537139232,-162.0037054740975,59.950867116284506
2901,254,12786.306610401565,1.2786306610401565,78,4.894155280077636,68.5984251968504,2250,2264,3894,3946,-161.7684367011866,59.93137367461911,-161.76376546170917,59.93263131601688
3750,254,12786.306610401565,1.2786306610401565,94,5.898084568298691,37.811023622047244,3151,3168,15066,15098,-160.76483886576827,59.850165972934704,-160.76196425685907,59.85169310891771
3873,254,12786.306610401565,1.2786306610401565,84,5.2706287631605315,42.58267716535433,3443,3457,12731,12769,-160.97459548461018,59.82420466122365,-160.97118188653053,59.82546230262142
396,254,12786.306610401565,1.2786306610401565,85,5.333374343674348,62.503937007874015,308,324,9727,9774,-161.2444493959597,60.1056468397383,-161.24022731412433,60.10708414419289
546,253,12735.966820596834,1.2735966820596833,66,4.149384448848748,47.82608695652174,409,427,1850,1887,-161.95205234526063,60.09639419231187,-161.9487285787094,60.09801115982328
5359,253,12735.966820596834,1.2735966820596833,66,4.149384448848748,73.10671936758894,7865,7873,9185,9245,-161.29313808435896,59.42750863175647,-161.28774819265425,59.428227283983766
1328,253,12735.966820596834,1.2735966820596833,81,5.092426369041645,108.91699604743083,958,971,4642,4712,-161.70124271793446,60.04752584085576,-161.69495451094562,60.04869365072512
1510,253,12735.966820596834,1.2735966820596833,70,4.40086229423352,42.75098814229249,1088,1106,2113,2147,-161.92842665328828,60.03539858452015,-161.92537238132226,60.03701555203157
1000,252,12685.627030792104,1.2685627030792104,74,4.6615618337804685,96.57142857142857,727,754,8346,8397,-161.3685067366966,60.06701928252116,-161.36392532874757,60.06944473378828
1149,252,12685.627030792104,1.2685627030792104,82,5.165514464459439,106.73015873015873,825,847,10607,10667,-161.16539765095715,60.05866495037885,-161.16000775925244,60.06064124400391
1645,252,12685.627030792104,1.2685627030792104,65,4.094615124266628,96.57142857142857,1200,1225,4838,4891,-161.68363573836572,60.024708632639125,-161.67887466735988,60.02695442084943
1865,252,12685.627030792104,1.2685627030792104,106,6.677372356496347,272.3968253968254,1389,1429,6672,6763,-161.5188847152582,60.00638300084309,-161.5107100461727,60.00997626197957
5105,251,12635.287240987374,1.2635287240987374,66,4.165883060445501,73.68924302788845,6952,6980,8472,8512,-161.3571879641167,59.50772818662834,-161.3535947029802,59.51024346942388
1182,251,12635.287240987374,1.2635287240987374,68,4.292121941065061,112.44621513944223,852,868,2230,2298,-161.91791636446408,60.0567784882822,-161.91180782053206,60.05821579273679
4984,251,12635.287240987374,1.2635287240987374,75,4.733958023233524,146.86852589641435,6518,6540,4168,4242,-161.74382286240171,59.5472540591296,-161.73717532929925,59.54923035275466
4287,251,12635.287240987374,1.2635287240987374,112,7.069377314695395,265.195219123506,4304,4322,6829,6940,-161.50478116529752,59.746500389147315,-161.4948098656438,59.748117356658724
674,250,12584.947451182643,1.2584947451182642,89,5.628854235099715,73.984,497,534,6163,6194,-161.56460896321988,60.08678221877179,-161.5618241858391,60.09010598532303
3455,250,12584.947451182643,1.2584947451182642,68,4.300697617828996,85.264,2714,2720,15298,15365,-160.74399795117668,59.89041049766326,-160.73797923877308,59.89094948683373
1180,250,12584.947451182643,1.2584947451182642,81,5.122889809472775,97.344,846,874,9085,9135,-161.30212123720014,60.056239499111726,-161.29762966077956,60.05875478190726
989,250,12584.947451182643,1.2584947451182642,85,5.375872022286245,80.656,719,727,4058,4121,-161.75370433052703,60.06944473378828,-161.74804494423708,60.07016338601558
1093,250,12584.947451182643,1.2584947451182642,119,7.526220831200743,222.784,789,816,4171,4262,-161.74355336781647,60.061449727759616,-161.73537869873098,60.06387517902674
2450,249,12534.607661377911,1.2534607661377912,122,7.7314358563986305,177.10843373493975,1872,1889,7765,7853,-161.42069885470391,59.96506049777359,-161.41279368020366,59.966587633756596
4963,249,12534.607661377911,1.2534607661377912,64,4.055835203356659,54.04016064257028,6433,6452,9245,9284,-161.28774819265425,59.55515923362985,-161.28424476304616,59.55686603266968
1513,249,12534.607661377911,1.2534607661377912,85,5.386656129458062,102.81124497991968,1092,1105,3263,3330,-161.82512039561453,60.035488416048565,-161.81910168321093,60.036656225917916
4776,249,12534.607661377911,1.2534607661377912,106,6.717477055559466,148.04819277108433,5455,5502,15503,15552,-160.72558248785225,59.64049918562121,-160.72118074296006,59.64472126745657
2051,249,12534.607661377911,1.2534607661377912,70,4.436069753671346,78.714859437751,1548,1567,11213,11264,-161.11095974473952,59.993986249922244,-161.1063783367905,59.99569304896207
1297,249,12534.607661377911,1.2534607661377912,80,5.069794004195823,108.0160642570281,939,959,4568,4630,-161.70789025103693,60.04860381919671,-161.7023206962754,60.05040044976494
2161,249,12534.607661377911,1.2534607661377912,83,5.259911279353167,40.16064257028113,1644,1656,2452,2490,-161.89797376515662,59.98599124389358,-161.89456016707697,59.98706922223452
2580,249,12534.607661377911,1.2534607661377912,81,5.133166429248272,45.12449799196787,1992,2009,8639,8675,-161.34218609887188,59.95428071436416,-161.33895216384906,59.95580785034716
4782,249,12534.607661377911,1.2534607661377912,98,6.210497655139884,180.49799196787149,5468,5493,5534,5615,-161.621112994591,59.641307669376914,-161.61383664078963,59.64355345758722
2070,248,12484.267871573182,1.2484267871573183,109,6.921506921510383,41.95161290322581,1562,1589,10453,10477,-161.1792317063326,59.99200995629718,-161.17707574965073,59.9944354075643
4299,248,12484.267871573182,1.2484267871573183,128,8.128008128012192,244.01612903225808,4328,4347,6658,6762,-161.52014235665595,59.74425460093701,-161.51079987770112,59.74596139997684
932,248,12484.267871573182,1.2484267871573183,74,4.699004699007048,95.62903225806451,680,688,2240,2309,-161.91701804917997,60.07294816339635,-161.91081967371954,60.07366681562364
3946,248,12484.267871573182,1.2484267871573183,75,4.7625047625071435,52.403225806451616,3693,3705,1828,1873,-161.9540286388857,59.80192644217749,-161.94998622010715,59.803004420518434
4210,248,12484.267871573182,1.2484267871573183,87,5.524505524508287,76.79032258064517,4205,4229,6427,6472,-161.54089343971913,59.754854721289625,-161.5368510209406,59.75701067797151
363,247,12433.928081768452,1.2433928081768453,63,4.0085940067473995,27.222672064777328,291,305,4983,5010,-161.67061016674597,60.10735363877812,-161.66818471547884,60.10861128017589
4485,247,12433.928081768452,1.2433928081768453,74,4.708507246020756,58.29959514170041,4640,4657,12536,12579,-160.9921126326505,59.71640682712931,-160.9882498769288,59.71793396311231
2412,247,12433.928081768452,1.2433928081768453,66,4.199479435640133,50.78542510121458,1842,1856,8399,8441,-161.36374566569074,59.96802493821119,-161.35997274149744,59.96928257960895
1340,247,12433.928081768452,1.2433928081768453,78,4.963021151211066,96.01619433198381,963,980,12204,12264,-161.02193670008327,60.04671735710006,-161.01654680837856,60.04824449308306
2959,247,12433.928081768452,1.2433928081768453,126,8.017188013494799,88.68016194331983,2293,2314,10063,10116,-161.21426600241327,59.92688209819851,-161.20950493140742,59.92876856029516
804,247,12433.928081768452,1.2433928081768453,79,5.026649627508644,155.53036437246965,592,623,7647,7714,-161.43129897505654,60.07878721274312,-161.42528026265293,60.08157199012389
2762,246,12383.58829196372,1.238358829196372,86,5.483159732344709,54.699186991869915,2138,2161,205,240,-162.09982520949828,59.94062632204554,-162.09668110600387,59.942692447199015
1319,246,12383.58829196372,1.238358829196372,85,5.419402061038375,40.65040650406504,951,976,13506,13531,-160.9049760500909,60.0470766832137,-160.9027302618806,60.049322471424006
2779,246,12383.58829196372,1.238358829196372,85,5.419402061038375,72.99186991869918,2149,2167,4468,4517,-161.71687340387814,59.940087332875066,-161.71247165898595,59.94170430038648
3760,246,12383.58829196372,1.238358829196372,76,4.845583019281371,50.99186991869919,3168,3198,3922,3948,-161.76592141839106,59.84747102708235,-161.76358579865234,59.850165972934704
2657,246,12383.58829196372,1.238358829196372,72,4.590552334056036,45.67479674796748,2052,2066,10298,10337,-161.19315559323644,59.949160317244676,-161.18965216362838,59.95041795864245
4965,246,12383.58829196372,1.238358829196372,97,6.184494116714381,104.0650406504065,6440,6474,12589,12635,-160.98735156164466,59.55318294000479,-160.98321931133773,59.556237211970796
4784,246,12383.58829196372,1.238358829196372,109,6.949586172390387,305.1869918699187,5480,5515,15615,15717,-160.7155213566701,59.63933137575185,-160.70635854077207,59.64247547924627
3186,246,12383.58829196372,1.238358829196372,63,4.016733292299031,37.46341463414634,2476,2487,2127,2164,-161.92716901189053,59.91134124378325,-161.92384524533927,59.91232939059578
1258,246,12383.58829196372,1.238358829196372,96,6.120736445408047,70.82926829268293,906,919,15329,15382,-160.74121317379593,60.05219708033319,-160.73645210279008,60.053364890202545
4840,246,12383.58829196372,1.238358829196372,102,6.50328247324605,86.65040650406505,5670,5682,3098,3159,-161.83994259780252,59.62432951050706,-161.83446287456937,59.625407488848
1151,245,12333.24850215899,1.2333248502158989,68,4.344360641999591,54.922448979591834,826,853,8590,8621,-161.34658784376407,60.058125961208376,-161.3438030663833,60.0605514124755
242,245,12333.24850215899,1.2333248502158989,63,4.024922359499621,45.861224489795916,180,202,7776,7807,-161.4197107078914,60.11660628620456,-161.41692593051062,60.11858257982962
4617,245,12333.24850215899,1.2333248502158989,76,4.855461893999543,99.33061224489796,4954,4967,7550,7615,-161.4400126333125,59.688559053321605,-161.43417358396573,59.689726863190955
4537,245,12333.24850215899,1.2333248502158989,84,5.366563145999495,107.11836734693877,4780,4811,4221,4271,-161.7390617913959,59.70257277175387,-161.7345702149753,59.70535754913464
1416,245,12333.24850215899,1.2333248502158989,124,7.922069405999254,120.75102040816327,1022,1040,11072,11140,-161.1236259902456,60.04132746539534,-161.1175174463136,60.04294443290676
4962,245,12333.24850215899,1.2333248502158989,139,8.880384253499164,357.61632653061224,6415,6449,9768,9882,-161.24076630329478,59.55542872821509,-161.23052550905584,59.5584830001811
574,245,12333.24850215899,1.2333248502158989,72,4.599911267999567,34.546938775510206,429,446,8767,8796,-161.33068766323515,60.09468739327204,-161.3280825489112,60.09621452925504
4918,244,12282.90871235426,1.228290871235426,96,6.145770236779007,78.04918032786885,6068,6084,11868,11921,-161.0521200936297,59.588217236085455,-161.04735902262385,59.589654540540046
862,244,12282.90871235426,1.228290871235426,89,5.697641157013871,53.26229508196721,628,640,9433,9478,-161.2708598653128,60.07726007676012,-161.26681744653425,60.078338055101064
1743,244,12282.90871235426,1.228290871235426,63,4.033161717886223,67.14754098360656,1283,1307,10662,10702,-161.1604569168945,60.017342447309346,-161.15686365575803,60.019498403991236
3452,243,12232.56892254953,1.223256892254953,83,5.3244524825265485,57.300411522633745,2712,2736,7674,7709,-161.4288735237894,59.88897319320867,-161.425729420295,59.89112914989055
2294,243,12232.56892254953,1.223256892254953,73,4.6829521834269645,82.97942386831275,1743,1763,4097,4148,-161.75020090091897,59.9763792703535,-161.74561949296995,59.978175900921734
2197,243,12232.56892254953,1.223256892254953,99,6.3508529610858835,71.70370370370371,1673,1695,5539,5583,-161.62066383694892,59.98248781428551,-161.6167112496988,59.984464107910576
3563,243,12232.56892254953,1.223256892254953,61,3.9131518245074632,41.1522633744856,2815,2831,3245,3279,-161.82673736312594,59.88043919800953,-161.82368309115995,59.881876502464124
3835,243,12232.56892254953,1.223256892254953,99,6.3508529610858835,113.39917695473251,3336,3354,8184,8249,-161.3830594442993,59.83345730865008,-161.37722039495253,59.8350742761615
4270,242,12182.229132744798,1.2182229132744797,89,5.721136684145703,65.60330578512396,4275,4310,16692,16720,-160.61877280057044,59.74757836748826,-160.6162575177749,59.75072247098267
1795,242,12182.229132744798,1.2182229132744797,72,4.6283352950392205,69.83471074380165,1326,1340,453,504,-162.07754699045213,60.01437800687175,-162.07296558250312,60.01563564826952
4505,242,12182.229132744798,1.2182229132744797,98,6.299678596025605,69.83471074380165,4688,4709,16459,16503,-160.6397035466904,59.71173558765189,-160.6357509594403,59.71362204974854
4926,241,12131.889342940067,1.2131889342940068,62,3.993771083685151,33.60995850622407,6131,6155,12027,12048,-161.0378368806122,59.58183919756821,-161.03595041851554,59.58399515425009
442,241,12131.889342940067,1.2131889342940068,80,5.153253011206647,55.83402489626556,342,358,8208,8250,-161.38090348761745,60.10259256777229,-161.37713056342412,60.10402987222688
1388,240,12081.549553135337,1.2081549553135338,70,4.51848057057532,104.01666666666667,1003,1016,6201,6267,-161.5611953651402,60.04348342207722,-161.55526648426502,60.04465123194658
5224,240,12081.549553135337,1.2081549553135338,112,7.229568912920511,212.81666666666666,7427,7464,12156,12232,-161.02624861344705,59.46424972687696,-161.01942141728773,59.467573493428205
4424,240,12081.549553135337,1.2081549553135338,66,4.260281680828158,66.15,4522,4537,5775,5823,-161.5994635962437,59.727186610538745,-161.59515168287993,59.72853408346492
2397,240,12081.549553135337,1.2081549553135338,68,4.389381125701739,64.06666666666666,1836,1872,16269,16295,-160.65677153708867,59.966587633756596,-160.65443591734999,59.96982156877942
4588,240,12081.549553135337,1.2081549553135338,68,4.389381125701739,74.81666666666666,4911,4923,3652,3707,-161.7901759310623,59.69251164057173,-161.78523519699962,59.693589618912675
4140,240,12081.549553135337,1.2081549553135338,79,5.0994280725064325,88.81666666666666,4096,4110,5836,5895,-161.5939838730106,59.765544673170645,-161.5886838128343,59.766802314568416
2530,240,12081.549553135337,1.2081549553135338,61,3.937533068644207,40.016666666666666,1950,1978,2146,2167,-161.92546221285068,59.95706549174493,-161.92357575075403,59.95958077454046
52,240,12081.549553135337,1.2081549553135338,76,4.905778905196061,66.15,20,34,6327,6376,-161.5498765925603,60.13169798297776,-161.54547484766812,60.13295562437553
1146,239,12031.209763330608,1.2031209763330608,63,4.075131232324851,50.62761506276151,820,837,9836,9874,-161.23465775936276,60.059563265662966,-161.23124416128312,60.06109040164597
817,239,12031.209763330608,1.2031209763330608,77,4.9807159506192615,32.40167364016737,596,616,12803,12827,-160.9681276145645,60.07941603344201,-160.96597165788262,60.081212664010245
1105,239,12031.209763330608,1.2031209763330608,85,5.498192932501783,54.37656903765691,800,822,4073,4108,-161.75235685760086,60.06091073858914,-161.74921275410642,60.062887032214206
1595,239,12031.209763330608,1.2031209763330608,70,4.527923591472057,30.94560669456067,1151,1170,1454,1478,-161.98762563051176,60.02964936670178,-161.98546967382987,60.03135616574161
3253,239,12031.209763330608,1.2031209763330608,88,5.692246800707728,70.7112970711297,2526,2551,15995,16035,-160.68138537587356,59.90559202596488,-160.6777921147371,59.90783781417518
4805,239,12031.209763330608,1.2031209763330608,68,4.3985543460014265,64.3347280334728,5547,5567,7521,7563,-161.44261774763643,59.634660136274434,-161.43884482344313,59.63645676684267
407,239,12031.209763330608,1.2031209763330608,111,7.179993123619975,269.94142259414224,318,363,32,114,-162.11536606391354,60.10214341013023,-162.10799987858377,60.10618582890877
1193,239,12031.209763330608,1.2031209763330608,64,4.139815855060165,45.25523012552301,858,877,6397,6430,-161.54358838557147,60.055970004526486,-161.5406239451339,60.057676803566316
2820,239,12031.209763330608,1.2031209763330608,89,5.756931423443043,101.82426778242677,2181,2202,15384,15441,-160.73627243973326,59.93694322938065,-160.7311520426138,59.9388296914773
5397,238,11980.869973525876,1.1980869973525876,85,5.509731650193397,127.21008403361344,7968,8003,7022,7074,-161.48744368031402,59.415830533062916,-161.48277244083658,59.41897463655734
926,238,11980.869973525876,1.1980869973525876,109,7.065420586718592,148.50420168067228,675,688,6545,6626,-161.5302933193665,60.07294816339635,-161.52301696556515,60.074115973265705
2536,238,11980.869973525876,1.1980869973525876,80,5.185629788417315,89.56302521008404,1956,1981,1752,1800,-161.960855835045,59.956795997159695,-161.95654392168123,59.95904178536999
406,238,11980.869973525876,1.1980869973525876,98,6.352396490811211,80.01680672268908,316,325,5795,5855,-161.59766696567547,60.105557008209885,-161.59227707397076,60.10636549196559
842,238,11980.869973525876,1.1980869973525876,64,4.148503830733852,107.56302521008404,614,639,4568,4623,-161.70789025103693,60.07734990828853,-161.7029495169743,60.07959569649883
5100,238,11980.869973525876,1.1980869973525876,84,5.444911277838181,60.50420168067227,6938,6951,11493,11540,-161.08580691678418,59.51033330095229,-161.0815848349488,59.51150111082165
4998,238,11980.869973525876,1.1980869973525876,69,4.4726056925099344,54.60504201680672,6589,6602,4405,4449,-161.7225327901681,59.541684504368064,-161.71858020291796,59.542852314237415
1173,238,11980.869973525876,1.1980869973525876,72,4.667066809575584,38.72268907563025,839,855,5279,5311,-161.64402003433605,60.05794629815155,-161.64114542542686,60.05938360260614
4885,237,11930.530183721145,1.1930530183721144,61,3.9623757950159484,49.21518987341772,5884,5905,11151,11184,-161.11652929950105,59.60429707967119,-161.11356485906347,59.60618354176784
792,237,11930.530183721145,1.1930530183721144,64,4.157246735754438,124.82700421940929,583,605,5332,5396,-161.6392589633302,60.08040418025454,-161.63350974551184,60.0823804738796
1498,237,11930.530183721145,1.1930530183721144,81,5.261515399939211,47.40928270042194,1073,1099,7664,7691,-161.42977183907354,60.03602740521904,-161.4273463878064,60.03836302495775
944,237,11930.530183721145,1.1930530183721144,72,4.676902577723743,73.51898734177215,686,716,12906,12942,-160.9588749671381,60.07043288060081,-160.95564103211524,60.073127826453174
2090,237,11930.530183721145,1.1930530183721144,85,5.5213433209238625,175.59493670886076,1581,1599,9228,9312,-161.28927532863725,59.991111641013056,-161.28172948025065,59.99272860852447
279,237,11930.530183721145,1.1930530183721144,71,4.61194559747758,165.41772151898735,211,242,4712,4780,-161.69495451094562,60.11301302506808,-161.6888459670136,60.115797802448846
5171,236,11880.190393916415,1.1880190393916414,62,4.03585624040554,59.0,7176,7197,5576,5614,-161.6173400703977,59.48823474496295,-161.61392647231804,59.4901212070596
578,236,11880.190393916415,1.1880190393916414,71,4.621706339819248,76.08474576271186,432,445,2848,2902,-161.8624004799055,60.09477722480045,-161.85754957737126,60.0959450346698
4905,236,11880.190393916415,1.1880190393916414,98,6.37925663806037,83.05084745762711,6019,6041,13332,13380,-160.92060673603459,59.59207999180717,-160.9162948226708,59.59405628543223
4486,236,11880.190393916415,1.1880190393916414,73,4.751895250800072,61.016949152542374,4641,4664,4752,4789,-161.69136124980915,59.715778006430426,-161.6880374832579,59.7178441315839
472,236,11880.190393916415,1.1880190393916414,71,4.621706339819248,134.25423728813558,361,390,12895,12955,-160.9598631139506,60.09971795886311,-160.9544732222459,60.10232307318706
2980,236,11880.190393916415,1.1880190393916414,99,6.4443510935507815,113.96610169491525,2311,2327,3726,3792,-161.7835283979598,59.92571428832916,-161.7775995170846,59.92715159278375
2467,235,11829.850604111685,1.1829850604111685,115,7.501772840114586,137.87234042553192,1894,1924,3021,3081,-161.84685962549023,59.96191639427917,-161.84146973378552,59.96461134013153
2694,235,11829.850604111685,1.1829850604111685,88,5.740487042870291,144.06808510638297,2084,2103,3667,3740,-161.7888284581361,59.945836550693436,-161.78227075656204,59.94754334973326
4522,235,11829.850604111685,1.1829850604111685,81,5.283857391732882,42.5531914893617,4734,4749,2651,2686,-161.88009729100264,59.70814232651541,-161.87695318750824,59.70948979944159
4837,235,11829.850604111685,1.1829850604111685,74,4.827227740595473,49.63404255319149,5660,5682,11932,11964,-161.04637087581133,59.62432951050706,-161.04349626690214,59.62630580413212
4774,234,11779.510814306954,1.1779510814306953,70,4.576043153224294,42.73504273504273,5449,5468,3872,3903,-161.77041299481166,59.64355345758722,-161.76762821743088,59.64526025662704
1950,234,11779.510814306954,1.1779510814306953,83,5.425879738823092,86.17094017094017,1464,1499,9046,9082,-161.30562466680823,60.00009479385425,-161.30239073178538,60.00323889734867
2182,234,11779.510814306954,1.1779510814306953,100,6.537204504606134,230.01709401709402,1661,1687,13267,13357,-160.92644578538136,59.983206466512804,-160.91836094782428,59.98554208625152
3957,234,11779.510814306954,1.1779510814306953,64,4.183810882947926,41.042735042735046,3734,3753,4640,4670,-161.7014223809913,59.79761452881371,-161.69872743513892,59.79932132785354
1930,234,11779.510814306954,1.1779510814306953,76,4.968275423500662,93.6068376068376,1442,1462,10820,10874,-161.1462635354054,60.00341856040549,-161.14141263287118,60.005215190973736
4733,234,11779.510814306954,1.1779510814306953,67,4.37992701808611,37.76068376068376,5281,5306,3110,3132,-161.83886461946156,59.65810616518995,-161.8368883258365,59.66035195340025
3241,234,11779.510814306954,1.1779510814306953,77,5.033647468546723,61.53846153846154,2517,2529,13465,13513,-160.9086591427558,59.90756831958994,-160.90434722939202,59.908646297930886
5345,234,11779.510814306954,1.1779510814306953,67,4.37992701808611,83.76068376068376,7808,7821,12895,12952,-160.9598631139506,59.43217987123389,-160.95474271683113,59.43334768110325
4976,234,11779.510814306954,1.1779510814306953,63,4.118438837901865,44.46153846153846,6485,6503,6161,6194,-161.5647886262767,59.55057782568085,-161.5618241858391,59.55219479319226
2422,233,11729.171024502222,1.1729171024502223,67,4.389315939938803,55.776824034334766,1849,1867,8891,8930,-161.31954855371208,59.967036791398655,-161.316045124104,59.96865375891007
4109,233,11729.171024502222,1.1729171024502223,61,3.996242870690552,34.76394849785408,4054,4066,7199,7232,-161.4715434997851,59.76949726042077,-161.4685790593475,59.770575238761715
2102,233,11729.171024502222,1.1729171024502223,79,5.175462078435306,63.87982832618026,1592,1617,1469,1505,-161.9862781575856,59.989494673501646,-161.98304422256274,59.99174046171194
1286,233,11729.171024502222,1.1729171024502223,112,7.337363959300686,112.63519313304721,931,958,12254,12308,-161.01744512366267,60.04869365072512,-161.01259422112844,60.05111910199224
3012,233,11729.171024502222,1.1729171024502223,77,5.044437722019222,63.87982832618026,2342,2353,4485,4535,-161.71534626789514,59.923378668590445,-161.71085469147454,59.924366815402976
223,233,11729.171024502222,1.1729171024502223,82,5.371998613059431,51.93133047210301,166,185,2093,2129,-161.93022328385652,60.11813342218756,-161.9269893488337,60.119840221227385
5060,233,11729.171024502222,1.1729171024502223,77,5.044437722019222,53.836909871244636,6822,6842,16322,16358,-160.65201046608286,59.52012493754919,-160.64877653106004,59.521921568117435
5381,233,11729.171024502222,1.1729171024502223,81,5.306486434851389,44.652360515021456,7934,7956,12324,12353,-161.01115691667383,59.42005261489828,-161.0085518023499,59.422028908523345
1600,232,11678.831234697493,1.1678831234697493,68,4.464418717230567,34.91379310344828,1156,1179,7588,7610,-161.43659903523283,60.02884088294608,-161.43462274160777,60.030907008099554
764,232,11678.831234697493,1.1678831234697493,61,4.004846202221538,44.8448275862069,556,566,14243,14284,-160.83877021365132,60.08390760986261,-160.8350871209864,60.084805925146725
5146,232,11678.831234697493,1.1678831234697493,61,4.004846202221538,41.39655172413793,7123,7136,4653,4689,-161.70025457112192,59.49371446819608,-161.6970206360991,59.49488227806543
4377,231,11628.491444892763,1.1628491444892763,66,4.342481186734475,68.72727272727273,4433,4442,16378,16432,-160.64697990049177,59.73572060573788,-160.64212899795754,59.73652908949359
37,231,11628.491444892763,1.1628491444892763,66,4.342481186734475,36.64069264069264,9,20,9960,9995,-161.2235186498397,60.13295562437553,-161.22037454634528,60.133943771188065
553,231,11628.491444892763,1.1628491444892763,60,3.9477101697586137,66.56277056277057,413,421,9271,9325,-161.28541257291553,60.096933181482335,-161.28056167038127,60.097651833709634
2527,231,11628.491444892763,1.1628491444892763,60,3.9477101697586137,77.73160173160173,1946,1966,5319,5366,-161.64042677319955,59.95814347008587,-161.6362046913642,59.95994010065411
3530,231,11628.491444892763,1.1628491444892763,61,4.013505339254591,38.25108225108225,2781,2800,15004,15032,-160.7704084205298,59.8832239753903,-160.76789313773426,59.88493077443013
5370,231,11628.491444892763,1.1628491444892763,67,4.408276356230452,84.84848484848484,7917,7930,3130,3187,-161.83706798889332,59.42238823463699,-161.83194759177385,59.42355604450634
2968,231,11628.491444892763,1.1628491444892763,98,6.447926610605736,82.44155844155844,2300,2348,13361,13382,-160.91800162171063,59.923827826232504,-160.91611515961398,59.92813973959628
4379,230,11578.151655088031,1.1578151655088031,63,4.154096982393458,90.15652173913044,4435,4454,7779,7832,-161.41944121330616,59.73464262739694,-161.41468014230034,59.73634942643676
4363,230,11578.151655088031,1.1578151655088031,74,4.879415503128824,90.15652173913044,4409,4426,5679,5734,-161.60808742297127,59.73715791019247,-161.6031466889086,59.738685046175476
1155,230,11578.151655088031,1.1578151655088031,87,5.7366101185433465,45.23478260869565,829,851,9885,9914,-161.2302560144706,60.0583056242652,-161.22765090014664,60.060281917890265
5263,230,11578.151655088031,1.1578151655088031,71,4.681601361110087,114.10434782608695,7551,7562,9009,9079,-161.30894843335946,59.45544623709259,-161.30266022637062,59.45643438390512
346,230,11578.151655088031,1.1578151655088031,76,5.011291597807981,41.756521739130434,276,299,5751,5777,-161.6016195529256,60.107892627948594,-161.59928393318688,60.10995875310207
4997,230,11578.151655088031,1.1578151655088031,80,5.275043787166296,58.504347826086956,6587,6601,9154,9198,-161.29592286173974,59.54177433589648,-161.29197027448961,59.54303197729424
434,230,11578.151655088031,1.1578151655088031,89,5.868486213222504,153.6695652173913,337,351,12389,12469,-161.00531786732705,60.10322138847118,-160.9981313450541,60.10447902986894
4171,229,11527.8118652833,1.15278118652833,91,6.013449264141316,71.54585152838428,4156,4173,13776,13823,-160.88072153741967,59.759885286880696,-160.8764994555843,59.7614124228637
3300,229,11527.8118652833,1.15278118652833,78,5.1543850835497,50.93449781659389,2576,2600,2554,2584,-161.8888109492586,59.901190281072694,-161.88611600340624,59.90334623775458
4222,229,11527.8118652833,1.15278118652833,70,4.625730203185628,45.43231441048035,4222,4236,5634,5671,-161.6121298417498,59.75422590059074,-161.60880607519854,59.75548354198851
129,229,11527.8118652833,1.15278118652833,108,7.136840884914969,144.64628820960698,95,121,6581,6646,-161.5270593843437,60.123882640005924,-161.5212203349969,60.12621825974463
1630,229,11527.8118652833,1.15278118652833,68,4.49356648309461,36.96069868995633,1186,1200,13316,13348,-160.92204404048917,60.02695442084943,-160.91916943158,60.02821206224719
2791,229,11527.8118652833,1.15278118652833,97,6.409940424414371,123.24890829694323,2162,2177,9591,9660,-161.2566664838237,59.93918901759095,-161.25046810836326,59.94053649051713
2514,229,11527.8118652833,1.15278118652833,64,4.229239042912575,52.838427947598255,1937,1951,4304,4345,-161.73160577453768,59.95949094301205,-161.7279226818728,59.96074858440982
2846,228,11477.47207547857,1.147747207547857,61,4.039823689048384,78.75438596491227,2203,2233,8093,8130,-161.3912341133848,59.93415845199988,-161.38791034683356,59.93685339785224
1363,228,11477.47207547857,1.147747207547857,98,6.490208549618715,49.280701754385966,980,1000,14145,14178,-160.84757370343567,60.04492072653182,-160.8446092629981,60.04671735710006
241,228,11477.47207547857,1.147747207547857,64,4.23850354260814,96.0701754385965,180,199,7527,7582,-161.44207875846598,60.11687578078979,-161.4371380244033,60.11858257982962
684,228,11477.47207547857,1.147747207547857,64,4.23850354260814,33.96491228070175,502,519,8199,8226,-161.38171197137314,60.088129691697965,-161.379286520106,60.08965682768097
4051,228,11477.47207547857,1.147747207547857,94,6.225302078205706,90.94736842105263,3948,3966,7317,7371,-161.46094337943248,59.77848041326197,-161.45609247689825,59.780097380773384
2911,228,11477.47207547857,1.147747207547857,93,6.159075460352454,88.43859649122807,2255,2277,5678,5727,-161.60817725449968,59.93020586474975,-161.6037755096075,59.932182158374815
335,228,11477.47207547857,1.147747207547857,81,5.364356046113428,93.49122807017544,268,289,13468,13520,-160.90838964817056,60.10879094323271,-160.90371840869315,60.11067740532937
53,228,11477.47207547857,1.147747207547857,85,5.629262517526436,69.63157894736842,21,34,417,467,-162.08078092547495,60.13169798297776,-162.07628934905435,60.13286579284712
4327,227,11427.13228567384,1.142713228567384,66,4.380573856559815,61.33920704845815,4360,4375,15986,16030,-160.68219385962928,59.74173931814148,-160.67824127237915,59.74308679106766
3430,227,11427.13228567384,1.142713228567384,78,5.177041830479781,99.11894273127753,2685,2709,7503,7554,-161.44423471514787,59.89139864447579,-161.43965330719885,59.89355460115768
3146,227,11427.13228567384,1.142713228567384,66,4.380573856559815,76.75770925110132,2451,2474,8991,9034,-161.31056540087087,59.9125090536526,-161.30670264514916,59.914575178806075
1810,227,11427.13228567384,1.142713228567384,75,4.977924836999789,45.83259911894273,1339,1364,13284,13310,-160.92491864939836,60.01222205018987,-160.92258302965965,60.014467838400165
4864,227,11427.13228567384,1.142713228567384,59,3.9159675384398347,53.30396475770925,5776,5791,4495,4535,-161.714447952611,59.61453787391015,-161.71085469147454,59.615885346836336
3739,227,11427.13228567384,1.142713228567384,80,5.309786492799776,44.052863436123346,3122,3134,3663,3701,-161.78918778424975,59.85322024490071,-161.7857741861701,59.854298223241656
3891,227,11427.13228567384,1.142713228567384,59,3.9159675384398347,59.27753303964758,3487,3502,1316,1359,-162.00002238143261,59.820162242445114,-161.9961596257109,59.82150971537129
4021,226,11376.79249586911,1.137679249586911,65,4.323735684045306,70.24778761061947,3896,3914,2739,2784,-161.8721921165024,59.78315165273939,-161.86814969772385,59.7847686202508
2150,226,11376.79249586911,1.137679249586911,64,4.2572166735215315,40.7787610619469,1633,1644,14028,14065,-160.85808399225988,59.98706922223452,-160.85476022570862,59.988057369047056
138,226,11376.79249586911,1.137679249586911,61,4.05765964195021,47.85840707964602,104,120,5279,5315,-161.64402003433605,60.12397247153434,-161.6407860993132,60.12540977598893
1253,226,11376.79249586911,1.137679249586911,90,5.986710947139654,68.03539823008849,904,915,12541,12592,-160.99166347500844,60.05255640644683,-160.98708206705945,60.053544553259364
5342,226,11376.79249586911,1.137679249586911,60,3.9911406314264357,55.50442477876106,7802,7811,3553,3600,-161.79906925237506,59.43307818651801,-161.7948471705397,59.43388667027372
669,226,11376.79249586911,1.137679249586911,74,4.922406778759271,119.00884955752213,494,516,2489,2549,-161.8946499986054,60.088399186283205,-161.88926010690068,60.09037547990827
3616,226,11376.79249586911,1.137679249586911,67,4.4567737050928535,119.00884955752213,2887,2915,4596,4650,-161.70537496824141,59.87289334962293,-161.70052406570716,59.87540863241846
1217,226,11376.79249586911,1.137679249586911,59,3.924621620902662,53.53982300884956,876,901,550,580,-162.06883333219616,60.053814047844604,-162.0661383863438,60.0560598360549
1152,225,11326.452706064378,1.1326452706064378,78,5.2,40.96,827,848,2780,2807,-161.8685090238375,60.058575118850435,-161.86608357257037,60.060461580947084
4443,225,11326.452706064378,1.1326452706064378,71,4.733333333333333,53.77777777777778,4554,4567,5220,5262,-161.64932009451235,59.72449166468638,-161.64554717031905,59.72565947455574
23,225,11326.452706064378,1.1326452706064378,73,4.866666666666666,102.68444444444444,0,24,8435,8487,-161.36051173066792,60.13259629826188,-161.3558404911905,60.13475225494377
4929,225,11326.452706064378,1.1326452706064378,79,5.266666666666667,82.20444444444445,6140,6160,6708,6756,-161.51565078023535,59.58139003992614,-161.5113388668716,59.583186670494385
2164,224,11276.112916259648,1.1276112916259649,68,4.543441112511214,37.785714285714285,1649,1670,957,982,-162.03227190013249,59.98473360249581,-162.0300261119222,59.98662006459246
4059,224,11276.112916259648,1.1276112916259649,88,5.879747322073337,34.57142857142857,3966,3989,16242,16263,-160.6591969883558,59.77641428810849,-160.65731052625915,59.77848041326197
1820,224,11276.112916259648,1.1276112916259649,80,5.3452248382484875,126.0,1348,1360,4087,4159,-161.7510992162031,60.012581376303515,-161.74463134615743,60.01365935464446
5014,224,11276.112916259648,1.1276112916259649,67,4.476625802033109,39.44642857142857,6646,6668,12720,12745,-160.9755836314227,59.535755623492875,-160.97333784321242,59.53773191711794
886,224,11276.112916259648,1.1276112916259649,79,5.278409527770382,73.14285714285714,652,667,1932,1981,-161.94468615993085,60.074834625493,-161.94028441503866,60.076182098419174
4515,224,11276.112916259648,1.1276112916259649,69,4.610256422989321,87.5,4717,4751,4192,4228,-161.74166690571982,59.70796266345859,-161.738432970697,59.71101693542459
3039,224,11276.112916259648,1.1276112916259649,67,4.476625802033109,75.44642857142857,2366,2380,12340,12391,-161.00971961221924,59.92095321732332,-161.00513820427022,59.922210858721094
2441,224,11276.112916259648,1.1276112916259649,64,4.27617987059879,39.44642857142857,1866,1889,2720,2744,-161.8738989155422,59.96506049777359,-161.87174295886035,59.96712662292707
1710,224,11276.112916259648,1.1276112916259649,59,3.9421033182082597,33.017857142857146,1254,1275,12996,13018,-160.950790129581,60.02021705621853,-160.94881383595595,60.022103518315184
3115,224,11276.112916259648,1.1276112916259649,90,6.013377943029549,92.57142857142857,2428,2447,4708,4761,-161.69531383705927,59.91493450491972,-161.69055276605343,59.91664130395955
4843,223,11225.773126454918,1.1225773126454919,63,4.218792040149278,33.16591928251121,5690,5704,3824,3853,-161.77472490817544,59.622353216882,-161.7721197938515,59.62361085827976
2797,223,11225.773126454918,1.1225773126454919,69,4.620581758258733,98.22421524663677,2166,2190,6003,6053,-161.57898200776577,59.9380212077216,-161.5744904313452,59.94017716440348
1142,222,11175.433336650187,1.1175433336650187,75,5.033670414105182,64.86486486486487,817,847,6106,6136,-161.56972936033935,60.05866495037885,-161.567034414487,60.0613598962312
3326,222,11175.433336650187,1.1175433336650187,79,5.3021328361907925,96.01801801801801,2596,2603,16349,16415,-160.64958501481573,59.90092078648746,-160.64365613394054,59.90154960718634
2268,222,11175.433336650187,1.1175433336650187,100,6.711560552140243,222.0,1725,1750,1789,1875,-161.95753206849375,59.977547080222855,-161.94980655705032,59.97979286843315
2142,222,11175.433336650187,1.1175433336650187,62,4.161167542326951,64.86486486486487,1625,1651,2577,2611,-161.88674482410514,59.98644040153564,-161.88369055213914,59.98877602127435
4242,222,11175.433336650187,1.1175433336650187,93,6.241751313490426,130.18018018018017,4248,4272,11788,11849,-161.05930661590264,59.75099196556791,-161.05382689266952,59.753147922249795
5088,222,11175.433336650187,1.1175433336650187,61,4.094051936805548,46.86486486486486,6895,6908,4607,4645,-161.70438682142887,59.514196056674,-161.70097322334922,59.51536386654336
4241,222,11175.433336650187,1.1175433336650187,81,5.436364047233597,73.8018018018018,4246,4280,5478,5508,-161.62614356018207,59.750273313340614,-161.6234486143297,59.75332758530662
1524,221,11125.093546845455,1.1125093546845455,64,4.3051058815764,36.65158371040724,1099,1115,13744,13773,-160.88359614632887,60.03459010076444,-160.8809910320049,60.03602740521904
4895,221,11125.093546845455,1.1125093546845455,72,4.84324411677345,56.76018099547511,5938,5950,14566,14610,-160.80975462997424,59.60025466089265,-160.8058020427241,59.6013326392336
4813,221,11125.093546845455,1.1125093546845455,83,5.583184190169393,41.70135746606335,5569,5589,12832,12860,-160.96552250024055,59.63268384264937,-160.96300721744504,59.63448047321761
2465,221,11125.093546845455,1.1125093546845455,65,4.372373160976031,71.83710407239819,1894,1938,2395,2414,-161.90309416227612,59.96065875288141,-161.9013873632363,59.96461134013153
208,221,11125.093546845455,1.1125093546845455,58,3.901502205178612,86.17194570135747,156,168,2241,2298,-161.91692821765156,60.119660558170565,-161.91180782053206,60.1207385365115
4981,221,11125.093546845455,1.1125093546845455,58,3.901502205178612,50.841628959276015,6493,6502,14791,14835,-160.78954253608154,59.55066765720926,-160.78558994883142,59.551476140964965
4907,221,11125.093546845455,1.1125093546845455,62,4.170571322777137,56.76018099547511,6026,6046,10832,10868,-161.14518555706448,59.59163083416511,-161.14195162204163,59.593427464733345
5087,220,11074.753757040726,1.1074753757040725,71,4.786819023489019,110.61818181818182,6894,6921,12690,12741,-160.97827857727506,59.51302824680465,-160.97369716932604,59.515453698071774
5394,220,11074.753757040726,1.1074753757040725,60,4.0451991747794525,33.61818181818182,7960,7973,14921,14951,-160.777864437388,59.41852547891528,-160.77516949153565,59.41969328878463
1522,220,11074.753757040726,1.1074753757040725,106,7.146518542110366,128.29090909090908,1098,1119,5537,5600,-161.62084350000575,60.034230774650794,-161.6151841137158,60.036117236747444
2615,220,11074.753757040726,1.1074753757040725,76,5.12391895472064,43.654545454545456,2025,2041,3946,3979,-161.76376546170917,59.95140610545498,-161.7608010212716,59.95284340990957
3695,220,11074.753757040726,1.1074753757040725,69,4.6519790509963705,89.0909090909091,3028,3040,13897,13955,-160.86985192248184,59.861664408571436,-160.86464169383393,59.86274238691238
5217,219,11024.413967235996,1.1024413967235995,79,5.3383252893559385,119.83561643835617,7409,7423,6443,6510,-161.53945613526452,59.46793281954185,-161.53343742286094,59.469190460939615
1316,219,11024.413967235996,1.1024413967235995,69,4.662587910956453,116.89497716894977,950,973,6420,6477,-161.541522260418,60.04734617779894,-161.53640186329852,60.04941230295241
5173,219,11024.413967235996,1.1024413967235995,122,8.243996016473728,94.68493150684931,7179,7223,12013,12041,-161.03909452200995,59.485899125224236,-161.03657923921443,59.48985171247436
2178,219,11024.413967235996,1.1024413967235995,58,3.9192767947170184,47.50684931506849,1660,1672,1955,1994,-161.94262003477738,59.98455393943899,-161.93911660516932,59.985631917779926
590,219,11024.413967235996,1.1024413967235995,79,5.3383252893559385,102.73972602739725,437,456,15593,15649,-160.71749765029517,60.09378907798792,-160.7124670847041,60.095495877027744
5016,219,11024.413967235996,1.1024413967235995,66,4.459866697436607,108.29223744292237,6662,6674,7766,7831,-161.42060902317553,59.5352166343224,-161.41476997382873,59.53629461266335
1621,219,11024.413967235996,1.1024413967235995,130,8.784585919193317,229.11415525114154,1177,1188,3205,3306,-161.83033062426242,60.02803239919037,-161.82125763989282,60.029020546002904
2670,219,11024.413967235996,1.1024413967235995,66,4.459866697436607,79.56164383561644,2067,2087,1117,1163,-162.0178988555866,59.947273855148026,-162.01376660527964,59.94907048571626
4866,219,11024.413967235996,1.1024413967235995,68,4.595014173116504,43.853881278538815,5791,5808,3630,3662,-161.79215222468736,59.613010737927155,-161.78927761577816,59.61453787391015
1022,218,10974.074177431265,1.0974074177431266,79,5.350555145680912,55.5045871559633,741,765,14524,14555,-160.81352755416754,60.06603113570863,-160.81074277678678,60.06818709239052
2376,218,10974.074177431265,1.0974074177431266,58,3.928255676575859,59.61467889908257,1818,1843,8539,8571,-161.3511692517131,59.969192748080545,-161.3482946428039,59.97143853629084
3706,218,10974.074177431265,1.0974074177431266,61,4.131441315019438,40.53211009174312,3054,3082,2444,2463,-161.89869241738393,59.857891484378136,-161.8969856183441,59.86040676717367
2336,218,10974.074177431265,1.0974074177431266,65,4.402355499610876,57.54128440366973,1775,1793,8834,8872,-161.32466895083155,59.97368432450114,-161.3212553527519,59.97530129201255
2583,218,10974.074177431265,1.0974074177431266,84,5.689197876420209,40.53211009174312,1994,2008,10101,10134,-161.21085240433362,59.95437054589257,-161.207887963896,59.95562818729034
4830,218,10974.074177431265,1.0974074177431266,61,4.131441315019438,70.53211009174312,5642,5662,11248,11290,-161.1078156412451,59.6261261410753,-161.10404271705178,59.62792277164353
3388,218,10974.074177431265,1.0974074177431266,74,5.011912414941613,68.27522935779817,2651,2659,3005,3058,-161.8482969299448,59.89589022089639,-161.843535858939,59.89660887312368
4878,217,10923.734387626533,1.0923734387626534,62,4.20883424647321,59.88940092165899,5855,5873,3584,3623,-161.7962844749943,59.60717168858037,-161.79278104538622,59.60878865609179
3810,217,10923.734387626533,1.0923734387626534,61,4.140949823142997,37.327188940092164,3267,3283,3232,3261,-161.82790517299532,59.83983534716733,-161.82530005867136,59.84127265162192
3026,217,10923.734387626533,1.0923734387626534,69,4.684025209784702,87.76036866359448,2354,2374,3843,3892,-161.7730181091356,59.921492206493795,-161.76861636424343,59.92328883706203
990,217,10923.734387626533,1.0923734387626534,67,4.548256363124276,57.806451612903224,722,735,11470,11513,-161.08787304193766,60.06872608156098,-161.08401028621594,60.06989389143034
116,217,10923.734387626533,1.0923734387626534,58,3.937296553152358,46.08294930875576,78,90,7923,7961,-161.40650547321485,60.12666741738669,-161.40309187513517,60.127745395727636
4711,217,10923.734387626533,1.0923734387626534,79,5.362869443086833,126.98617511520737,5166,5197,4976,5028,-161.67123898744487,59.66789780178686,-161.66656774796743,59.670682579167625
1858,217,10923.734387626533,1.0923734387626534,60,4.073065399812784,46.08294930875576,1380,1397,137,170,-162.1059337534303,60.009257609752275,-162.1029693129927,60.01078474573528
3655,217,10923.734387626533,1.0923734387626534,58,3.937296553152358,47.944700460829495,2943,2954,14499,14539,-160.81577334237784,59.86938992001486,-160.81218008124137,59.87037806682739
1273,217,10923.734387626533,1.0923734387626534,61,4.140949823142997,55.76036866359447,920,936,4606,4645,-161.70447665295728,60.05066994435018,-161.70097322334922,60.052107248804774
4294,217,10923.734387626533,1.0923734387626534,86,5.838060406398324,73.16129032258064,4315,4324,15423,15477,-160.7327690101252,59.74632072609049,-160.72791810759097,59.74712920984619
2141,216,10873.394597821803,1.0873394597821804,70,4.762896722078402,39.18518518518518,1624,1643,10214,10241,-161.20070144162307,59.98715905376293,-161.19827599035594,59.98886585280276
165,216,10873.394597821803,1.0873394597821804,65,4.422689813358516,50.074074074074076,131,148,12352,12387,-161.0086416338783,60.1214571887388,-161.00549753038388,60.122984324721806
3509,216,10873.394597821803,1.0873394597821804,96,6.531972647421808,44.46296296296296,2761,2779,1631,1662,-161.97172544998284,59.88511043748696,-161.96894067260206,59.88672740499837
3960,216,10873.394597821803,1.0873394597821804,62,4.218565668126584,46.2962962962963,3748,3770,3173,3201,-161.8332052331716,59.796087392830714,-161.83068995037607,59.79806368645578
4702,216,10873.394597821803,1.0873394597821804,102,6.940220937885671,96.0,5114,5138,8411,8459,-161.3626676873498,59.67319786196316,-161.35835577398603,59.67535381864505
2811,215,10823.054808017074,1.0823054808017074,81,5.524154149710835,125.09767441860465,2173,2207,8948,8996,-161.31442815659258,59.93649407173859,-161.3101162432288,59.9395483437046
1606,215,10823.054808017074,1.0823054808017074,61,4.160165470769888,54.25116279069768,1167,1181,0,40,-162.11824067282274,60.02866121988925,-162.11464741168626,60.02991886128702
956,215,10823.054808017074,1.0823054808017074,60,4.091966036822841,91.16279069767442,696,707,9679,9738,-161.24876130932344,60.07124136435652,-161.24346124914715,60.07222951116905
5074,215,10823.054808017074,1.0823054808017074,82,5.592353583657883,104.65116279069767,6871,6907,8231,8270,-161.37883736246397,59.514285888202416,-161.37533393285588,59.51751982322525
3428,215,10823.054808017074,1.0823054808017074,76,5.183156979975599,99.14418604651163,2685,2715,2480,2523,-161.8954584823611,59.89085965530532,-161.8915957266394,59.89355460115768
491,215,10823.054808017074,1.0823054808017074,93,6.342547357075404,107.46046511627907,372,392,7150,7206,-161.4759452446773,60.09953829580628,-161.4709146790862,60.10133492637453
505,215,10823.054808017074,1.0823054808017074,95,6.478946224969499,178.67906976744186,384,413,12197,12266,-161.02256552078217,60.097651833709634,-161.01636714532174,60.10025694803358
2158,215,10823.054808017074,1.0823054808017074,65,4.432963206558078,64.76279069767442,1641,1668,6120,6152,-161.5684717189416,59.984913265552635,-161.5655971100324,59.98733871681976
583,214,10772.715018212342,1.0772715018212342,65,4.443308525660311,81.42056074766356,435,471,2396,2426,-161.9030043307477,60.092441605061744,-161.90030938489534,60.09567554008457
132,214,10772.715018212342,1.0772715018212342,69,4.716742896470176,62.87850467289719,99,123,1130,1164,-162.01673104571722,60.1237029769491,-162.01367677375123,60.12585893363099
2688,214,10772.715018212342,1.0772715018212342,70,4.785101489172643,69.55140186915888,2081,2100,2945,2987,-161.85368682164955,59.94610604527867,-161.84991389745625,59.9478128443185
929,214,10772.715018212342,1.0772715018212342,65,4.443308525660311,67.28971962616822,678,689,2126,2175,-161.92725884341894,60.072858331867934,-161.92285709852675,60.073846478680466
4053,214,10772.715018212342,1.0772715018212342,89,6.083914750519503,113.7196261682243,3952,3966,11730,11794,-161.06451684455052,59.77848041326197,-161.05876762673216,59.77973805465974
2424,214,10772.715018212342,1.0772715018212342,63,4.306591340255379,76.5607476635514,1850,1859,10083,10138,-161.21246937184503,59.967755443625954,-161.20752863778236,59.96856392738166
4081,214,10772.715018212342,1.0772715018212342,73,4.990177267280042,91.58878504672897,4004,4015,6067,6126,-161.5732327899474,59.77407866836978,-161.56793272977112,59.77506681518231
3068,213,10722.37522840761,1.072237522840761,65,4.453726613878956,84.30046948356808,2395,2410,3723,3775,-161.78379789254504,59.91825827147097,-161.7791266530676,59.919605744397145
1936,213,10722.37522840761,1.072237522840761,67,4.590764355844462,45.08920187793427,1445,1472,15355,15377,-160.7388775540572,60.002520245121374,-160.73690126043215,60.004945696388496
3424,213,10722.37522840761,1.072237522840761,63,4.31668887191345,100.07511737089202,2681,2692,2826,2888,-161.86437677353055,59.892925780458796,-161.85880721876902,59.89391392727133
328,213,10722.37522840761,1.072237522840761,74,5.070396452723735,74.53521126760563,263,283,3491,3534,-161.8046388071366,60.109329932403185,-161.80077605141489,60.11112656297143
4992,213,10722.37522840761,1.072237522840761,60,4.11113225896519,41.48356807511737,6577,6591,12666,12699,-160.98043453395695,59.542672651180595,-160.97747009351934,59.54393029257836
1116,212,10672.035438602881,1.067203543860288,69,4.7389394562297715,65.67924528301887,805,819,4368,4413,-161.72585655671932,60.06118023317438,-161.72181413794078,60.06243787457215
2328,212,10672.035438602881,1.067203543860288,57,3.9147760725376375,43.471698113207545,1771,1780,14572,14611,-160.80921564080376,59.974852134370494,-160.8057122111957,59.975660618126206
3846,212,10672.035438602881,1.067203543860288,68,4.670259174255427,63.471698113207545,3376,3399,12020,12055,-161.03846570131108,59.82941488987154,-161.03532159781665,59.83148101502502
2094,212,10672.035438602881,1.067203543860288,76,5.219701430050183,181.20754716981133,1585,1612,6173,6244,-161.56371064793575,59.989943831143705,-161.5573326094185,59.99236928241083
3874,212,10672.035438602881,1.067203543860288,94,6.4559465055883845,232.47169811320754,3447,3465,7280,7373,-161.4642671459837,59.823486008996355,-161.45591281384142,59.82510297650777
3047,211,10621.695648798152,1.062169564879815,59,4.061727505846934,43.677725118483416,2370,2392,228,254,-162.0977590843448,59.91987523898238,-162.0954234646061,59.92185153260744
3062,211,10621.695648798152,1.062169564879815,59,4.061727505846934,45.51658767772512,2388,2401,1685,1721,-161.96687454744858,59.91906675522667,-161.96364061242576,59.92023456509603
4347,211,10621.695648798152,1.062169564879815,67,4.6124702185041455,140.20853080568722,4391,4420,14256,14313,-160.83760240378194,59.737696899362945,-160.83248200666247,59.740302013686886
5040,211,10621.695648798152,1.062169564879815,60,4.130570344929086,36.70142180094787,6749,6763,5824,5854,-161.59506185135152,59.52722162829374,-161.59236690549918,59.5284792696915
4082,211,10621.695648798152,1.062169564879815,57,3.924041827682631,49.308056872037916,4007,4019,14491,14530,-160.81649199460514,59.773719342256136,-160.81298856499708,59.77479732059708
3953,211,10621.695648798152,1.062169564879815,77,5.300898609325659,38.388625592417064,3715,3738,10830,10852,-161.1453652201213,59.798962001739895,-161.14338892649624,59.80102812689337
2761,211,10621.695648798152,1.062169564879815,77,5.300898609325659,136.96682464454977,2136,2161,10576,10636,-161.16818242833793,59.94062632204554,-161.16279253663322,59.94287211025584
3778,210,10571.35585899342,1.057135585899342,67,4.623439247593773,40.304761904761904,3203,3216,15661,15694,-160.71138910636316,59.84585405957093,-160.70842466592555,59.84702186944029
368,210,10571.35585899342,1.057135585899342,73,5.037478583199186,186.68571428571428,295,322,2423,2495,-161.90057887948058,60.10582650279512,-161.8941110094349,60.10825195406225
4640,210,10571.35585899342,1.057135585899342,58,4.002380244185654,64.07619047619048,4992,5017,6556,6589,-161.529305172554,59.684067476901006,-161.52634073211638,59.6863132651113
2590,210,10571.35585899342,1.057135585899342,74,5.106485139133421,59.733333333333334,2001,2020,15735,15772,-160.70474157326066,59.95329256755163,-160.70141780670943,59.95499936659145
5131,210,10571.35585899342,1.057135585899342,64,4.416419579791067,51.50476190476191,7056,7076,4701,4733,-161.69594265775814,59.4991043599008,-161.69306804884897,59.500900990469034
4743,209,10521.016069188689,1.052101606918869,82,5.672058603701812,141.55023923444975,5337,5365,5473,5531,-161.6265927178241,59.652806105013646,-161.62138248917623,59.65532138780918
2975,209,10521.016069188689,1.052101606918869,85,5.879572942861635,128.688995215311,2307,2345,7827,7871,-161.41512929994238,59.924097320817744,-161.41117671269225,59.9275109188974
1872,209,10521.016069188689,1.052101606918869,66,4.565315461516093,51.751196172248804,1394,1417,537,566,-162.0700011420655,60.00746097918403,-162.06739602774158,60.00952710433751
2416,209,10521.016069188689,1.052101606918869,85,5.879572942861635,104.80382775119617,1846,1856,6318,6382,-161.55068507631603,59.96802493821119,-161.54493585849767,59.968923253495305
2067,208,10470.676279383959,1.047067627938396,68,4.714951667914447,81.25,1560,1581,13987,14031,-160.86176708492476,59.99272860852447,-160.85781449767464,59.99461507062112
3379,208,10470.676279383959,1.047067627938396,64,4.437601569801833,50.01923076923077,2644,2655,15416,15456,-160.7333978308241,59.89624954701004,-160.72980456968762,59.89723769382257
734,208,10470.676279383959,1.047067627938396,71,4.922964241498908,40.69230769230769,537,549,10444,10478,-161.1800401900883,60.08543474584561,-161.1769859181223,60.086512724186555
5314,208,10470.676279383959,1.047067627938396,57,3.9522388981047576,32.32692307692308,7714,7730,9142,9167,-161.29700084008067,59.44035454031938,-161.29475505187037,59.441791844773974
3389,208,10470.676279383959,1.047067627938396,59,4.090913947161065,33.92307692307692,2652,2673,1365,1386,-161.99562063654042,59.89463257949862,-161.99373417444377,59.896519041595276
539,208,10470.676279383959,1.047067627938396,61,4.229588996217372,54.01923076923077,404,412,10326,10371,-161.19064031044093,60.09774166523805,-161.1865978916624,60.09846031746534
3447,208,10470.676279383959,1.047067627938396,75,5.2003143396115235,62.48076923076923,2708,2717,3091,3139,-161.84057141850138,59.890679992248494,-161.8362595051376,59.891488476004206
1803,208,10470.676279383959,1.047067627938396,78,5.408326913195984,114.01923076923077,1334,1359,6380,6432,-161.5451155215545,60.01267120783193,-161.54044428207706,60.014916996042224
3178,207,10420.33648957923,1.042033648957923,92,6.394442031083626,221.23671497584542,2471,2497,10309,10390,-161.19216744642392,59.91044292849912,-161.18489109262256,59.91277854823784
3177,207,10420.33648957923,1.042033648957923,63,4.37880269519857,52.2512077294686,2471,2484,844,883,-162.04242286284304,59.91161073836848,-162.03891943323498,59.91277854823784
5018,207,10420.33648957923,1.042033648957923,80,5.560384374855327,86.74396135265701,6680,6694,15055,15108,-160.7658270125808,59.53342000375416,-160.76106594157497,59.53467764515193
3907,207,10420.33648957923,1.042033648957923,71,4.934841132684102,89.35265700483092,3554,3576,3580,3626,-161.79664380110796,59.81351470934263,-161.792511550801,59.81549100296769
2488,206,10369.996699774498,1.0369996699774497,62,4.319744688608029,44.737864077669904,1911,1925,5200,5234,-161.65111672508058,59.961826562750765,-161.6480624531146,59.96308420414853
5393,206,10369.996699774498,1.0369996699774497,58,4.041051482891382,82.03883495145631,7960,7976,8116,8165,-161.38916798823132,59.41825598433004,-161.38476624333916,59.41969328878463
744,206,10369.996699774498,1.0369996699774497,110,7.664063157207795,218.1747572815534,543,572,8881,8958,-161.32044686899619,60.083368620692134,-161.31352984130848,60.08597373501608
199,206,10369.996699774498,1.0369996699774497,62,4.319744688608029,84.58252427184466,151,164,3346,3399,-161.81766437875635,60.12001988428421,-161.8129033077505,60.12118769415356
3654,206,10369.996699774498,1.0369996699774497,71,4.9468044014704855,50.50485436893204,2943,2957,3600,3637,-161.7948471705397,59.86912042542963,-161.79152340398846,59.87037806682739
3886,206,10369.996699774498,1.0369996699774497,93,6.479617032912045,256.79611650485435,3466,3494,7177,7264,-161.47351979341016,59.820880894672406,-161.46570445043832,59.82339617746794
3880,205,10319.656909969766,1.0319656909969765,92,6.42555872108012,183.59024390243903,3456,3475,6923,7001,-161.49633700162678,59.82258769371224,-161.48933014241067,59.82429449275206
2988,205,10319.656909969766,1.0319656909969765,65,4.5397969225022585,48.78048780487805,2318,2336,1850,1882,-161.95205234526063,59.92490580457345,-161.94917773635143,59.926522772084866
1089,205,10319.656909969766,1.0319656909969765,60,4.190581774617469,63.395121951219515,786,797,2735,2781,-161.87255144261604,60.063156526799446,-161.8684191923091,60.06414467361198
3733,205,10319.656909969766,1.0319656909969765,63,4.400110863348343,56.89756097560976,3109,3124,2236,2275,-161.9173773752936,59.85411856018483,-161.91387394568554,59.85546603311101
2068,205,10319.656909969766,1.0319656909969765,67,4.679482981656174,61.19024390243902,1561,1573,12935,12979,-160.95626985281413,59.99344726075177,-160.952317265564,59.99452523909271
2056,205,10319.656909969766,1.0319656909969765,65,4.5397969225022585,59.02439024390244,1551,1561,969,1014,-162.03119392179156,59.99452523909271,-162.02715150301302,59.995423554376835
4275,205,10319.656909969766,1.0319656909969765,79,5.517599336579668,59.02439024390244,4285,4307,16404,16437,-160.64464428075308,59.74784786207349,-160.64167984031548,59.749824155698555
4792,205,10319.656909969766,1.0319656909969765,61,4.260424804194427,61.19024390243902,5513,5523,15864,15910,-160.69315330609552,59.63861272352456,-160.68902105578857,59.63951103880868
1004,204,10269.317120165037,1.0269317120165036,67,4.690938281493833,43.31372549019608,731,743,3556,3591,-161.79879975778982,60.06800742933369,-161.79565565429542,60.069085407674635
5110,204,10269.317120165037,1.0269317120165036,67,4.690938281493833,61.490196078431374,6964,6978,4572,4614,-161.7075309249233,59.50790784968517,-161.70375800072998,59.50916549108293
80,204,10269.317120165037,1.0269317120165036,95,6.651330399133046,155.31372549019608,50,56,11794,11877,-161.05876762673216,60.1297216893527,-161.05131160987398,60.13026067852317
1372,204,10269.317120165037,1.0269317120165036,82,5.74114834451484,107.37254901960785,988,1009,10334,10387,-161.18992165821362,60.04411224277611,-161.18516058720778,60.04599870487276
1228,204,10269.317120165037,1.0269317120165036,70,4.900980294098034,82.84313725490196,884,904,7968,8013,-161.4024630544363,60.053544553259364,-161.39842063565777,60.05534118382761
389,204,10269.317120165037,1.0269317120165036,67,4.690938281493833,93.3529411764706,306,322,6206,6259,-161.56074620749817,60.10582650279512,-161.55598513649232,60.107263807249716
1913,204,10269.317120165037,1.0269317120165036,67,4.690938281493833,53.01960784313726,1432,1450,11137,11171,-161.11778694089884,60.00449653874644,-161.11473266893282,60.006113506257854
4439,203,10218.977330360307,1.0218977330360306,58,4.0708019567928595,49.26108374384236,4548,4563,5893,5928,-161.5888634758911,59.72485099080003,-161.58571937239668,59.72619846372621
1175,203,10218.977330360307,1.0218977330360306,64,4.491919400599017,96.55172413793103,841,851,4393,4453,-161.72361076850902,60.0583056242652,-161.7182208768043,60.05920393954932
3077,203,10218.977330360307,1.0218977330360306,59,4.140988197427219,43.52709359605911,2403,2425,6785,6810,-161.50873375254764,59.916910798544784,-161.50648796433734,59.91888709216985
2204,203,10218.977330360307,1.0218977330360306,65,4.5621056412333765,64.01970443349754,1678,1693,2888,2930,-161.85880721876902,59.98266747734233,-161.85503429457572,59.98401495026852
5225,203,10218.977330360307,1.0218977330360306,66,4.6322918818677365,142.36453201970443,7430,7450,11377,11442,-161.09622737407994,59.46550736827473,-161.09038832473317,59.467303998842965
3176,203,10218.977330360307,1.0218977330360306,93,6.527320378995447,66.28571428571429,2470,2487,10901,10942,-161.13898718160405,59.91134124378325,-161.13530408893917,59.912868379766245
3137,202,10168.637540555575,1.0168637540555576,78,5.488060848896277,51.504950495049506,2447,2466,16125,16157,-160.66970727718,59.9132277058799,-160.6668326682708,59.91493450491972
1723,202,10168.637540555575,1.0168637540555576,59,4.151225513908722,78.5940594059406,1268,1290,10490,10531,-161.17590793978135,60.01886958329235,-161.17222484711647,60.02084587691741
3992,202,10168.637540555575,1.0168637540555576,66,4.643743795219926,136.41584158415841,3835,3873,11040,11085,-161.12650059915478,59.78683474540428,-161.12245818037624,59.79024834348393
397,202,10168.637540555575,1.0168637540555576,56,3.9401462504896343,102.65346534653466,309,324,822,879,-162.0443991564681,60.1056468397383,-162.03927875934863,60.106994312664476
2238,202,10168.637540555575,1.0168637540555576,78,5.488060848896277,57.742574257425744,1708,1723,9864,9903,-161.23214247656725,59.97997253148998,-161.2286390469592,59.981320004416155
1992,202,10168.637540555575,1.0168637540555576,60,4.221585268381752,94.27722772277228,1495,1512,7094,7146,-161.48097581026835,59.9989269839849,-161.47630457079092,60.0004541199679
3494,202,10168.637540555575,1.0168637540555576,87,6.121298639153539,167.6039603960396,2746,2752,10674,10760,-161.15937893855357,59.88753588875408,-161.15165342711012,59.88807487792455
155,201,10118.297750750844,1.0118297750750844,68,4.796350187838468,49.75124378109453,123,140,2086,2119,-161.9308521045554,60.122175840966094,-161.9278876641178,60.1237029769491
728,201,10118.297750750844,1.0118297750750844,63,4.443677379909169,103.16417910447761,534,551,8693,8748,-161.33733519633765,60.085255082788784,-161.33239446227498,60.08678221877179
5338,201,10118.297750750844,1.0118297750750844,62,4.373142818323309,60.19900497512438,7794,7814,12268,12303,-161.0161874822649,59.43280869193278,-161.01304337877048,59.434605322501014
5084,201,10118.297750750844,1.0118297750750844,60,4.232073695151589,36.79601990049751,6890,6904,5354,5383,-161.63728266970514,59.514555382787655,-161.6346775553812,59.51581302418542
4375,201,10118.297750750844,1.0118297750750844,68,4.796350187838468,103.16417910447761,4424,4442,5628,5682,-161.61266883092026,59.73572060573788,-161.60781792838603,59.73733757324929
1730,201,10118.297750750844,1.0118297750750844,57,4.02047001039401,58.02985074626866,1275,1297,6348,6380,-161.54799013046366,60.018240762593464,-161.5451155215545,60.02021705621853
2323,201,10118.297750750844,1.0118297750750844,58,4.0910045719798696,58.02985074626866,1768,1783,5393,5432,-161.63377924009708,59.97458263978526,-161.63027581048902,59.97593011271144
4519,201,10118.297750750844,1.0118297750750844,57,4.02047001039401,36.79601990049751,4730,4748,3340,3365,-161.81820336792683,59.70823215804382,-161.81595757971652,59.70984912555524
652,200,10067.957960946114,1.0067957960946115,64,4.525483399593904,44.18,480,493,3733,3767,-161.7828995772609,60.09046531143668,-161.7798453052949,60.09163312130603
4764,200,10067.957960946114,1.0067957960946115,60,4.242640687119285,112.5,5412,5429,4991,5049,-161.6698915145187,59.64705688719528,-161.66468128587078,59.64858402317829
118,200,10067.957960946114,1.0067957960946115,59,4.17193000900063,46.08,84,98,7974,8008,-161.40192406526583,60.1259487651594,-161.3988697932998,60.127206406557164
1539,200,10067.957960946114,1.0067957960946115,57,4.030508652763321,35.28,1107,1125,13151,13175,-160.93686624267716,60.03369178548032,-160.93471028599527,60.03530875299174
4002,200,10067.957960946114,1.0067957960946115,57,4.030508652763321,72.0,3860,3894,3031,3057,-161.84596131020612,59.78494828330763,-161.8436256904674,59.788002555273636
845,200,10067.957960946114,1.0067957960946115,57,4.030508652763321,60.5,616,631,5904,5944,-161.58787532907857,60.07806856051583,-161.5842820679421,60.07941603344201
2616,200,10067.957960946114,1.0067957960946115,70,4.949747468305833,56.18,2025,2047,10019,10050,-161.2182185896634,59.950867116284506,-161.2154338122826,59.95284340990957
3220,200,10067.957960946114,1.0067957960946115,75,5.303300858899107,84.5,2500,2508,5429,5486,-161.63054530507424,59.90945478168659,-161.62542490795477,59.91017343391389
2748,200,10067.957960946114,1.0067957960946115,59,4.17193000900063,48.02,2122,2142,1028,1057,-162.02589386161526,59.94233312108537,-162.0232887472913,59.944129751653605
5389,199,10017.618171141385,1.0017618171141385,89,6.309042724574189,138.47236180904522,7955,7978,5086,5146,-161.66135751931955,59.41807632127322,-161.65596762761484,59.42014244642669
5152,199,10017.618171141385,1.0017618171141385,60,4.253287230050015,72.36180904522612,7141,7166,16811,16846,-160.6080828486894,59.49101952234372,-160.604938745195,59.49326531055402
1285,199,10017.618171141385,1.0017618171141385,58,4.111510989048348,79.77889447236181,930,962,2706,2737,-161.87515655694,60.048334324611474,-161.87237177955922,60.051208933520655
4069,199,10017.618171141385,1.0017618171141385,60,4.253287230050015,35.45728643216081,3982,3994,6780,6810,-161.5091829101897,59.77596513046643,-161.50648796433734,59.777043108807376
2377,199,10017.618171141385,1.0017618171141385,63,4.465951591552516,90.23115577889448,1819,1827,3615,3674,-161.79349969761353,59.970630052535135,-161.78819963743723,59.97134870476243
4455,199,10017.618171141385,1.0017618171141385,68,4.820392194056684,27.517587939698494,4573,4593,13888,13905,-160.87066040623753,59.722156044947674,-160.86913327025454,59.72395267551591
4329,198,9967.278381336653,0.9967278381336653,63,4.477215043467819,56.74747474747475,4362,4375,5213,5253,-161.64994891521124,59.74173931814148,-161.64635565407474,59.742907128010835
3287,198,9967.278381336653,0.9967278381336653,66,4.69041575982343,135.83838383838383,2562,2588,9768,9824,-161.24076630329478,59.90226825941364,-161.23573573770372,59.90460387915235
4613,198,9967.278381336653,0.9967278381336653,56,3.9797467053047284,70.32323232323232,4950,4971,14541,14579,-160.81200041818454,59.68819972720796,-160.8085868201049,59.69008618930461
5403,198,9967.278381336653,0.9967278381336653,74,5.258951003438391,116.68686868686869,7977,8003,12197,12247,-161.02256552078217,59.415830533062916,-161.01807394436156,59.418166152801625
3358,198,9967.278381336653,0.9967278381336653,83,5.898553152505222,70.32323232323232,2623,2634,15827,15875,-160.69647707264676,59.898136009106686,-160.692165159283,59.89912415591922
5278,198,9967.278381336653,0.9967278381336653,62,4.406148138015949,61.111111111111114,7590,7606,15675,15714,-160.7101314649654,59.45149364984246,-160.7066280353573,59.45293095429705
4071,198,9967.278381336653,0.9967278381336653,64,4.54828194891969,54.62626262626262,3985,4011,3028,3054,-161.84623080479133,59.77443799448343,-161.84389518505265,59.776773614222144
5182,198,9967.278381336653,0.9967278381336653,61,4.335081232564079,33.95959595959596,7251,7266,13270,13296,-160.92617629079612,59.482036369502524,-160.92384067105743,59.48338384242871
3648,198,9967.278381336653,0.9967278381336653,61,4.335081232564079,35.63636363636363,2934,2945,15282,15313,-160.7454352556313,59.87019840377057,-160.7426504782505,59.871186550583104
1019,198,9967.278381336653,0.9967278381336653,71,5.045750287082781,56.74747474747475,741,754,6777,6817,-161.50945240477495,60.06701928252116,-161.50585914363845,60.06818709239052
3977,198,9967.278381336653,0.9967278381336653,69,4.90361647617904,56.74747474747475,3800,3810,12924,12967,-160.95725799962668,59.792494131694234,-160.95339524390496,59.79339244697835
